2026-08-25 21:43:52.047 [main] [] INFO  o.s.c.c.c.ConfigServicePropertySourceLocator - Fetching config from server at : http://localhost:8888
2026-08-25 21:43:52.060 [main] [] INFO  o.s.c.c.c.ConfigServicePropertySourceLocator - Exception on Url - http://localhost:8888:org.springframework.web.client.ResourceAccessException: I/O error on GET request for "http://localhost:8888/msvc-sri/default": Connection refused: getsockopt. Will be trying the next url if available
2026-08-25 21:43:52.060 [main] [] WARN  o.s.c.c.c.ConfigServicePropertySourceLocator - Could not locate PropertySource: I/O error on GET request for "http://localhost:8888/msvc-sri/default": Connection refused: getsockopt
2026-08-25 21:43:52.063 [main] [] INFO  c.erp.sri_files.SriFilesApplication - The following 1 profile is active: "local"
2026-08-25 21:43:52.069 [main] [] INFO  o.s.c.c.c.ConfigServerConfigDataLoader - Fetching config from server at : http://config-server:8888
2026-08-25 21:43:52.069 [main] [] INFO  o.s.c.c.c.ConfigServerConfigDataLoader - Exception on Url - http://config-server:8888:org.springframework.web.client.ResourceAccessException: I/O error on GET request for "http://config-server:8888/msvc-sri/default": config-server. Will be trying the next url if available
2026-08-25 21:43:52.069 [main] [] WARN  o.s.c.c.c.ConfigServerConfigDataLoader - Could not locate PropertySource ([ConfigServerConfigDataResource@e8ea697 uris = array<String>['http://config-server:8888'], optional = true, profiles = 'default']): I/O error on GET request for "http://config-server:8888/msvc-sri/default": config-server
2026-08-25 21:43:52.070 [main] [] INFO  o.s.c.c.c.ConfigServerConfigDataLoader - Fetching config from server at : http://config-server:8888
2026-08-25 21:43:52.070 [main] [] INFO  o.s.c.c.c.ConfigServerConfigDataLoader - Exception on Url - http://config-server:8888:org.springframework.web.client.ResourceAccessException: I/O error on GET request for "http://config-server:8888/msvc-sri/local": config-server. Will be trying the next url if available
2026-08-25 21:43:52.070 [main] [] WARN  o.s.c.c.c.ConfigServerConfigDataLoader - Could not locate PropertySource ([ConfigServerConfigDataResource@45bf6f39 uris = array<String>['http://config-server:8888'], optional = true, profiles = 'local']): I/O error on GET request for "http://config-server:8888/msvc-sri/local": config-server
2026-08-25 21:43:52.070 [main] [] INFO  o.s.c.c.c.ConfigServerConfigDataLoader - Fetching config from server at : http://config-server:8888
2026-08-25 21:43:52.070 [main] [] INFO  o.s.c.c.c.ConfigServerConfigDataLoader - Exception on Url - http://config-server:8888:org.springframework.web.client.ResourceAccessException: I/O error on GET request for "http://config-server:8888/msvc-sri/default": config-server. Will be trying the next url if available
2026-08-25 21:43:52.070 [main] [] WARN  o.s.c.c.c.ConfigServerConfigDataLoader - Could not locate PropertySource ([ConfigServerConfigDataResource@6c42f2a1 uris = array<String>['http://config-server:8888'], optional = true, profiles = 'default']): I/O error on GET request for "http://config-server:8888/msvc-sri/default": config-server
2026-08-25 21:43:52.517 [main] [] INFO  o.s.d.r.c.RepositoryConfigurationDelegate - Bootstrapping Spring Data JPA repositories in DEFAULT mode.
2026-08-25 21:43:52.610 [main] [] INFO  o.s.d.r.c.RepositoryConfigurationDelegate - Finished Spring Data repository scanning in 86 ms. Found 8 JPA repository interfaces.
2026-08-25 21:43:52.744 [main] [] INFO  o.s.cloud.context.scope.GenericScope - BeanFactory id=b9341eb6-4c02-38fa-9d88-291f18bc8fa5
2026-08-25 21:43:52.970 [main] [] INFO  o.s.b.w.e.tomcat.TomcatWebServer - Tomcat initialized with port 9096 (http)
2026-08-25 21:43:52.977 [main] [] INFO  o.a.coyote.http11.Http11NioProtocol - Initializing ProtocolHandler ["http-nio-9096"]
2026-08-25 21:43:52.978 [main] [] INFO  o.a.catalina.core.StandardService - Starting service [Tomcat]
2026-08-25 21:43:52.978 [main] [] INFO  o.a.catalina.core.StandardEngine - Starting Servlet engine: [Apache Tomcat/10.1.34]
2026-08-25 21:43:53.027 [main] [] INFO  o.a.c.c.C.[Tomcat].[localhost].[/] - Initializing Spring embedded WebApplicationContext
2026-08-25 21:43:53.028 [main] [] INFO  o.s.b.w.s.c.ServletWebServerApplicationContext - Root WebApplicationContext: initialization completed in 957 ms
2026-08-25 21:43:53.067 [main] [] DEBUG c.e.sri_files.config.RateLimitFilter - Filter 'rateLimitFilter' configured for use
2026-08-25 21:43:53.068 [main] [] DEBUG c.e.sri_files.config.RequestIdFilter - Filter 'requestIdFilter' configured for use
2026-08-25 21:43:53.068 [main] [] DEBUG c.erp.sri_files.config.ApiKeyFilter - Filter 'apiKeyFilter' configured for use
2026-08-25 21:43:53.068 [main] [] DEBUG c.e.s.config.SecurityHeadersFilter - Filter 'securityHeadersFilter' configured for use
2026-08-25 21:43:53.302 [main] [] INFO  o.s.o.j.p.SpringPersistenceUnitInfo - No LoadTimeWeaver setup: ignoring JPA class transformer
2026-08-25 21:43:53.318 [main] [] INFO  com.zaxxer.hikari.HikariDataSource - HikariPool-1 - Starting...
2026-08-25 21:43:53.534 [main] [] INFO  com.zaxxer.hikari.pool.HikariPool - HikariPool-1 - Added connection org.postgresql.jdbc.PgConnection@6e612122
2026-08-25 21:43:53.535 [main] [] INFO  com.zaxxer.hikari.HikariDataSource - HikariPool-1 - Start completed.
2026-08-25 21:43:53.568 [main] [] WARN  org.hibernate.orm.deprecation - HHH90000025: PostgreSQLDialect does not need to be specified explicitly using 'hibernate.dialect' (remove the property setting and it will be selected by default)
2026-08-25 21:43:54.279 [main] [] INFO  o.s.o.j.LocalContainerEntityManagerFactoryBean - Initialized JPA EntityManagerFactory for persistence unit 'default'
2026-08-25 21:43:54.440 [main] [] INFO  o.s.d.j.r.query.QueryEnhancerFactory - Hibernate is in classpath; If applicable, HQL parser will be used.
2026-08-25 21:43:55.757 [main] [] WARN  o.s.b.a.t.ThymeleafAutoConfiguration$DefaultTemplateResolverConfiguration - Cannot find template location: classpath:/templates/ (please add some templates, check your Thymeleaf configuration, or set spring.thymeleaf.check-template-location=false)
2026-08-25 21:43:55.863 [main] [] WARN  o.s.b.a.o.j.JpaBaseConfiguration$JpaWebConfiguration - spring.jpa.open-in-view is enabled by default. Therefore, database queries may be performed during view rendering. Explicitly configure spring.jpa.open-in-view to disable this warning
2026-08-25 21:43:57.140 [main] [] INFO  o.s.cloud.commons.util.InetUtils - Cannot determine local hostname
2026-08-25 21:43:57.146 [main] [] INFO  o.s.c.n.e.c.DiscoveryClientOptionalArgsConfiguration - Eureka HTTP Client uses RestTemplate.
2026-08-25 21:43:57.171 [main] [] WARN  o.s.c.l.c.LoadBalancerCacheAutoConfiguration$LoadBalancerCaffeineWarnLogger - Spring Cloud LoadBalancer is currently working with the default cache. While this cache implementation is useful for development and tests, it's recommended to use Caffeine cache in production.You can switch to using Caffeine cache, by adding it and org.springframework.cache.caffeine.CaffeineCacheManager to the classpath.
2026-08-25 21:43:57.181 [main] [] INFO  o.a.coyote.http11.Http11NioProtocol - Starting ProtocolHandler ["http-nio-9096"]
2026-08-25 21:43:57.191 [main] [] INFO  o.s.b.w.e.tomcat.TomcatWebServer - Tomcat started on port 9096 (http) with context path '/'
2026-08-25 21:43:58.207 [main] [] INFO  o.s.cloud.commons.util.InetUtils - Cannot determine local hostname
2026-08-25 21:43:58.217 [main] [] INFO  c.erp.sri_files.SriFilesApplication - Started SriFilesApplication in 16.211 seconds (process running for 16.612)
2026-08-25 21:44:00.010 [sri-files-scheduler-2] [] INFO  c.e.s.s.NuevoDocumentoScheduler - [SCHEDULER][V1] INICIO envío pendientes @ 2026-08-25T21:44:00.010195700
2026-08-25 21:44:00.013 [sri-files-scheduler-4] [] INFO  c.e.s.services.EnvioSriBatchService - [SCHEDULER][sri-files-scheduler-4] INICIO automatizacionEnvioFacturasElectonicas @ 2026-08-25T21:44:00.013591500
2026-08-25 21:44:00.014 [sri-files-scheduler-4] [] INFO  c.e.s.services.EnvioSriBatchService - Ejecutando envio de facturas at=2026-08-25T21:44:00.014529900
2026-08-25 21:44:00.079 [sri-files-scheduler-2] [] INFO  c.e.s.s.NuevoDocumentoScheduler - [SCHEDULER][V1] FIN envío | detectados=0 | exitosos=0 | fallidos=0 | duracionMs=69
2026-08-25 21:44:00.120 [sri-files-scheduler-1] [] INFO  c.e.s.batch.BatchJobScheduler - Batch automático ejecutado: tipo=ENVIAR_SRI uuid=e1849f22-4005-43fd-9971-9312a5e8c589
2026-08-25 21:44:00.120 [sri-files-scheduler-3] [] INFO  c.e.s.batch.BatchJobScheduler - Batch automático ejecutado: tipo=ENVIAR_CORREO uuid=32756fec-ef07-4746-8c71-01f851e4e148
2026-08-25 21:44:00.128 [task-1] [e1849f22-4005-43fd-9971-9312a5e8c589] INFO  c.e.s.batch.BatchProcessorService - Iniciando batch job e1849f22-4005-43fd-9971-9312a5e8c589 tipo=ENVIAR_SRI [batchJob=e1849f22-4005-43fd-9971-9312a5e8c589]
2026-08-25 21:44:00.130 [task-2] [32756fec-ef07-4746-8c71-01f851e4e148] INFO  c.e.s.batch.BatchProcessorService - Iniciando batch job 32756fec-ef07-4746-8c71-01f851e4e148 tipo=ENVIAR_CORREO [batchJob=32756fec-ef07-4746-8c71-01f851e4e148]
2026-08-25 21:44:00.138 [task-2] [32756fec-ef07-4746-8c71-01f851e4e148] INFO  c.e.s.batch.BatchProcessorService - Documentos encontrados: 0 [batchJob=32756fec-ef07-4746-8c71-01f851e4e148]
2026-08-25 21:44:00.138 [task-2] [32756fec-ef07-4746-8c71-01f851e4e148] INFO  c.e.s.batch.BatchProcessorService - Batch job 32756fec-ef07-4746-8c71-01f851e4e148 completado: Procesados: 0, Exitosos: 0, Fallidos: 0 [batchJob=32756fec-ef07-4746-8c71-01f851e4e148]
2026-08-25 21:44:00.142 [task-1] [e1849f22-4005-43fd-9971-9312a5e8c589] INFO  c.e.s.batch.BatchProcessorService - Documentos encontrados: 0 [batchJob=e1849f22-4005-43fd-9971-9312a5e8c589]
2026-08-25 21:44:00.142 [task-1] [e1849f22-4005-43fd-9971-9312a5e8c589] INFO  c.e.s.batch.BatchProcessorService - Batch job e1849f22-4005-43fd-9971-9312a5e8c589 completado: Procesados: 0, Exitosos: 0, Fallidos: 0 [batchJob=e1849f22-4005-43fd-9971-9312a5e8c589]
2026-08-25 21:44:01.381 [sri-files-scheduler-4] [] INFO  c.e.s.services.EnvioSriBatchService - No hay facturas pendientes estado=I
2026-08-25 21:44:01.381 [sri-files-scheduler-4] [] INFO  c.e.s.services.EnvioSriBatchService - [SCHEDULER][sri-files-scheduler-4] FIN automatizacionEnvioFacturasElectonicas | detectados=0 | exitosas=0 | fallidas=0 | duracionMs=1368
2026-08-25 21:44:29.412 [http-nio-9096-exec-1] [] INFO  o.a.c.c.C.[Tomcat].[localhost].[/] - Initializing Spring DispatcherServlet 'dispatcherServlet'
2026-08-25 21:44:29.413 [http-nio-9096-exec-1] [] INFO  o.s.web.servlet.DispatcherServlet - Initializing Servlet 'dispatcherServlet'
2026-08-25 21:44:29.414 [http-nio-9096-exec-1] [] INFO  o.s.web.servlet.DispatcherServlet - Completed initialization in 1 ms
2026-08-25 21:44:29.432 [http-nio-9096-exec-1] [ef0cf756-6f10-45d4-8a40-38036c3af9d9] DEBUG o.s.jdbc.datasource.DataSourceUtils - Setting JDBC Connection [HikariProxyConnection@2029056088 wrapping org.postgresql.jdbc.PgConnection@6e612122] read-only
2026-08-25 21:44:29.441 [http-nio-9096-exec-1] [ef0cf756-6f10-45d4-8a40-38036c3af9d9] DEBUG o.s.jdbc.datasource.DataSourceUtils - Resetting read-only flag of JDBC Connection [HikariProxyConnection@2029056088 wrapping org.postgresql.jdbc.PgConnection@6e612122]
2026-08-25 21:44:45.867 [http-nio-9096-exec-6] [a018fadc-dd6d-44eb-af3e-f170f23a8a0c] DEBUG o.s.jdbc.datasource.DataSourceUtils - Setting JDBC Connection [HikariProxyConnection@1406529452 wrapping org.postgresql.jdbc.PgConnection@6e612122] read-only
2026-08-25 21:44:45.871 [http-nio-9096-exec-6] [a018fadc-dd6d-44eb-af3e-f170f23a8a0c] DEBUG o.s.jdbc.datasource.DataSourceUtils - Resetting read-only flag of JDBC Connection [HikariProxyConnection@1406529452 wrapping org.postgresql.jdbc.PgConnection@6e612122]
2026-08-25 21:44:45.920 [http-nio-9096-exec-3] [93cae7fd-d463-4f39-a875-2a2988ef8418] DEBUG o.s.jdbc.datasource.DataSourceUtils - Setting JDBC Connection [HikariProxyConnection@2061148798 wrapping org.postgresql.jdbc.PgConnection@6e612122] read-only
2026-08-25 21:44:45.991 [http-nio-9096-exec-3] [93cae7fd-d463-4f39-a875-2a2988ef8418] DEBUG o.s.jdbc.datasource.DataSourceUtils - Resetting read-only flag of JDBC Connection [HikariProxyConnection@2061148798 wrapping org.postgresql.jdbc.PgConnection@6e612122]
2026-08-25 21:45:00.013 [sri-files-scheduler-1] [] INFO  c.e.s.services.EnvioSriBatchService - [SCHEDULER][sri-files-scheduler-1] INICIO automatizacionEnvioFacturasElectonicas @ 2026-08-25T21:45:00.013547500
2026-08-25 21:45:00.014 [sri-files-scheduler-1] [] INFO  c.e.s.services.EnvioSriBatchService - Ejecutando envio de facturas at=2026-08-25T21:45:00.014888900
2026-08-25 21:45:00.017 [sri-files-scheduler-4] [] INFO  c.e.s.s.NuevoDocumentoScheduler - [SCHEDULER][V1] INICIO envío pendientes @ 2026-08-25T21:45:00.017241500
2026-08-25 21:45:00.019 [sri-files-scheduler-4] [] INFO  c.e.s.s.NuevoDocumentoScheduler - [SCHEDULER][V1] FIN envío | detectados=0 | exitosos=0 | fallidos=0 | duracionMs=2
2026-08-25 21:45:00.019 [sri-files-scheduler-4] [] INFO  c.e.s.s.RecuperarDevueltasScheduler - [SCHEDULER] INICIO recuperación facturas estado M @ 2026-08-25T21:45:00.019847100
2026-08-25 21:45:00.020 [sri-files-scheduler-3] [] INFO  c.e.s.batch.BatchJobScheduler - Batch automático ejecutado: tipo=CONSULTAR_AUTORIZACION uuid=a3a922e2-5bcd-46b9-b21e-a03d01bfa28d
2026-08-25 21:45:00.021 [sri-files-scheduler-2] [] INFO  c.e.s.batch.BatchJobScheduler - Batch automático ejecutado: tipo=REINTENTAR_FALLIDOS uuid=a49267f9-f0e0-4fd6-8f3f-626ac8d44c26
2026-08-25 21:45:00.022 [task-3] [a3a922e2-5bcd-46b9-b21e-a03d01bfa28d] INFO  c.e.s.batch.BatchProcessorService - Iniciando batch job a3a922e2-5bcd-46b9-b21e-a03d01bfa28d tipo=CONSULTAR_AUTORIZACION [batchJob=a3a922e2-5bcd-46b9-b21e-a03d01bfa28d]
2026-08-25 21:45:00.022 [task-4] [a49267f9-f0e0-4fd6-8f3f-626ac8d44c26] INFO  c.e.s.batch.BatchProcessorService - Iniciando batch job a49267f9-f0e0-4fd6-8f3f-626ac8d44c26 tipo=REINTENTAR_FALLIDOS [batchJob=a49267f9-f0e0-4fd6-8f3f-626ac8d44c26]
2026-08-25 21:45:00.023 [task-4] [a49267f9-f0e0-4fd6-8f3f-626ac8d44c26] INFO  c.e.s.batch.BatchProcessorService - Documentos encontrados: 0 [batchJob=a49267f9-f0e0-4fd6-8f3f-626ac8d44c26]
2026-08-25 21:45:00.024 [task-4] [a49267f9-f0e0-4fd6-8f3f-626ac8d44c26] INFO  c.e.s.batch.BatchProcessorService - Batch job a49267f9-f0e0-4fd6-8f3f-626ac8d44c26 completado: Procesados: 0, Exitosos: 0, Fallidos: 0 [batchJob=a49267f9-f0e0-4fd6-8f3f-626ac8d44c26]
2026-08-25 21:45:00.024 [task-3] [a3a922e2-5bcd-46b9-b21e-a03d01bfa28d] INFO  c.e.s.batch.BatchProcessorService - Documentos encontrados: 0 [batchJob=a3a922e2-5bcd-46b9-b21e-a03d01bfa28d]
2026-08-25 21:45:00.024 [task-3] [a3a922e2-5bcd-46b9-b21e-a03d01bfa28d] INFO  c.e.s.batch.BatchProcessorService - Batch job a3a922e2-5bcd-46b9-b21e-a03d01bfa28d completado: Procesados: 0, Exitosos: 0, Fallidos: 0 [batchJob=a3a922e2-5bcd-46b9-b21e-a03d01bfa28d]
2026-08-25 21:45:00.036 [sri-files-scheduler-4] [] INFO  c.erp.sri_files.services.SriGateway - Consultando autorización SRI: 0402202601046002881000120010110001801007801811211 [requestId=null]
2026-08-25 21:45:00.580 [sri-files-scheduler-4] [] WARN  c.erp.sri_files.services.SriGateway - Comprobante NO AUTORIZADO: estado=NO AUTORIZADO
2026-08-25 21:45:01.585 [sri-files-scheduler-1] [] INFO  c.e.s.services.EnvioSriBatchService - No hay facturas pendientes estado=I
2026-08-25 21:45:01.585 [sri-files-scheduler-1] [] INFO  c.e.s.services.EnvioSriBatchService - [SCHEDULER][sri-files-scheduler-1] FIN automatizacionEnvioFacturasElectonicas | detectados=0 | exitosas=0 | fallidas=0 | duracionMs=1572
2026-08-25 21:45:03.436 [sri-files-scheduler-4] [] INFO  c.erp.sri_files.services.SriGateway - Consultando autorización SRI: 1803202601046002881000120020180003334834148871315 [requestId=null]
2026-08-25 21:45:04.512 [sri-files-scheduler-4] [] INFO  c.erp.sri_files.services.SriGateway - Consultando autorización SRI: 0707202601046002881000120020180003453319122478610 [requestId=null]
2026-08-25 21:45:05.340 [sri-files-scheduler-4] [] INFO  c.erp.sri_files.services.SriGateway - Consultando autorización SRI: 3006202601046002881000120020180003446435996697415 [requestId=null]
2026-08-25 21:45:06.279 [sri-files-scheduler-4] [] INFO  c.erp.sri_files.services.SriGateway - Consultando autorización SRI: 3006202601046002881000120020180003446449840524414 [requestId=null]
2026-08-25 21:45:07.135 [sri-files-scheduler-4] [] INFO  c.erp.sri_files.services.SriGateway - Consultando autorización SRI: 2511202501046002881000120020180003236186262015417 [requestId=null]
2026-08-25 21:45:08.094 [sri-files-scheduler-4] [] INFO  c.erp.sri_files.services.SriGateway - Consultando autorización SRI: 1512202501046002881000120020180003259558447927212 [requestId=null]
2026-08-25 21:45:09.038 [sri-files-scheduler-4] [] INFO  c.erp.sri_files.services.SriGateway - Consultando autorización SRI: 1512202501046002881000120020180003259561486507213 [requestId=null]
2026-08-25 21:45:09.942 [sri-files-scheduler-4] [] INFO  c.erp.sri_files.services.SriGateway - Consultando autorización SRI: 1901202601046002881000120020390000000975707070619 [requestId=null]
2026-08-25 21:45:10.757 [sri-files-scheduler-4] [] INFO  c.erp.sri_files.services.SriGateway - Consultando autorización SRI: 1901202601046002881000120020390000000985491813013 [requestId=null]
2026-08-25 21:45:11.743 [sri-files-scheduler-4] [] INFO  c.erp.sri_files.services.SriGateway - Consultando autorización SRI: 2402202601046002881000120020180003308941834880614 [requestId=null]
2026-08-25 21:45:12.577 [sri-files-scheduler-4] [] INFO  c.erp.sri_files.services.SriGateway - Consultando autorización SRI: 2402202601046002881000120020180003308953168434211 [requestId=null]
2026-08-25 21:45:13.653 [sri-files-scheduler-4] [] INFO  c.erp.sri_files.services.SriGateway - Consultando autorización SRI: 2303202601046002881000120020180003339695799320111 [requestId=null]
2026-08-25 21:45:14.649 [sri-files-scheduler-4] [] INFO  c.erp.sri_files.services.SriGateway - Consultando autorización SRI: 2303202601046002881000120020180003339702845290717 [requestId=null]
2026-08-25 21:45:15.649 [sri-files-scheduler-4] [] INFO  c.erp.sri_files.services.SriGateway - Consultando autorización SRI: 3103202601046002881000120020180003347568332452115 [requestId=null]
2026-08-25 21:45:16.432 [http-nio-9096-exec-8] [43c09913-15a3-4a92-885d-40d895ddcbc4] INFO  c.e.s.c.PlantillaController - Plantilla creada: test_delete.jrxml
2026-08-25 21:45:16.447 [http-nio-9096-exec-9] [34b0dcd0-805e-41a6-bedf-cc975438185b] INFO  c.e.s.c.PlantillaController - Plantilla eliminada: test_delete.jrxml
2026-08-25 21:45:16.505 [sri-files-scheduler-4] [] INFO  c.erp.sri_files.services.SriGateway - Consultando autorización SRI: 3103202601046002881000120020180003347579695942817 [requestId=null]
2026-08-25 21:45:17.377 [sri-files-scheduler-4] [] INFO  c.erp.sri_files.services.SriGateway - Consultando autorización SRI: 1304202601046002881000120020180003362416429019711 [requestId=null]
2026-08-25 21:45:18.232 [sri-files-scheduler-4] [] INFO  c.erp.sri_files.services.SriGateway - Consultando autorización SRI: 1304202601046002881000120020180003362426099545318 [requestId=null]
2026-08-25 21:45:19.002 [sri-files-scheduler-4] [] INFO  c.erp.sri_files.services.SriGateway - Consultando autorización SRI: 0505202601046002881000120020180003378897236678813 [requestId=null]
2026-08-25 21:45:19.853 [sri-files-scheduler-4] [] INFO  c.erp.sri_files.services.SriGateway - Consultando autorización SRI: 0505202601046002881000120020180003378908044154413 [requestId=null]
2026-08-25 21:45:20.697 [sri-files-scheduler-4] [] INFO  c.e.s.s.RecuperarDevueltasScheduler - [SCHEDULER] FIN recuperación devueltas | detectadas=20 | recuperadas=0 | pendientes=20 | fallidas=0 | duracionMs=20678
2026-08-25 21:45:30.010 [sri-files-scheduler-3] [] INFO  c.e.s.s.NuevoDocumentoScheduler - [SCHEDULER][V1] INICIO recuperación autorizaciones @ 2026-08-25T21:45:30.010082400
2026-08-25 21:45:30.010 [sri-files-scheduler-2] [] INFO  c.e.s.services.EnvioSriBatchService - [SCHEDULER][sri-files-scheduler-2] INICIO automatizacionConsultarXml @ 2026-08-25T21:45:30.010947200
2026-08-25 21:45:30.010 [sri-files-scheduler-2] [] INFO  c.e.s.services.EnvioSriBatchService - Iniciando consulta de XML pendientes
2026-08-25 21:45:30.017 [sri-files-scheduler-3] [] INFO  c.e.s.s.NuevoDocumentoScheduler - [SCHEDULER][V1] FIN recuperación | detectados=0 | autorizados=0 | pendientes=0 | duracionMs=7
2026-08-25 21:45:36.234 [http-nio-9096-exec-6] [d48edb91-308c-4e31-b723-5793496f98f0] INFO  c.e.s.c.AutorizacionController - XML no encontrado en BD, consultando SRI...
2026-08-25 21:45:48.296 [http-nio-9096-exec-7] [b428ecf9-b761-4040-80e5-000f4dbfc2e7] INFO  c.e.s.c.NotaCreditoController - Recibida nota de crédito para procesar [requestId=b428ecf9-b761-4040-80e5-000f4dbfc2e7]
2026-08-25 21:45:48.299 [http-nio-9096-exec-7] [b428ecf9-b761-4040-80e5-000f4dbfc2e7] WARN  c.e.s.c.NotaCreditoController - Nota de crédito rechazada por validación previa: [El atributo id del comprobante debe ser id="comprobante", El atributo version es obligatorio en <notaCredito>, Campo obligatorio faltante: infoTributaria.claveAcceso, Campo obligatorio faltante: infoTributaria.tipoEmision, Campo obligatorio faltante: infoTributaria.codDoc, Campo obligatorio faltante: infoTributaria.ruc, Campo obligatorio faltante: infoTributaria.estab, Campo obligatorio faltante: infoTributaria.ptoEmi, Campo obligatorio faltante: infoTributaria.secuencial, codDoc inválido para nota de crédito. Se esperaba 04 y se recibió <vacío>, XML corrupto o no parseable: Cannot invoke "String.matches(String)" because "ruc" is null] [requestId=b428ecf9-b761-4040-80e5-000f4dbfc2e7]
2026-08-25 21:45:48.303 [http-nio-9096-exec-8] [39aa7442-b183-43f8-8c2b-0ada7ba694fb] INFO  c.e.s.c.DocumentoController - Documento detectado: FACTURA [requestId=39aa7442-b183-43f8-8c2b-0ada7ba694fb]
2026-08-25 21:45:48.305 [http-nio-9096-exec-8] [5cfd6fd2-5a57-42df-a048-8b3dadf2370d] INFO  c.e.s.s.DocumentoProcessManager - Recibiendo documento FACTURA externalId=null [requestId=5cfd6fd2-5a57-42df-a048-8b3dadf2370d]
2026-08-25 21:45:48.319 [http-nio-9096-exec-8] [5cfd6fd2-5a57-42df-a048-8b3dadf2370d] WARN  o.h.e.jdbc.spi.SqlExceptionHelper - SQL Error: 0, SQLState: 23502
2026-08-25 21:45:48.319 [http-nio-9096-exec-8] [5cfd6fd2-5a57-42df-a048-8b3dadf2370d] ERROR o.h.e.jdbc.spi.SqlExceptionHelper - ERROR: el valor nulo en la columna «ruc_emisor» de la relación «documento_electronico» viola la restricción “not-null”
  Detail: La fila que falla contiene (1, 1, null, 2026-08-25 21:45:48.306867, null, null, null, null, null, RECIBIDO, null, null, null, null, null, null, null, null, null, 2026-08-25 21:45:48.306867, null, 2026-08-25 21:45:48.306867, null, null, null, 0, 0, 0, null, null, null, null, null, null, null, null, null, f, null, null, null, null, null, null, FACTURA, null, null, null, 28fde869-d36f-40dc-84ae-ab88165b687d, null, null, <?xml version="1.0" encoding="UTF-8"?><factura><infoTributaria><...).
2026-08-25 21:45:48.326 [http-nio-9096-exec-8] [5cfd6fd2-5a57-42df-a048-8b3dadf2370d] ERROR c.e.s.s.DocumentoProcessManager - Error recibiendo documento [requestId=5cfd6fd2-5a57-42df-a048-8b3dadf2370d]
org.springframework.dao.DataIntegrityViolationException: could not execute statement [ERROR: el valor nulo en la columna «ruc_emisor» de la relación «documento_electronico» viola la restricción “not-null”
  Detail: La fila que falla contiene (1, 1, null, 2026-08-25 21:45:48.306867, null, null, null, null, null, RECIBIDO, null, null, null, null, null, null, null, null, null, 2026-08-25 21:45:48.306867, null, 2026-08-25 21:45:48.306867, null, null, null, 0, 0, 0, null, null, null, null, null, null, null, null, null, f, null, null, null, null, null, null, FACTURA, null, null, null, 28fde869-d36f-40dc-84ae-ab88165b687d, null, null, <?xml version="1.0" encoding="UTF-8"?><factura><infoTributaria><...).] [insert into documento_electronico (ambiente,clave_acceso,created_at,created_by,documento_origen_id,documento_sustituto_id,email_receptor,establecimiento,estado,external_id,fecha_anulacion,fecha_autorizacion_sri,fecha_emision,fecha_envio_correo,fecha_envio_sri,fecha_firma,fecha_generacion_ride,fecha_generacion_xml,fecha_recepcion_json,fecha_transaccion_origen,fecha_ultima_actualizacion,id_origen,identificacion_receptor,importe_total,intentos_autorizacion,intentos_correo,intentos_envio,json_original,locked_at,locked_by,mail_enviado,mensaje_sri,motivo_correccion,numero_autorizacion,numero_documento,origen_sistema,processing_lock,punto_emision,razon_social_receptor,ruc_emisor,secuencial,subestado,subtotal,tipo_documento,total_descuento,total_impuestos,updated_at,uuid,xml_autorizado,xml_firmado,xml_generado) values (?,?,?,?,?,?,?,?,?,?,?,?,?,?,?,?,?,?,?,?,?,?,?,?,?,?,?,?,?,?,?,?,?,?,?,?,?,?,?,?,?,?,?,?,?,?,?,?,?,?,?)]; SQL [insert into documento_electronico (ambiente,clave_acceso,created_at,created_by,documento_origen_id,documento_sustituto_id,email_receptor,establecimiento,estado,external_id,fecha_anulacion,fecha_autorizacion_sri,fecha_emision,fecha_envio_correo,fecha_envio_sri,fecha_firma,fecha_generacion_ride,fecha_generacion_xml,fecha_recepcion_json,fecha_transaccion_origen,fecha_ultima_actualizacion,id_origen,identificacion_receptor,importe_total,intentos_autorizacion,intentos_correo,intentos_envio,json_original,locked_at,locked_by,mail_enviado,mensaje_sri,motivo_correccion,numero_autorizacion,numero_documento,origen_sistema,processing_lock,punto_emision,razon_social_receptor,ruc_emisor,secuencial,subestado,subtotal,tipo_documento,total_descuento,total_impuestos,updated_at,uuid,xml_autorizado,xml_firmado,xml_generado) values (?,?,?,?,?,?,?,?,?,?,?,?,?,?,?,?,?,?,?,?,?,?,?,?,?,?,?,?,?,?,?,?,?,?,?,?,?,?,?,?,?,?,?,?,?,?,?,?,?,?,?)]; constraint [null]
	at org.springframework.orm.jpa.vendor.HibernateJpaDialect.convertHibernateAccessException(HibernateJpaDialect.java:290)
	at org.springframework.orm.jpa.vendor.HibernateJpaDialect.translateExceptionIfPossible(HibernateJpaDialect.java:241)
	at org.springframework.orm.jpa.AbstractEntityManagerFactoryBean.translateExceptionIfPossible(AbstractEntityManagerFactoryBean.java:560)
	at org.springframework.dao.support.ChainedPersistenceExceptionTranslator.translateExceptionIfPossible(ChainedPersistenceExceptionTranslator.java:61)
	at org.springframework.dao.support.DataAccessUtils.translateIfNecessary(DataAccessUtils.java:343)
	at org.springframework.dao.support.PersistenceExceptionTranslationInterceptor.invoke(PersistenceExceptionTranslationInterceptor.java:160)
	at org.springframework.aop.framework.ReflectiveMethodInvocation.proceed(ReflectiveMethodInvocation.java:184)
	at org.springframework.data.jpa.repository.support.CrudMethodMetadataPostProcessor$CrudMethodMetadataPopulatingMethodInterceptor.invoke(CrudMethodMetadataPostProcessor.java:165)
	at org.springframework.aop.framework.ReflectiveMethodInvocation.proceed(ReflectiveMethodInvocation.java:184)
	at org.springframework.aop.framework.JdkDynamicAopProxy.invoke(JdkDynamicAopProxy.java:223)
	at jdk.proxy2/jdk.proxy2.$Proxy170.save(Unknown Source)
	at com.erp.sri_files.services.DocumentoProcessManager.recibirDocumento(DocumentoProcessManager.java:65)
	at java.base/jdk.internal.reflect.DirectMethodHandleAccessor.invoke(DirectMethodHandleAccessor.java:103)
	at java.base/java.lang.reflect.Method.invoke(Method.java:580)
	at org.springframework.aop.support.AopUtils.invokeJoinpointUsingReflection(AopUtils.java:359)
	at org.springframework.aop.framework.ReflectiveMethodInvocation.invokeJoinpoint(ReflectiveMethodInvocation.java:196)
	at org.springframework.aop.framework.ReflectiveMethodInvocation.proceed(ReflectiveMethodInvocation.java:163)
	at org.springframework.transaction.interceptor.TransactionAspectSupport.invokeWithinTransaction(TransactionAspectSupport.java:380)
	at org.springframework.transaction.interceptor.TransactionInterceptor.invoke(TransactionInterceptor.java:119)
	at org.springframework.aop.framework.ReflectiveMethodInvocation.proceed(ReflectiveMethodInvocation.java:184)
	at org.springframework.aop.framework.CglibAopProxy$DynamicAdvisedInterceptor.intercept(CglibAopProxy.java:727)
	at com.erp.sri_files.services.DocumentoProcessManager$$SpringCGLIB$$0.recibirDocumento(<generated>)
	at com.erp.sri_files.controllers.DocumentoController.recibirDocumento(DocumentoController.java:118)
	at java.base/jdk.internal.reflect.DirectMethodHandleAccessor.invoke(DirectMethodHandleAccessor.java:103)
	at java.base/java.lang.reflect.Method.invoke(Method.java:580)
	at org.springframework.web.method.support.InvocableHandlerMethod.doInvoke(InvocableHandlerMethod.java:257)
	at org.springframework.web.method.support.InvocableHandlerMethod.invokeForRequest(InvocableHandlerMethod.java:190)
	at org.springframework.web.servlet.mvc.method.annotation.ServletInvocableHandlerMethod.invokeAndHandle(ServletInvocableHandlerMethod.java:118)
	at org.springframework.web.servlet.mvc.method.annotation.RequestMappingHandlerAdapter.invokeHandlerMethod(RequestMappingHandlerAdapter.java:986)
	at org.springframework.web.servlet.mvc.method.annotation.RequestMappingHandlerAdapter.handleInternal(RequestMappingHandlerAdapter.java:891)
	at org.springframework.web.servlet.mvc.method.AbstractHandlerMethodAdapter.handle(AbstractHandlerMethodAdapter.java:87)
	at org.springframework.web.servlet.DispatcherServlet.doDispatch(DispatcherServlet.java:1088)
	at org.springframework.web.servlet.DispatcherServlet.doService(DispatcherServlet.java:978)
	at org.springframework.web.servlet.FrameworkServlet.processRequest(FrameworkServlet.java:1014)
	at org.springframework.web.servlet.FrameworkServlet.doPost(FrameworkServlet.java:914)
	at jakarta.servlet.http.HttpServlet.service(HttpServlet.java:590)
	at org.springframework.web.servlet.FrameworkServlet.service(FrameworkServlet.java:885)
	at jakarta.servlet.http.HttpServlet.service(HttpServlet.java:658)
	at org.apache.catalina.core.ApplicationFilterChain.internalDoFilter(ApplicationFilterChain.java:195)
	at org.apache.catalina.core.ApplicationFilterChain.doFilter(ApplicationFilterChain.java:140)
	at org.apache.tomcat.websocket.server.WsFilter.doFilter(WsFilter.java:51)
	at org.apache.catalina.core.ApplicationFilterChain.internalDoFilter(ApplicationFilterChain.java:164)
	at org.apache.catalina.core.ApplicationFilterChain.doFilter(ApplicationFilterChain.java:140)
	at org.springframework.web.filter.CorsFilter.doFilterInternal(CorsFilter.java:91)
	at org.springframework.web.filter.OncePerRequestFilter.doFilter(OncePerRequestFilter.java:116)
	at org.apache.catalina.core.ApplicationFilterChain.internalDoFilter(ApplicationFilterChain.java:164)
	at org.apache.catalina.core.ApplicationFilterChain.doFilter(ApplicationFilterChain.java:140)
	at org.springframework.web.servlet.resource.ResourceUrlEncodingFilter.doFilter(ResourceUrlEncodingFilter.java:66)
	at org.apache.catalina.core.ApplicationFilterChain.internalDoFilter(ApplicationFilterChain.java:164)
	at org.apache.catalina.core.ApplicationFilterChain.doFilter(ApplicationFilterChain.java:140)
	at org.springframework.web.filter.RequestContextFilter.doFilterInternal(RequestContextFilter.java:100)
	at org.springframework.web.filter.OncePerRequestFilter.doFilter(OncePerRequestFilter.java:116)
	at org.apache.catalina.core.ApplicationFilterChain.internalDoFilter(ApplicationFilterChain.java:164)
	at org.apache.catalina.core.ApplicationFilterChain.doFilter(ApplicationFilterChain.java:140)
	at org.springframework.web.filter.FormContentFilter.doFilterInternal(FormContentFilter.java:93)
	at org.springframework.web.filter.OncePerRequestFilter.doFilter(OncePerRequestFilter.java:116)
	at org.apache.catalina.core.ApplicationFilterChain.internalDoFilter(ApplicationFilterChain.java:164)
	at org.apache.catalina.core.ApplicationFilterChain.doFilter(ApplicationFilterChain.java:140)
	at com.erp.sri_files.config.ApiKeyFilter.doFilterInternal(ApiKeyFilter.java:45)
	at org.springframework.web.filter.OncePerRequestFilter.doFilter(OncePerRequestFilter.java:116)
	at org.apache.catalina.core.ApplicationFilterChain.internalDoFilter(ApplicationFilterChain.java:164)
	at org.apache.catalina.core.ApplicationFilterChain.doFilter(ApplicationFilterChain.java:140)
	at com.erp.sri_files.config.SecurityHeadersFilter.doFilterInternal(SecurityHeadersFilter.java:63)
	at org.springframework.web.filter.OncePerRequestFilter.doFilter(OncePerRequestFilter.java:116)
	at org.apache.catalina.core.ApplicationFilterChain.internalDoFilter(ApplicationFilterChain.java:164)
	at org.apache.catalina.core.ApplicationFilterChain.doFilter(ApplicationFilterChain.java:140)
	at org.springframework.web.filter.CharacterEncodingFilter.doFilterInternal(CharacterEncodingFilter.java:201)
	at org.springframework.web.filter.OncePerRequestFilter.doFilter(OncePerRequestFilter.java:116)
	at org.apache.catalina.core.ApplicationFilterChain.internalDoFilter(ApplicationFilterChain.java:164)
	at org.apache.catalina.core.ApplicationFilterChain.doFilter(ApplicationFilterChain.java:140)
	at com.erp.sri_files.config.RequestIdFilter.doFilterInternal(RequestIdFilter.java:37)
	at org.springframework.web.filter.OncePerRequestFilter.doFilter(OncePerRequestFilter.java:116)
	at org.apache.catalina.core.ApplicationFilterChain.internalDoFilter(ApplicationFilterChain.java:164)
	at org.apache.catalina.core.ApplicationFilterChain.doFilter(ApplicationFilterChain.java:140)
	at com.erp.sri_files.config.RateLimitFilter.doFilterInternal(RateLimitFilter.java:91)
	at org.springframework.web.filter.OncePerRequestFilter.doFilter(OncePerRequestFilter.java:116)
	at org.apache.catalina.core.ApplicationFilterChain.internalDoFilter(ApplicationFilterChain.java:164)
	at org.apache.catalina.core.ApplicationFilterChain.doFilter(ApplicationFilterChain.java:140)
	at org.apache.catalina.core.StandardWrapperValve.invoke(StandardWrapperValve.java:167)
	at org.apache.catalina.core.StandardContextValve.invoke(StandardContextValve.java:90)
	at org.apache.catalina.authenticator.AuthenticatorBase.invoke(AuthenticatorBase.java:483)
	at org.apache.catalina.core.StandardHostValve.invoke(StandardHostValve.java:115)
	at org.apache.catalina.valves.ErrorReportValve.invoke(ErrorReportValve.java:93)
	at org.apache.catalina.core.StandardEngineValve.invoke(StandardEngineValve.java:74)
	at org.apache.catalina.connector.CoyoteAdapter.service(CoyoteAdapter.java:344)
	at org.apache.coyote.http11.Http11Processor.service(Http11Processor.java:397)
	at org.apache.coyote.AbstractProcessorLight.process(AbstractProcessorLight.java:63)
	at org.apache.coyote.AbstractProtocol$ConnectionHandler.process(AbstractProtocol.java:905)
	at org.apache.tomcat.util.net.NioEndpoint$SocketProcessor.doRun(NioEndpoint.java:1741)
	at org.apache.tomcat.util.net.SocketProcessorBase.run(SocketProcessorBase.java:52)
	at org.apache.tomcat.util.threads.ThreadPoolExecutor.runWorker(ThreadPoolExecutor.java:1190)
	at org.apache.tomcat.util.threads.ThreadPoolExecutor$Worker.run(ThreadPoolExecutor.java:659)
	at org.apache.tomcat.util.threads.TaskThread$WrappingRunnable.run(TaskThread.java:63)
	at java.base/java.lang.Thread.run(Thread.java:1583)
Caused by: org.hibernate.exception.ConstraintViolationException: could not execute statement [ERROR: el valor nulo en la columna «ruc_emisor» de la relación «documento_electronico» viola la restricción “not-null”
  Detail: La fila que falla contiene (1, 1, null, 2026-08-25 21:45:48.306867, null, null, null, null, null, RECIBIDO, null, null, null, null, null, null, null, null, null, 2026-08-25 21:45:48.306867, null, 2026-08-25 21:45:48.306867, null, null, null, 0, 0, 0, null, null, null, null, null, null, null, null, null, f, null, null, null, null, null, null, FACTURA, null, null, null, 28fde869-d36f-40dc-84ae-ab88165b687d, null, null, <?xml version="1.0" encoding="UTF-8"?><factura><infoTributaria><...).] [insert into documento_electronico (ambiente,clave_acceso,created_at,created_by,documento_origen_id,documento_sustituto_id,email_receptor,establecimiento,estado,external_id,fecha_anulacion,fecha_autorizacion_sri,fecha_emision,fecha_envio_correo,fecha_envio_sri,fecha_firma,fecha_generacion_ride,fecha_generacion_xml,fecha_recepcion_json,fecha_transaccion_origen,fecha_ultima_actualizacion,id_origen,identificacion_receptor,importe_total,intentos_autorizacion,intentos_correo,intentos_envio,json_original,locked_at,locked_by,mail_enviado,mensaje_sri,motivo_correccion,numero_autorizacion,numero_documento,origen_sistema,processing_lock,punto_emision,razon_social_receptor,ruc_emisor,secuencial,subestado,subtotal,tipo_documento,total_descuento,total_impuestos,updated_at,uuid,xml_autorizado,xml_firmado,xml_generado) values (?,?,?,?,?,?,?,?,?,?,?,?,?,?,?,?,?,?,?,?,?,?,?,?,?,?,?,?,?,?,?,?,?,?,?,?,?,?,?,?,?,?,?,?,?,?,?,?,?,?,?)]
	at org.hibernate.exception.internal.SQLStateConversionDelegate.convert(SQLStateConversionDelegate.java:97)
	at org.hibernate.exception.internal.StandardSQLExceptionConverter.convert(StandardSQLExceptionConverter.java:58)
	at org.hibernate.engine.jdbc.spi.SqlExceptionHelper.convert(SqlExceptionHelper.java:108)
	at org.hibernate.engine.jdbc.internal.ResultSetReturnImpl.executeUpdate(ResultSetReturnImpl.java:197)
	at org.hibernate.id.insert.GetGeneratedKeysDelegate.performMutation(GetGeneratedKeysDelegate.java:116)
	at org.hibernate.engine.jdbc.mutation.internal.MutationExecutorSingleNonBatched.performNonBatchedOperations(MutationExecutorSingleNonBatched.java:47)
	at org.hibernate.engine.jdbc.mutation.internal.AbstractMutationExecutor.execute(AbstractMutationExecutor.java:55)
	at org.hibernate.persister.entity.mutation.InsertCoordinatorStandard.doStaticInserts(InsertCoordinatorStandard.java:194)
	at org.hibernate.persister.entity.mutation.InsertCoordinatorStandard.coordinateInsert(InsertCoordinatorStandard.java:132)
	at org.hibernate.persister.entity.mutation.InsertCoordinatorStandard.insert(InsertCoordinatorStandard.java:95)
	at org.hibernate.action.internal.EntityIdentityInsertAction.execute(EntityIdentityInsertAction.java:85)
	at org.hibernate.engine.spi.ActionQueue.execute(ActionQueue.java:682)
	at org.hibernate.engine.spi.ActionQueue.addResolvedEntityInsertAction(ActionQueue.java:293)
	at org.hibernate.engine.spi.ActionQueue.addInsertAction(ActionQueue.java:274)
	at org.hibernate.engine.spi.ActionQueue.addAction(ActionQueue.java:324)
	at org.hibernate.event.internal.AbstractSaveEventListener.addInsertAction(AbstractSaveEventListener.java:393)
	at org.hibernate.event.internal.AbstractSaveEventListener.performSaveOrReplicate(AbstractSaveEventListener.java:307)
	at org.hibernate.event.internal.AbstractSaveEventListener.performSave(AbstractSaveEventListener.java:223)
	at org.hibernate.event.internal.AbstractSaveEventListener.saveWithGeneratedId(AbstractSaveEventListener.java:136)
	at org.hibernate.event.internal.DefaultPersistEventListener.entityIsTransient(DefaultPersistEventListener.java:177)
	at org.hibernate.event.internal.DefaultPersistEventListener.persist(DefaultPersistEventListener.java:95)
	at org.hibernate.event.internal.DefaultPersistEventListener.onPersist(DefaultPersistEventListener.java:79)
	at org.hibernate.event.internal.DefaultPersistEventListener.onPersist(DefaultPersistEventListener.java:55)
	at org.hibernate.event.service.internal.EventListenerGroupImpl.fireEventOnEachListener(EventListenerGroupImpl.java:127)
	at org.hibernate.internal.SessionImpl.firePersist(SessionImpl.java:761)
	at org.hibernate.internal.SessionImpl.persist(SessionImpl.java:745)
	at java.base/jdk.internal.reflect.DirectMethodHandleAccessor.invoke(DirectMethodHandleAccessor.java:103)
	at java.base/java.lang.reflect.Method.invoke(Method.java:580)
	at org.springframework.orm.jpa.ExtendedEntityManagerCreator$ExtendedEntityManagerInvocationHandler.invoke(ExtendedEntityManagerCreator.java:364)
	at jdk.proxy2/jdk.proxy2.$Proxy163.persist(Unknown Source)
	at java.base/jdk.internal.reflect.DirectMethodHandleAccessor.invoke(DirectMethodHandleAccessor.java:103)
	at java.base/java.lang.reflect.Method.invoke(Method.java:580)
	at org.springframework.orm.jpa.SharedEntityManagerCreator$SharedEntityManagerInvocationHandler.invoke(SharedEntityManagerCreator.java:320)
	at jdk.proxy2/jdk.proxy2.$Proxy163.persist(Unknown Source)
	at org.springframework.data.jpa.repository.support.SimpleJpaRepository.save(SimpleJpaRepository.java:627)
	at java.base/jdk.internal.reflect.DirectMethodHandleAccessor.invoke(DirectMethodHandleAccessor.java:103)
	at java.base/java.lang.reflect.Method.invoke(Method.java:580)
	at org.springframework.aop.support.AopUtils.invokeJoinpointUsingReflection(AopUtils.java:359)
	at org.springframework.data.repository.core.support.RepositoryMethodInvoker$RepositoryFragmentMethodInvoker.lambda$new$0(RepositoryMethodInvoker.java:277)
	at org.springframework.data.repository.core.support.RepositoryMethodInvoker.doInvoke(RepositoryMethodInvoker.java:170)
	at org.springframework.data.repository.core.support.RepositoryMethodInvoker.invoke(RepositoryMethodInvoker.java:158)
	at org.springframework.data.repository.core.support.RepositoryComposition$RepositoryFragments.invoke(RepositoryComposition.java:515)
	at org.springframework.data.repository.core.support.RepositoryComposition.invoke(RepositoryComposition.java:284)
	at org.springframework.data.repository.core.support.RepositoryFactorySupport$ImplementationMethodExecutionInterceptor.invoke(RepositoryFactorySupport.java:752)
	at org.springframework.aop.framework.ReflectiveMethodInvocation.proceed(ReflectiveMethodInvocation.java:184)
	at org.springframework.data.repository.core.support.QueryExecutorMethodInterceptor.doInvoke(QueryExecutorMethodInterceptor.java:174)
	at org.springframework.data.repository.core.support.QueryExecutorMethodInterceptor.invoke(QueryExecutorMethodInterceptor.java:149)
	at org.springframework.aop.framework.ReflectiveMethodInvocation.proceed(ReflectiveMethodInvocation.java:184)
	at org.springframework.data.projection.DefaultMethodInvokingMethodInterceptor.invoke(DefaultMethodInvokingMethodInterceptor.java:69)
	at org.springframework.aop.framework.ReflectiveMethodInvocation.proceed(ReflectiveMethodInvocation.java:184)
	at org.springframework.transaction.interceptor.TransactionAspectSupport.invokeWithinTransaction(TransactionAspectSupport.java:380)
	at org.springframework.transaction.interceptor.TransactionInterceptor.invoke(TransactionInterceptor.java:119)
	at org.springframework.aop.framework.ReflectiveMethodInvocation.proceed(ReflectiveMethodInvocation.java:184)
	at org.springframework.dao.support.PersistenceExceptionTranslationInterceptor.invoke(PersistenceExceptionTranslationInterceptor.java:138)
	... 88 common frames omitted
Caused by: org.postgresql.util.PSQLException: ERROR: el valor nulo en la columna «ruc_emisor» de la relación «documento_electronico» viola la restricción “not-null”
  Detail: La fila que falla contiene (1, 1, null, 2026-08-25 21:45:48.306867, null, null, null, null, null, RECIBIDO, null, null, null, null, null, null, null, null, null, 2026-08-25 21:45:48.306867, null, 2026-08-25 21:45:48.306867, null, null, null, 0, 0, 0, null, null, null, null, null, null, null, null, null, f, null, null, null, null, null, null, FACTURA, null, null, null, 28fde869-d36f-40dc-84ae-ab88165b687d, null, null, <?xml version="1.0" encoding="UTF-8"?><factura><infoTributaria><...).
	at org.postgresql.core.v3.QueryExecutorImpl.receiveErrorResponse(QueryExecutorImpl.java:2733)
	at org.postgresql.core.v3.QueryExecutorImpl.processResults(QueryExecutorImpl.java:2420)
	at org.postgresql.core.v3.QueryExecutorImpl.execute(QueryExecutorImpl.java:372)
	at org.postgresql.jdbc.PgStatement.executeInternal(PgStatement.java:517)
	at org.postgresql.jdbc.PgStatement.execute(PgStatement.java:434)
	at org.postgresql.jdbc.PgPreparedStatement.executeWithFlags(PgPreparedStatement.java:194)
	at org.postgresql.jdbc.PgPreparedStatement.executeUpdate(PgPreparedStatement.java:155)
	at com.zaxxer.hikari.pool.ProxyPreparedStatement.executeUpdate(ProxyPreparedStatement.java:61)
	at com.zaxxer.hikari.pool.HikariProxyPreparedStatement.executeUpdate(HikariProxyPreparedStatement.java)
	at org.hibernate.engine.jdbc.internal.ResultSetReturnImpl.executeUpdate(ResultSetReturnImpl.java:194)
	... 138 common frames omitted
2026-08-25 21:45:48.331 [http-nio-9096-exec-8] [] ERROR c.e.s.c.DocumentoController - Error procesando documento [requestId=39aa7442-b183-43f8-8c2b-0ada7ba694fb]
org.springframework.transaction.UnexpectedRollbackException: Transaction silently rolled back because it has been marked as rollback-only
	at org.springframework.transaction.support.AbstractPlatformTransactionManager.processCommit(AbstractPlatformTransactionManager.java:804)
	at org.springframework.transaction.support.AbstractPlatformTransactionManager.commit(AbstractPlatformTransactionManager.java:758)
	at org.springframework.transaction.interceptor.TransactionAspectSupport.commitTransactionAfterReturning(TransactionAspectSupport.java:698)
	at org.springframework.transaction.interceptor.TransactionAspectSupport.invokeWithinTransaction(TransactionAspectSupport.java:416)
	at org.springframework.transaction.interceptor.TransactionInterceptor.invoke(TransactionInterceptor.java:119)
	at org.springframework.aop.framework.ReflectiveMethodInvocation.proceed(ReflectiveMethodInvocation.java:184)
	at org.springframework.aop.framework.CglibAopProxy$DynamicAdvisedInterceptor.intercept(CglibAopProxy.java:727)
	at com.erp.sri_files.services.DocumentoProcessManager$$SpringCGLIB$$0.recibirDocumento(<generated>)
	at com.erp.sri_files.controllers.DocumentoController.recibirDocumento(DocumentoController.java:118)
	at java.base/jdk.internal.reflect.DirectMethodHandleAccessor.invoke(DirectMethodHandleAccessor.java:103)
	at java.base/java.lang.reflect.Method.invoke(Method.java:580)
	at org.springframework.web.method.support.InvocableHandlerMethod.doInvoke(InvocableHandlerMethod.java:257)
	at org.springframework.web.method.support.InvocableHandlerMethod.invokeForRequest(InvocableHandlerMethod.java:190)
	at org.springframework.web.servlet.mvc.method.annotation.ServletInvocableHandlerMethod.invokeAndHandle(ServletInvocableHandlerMethod.java:118)
	at org.springframework.web.servlet.mvc.method.annotation.RequestMappingHandlerAdapter.invokeHandlerMethod(RequestMappingHandlerAdapter.java:986)
	at org.springframework.web.servlet.mvc.method.annotation.RequestMappingHandlerAdapter.handleInternal(RequestMappingHandlerAdapter.java:891)
	at org.springframework.web.servlet.mvc.method.AbstractHandlerMethodAdapter.handle(AbstractHandlerMethodAdapter.java:87)
	at org.springframework.web.servlet.DispatcherServlet.doDispatch(DispatcherServlet.java:1088)
	at org.springframework.web.servlet.DispatcherServlet.doService(DispatcherServlet.java:978)
	at org.springframework.web.servlet.FrameworkServlet.processRequest(FrameworkServlet.java:1014)
	at org.springframework.web.servlet.FrameworkServlet.doPost(FrameworkServlet.java:914)
	at jakarta.servlet.http.HttpServlet.service(HttpServlet.java:590)
	at org.springframework.web.servlet.FrameworkServlet.service(FrameworkServlet.java:885)
	at jakarta.servlet.http.HttpServlet.service(HttpServlet.java:658)
	at org.apache.catalina.core.ApplicationFilterChain.internalDoFilter(ApplicationFilterChain.java:195)
	at org.apache.catalina.core.ApplicationFilterChain.doFilter(ApplicationFilterChain.java:140)
	at org.apache.tomcat.websocket.server.WsFilter.doFilter(WsFilter.java:51)
	at org.apache.catalina.core.ApplicationFilterChain.internalDoFilter(ApplicationFilterChain.java:164)
	at org.apache.catalina.core.ApplicationFilterChain.doFilter(ApplicationFilterChain.java:140)
	at org.springframework.web.filter.CorsFilter.doFilterInternal(CorsFilter.java:91)
	at org.springframework.web.filter.OncePerRequestFilter.doFilter(OncePerRequestFilter.java:116)
	at org.apache.catalina.core.ApplicationFilterChain.internalDoFilter(ApplicationFilterChain.java:164)
	at org.apache.catalina.core.ApplicationFilterChain.doFilter(ApplicationFilterChain.java:140)
	at org.springframework.web.servlet.resource.ResourceUrlEncodingFilter.doFilter(ResourceUrlEncodingFilter.java:66)
	at org.apache.catalina.core.ApplicationFilterChain.internalDoFilter(ApplicationFilterChain.java:164)
	at org.apache.catalina.core.ApplicationFilterChain.doFilter(ApplicationFilterChain.java:140)
	at org.springframework.web.filter.RequestContextFilter.doFilterInternal(RequestContextFilter.java:100)
	at org.springframework.web.filter.OncePerRequestFilter.doFilter(OncePerRequestFilter.java:116)
	at org.apache.catalina.core.ApplicationFilterChain.internalDoFilter(ApplicationFilterChain.java:164)
	at org.apache.catalina.core.ApplicationFilterChain.doFilter(ApplicationFilterChain.java:140)
	at org.springframework.web.filter.FormContentFilter.doFilterInternal(FormContentFilter.java:93)
	at org.springframework.web.filter.OncePerRequestFilter.doFilter(OncePerRequestFilter.java:116)
	at org.apache.catalina.core.ApplicationFilterChain.internalDoFilter(ApplicationFilterChain.java:164)
	at org.apache.catalina.core.ApplicationFilterChain.doFilter(ApplicationFilterChain.java:140)
	at com.erp.sri_files.config.ApiKeyFilter.doFilterInternal(ApiKeyFilter.java:45)
	at org.springframework.web.filter.OncePerRequestFilter.doFilter(OncePerRequestFilter.java:116)
	at org.apache.catalina.core.ApplicationFilterChain.internalDoFilter(ApplicationFilterChain.java:164)
	at org.apache.catalina.core.ApplicationFilterChain.doFilter(ApplicationFilterChain.java:140)
	at com.erp.sri_files.config.SecurityHeadersFilter.doFilterInternal(SecurityHeadersFilter.java:63)
	at org.springframework.web.filter.OncePerRequestFilter.doFilter(OncePerRequestFilter.java:116)
	at org.apache.catalina.core.ApplicationFilterChain.internalDoFilter(ApplicationFilterChain.java:164)
	at org.apache.catalina.core.ApplicationFilterChain.doFilter(ApplicationFilterChain.java:140)
	at org.springframework.web.filter.CharacterEncodingFilter.doFilterInternal(CharacterEncodingFilter.java:201)
	at org.springframework.web.filter.OncePerRequestFilter.doFilter(OncePerRequestFilter.java:116)
	at org.apache.catalina.core.ApplicationFilterChain.internalDoFilter(ApplicationFilterChain.java:164)
	at org.apache.catalina.core.ApplicationFilterChain.doFilter(ApplicationFilterChain.java:140)
	at com.erp.sri_files.config.RequestIdFilter.doFilterInternal(RequestIdFilter.java:37)
	at org.springframework.web.filter.OncePerRequestFilter.doFilter(OncePerRequestFilter.java:116)
	at org.apache.catalina.core.ApplicationFilterChain.internalDoFilter(ApplicationFilterChain.java:164)
	at org.apache.catalina.core.ApplicationFilterChain.doFilter(ApplicationFilterChain.java:140)
	at com.erp.sri_files.config.RateLimitFilter.doFilterInternal(RateLimitFilter.java:91)
	at org.springframework.web.filter.OncePerRequestFilter.doFilter(OncePerRequestFilter.java:116)
	at org.apache.catalina.core.ApplicationFilterChain.internalDoFilter(ApplicationFilterChain.java:164)
	at org.apache.catalina.core.ApplicationFilterChain.doFilter(ApplicationFilterChain.java:140)
	at org.apache.catalina.core.StandardWrapperValve.invoke(StandardWrapperValve.java:167)
	at org.apache.catalina.core.StandardContextValve.invoke(StandardContextValve.java:90)
	at org.apache.catalina.authenticator.AuthenticatorBase.invoke(AuthenticatorBase.java:483)
	at org.apache.catalina.core.StandardHostValve.invoke(StandardHostValve.java:115)
	at org.apache.catalina.valves.ErrorReportValve.invoke(ErrorReportValve.java:93)
	at org.apache.catalina.core.StandardEngineValve.invoke(StandardEngineValve.java:74)
	at org.apache.catalina.connector.CoyoteAdapter.service(CoyoteAdapter.java:344)
	at org.apache.coyote.http11.Http11Processor.service(Http11Processor.java:397)
	at org.apache.coyote.AbstractProcessorLight.process(AbstractProcessorLight.java:63)
	at org.apache.coyote.AbstractProtocol$ConnectionHandler.process(AbstractProtocol.java:905)
	at org.apache.tomcat.util.net.NioEndpoint$SocketProcessor.doRun(NioEndpoint.java:1741)
	at org.apache.tomcat.util.net.SocketProcessorBase.run(SocketProcessorBase.java:52)
	at org.apache.tomcat.util.threads.ThreadPoolExecutor.runWorker(ThreadPoolExecutor.java:1190)
	at org.apache.tomcat.util.threads.ThreadPoolExecutor$Worker.run(ThreadPoolExecutor.java:659)
	at org.apache.tomcat.util.threads.TaskThread$WrappingRunnable.run(TaskThread.java:63)
	at java.base/java.lang.Thread.run(Thread.java:1583)
2026-08-25 21:46:00.007 [sri-files-scheduler-1] [] INFO  c.e.s.s.NuevoDocumentoScheduler - [SCHEDULER][V1] INICIO envío pendientes @ 2026-08-25T21:46:00.007162700
2026-08-25 21:46:00.007 [sri-files-scheduler-4] [] INFO  c.e.s.services.EnvioSriBatchService - [SCHEDULER][sri-files-scheduler-4] INICIO automatizacionEnvioFacturasElectonicas @ 2026-08-25T21:46:00.007162700
2026-08-25 21:46:00.009 [sri-files-scheduler-4] [] INFO  c.e.s.services.EnvioSriBatchService - Ejecutando envio de facturas at=2026-08-25T21:46:00.009551800
2026-08-25 21:46:00.013 [sri-files-scheduler-3] [] INFO  c.e.s.batch.BatchJobScheduler - Batch automático ejecutado: tipo=ENVIAR_SRI uuid=2613a7ef-2f4e-4706-8ac8-dab96a1e1027
2026-08-25 21:46:00.014 [task-5] [2613a7ef-2f4e-4706-8ac8-dab96a1e1027] INFO  c.e.s.batch.BatchProcessorService - Iniciando batch job 2613a7ef-2f4e-4706-8ac8-dab96a1e1027 tipo=ENVIAR_SRI [batchJob=2613a7ef-2f4e-4706-8ac8-dab96a1e1027]
2026-08-25 21:46:00.014 [sri-files-scheduler-1] [] INFO  c.e.s.s.NuevoDocumentoScheduler - [SCHEDULER][V1] FIN envío | detectados=0 | exitosos=0 | fallidos=0 | duracionMs=7
2026-08-25 21:46:00.016 [task-5] [2613a7ef-2f4e-4706-8ac8-dab96a1e1027] INFO  c.e.s.batch.BatchProcessorService - Documentos encontrados: 0 [batchJob=2613a7ef-2f4e-4706-8ac8-dab96a1e1027]
2026-08-25 21:46:00.016 [task-5] [2613a7ef-2f4e-4706-8ac8-dab96a1e1027] INFO  c.e.s.batch.BatchProcessorService - Batch job 2613a7ef-2f4e-4706-8ac8-dab96a1e1027 completado: Procesados: 0, Exitosos: 0, Fallidos: 0 [batchJob=2613a7ef-2f4e-4706-8ac8-dab96a1e1027]
2026-08-25 21:46:01.414 [sri-files-scheduler-4] [] INFO  c.e.s.services.EnvioSriBatchService - No hay facturas pendientes estado=I
2026-08-25 21:46:01.414 [sri-files-scheduler-4] [] INFO  c.e.s.services.EnvioSriBatchService - [SCHEDULER][sri-files-scheduler-4] FIN automatizacionEnvioFacturasElectonicas | detectados=0 | exitosas=0 | fallidas=0 | duracionMs=1407
2026-08-25 21:47:00.000 [sri-files-scheduler-1] [] INFO  c.e.s.s.NuevoDocumentoScheduler - [SCHEDULER][V1] INICIO envío pendientes @ 2026-08-25T21:47:00.000799900
2026-08-25 21:47:00.000 [sri-files-scheduler-4] [] INFO  c.e.s.services.EnvioSriBatchService - [SCHEDULER][sri-files-scheduler-4] INICIO automatizacionEnvioFacturasElectonicas @ 2026-08-25T21:47:00.000799900
2026-08-25 21:47:00.002 [sri-files-scheduler-4] [] INFO  c.e.s.services.EnvioSriBatchService - Ejecutando envio de facturas at=2026-08-25T21:47:00.002083100
2026-08-25 21:47:00.004 [sri-files-scheduler-1] [] INFO  c.e.s.s.NuevoDocumentoScheduler - [SCHEDULER][V1] FIN envío | detectados=0 | exitosos=0 | fallidos=0 | duracionMs=4
2026-08-25 21:47:01.272 [sri-files-scheduler-4] [] INFO  c.e.s.services.EnvioSriBatchService - No hay facturas pendientes estado=I
2026-08-25 21:47:01.273 [sri-files-scheduler-4] [] INFO  c.e.s.services.EnvioSriBatchService - [SCHEDULER][sri-files-scheduler-4] FIN automatizacionEnvioFacturasElectonicas | detectados=0 | exitosas=0 | fallidas=0 | duracionMs=1273
2026-08-25 21:47:25.858 [main] [] INFO  o.s.c.c.c.ConfigServicePropertySourceLocator - Fetching config from server at : http://localhost:8888
2026-08-25 21:47:25.864 [main] [] INFO  o.s.c.c.c.ConfigServicePropertySourceLocator - Exception on Url - http://localhost:8888:org.springframework.web.client.ResourceAccessException: I/O error on GET request for "http://localhost:8888/msvc-sri/default": Connection refused: getsockopt. Will be trying the next url if available
2026-08-25 21:47:25.864 [main] [] WARN  o.s.c.c.c.ConfigServicePropertySourceLocator - Could not locate PropertySource: I/O error on GET request for "http://localhost:8888/msvc-sri/default": Connection refused: getsockopt
2026-08-25 21:47:25.866 [main] [] INFO  c.erp.sri_files.SriFilesApplication - The following 1 profile is active: "local"
2026-08-25 21:47:25.874 [main] [] INFO  o.s.c.c.c.ConfigServerConfigDataLoader - Fetching config from server at : http://config-server:8888
2026-08-25 21:47:25.874 [main] [] INFO  o.s.c.c.c.ConfigServerConfigDataLoader - Exception on Url - http://config-server:8888:org.springframework.web.client.ResourceAccessException: I/O error on GET request for "http://config-server:8888/msvc-sri/default": config-server. Will be trying the next url if available
2026-08-25 21:47:25.874 [main] [] WARN  o.s.c.c.c.ConfigServerConfigDataLoader - Could not locate PropertySource ([ConfigServerConfigDataResource@e8ea697 uris = array<String>['http://config-server:8888'], optional = true, profiles = 'default']): I/O error on GET request for "http://config-server:8888/msvc-sri/default": config-server
2026-08-25 21:47:25.874 [main] [] INFO  o.s.c.c.c.ConfigServerConfigDataLoader - Fetching config from server at : http://config-server:8888
2026-08-25 21:47:25.874 [main] [] INFO  o.s.c.c.c.ConfigServerConfigDataLoader - Exception on Url - http://config-server:8888:org.springframework.web.client.ResourceAccessException: I/O error on GET request for "http://config-server:8888/msvc-sri/local": config-server. Will be trying the next url if available
2026-08-25 21:47:25.874 [main] [] WARN  o.s.c.c.c.ConfigServerConfigDataLoader - Could not locate PropertySource ([ConfigServerConfigDataResource@45bf6f39 uris = array<String>['http://config-server:8888'], optional = true, profiles = 'local']): I/O error on GET request for "http://config-server:8888/msvc-sri/local": config-server
2026-08-25 21:47:25.874 [main] [] INFO  o.s.c.c.c.ConfigServerConfigDataLoader - Fetching config from server at : http://config-server:8888
2026-08-25 21:47:25.874 [main] [] INFO  o.s.c.c.c.ConfigServerConfigDataLoader - Exception on Url - http://config-server:8888:org.springframework.web.client.ResourceAccessException: I/O error on GET request for "http://config-server:8888/msvc-sri/default": config-server. Will be trying the next url if available
2026-08-25 21:47:25.875 [main] [] WARN  o.s.c.c.c.ConfigServerConfigDataLoader - Could not locate PropertySource ([ConfigServerConfigDataResource@6c42f2a1 uris = array<String>['http://config-server:8888'], optional = true, profiles = 'default']): I/O error on GET request for "http://config-server:8888/msvc-sri/default": config-server
2026-08-25 21:47:26.256 [main] [] INFO  o.s.d.r.c.RepositoryConfigurationDelegate - Bootstrapping Spring Data JPA repositories in DEFAULT mode.
2026-08-25 21:47:26.341 [main] [] INFO  o.s.d.r.c.RepositoryConfigurationDelegate - Finished Spring Data repository scanning in 80 ms. Found 8 JPA repository interfaces.
2026-08-25 21:47:26.460 [main] [] INFO  o.s.cloud.context.scope.GenericScope - BeanFactory id=b9341eb6-4c02-38fa-9d88-291f18bc8fa5
2026-08-25 21:47:26.658 [main] [] INFO  o.s.b.w.e.tomcat.TomcatWebServer - Tomcat initialized with port 9096 (http)
2026-08-25 21:47:26.665 [main] [] INFO  o.a.coyote.http11.Http11NioProtocol - Initializing ProtocolHandler ["http-nio-9096"]
2026-08-25 21:47:26.666 [main] [] INFO  o.a.catalina.core.StandardService - Starting service [Tomcat]
2026-08-25 21:47:26.666 [main] [] INFO  o.a.catalina.core.StandardEngine - Starting Servlet engine: [Apache Tomcat/10.1.34]
2026-08-25 21:47:26.710 [main] [] INFO  o.a.c.c.C.[Tomcat].[localhost].[/] - Initializing Spring embedded WebApplicationContext
2026-08-25 21:47:26.710 [main] [] INFO  o.s.b.w.s.c.ServletWebServerApplicationContext - Root WebApplicationContext: initialization completed in 835 ms
2026-08-25 21:47:26.746 [main] [] DEBUG c.e.sri_files.config.RateLimitFilter - Filter 'rateLimitFilter' configured for use
2026-08-25 21:47:26.747 [main] [] DEBUG c.e.sri_files.config.RequestIdFilter - Filter 'requestIdFilter' configured for use
2026-08-25 21:47:26.747 [main] [] DEBUG c.erp.sri_files.config.ApiKeyFilter - Filter 'apiKeyFilter' configured for use
2026-08-25 21:47:26.747 [main] [] DEBUG c.e.s.config.SecurityHeadersFilter - Filter 'securityHeadersFilter' configured for use
2026-08-25 21:47:26.962 [main] [] INFO  o.s.o.j.p.SpringPersistenceUnitInfo - No LoadTimeWeaver setup: ignoring JPA class transformer
2026-08-25 21:47:26.978 [main] [] INFO  com.zaxxer.hikari.HikariDataSource - HikariPool-1 - Starting...
2026-08-25 21:47:27.065 [main] [] INFO  com.zaxxer.hikari.pool.HikariPool - HikariPool-1 - Added connection org.postgresql.jdbc.PgConnection@2f3a0f37
2026-08-25 21:47:27.066 [main] [] INFO  com.zaxxer.hikari.HikariDataSource - HikariPool-1 - Start completed.
2026-08-25 21:47:27.088 [main] [] WARN  org.hibernate.orm.deprecation - HHH90000025: PostgreSQLDialect does not need to be specified explicitly using 'hibernate.dialect' (remove the property setting and it will be selected by default)
2026-08-25 21:47:27.703 [main] [] INFO  o.s.o.j.LocalContainerEntityManagerFactoryBean - Initialized JPA EntityManagerFactory for persistence unit 'default'
2026-08-25 21:47:27.847 [main] [] INFO  o.s.d.j.r.query.QueryEnhancerFactory - Hibernate is in classpath; If applicable, HQL parser will be used.
2026-08-25 21:47:29.011 [main] [] WARN  o.s.b.a.t.ThymeleafAutoConfiguration$DefaultTemplateResolverConfiguration - Cannot find template location: classpath:/templates/ (please add some templates, check your Thymeleaf configuration, or set spring.thymeleaf.check-template-location=false)
2026-08-25 21:47:29.106 [main] [] WARN  o.s.b.a.o.j.JpaBaseConfiguration$JpaWebConfiguration - spring.jpa.open-in-view is enabled by default. Therefore, database queries may be performed during view rendering. Explicitly configure spring.jpa.open-in-view to disable this warning
2026-08-25 21:47:30.338 [main] [] INFO  o.s.cloud.commons.util.InetUtils - Cannot determine local hostname
2026-08-25 21:47:30.344 [main] [] INFO  o.s.c.n.e.c.DiscoveryClientOptionalArgsConfiguration - Eureka HTTP Client uses RestTemplate.
2026-08-25 21:47:30.366 [main] [] WARN  o.s.c.l.c.LoadBalancerCacheAutoConfiguration$LoadBalancerCaffeineWarnLogger - Spring Cloud LoadBalancer is currently working with the default cache. While this cache implementation is useful for development and tests, it's recommended to use Caffeine cache in production.You can switch to using Caffeine cache, by adding it and org.springframework.cache.caffeine.CaffeineCacheManager to the classpath.
2026-08-25 21:47:30.374 [main] [] INFO  o.a.coyote.http11.Http11NioProtocol - Starting ProtocolHandler ["http-nio-9096"]
2026-08-25 21:47:30.384 [main] [] INFO  o.s.b.w.e.tomcat.TomcatWebServer - Tomcat started on port 9096 (http) with context path '/'
2026-08-25 21:47:31.403 [main] [] INFO  o.s.cloud.commons.util.InetUtils - Cannot determine local hostname
2026-08-25 21:47:31.411 [main] [] INFO  c.erp.sri_files.SriFilesApplication - Started SriFilesApplication in 15.505 seconds (process running for 15.876)
2026-08-25 21:47:47.732 [http-nio-9096-exec-1] [] INFO  o.a.c.c.C.[Tomcat].[localhost].[/] - Initializing Spring DispatcherServlet 'dispatcherServlet'
2026-08-25 21:47:47.732 [http-nio-9096-exec-1] [] INFO  o.s.web.servlet.DispatcherServlet - Initializing Servlet 'dispatcherServlet'
2026-08-25 21:47:47.734 [http-nio-9096-exec-1] [] INFO  o.s.web.servlet.DispatcherServlet - Completed initialization in 2 ms
2026-08-25 21:47:47.755 [http-nio-9096-exec-1] [d8c17001-651e-44ba-b4b3-5eb6d1e83693] DEBUG o.s.jdbc.datasource.DataSourceUtils - Setting JDBC Connection [HikariProxyConnection@1135097935 wrapping org.postgresql.jdbc.PgConnection@2f3a0f37] read-only
2026-08-25 21:47:47.801 [http-nio-9096-exec-1] [d8c17001-651e-44ba-b4b3-5eb6d1e83693] DEBUG o.s.jdbc.datasource.DataSourceUtils - Resetting read-only flag of JDBC Connection [HikariProxyConnection@1135097935 wrapping org.postgresql.jdbc.PgConnection@2f3a0f37]
2026-08-25 21:48:00.001 [sri-files-scheduler-4] [] INFO  c.e.s.s.NuevoDocumentoScheduler - [SCHEDULER][V1] INICIO envío pendientes @ 2026-08-25T21:48:00.001744400
2026-08-25 21:48:00.038 [sri-files-scheduler-4] [] INFO  c.e.s.s.NuevoDocumentoScheduler - [SCHEDULER][V1] FIN envío | detectados=0 | exitosos=0 | fallidos=0 | duracionMs=37
2026-08-25 21:48:00.039 [sri-files-scheduler-4] [] INFO  c.e.s.services.EnvioSriBatchService - [SCHEDULER][sri-files-scheduler-4] INICIO automatizacionEnvioFacturasElectonicas @ 2026-08-25T21:48:00.039054500
2026-08-25 21:48:00.039 [sri-files-scheduler-4] [] INFO  c.e.s.services.EnvioSriBatchService - Ejecutando envio de facturas at=2026-08-25T21:48:00.039054500
2026-08-25 21:48:00.068 [sri-files-scheduler-2] [] INFO  c.e.s.batch.BatchJobScheduler - Batch automático ejecutado: tipo=ENVIAR_SRI uuid=e84dd2c6-68ad-4d08-9334-55c2cd017481
2026-08-25 21:48:00.068 [sri-files-scheduler-3] [] INFO  c.e.s.batch.BatchJobScheduler - Batch automático ejecutado: tipo=CONSULTAR_AUTORIZACION uuid=949b44cf-998c-4078-a209-08a7e3b5926a
2026-08-25 21:48:00.068 [sri-files-scheduler-1] [] INFO  c.e.s.batch.BatchJobScheduler - Batch automático ejecutado: tipo=ENVIAR_CORREO uuid=22128bcb-a693-4351-8672-c036babf82fa
2026-08-25 21:48:00.075 [task-3] [949b44cf-998c-4078-a209-08a7e3b5926a] INFO  c.e.s.batch.BatchProcessorService - Iniciando batch job 949b44cf-998c-4078-a209-08a7e3b5926a tipo=CONSULTAR_AUTORIZACION [batchJob=949b44cf-998c-4078-a209-08a7e3b5926a]
2026-08-25 21:48:00.075 [task-2] [22128bcb-a693-4351-8672-c036babf82fa] INFO  c.e.s.batch.BatchProcessorService - Iniciando batch job 22128bcb-a693-4351-8672-c036babf82fa tipo=ENVIAR_CORREO [batchJob=22128bcb-a693-4351-8672-c036babf82fa]
2026-08-25 21:48:00.075 [task-1] [e84dd2c6-68ad-4d08-9334-55c2cd017481] INFO  c.e.s.batch.BatchProcessorService - Iniciando batch job e84dd2c6-68ad-4d08-9334-55c2cd017481 tipo=ENVIAR_SRI [batchJob=e84dd2c6-68ad-4d08-9334-55c2cd017481]
2026-08-25 21:48:00.086 [task-1] [e84dd2c6-68ad-4d08-9334-55c2cd017481] INFO  c.e.s.batch.BatchProcessorService - Documentos encontrados: 0 [batchJob=e84dd2c6-68ad-4d08-9334-55c2cd017481]
2026-08-25 21:48:00.086 [task-1] [e84dd2c6-68ad-4d08-9334-55c2cd017481] INFO  c.e.s.batch.BatchProcessorService - Batch job e84dd2c6-68ad-4d08-9334-55c2cd017481 completado: Procesados: 0, Exitosos: 0, Fallidos: 0 [batchJob=e84dd2c6-68ad-4d08-9334-55c2cd017481]
2026-08-25 21:48:00.088 [task-3] [949b44cf-998c-4078-a209-08a7e3b5926a] INFO  c.e.s.batch.BatchProcessorService - Documentos encontrados: 0 [batchJob=949b44cf-998c-4078-a209-08a7e3b5926a]
2026-08-25 21:48:00.088 [task-3] [949b44cf-998c-4078-a209-08a7e3b5926a] INFO  c.e.s.batch.BatchProcessorService - Batch job 949b44cf-998c-4078-a209-08a7e3b5926a completado: Procesados: 0, Exitosos: 0, Fallidos: 0 [batchJob=949b44cf-998c-4078-a209-08a7e3b5926a]
2026-08-25 21:48:00.090 [task-2] [22128bcb-a693-4351-8672-c036babf82fa] INFO  c.e.s.batch.BatchProcessorService - Documentos encontrados: 0 [batchJob=22128bcb-a693-4351-8672-c036babf82fa]
2026-08-25 21:48:00.091 [task-2] [22128bcb-a693-4351-8672-c036babf82fa] INFO  c.e.s.batch.BatchProcessorService - Batch job 22128bcb-a693-4351-8672-c036babf82fa completado: Procesados: 0, Exitosos: 0, Fallidos: 0 [batchJob=22128bcb-a693-4351-8672-c036babf82fa]
2026-08-25 21:48:01.448 [sri-files-scheduler-4] [] INFO  c.e.s.services.EnvioSriBatchService - No hay facturas pendientes estado=I
2026-08-25 21:48:01.448 [sri-files-scheduler-4] [] INFO  c.e.s.services.EnvioSriBatchService - [SCHEDULER][sri-files-scheduler-4] FIN automatizacionEnvioFacturasElectonicas | detectados=0 | exitosas=0 | fallidas=0 | duracionMs=1409
2026-08-25 21:48:30.009 [sri-files-scheduler-2] [] INFO  c.e.s.s.NuevoDocumentoScheduler - [SCHEDULER][V1] INICIO recuperación autorizaciones @ 2026-08-25T21:48:30.009295200
2026-08-25 21:48:30.009 [sri-files-scheduler-3] [] INFO  c.e.s.services.EnvioSriBatchService - [SCHEDULER][sri-files-scheduler-3] INICIO automatizacionConsultarXml @ 2026-08-25T21:48:30.009295200
2026-08-25 21:48:30.011 [sri-files-scheduler-3] [] INFO  c.e.s.services.EnvioSriBatchService - Iniciando consulta de XML pendientes
2026-08-25 21:48:30.014 [sri-files-scheduler-2] [] INFO  c.e.s.s.NuevoDocumentoScheduler - [SCHEDULER][V1] FIN recuperación | detectados=0 | autorizados=0 | pendientes=0 | duracionMs=5
2026-08-25 21:48:35.153 [http-nio-9096-exec-6] [26ce150e-14c2-4b05-9eed-89b85d69278a] DEBUG o.s.jdbc.datasource.DataSourceUtils - Setting JDBC Connection [HikariProxyConnection@892312437 wrapping org.postgresql.jdbc.PgConnection@2f3a0f37] read-only
2026-08-25 21:48:35.157 [http-nio-9096-exec-6] [26ce150e-14c2-4b05-9eed-89b85d69278a] DEBUG o.s.jdbc.datasource.DataSourceUtils - Resetting read-only flag of JDBC Connection [HikariProxyConnection@892312437 wrapping org.postgresql.jdbc.PgConnection@2f3a0f37]
2026-08-25 21:48:35.204 [http-nio-9096-exec-3] [b92bff5b-e4f8-4ba5-ab72-ffd16d15d304] DEBUG o.s.jdbc.datasource.DataSourceUtils - Setting JDBC Connection [HikariProxyConnection@1686524583 wrapping org.postgresql.jdbc.PgConnection@2f3a0f37] read-only
2026-08-25 21:48:35.342 [http-nio-9096-exec-3] [b92bff5b-e4f8-4ba5-ab72-ffd16d15d304] DEBUG o.s.jdbc.datasource.DataSourceUtils - Resetting read-only flag of JDBC Connection [HikariProxyConnection@1686524583 wrapping org.postgresql.jdbc.PgConnection@2f3a0f37]
2026-08-25 21:48:35.460 [http-nio-9096-exec-7] [ff08164c-cd89-4f8b-bd75-a113d0911ce8] INFO  c.e.s.c.PlantillaController - Plantilla creada: test_crud.jrxml
2026-08-25 21:48:35.486 [http-nio-9096-exec-3] [810844fc-7104-43a0-9bcd-5c573d5c2b32] INFO  c.e.s.c.PlantillaController - Plantilla eliminada: test_crud.jrxml
2026-08-25 21:48:41.143 [http-nio-9096-exec-2] [d9687c76-2228-4a39-96e8-f9eb53a6dd3a] INFO  c.e.s.c.DocumentoController - Documento detectado: FACTURA [requestId=d9687c76-2228-4a39-96e8-f9eb53a6dd3a]
2026-08-25 21:48:41.145 [http-nio-9096-exec-2] [b571da5e-5f07-4c73-bbb5-6ab9e0bf5cca] INFO  c.e.s.s.DocumentoProcessManager - Recibiendo documento FACTURA externalId=null [requestId=b571da5e-5f07-4c73-bbb5-6ab9e0bf5cca]
2026-08-25 21:48:41.150 [http-nio-9096-exec-2] [b571da5e-5f07-4c73-bbb5-6ab9e0bf5cca] INFO  c.e.s.s.DocumentoProcessManager - Documento guardado: id=2 uuid=40949d9a-b102-4f5d-ba38-2d17ae4f247f [requestId=b571da5e-5f07-4c73-bbb5-6ab9e0bf5cca]
2026-08-25 21:49:00.003 [sri-files-scheduler-1] [] INFO  c.e.s.s.NuevoDocumentoScheduler - [SCHEDULER][V1] INICIO envío pendientes @ 2026-08-25T21:49:00.003624800
2026-08-25 21:49:00.004 [sri-files-scheduler-4] [] INFO  c.e.s.services.EnvioSriBatchService - [SCHEDULER][sri-files-scheduler-4] INICIO automatizacionEnvioFacturasElectonicas @ 2026-08-25T21:49:00.004781100
2026-08-25 21:49:00.005 [sri-files-scheduler-4] [] INFO  c.e.s.services.EnvioSriBatchService - Ejecutando envio de facturas at=2026-08-25T21:49:00.005286800
2026-08-25 21:49:00.007 [sri-files-scheduler-1] [] INFO  c.e.s.s.NuevoDocumentoScheduler - [SCHEDULER][V1] FIN envío | detectados=0 | exitosos=0 | fallidos=0 | duracionMs=4
2026-08-25 21:49:01.317 [sri-files-scheduler-4] [] INFO  c.e.s.services.EnvioSriBatchService - No hay facturas pendientes estado=I
2026-08-25 21:49:01.317 [sri-files-scheduler-4] [] INFO  c.e.s.services.EnvioSriBatchService - [SCHEDULER][sri-files-scheduler-4] FIN automatizacionEnvioFacturasElectonicas | detectados=0 | exitosas=0 | fallidas=0 | duracionMs=1313
2026-08-25 21:49:30.480 [http-nio-9096-exec-4] [71e70c61-669b-4a8b-b1c6-234af977b8bd] INFO  c.e.s.c.DocumentoController - Documento detectado: FACTURA [requestId=71e70c61-669b-4a8b-b1c6-234af977b8bd]
2026-08-25 21:49:30.481 [http-nio-9096-exec-4] [997d497f-0fe4-4b2b-b550-8435da990ffc] INFO  c.e.s.s.DocumentoProcessManager - Recibiendo documento FACTURA externalId=null [requestId=997d497f-0fe4-4b2b-b550-8435da990ffc]
2026-08-25 21:49:30.482 [http-nio-9096-exec-4] [997d497f-0fe4-4b2b-b550-8435da990ffc] INFO  c.e.s.s.DocumentoProcessManager - Documento guardado: id=3 uuid=a33a5191-c0cd-42b5-96d8-e70206b09ce9 [requestId=997d497f-0fe4-4b2b-b550-8435da990ffc]
2026-08-25 21:50:00.000 [sri-files-scheduler-2] [] INFO  c.e.s.services.EnvioSriBatchService - [SCHEDULER][sri-files-scheduler-2] INICIO automatizacionEnvioFacturasElectonicas @ 2026-08-25T21:50:00.000343100
2026-08-25 21:50:00.001 [sri-files-scheduler-2] [] INFO  c.e.s.services.EnvioSriBatchService - Ejecutando envio de facturas at=2026-08-25T21:50:00.001342200
2026-08-25 21:50:00.004 [sri-files-scheduler-4] [] INFO  c.e.s.s.RecuperarDevueltasScheduler - [SCHEDULER] INICIO recuperación facturas estado M @ 2026-08-25T21:50:00.004340400
2026-08-25 21:50:00.007 [sri-files-scheduler-1] [] INFO  c.e.s.batch.BatchJobScheduler - Batch automático ejecutado: tipo=REINTENTAR_FALLIDOS uuid=216fadce-59ad-4b93-b840-df6500e722ff
2026-08-25 21:50:00.008 [task-4] [216fadce-59ad-4b93-b840-df6500e722ff] INFO  c.e.s.batch.BatchProcessorService - Iniciando batch job 216fadce-59ad-4b93-b840-df6500e722ff tipo=REINTENTAR_FALLIDOS [batchJob=216fadce-59ad-4b93-b840-df6500e722ff]
2026-08-25 21:50:00.011 [sri-files-scheduler-4] [] INFO  c.erp.sri_files.services.SriGateway - Consultando autorización SRI: 0402202601046002881000120010110001801007801811211 [requestId=null]
2026-08-25 21:50:00.012 [task-4] [216fadce-59ad-4b93-b840-df6500e722ff] INFO  c.e.s.batch.BatchProcessorService - Documentos encontrados: 0 [batchJob=216fadce-59ad-4b93-b840-df6500e722ff]
2026-08-25 21:50:00.012 [task-4] [216fadce-59ad-4b93-b840-df6500e722ff] INFO  c.e.s.batch.BatchProcessorService - Batch job 216fadce-59ad-4b93-b840-df6500e722ff completado: Procesados: 0, Exitosos: 0, Fallidos: 0 [batchJob=216fadce-59ad-4b93-b840-df6500e722ff]
2026-08-25 21:50:00.031 [sri-files-scheduler-1] [] INFO  c.e.s.batch.BatchJobScheduler - Batch automático ejecutado: tipo=ENVIAR_SRI uuid=508aa62e-fed6-4c8d-bd17-3caabe197d55
2026-08-25 21:50:00.032 [sri-files-scheduler-1] [] INFO  c.e.s.s.NuevoDocumentoScheduler - [SCHEDULER][V1] INICIO envío pendientes @ 2026-08-25T21:50:00.032407900
2026-08-25 21:50:00.033 [task-5] [508aa62e-fed6-4c8d-bd17-3caabe197d55] INFO  c.e.s.batch.BatchProcessorService - Iniciando batch job 508aa62e-fed6-4c8d-bd17-3caabe197d55 tipo=ENVIAR_SRI [batchJob=508aa62e-fed6-4c8d-bd17-3caabe197d55]
2026-08-25 21:50:00.034 [task-5] [508aa62e-fed6-4c8d-bd17-3caabe197d55] INFO  c.e.s.batch.BatchProcessorService - Documentos encontrados: 0 [batchJob=508aa62e-fed6-4c8d-bd17-3caabe197d55]
2026-08-25 21:50:00.035 [task-5] [508aa62e-fed6-4c8d-bd17-3caabe197d55] INFO  c.e.s.batch.BatchProcessorService - Batch job 508aa62e-fed6-4c8d-bd17-3caabe197d55 completado: Procesados: 0, Exitosos: 0, Fallidos: 0 [batchJob=508aa62e-fed6-4c8d-bd17-3caabe197d55]
2026-08-25 21:50:00.036 [sri-files-scheduler-1] [] INFO  c.e.s.s.NuevoDocumentoScheduler - [SCHEDULER][V1] FIN envío | detectados=0 | exitosos=0 | fallidos=0 | duracionMs=4
2026-08-25 21:50:00.138 [sri-files-scheduler-4] [] WARN  c.erp.sri_files.services.SriGateway - Comprobante NO AUTORIZADO: estado=NO AUTORIZADO
2026-08-25 21:50:00.716 [sri-files-scheduler-4] [] INFO  c.erp.sri_files.services.SriGateway - Consultando autorización SRI: 1803202601046002881000120020180003334834148871315 [requestId=null]
2026-08-25 21:50:01.387 [sri-files-scheduler-2] [] INFO  c.e.s.services.EnvioSriBatchService - No hay facturas pendientes estado=I
2026-08-25 21:50:01.388 [sri-files-scheduler-2] [] INFO  c.e.s.services.EnvioSriBatchService - [SCHEDULER][sri-files-scheduler-2] FIN automatizacionEnvioFacturasElectonicas | detectados=0 | exitosas=0 | fallidas=0 | duracionMs=1388
2026-08-25 21:50:01.946 [sri-files-scheduler-4] [] INFO  c.erp.sri_files.services.SriGateway - Consultando autorización SRI: 0707202601046002881000120020180003453319122478610 [requestId=null]
2026-08-25 21:50:03.203 [sri-files-scheduler-4] [] INFO  c.erp.sri_files.services.SriGateway - Consultando autorización SRI: 3006202601046002881000120020180003446435996697415 [requestId=null]
2026-08-25 21:50:04.194 [sri-files-scheduler-4] [] INFO  c.erp.sri_files.services.SriGateway - Consultando autorización SRI: 3006202601046002881000120020180003446449840524414 [requestId=null]
2026-08-25 21:50:05.136 [sri-files-scheduler-4] [] INFO  c.erp.sri_files.services.SriGateway - Consultando autorización SRI: 2511202501046002881000120020180003236186262015417 [requestId=null]
2026-08-25 21:50:06.273 [sri-files-scheduler-4] [] INFO  c.erp.sri_files.services.SriGateway - Consultando autorización SRI: 1512202501046002881000120020180003259558447927212 [requestId=null]
2026-08-25 21:50:07.586 [sri-files-scheduler-4] [] INFO  c.erp.sri_files.services.SriGateway - Consultando autorización SRI: 1512202501046002881000120020180003259561486507213 [requestId=null]
2026-08-25 21:50:08.612 [sri-files-scheduler-4] [] INFO  c.erp.sri_files.services.SriGateway - Consultando autorización SRI: 1901202601046002881000120020390000000975707070619 [requestId=null]
2026-08-25 21:50:09.717 [sri-files-scheduler-4] [] INFO  c.erp.sri_files.services.SriGateway - Consultando autorización SRI: 1901202601046002881000120020390000000985491813013 [requestId=null]
2026-08-25 21:50:10.594 [sri-files-scheduler-4] [] INFO  c.erp.sri_files.services.SriGateway - Consultando autorización SRI: 2402202601046002881000120020180003308941834880614 [requestId=null]
2026-08-25 21:50:11.645 [sri-files-scheduler-4] [] INFO  c.erp.sri_files.services.SriGateway - Consultando autorización SRI: 2402202601046002881000120020180003308953168434211 [requestId=null]
2026-08-25 21:50:12.561 [sri-files-scheduler-4] [] INFO  c.erp.sri_files.services.SriGateway - Consultando autorización SRI: 2303202601046002881000120020180003339695799320111 [requestId=null]
2026-08-25 21:50:13.524 [sri-files-scheduler-4] [] INFO  c.erp.sri_files.services.SriGateway - Consultando autorización SRI: 2303202601046002881000120020180003339702845290717 [requestId=null]
2026-08-25 21:50:14.395 [sri-files-scheduler-4] [] INFO  c.erp.sri_files.services.SriGateway - Consultando autorización SRI: 3103202601046002881000120020180003347568332452115 [requestId=null]
2026-08-25 21:50:15.406 [sri-files-scheduler-4] [] INFO  c.erp.sri_files.services.SriGateway - Consultando autorización SRI: 3103202601046002881000120020180003347579695942817 [requestId=null]
2026-08-25 21:50:16.237 [sri-files-scheduler-4] [] INFO  c.erp.sri_files.services.SriGateway - Consultando autorización SRI: 1304202601046002881000120020180003362416429019711 [requestId=null]
2026-08-25 21:50:17.240 [sri-files-scheduler-4] [] INFO  c.erp.sri_files.services.SriGateway - Consultando autorización SRI: 1304202601046002881000120020180003362426099545318 [requestId=null]
2026-08-25 21:50:18.042 [sri-files-scheduler-4] [] INFO  c.erp.sri_files.services.SriGateway - Consultando autorización SRI: 0505202601046002881000120020180003378897236678813 [requestId=null]
2026-08-25 21:50:19.009 [sri-files-scheduler-4] [] INFO  c.erp.sri_files.services.SriGateway - Consultando autorización SRI: 0505202601046002881000120020180003378908044154413 [requestId=null]
2026-08-25 21:50:19.915 [sri-files-scheduler-4] [] INFO  c.e.s.s.RecuperarDevueltasScheduler - [SCHEDULER] FIN recuperación devueltas | detectadas=20 | recuperadas=0 | pendientes=20 | fallidas=0 | duracionMs=19911
2026-08-25 21:51:00.000 [sri-files-scheduler-1] [] INFO  c.e.s.s.NuevoDocumentoScheduler - [SCHEDULER][V1] INICIO envío pendientes @ 2026-08-25T21:51:00.000284600
2026-08-25 21:51:00.001 [sri-files-scheduler-4] [] INFO  c.e.s.services.EnvioSriBatchService - [SCHEDULER][sri-files-scheduler-4] INICIO automatizacionEnvioFacturasElectonicas @ 2026-08-25T21:51:00.001790100
2026-08-25 21:51:00.001 [sri-files-scheduler-4] [] INFO  c.e.s.services.EnvioSriBatchService - Ejecutando envio de facturas at=2026-08-25T21:51:00.001790100
2026-08-25 21:51:00.003 [sri-files-scheduler-1] [] INFO  c.e.s.s.NuevoDocumentoScheduler - [SCHEDULER][V1] FIN envío | detectados=0 | exitosos=0 | fallidos=0 | duracionMs=3
2026-08-25 21:51:00.004 [sri-files-scheduler-2] [] INFO  c.e.s.batch.BatchJobScheduler - Batch automático ejecutado: tipo=CONSULTAR_AUTORIZACION uuid=bf4ad50c-d1be-42fe-92c6-20f1d44beda0
2026-08-25 21:51:00.006 [task-6] [bf4ad50c-d1be-42fe-92c6-20f1d44beda0] INFO  c.e.s.batch.BatchProcessorService - Iniciando batch job bf4ad50c-d1be-42fe-92c6-20f1d44beda0 tipo=CONSULTAR_AUTORIZACION [batchJob=bf4ad50c-d1be-42fe-92c6-20f1d44beda0]
2026-08-25 21:51:00.008 [task-6] [bf4ad50c-d1be-42fe-92c6-20f1d44beda0] INFO  c.e.s.batch.BatchProcessorService - Documentos encontrados: 0 [batchJob=bf4ad50c-d1be-42fe-92c6-20f1d44beda0]
2026-08-25 21:51:00.009 [task-6] [bf4ad50c-d1be-42fe-92c6-20f1d44beda0] INFO  c.e.s.batch.BatchProcessorService - Batch job bf4ad50c-d1be-42fe-92c6-20f1d44beda0 completado: Procesados: 0, Exitosos: 0, Fallidos: 0 [batchJob=bf4ad50c-d1be-42fe-92c6-20f1d44beda0]
2026-08-25 21:51:01.235 [sri-files-scheduler-4] [] INFO  c.e.s.services.EnvioSriBatchService - No hay facturas pendientes estado=I
2026-08-25 21:51:01.236 [sri-files-scheduler-4] [] INFO  c.e.s.services.EnvioSriBatchService - [SCHEDULER][sri-files-scheduler-4] FIN automatizacionEnvioFacturasElectonicas | detectados=0 | exitosas=0 | fallidas=0 | duracionMs=1235
2026-08-25 21:51:30.001 [sri-files-scheduler-1] [] INFO  c.e.s.s.NuevoDocumentoScheduler - [SCHEDULER][V1] INICIO recuperación autorizaciones @ 2026-08-25T21:51:30.001438400
2026-08-25 21:51:30.003 [sri-files-scheduler-1] [] INFO  c.e.s.s.NuevoDocumentoScheduler - [SCHEDULER][V1] FIN recuperación | detectados=0 | autorizados=0 | pendientes=0 | duracionMs=2
2026-08-25 21:52:00.001 [sri-files-scheduler-2] [] INFO  c.e.s.s.NuevoDocumentoScheduler - [SCHEDULER][V1] INICIO envío pendientes @ 2026-08-25T21:52:00.001163
2026-08-25 21:52:00.001 [sri-files-scheduler-4] [] INFO  c.e.s.services.EnvioSriBatchService - [SCHEDULER][sri-files-scheduler-4] INICIO automatizacionEnvioFacturasElectonicas @ 2026-08-25T21:52:00.001163
2026-08-25 21:52:00.002 [sri-files-scheduler-4] [] INFO  c.e.s.services.EnvioSriBatchService - Ejecutando envio de facturas at=2026-08-25T21:52:00.002424500
2026-08-25 21:52:00.003 [sri-files-scheduler-2] [] INFO  c.e.s.s.NuevoDocumentoScheduler - [SCHEDULER][V1] FIN envío | detectados=0 | exitosos=0 | fallidos=0 | duracionMs=2
2026-08-25 21:52:00.008 [sri-files-scheduler-1] [] INFO  c.e.s.batch.BatchJobScheduler - Batch automático ejecutado: tipo=ENVIAR_CORREO uuid=59b69ef4-9724-4ffd-8bb3-496dd5248bbe
2026-08-25 21:52:00.008 [sri-files-scheduler-2] [] INFO  c.e.s.batch.BatchJobScheduler - Batch automático ejecutado: tipo=ENVIAR_SRI uuid=e0718e7f-153f-49d8-82df-9a1d5e7e44ad
2026-08-25 21:52:00.008 [task-7] [59b69ef4-9724-4ffd-8bb3-496dd5248bbe] INFO  c.e.s.batch.BatchProcessorService - Iniciando batch job 59b69ef4-9724-4ffd-8bb3-496dd5248bbe tipo=ENVIAR_CORREO [batchJob=59b69ef4-9724-4ffd-8bb3-496dd5248bbe]
2026-08-25 21:52:00.008 [task-8] [e0718e7f-153f-49d8-82df-9a1d5e7e44ad] INFO  c.e.s.batch.BatchProcessorService - Iniciando batch job e0718e7f-153f-49d8-82df-9a1d5e7e44ad tipo=ENVIAR_SRI [batchJob=e0718e7f-153f-49d8-82df-9a1d5e7e44ad]
2026-08-25 21:52:00.010 [task-8] [e0718e7f-153f-49d8-82df-9a1d5e7e44ad] INFO  c.e.s.batch.BatchProcessorService - Documentos encontrados: 0 [batchJob=e0718e7f-153f-49d8-82df-9a1d5e7e44ad]
2026-08-25 21:52:00.010 [task-7] [59b69ef4-9724-4ffd-8bb3-496dd5248bbe] INFO  c.e.s.batch.BatchProcessorService - Documentos encontrados: 0 [batchJob=59b69ef4-9724-4ffd-8bb3-496dd5248bbe]
2026-08-25 21:52:00.010 [task-8] [e0718e7f-153f-49d8-82df-9a1d5e7e44ad] INFO  c.e.s.batch.BatchProcessorService - Batch job e0718e7f-153f-49d8-82df-9a1d5e7e44ad completado: Procesados: 0, Exitosos: 0, Fallidos: 0 [batchJob=e0718e7f-153f-49d8-82df-9a1d5e7e44ad]
2026-08-25 21:52:00.011 [task-7] [59b69ef4-9724-4ffd-8bb3-496dd5248bbe] INFO  c.e.s.batch.BatchProcessorService - Batch job 59b69ef4-9724-4ffd-8bb3-496dd5248bbe completado: Procesados: 0, Exitosos: 0, Fallidos: 0 [batchJob=59b69ef4-9724-4ffd-8bb3-496dd5248bbe]
2026-08-25 21:52:01.315 [sri-files-scheduler-4] [] INFO  c.e.s.services.EnvioSriBatchService - No hay facturas pendientes estado=I
2026-08-25 21:52:01.316 [sri-files-scheduler-4] [] INFO  c.e.s.services.EnvioSriBatchService - [SCHEDULER][sri-files-scheduler-4] FIN automatizacionEnvioFacturasElectonicas | detectados=0 | exitosas=0 | fallidas=0 | duracionMs=1315
2026-08-25 21:53:00.000 [sri-files-scheduler-2] [] INFO  c.e.s.s.NuevoDocumentoScheduler - [SCHEDULER][V1] INICIO envío pendientes @ 2026-08-25T21:53:00.000700100
2026-08-25 21:53:00.000 [sri-files-scheduler-4] [] INFO  c.e.s.services.EnvioSriBatchService - [SCHEDULER][sri-files-scheduler-4] INICIO automatizacionEnvioFacturasElectonicas @ 2026-08-25T21:53:00.000700100
2026-08-25 21:53:00.000 [sri-files-scheduler-4] [] INFO  c.e.s.services.EnvioSriBatchService - Ejecutando envio de facturas at=2026-08-25T21:53:00.000700100
2026-08-25 21:53:00.002 [sri-files-scheduler-2] [] INFO  c.e.s.s.NuevoDocumentoScheduler - [SCHEDULER][V1] FIN envío | detectados=0 | exitosos=0 | fallidos=0 | duracionMs=2
2026-08-25 21:53:01.311 [sri-files-scheduler-4] [] INFO  c.e.s.services.EnvioSriBatchService - No hay facturas pendientes estado=I
2026-08-25 21:53:01.312 [sri-files-scheduler-4] [] INFO  c.e.s.services.EnvioSriBatchService - [SCHEDULER][sri-files-scheduler-4] FIN automatizacionEnvioFacturasElectonicas | detectados=0 | exitosas=0 | fallidas=0 | duracionMs=1312
2026-08-25 21:54:04.496 [main] [] INFO  o.s.c.c.c.ConfigServicePropertySourceLocator - Fetching config from server at : http://localhost:8888
2026-08-25 21:54:04.501 [main] [] INFO  o.s.c.c.c.ConfigServicePropertySourceLocator - Exception on Url - http://localhost:8888:org.springframework.web.client.ResourceAccessException: I/O error on GET request for "http://localhost:8888/msvc-sri/default": Connection refused: getsockopt. Will be trying the next url if available
2026-08-25 21:54:04.503 [main] [] WARN  o.s.c.c.c.ConfigServicePropertySourceLocator - Could not locate PropertySource: I/O error on GET request for "http://localhost:8888/msvc-sri/default": Connection refused: getsockopt
2026-08-25 21:54:04.505 [main] [] INFO  c.erp.sri_files.SriFilesApplication - The following 1 profile is active: "local"
2026-08-25 21:54:04.513 [main] [] INFO  o.s.c.c.c.ConfigServerConfigDataLoader - Fetching config from server at : http://config-server:8888
2026-08-25 21:54:04.513 [main] [] INFO  o.s.c.c.c.ConfigServerConfigDataLoader - Exception on Url - http://config-server:8888:org.springframework.web.client.ResourceAccessException: I/O error on GET request for "http://config-server:8888/msvc-sri/default": config-server. Will be trying the next url if available
2026-08-25 21:54:04.513 [main] [] WARN  o.s.c.c.c.ConfigServerConfigDataLoader - Could not locate PropertySource ([ConfigServerConfigDataResource@e8ea697 uris = array<String>['http://config-server:8888'], optional = true, profiles = 'default']): I/O error on GET request for "http://config-server:8888/msvc-sri/default": config-server
2026-08-25 21:54:04.513 [main] [] INFO  o.s.c.c.c.ConfigServerConfigDataLoader - Fetching config from server at : http://config-server:8888
2026-08-25 21:54:04.513 [main] [] INFO  o.s.c.c.c.ConfigServerConfigDataLoader - Exception on Url - http://config-server:8888:org.springframework.web.client.ResourceAccessException: I/O error on GET request for "http://config-server:8888/msvc-sri/local": config-server. Will be trying the next url if available
2026-08-25 21:54:04.513 [main] [] WARN  o.s.c.c.c.ConfigServerConfigDataLoader - Could not locate PropertySource ([ConfigServerConfigDataResource@45bf6f39 uris = array<String>['http://config-server:8888'], optional = true, profiles = 'local']): I/O error on GET request for "http://config-server:8888/msvc-sri/local": config-server
2026-08-25 21:54:04.513 [main] [] INFO  o.s.c.c.c.ConfigServerConfigDataLoader - Fetching config from server at : http://config-server:8888
2026-08-25 21:54:04.513 [main] [] INFO  o.s.c.c.c.ConfigServerConfigDataLoader - Exception on Url - http://config-server:8888:org.springframework.web.client.ResourceAccessException: I/O error on GET request for "http://config-server:8888/msvc-sri/default": config-server. Will be trying the next url if available
2026-08-25 21:54:04.513 [main] [] WARN  o.s.c.c.c.ConfigServerConfigDataLoader - Could not locate PropertySource ([ConfigServerConfigDataResource@6c42f2a1 uris = array<String>['http://config-server:8888'], optional = true, profiles = 'default']): I/O error on GET request for "http://config-server:8888/msvc-sri/default": config-server
2026-08-25 21:54:04.983 [main] [] INFO  o.s.d.r.c.RepositoryConfigurationDelegate - Bootstrapping Spring Data JPA repositories in DEFAULT mode.
2026-08-25 21:54:05.084 [main] [] INFO  o.s.d.r.c.RepositoryConfigurationDelegate - Finished Spring Data repository scanning in 94 ms. Found 8 JPA repository interfaces.
2026-08-25 21:54:05.235 [main] [] INFO  o.s.cloud.context.scope.GenericScope - BeanFactory id=289516e3-20e9-3398-b6a2-f65776d49d6e
2026-08-25 21:54:05.487 [main] [] INFO  o.s.b.w.e.tomcat.TomcatWebServer - Tomcat initialized with port 9096 (http)
2026-08-25 21:54:05.496 [main] [] INFO  o.a.coyote.http11.Http11NioProtocol - Initializing ProtocolHandler ["http-nio-9096"]
2026-08-25 21:54:05.497 [main] [] INFO  o.a.catalina.core.StandardService - Starting service [Tomcat]
2026-08-25 21:54:05.498 [main] [] INFO  o.a.catalina.core.StandardEngine - Starting Servlet engine: [Apache Tomcat/10.1.34]
2026-08-25 21:54:05.549 [main] [] INFO  o.a.c.c.C.[Tomcat].[localhost].[/] - Initializing Spring embedded WebApplicationContext
2026-08-25 21:54:05.550 [main] [] INFO  o.s.b.w.s.c.ServletWebServerApplicationContext - Root WebApplicationContext: initialization completed in 1036 ms
2026-08-25 21:54:05.599 [main] [] DEBUG c.e.sri_files.config.RateLimitFilter - Filter 'rateLimitFilter' configured for use
2026-08-25 21:54:05.599 [main] [] DEBUG c.e.sri_files.config.RequestIdFilter - Filter 'requestIdFilter' configured for use
2026-08-25 21:54:05.600 [main] [] DEBUG c.erp.sri_files.config.ApiKeyFilter - Filter 'apiKeyFilter' configured for use
2026-08-25 21:54:05.600 [main] [] DEBUG c.e.s.config.SecurityHeadersFilter - Filter 'securityHeadersFilter' configured for use
2026-08-25 21:54:05.907 [main] [] INFO  o.s.o.j.p.SpringPersistenceUnitInfo - No LoadTimeWeaver setup: ignoring JPA class transformer
2026-08-25 21:54:05.925 [main] [] INFO  com.zaxxer.hikari.HikariDataSource - HikariPool-1 - Starting...
2026-08-25 21:54:06.035 [main] [] INFO  com.zaxxer.hikari.pool.HikariPool - HikariPool-1 - Added connection org.postgresql.jdbc.PgConnection@7187078a
2026-08-25 21:54:06.036 [main] [] INFO  com.zaxxer.hikari.HikariDataSource - HikariPool-1 - Start completed.
2026-08-25 21:54:06.065 [main] [] WARN  org.hibernate.orm.deprecation - HHH90000025: PostgreSQLDialect does not need to be specified explicitly using 'hibernate.dialect' (remove the property setting and it will be selected by default)
2026-08-25 21:54:06.851 [main] [] INFO  o.s.o.j.LocalContainerEntityManagerFactoryBean - Initialized JPA EntityManagerFactory for persistence unit 'default'
2026-08-25 21:54:06.990 [main] [] INFO  o.s.d.j.r.query.QueryEnhancerFactory - Hibernate is in classpath; If applicable, HQL parser will be used.
2026-08-25 21:54:08.385 [main] [] WARN  o.s.b.a.t.ThymeleafAutoConfiguration$DefaultTemplateResolverConfiguration - Cannot find template location: classpath:/templates/ (please add some templates, check your Thymeleaf configuration, or set spring.thymeleaf.check-template-location=false)
2026-08-25 21:54:08.506 [main] [] WARN  o.s.b.a.o.j.JpaBaseConfiguration$JpaWebConfiguration - spring.jpa.open-in-view is enabled by default. Therefore, database queries may be performed during view rendering. Explicitly configure spring.jpa.open-in-view to disable this warning
2026-08-25 21:54:09.795 [main] [] INFO  o.s.cloud.commons.util.InetUtils - Cannot determine local hostname
2026-08-25 21:54:09.802 [main] [] INFO  o.s.c.n.e.c.DiscoveryClientOptionalArgsConfiguration - Eureka HTTP Client uses RestTemplate.
2026-08-25 21:54:09.831 [main] [] WARN  o.s.c.l.c.LoadBalancerCacheAutoConfiguration$LoadBalancerCaffeineWarnLogger - Spring Cloud LoadBalancer is currently working with the default cache. While this cache implementation is useful for development and tests, it's recommended to use Caffeine cache in production.You can switch to using Caffeine cache, by adding it and org.springframework.cache.caffeine.CaffeineCacheManager to the classpath.
2026-08-25 21:54:09.843 [main] [] INFO  o.a.coyote.http11.Http11NioProtocol - Starting ProtocolHandler ["http-nio-9096"]
2026-08-25 21:54:09.858 [main] [] INFO  o.s.b.w.e.tomcat.TomcatWebServer - Tomcat started on port 9096 (http) with context path '/'
2026-08-25 21:54:10.878 [main] [] INFO  o.s.cloud.commons.util.InetUtils - Cannot determine local hostname
2026-08-25 21:54:10.887 [main] [] INFO  c.erp.sri_files.SriFilesApplication - Started SriFilesApplication in 16.488 seconds (process running for 16.926)
2026-08-25 21:54:25.486 [http-nio-9096-exec-1] [] INFO  o.a.c.c.C.[Tomcat].[localhost].[/] - Initializing Spring DispatcherServlet 'dispatcherServlet'
2026-08-25 21:54:25.486 [http-nio-9096-exec-1] [] INFO  o.s.web.servlet.DispatcherServlet - Initializing Servlet 'dispatcherServlet'
2026-08-25 21:54:25.489 [http-nio-9096-exec-1] [] INFO  o.s.web.servlet.DispatcherServlet - Completed initialization in 1 ms
2026-08-25 21:54:30.006 [sri-files-scheduler-1] [] INFO  c.e.s.s.NuevoDocumentoScheduler - [SCHEDULER][V1] INICIO recuperación autorizaciones @ 2026-08-25T21:54:30.006811500
2026-08-25 21:54:30.010 [sri-files-scheduler-2] [] INFO  c.e.s.services.EnvioSriBatchService - [SCHEDULER][sri-files-scheduler-2] INICIO automatizacionConsultarXml @ 2026-08-25T21:54:30.010811
2026-08-25 21:54:30.011 [sri-files-scheduler-2] [] INFO  c.e.s.services.EnvioSriBatchService - Iniciando consulta de XML pendientes
2026-08-25 21:54:30.075 [sri-files-scheduler-1] [] INFO  c.e.s.s.NuevoDocumentoScheduler - [SCHEDULER][V1] FIN recuperación | detectados=0 | autorizados=0 | pendientes=0 | duracionMs=69
2026-08-25 21:55:00.004 [sri-files-scheduler-1] [] INFO  c.e.s.s.NuevoDocumentoScheduler - [SCHEDULER][V1] INICIO envío pendientes @ 2026-08-25T21:55:00.004316400
2026-08-25 21:55:00.014 [sri-files-scheduler-4] [] INFO  c.e.s.s.RecuperarDevueltasScheduler - [SCHEDULER] INICIO recuperación facturas estado M @ 2026-08-25T21:55:00.014327300
2026-08-25 21:55:00.015 [sri-files-scheduler-1] [] INFO  c.e.s.s.NuevoDocumentoScheduler - [SCHEDULER][V1] FIN envío | detectados=0 | exitosos=0 | fallidos=0 | duracionMs=11
2026-08-25 21:55:00.015 [sri-files-scheduler-1] [] INFO  c.e.s.services.EnvioSriBatchService - [SCHEDULER][sri-files-scheduler-1] INICIO automatizacionEnvioFacturasElectonicas @ 2026-08-25T21:55:00.015325800
2026-08-25 21:55:00.016 [sri-files-scheduler-1] [] INFO  c.e.s.services.EnvioSriBatchService - Ejecutando envio de facturas at=2026-08-25T21:55:00.016324900
2026-08-25 21:55:00.029 [sri-files-scheduler-3] [] INFO  c.e.s.batch.BatchJobScheduler - Batch automático ejecutado: tipo=REINTENTAR_FALLIDOS uuid=55844a23-fec0-4ebe-93a7-113c38eb0d84
2026-08-25 21:55:00.032 [sri-files-scheduler-4] [] INFO  c.erp.sri_files.services.SriGateway - Consultando autorización SRI: 0402202601046002881000120010110001801007801811211 [requestId=null]
2026-08-25 21:55:00.037 [task-1] [55844a23-fec0-4ebe-93a7-113c38eb0d84] INFO  c.e.s.batch.BatchProcessorService - Iniciando batch job 55844a23-fec0-4ebe-93a7-113c38eb0d84 tipo=REINTENTAR_FALLIDOS [batchJob=55844a23-fec0-4ebe-93a7-113c38eb0d84]
2026-08-25 21:55:00.051 [task-1] [55844a23-fec0-4ebe-93a7-113c38eb0d84] INFO  c.e.s.batch.BatchProcessorService - Documentos encontrados: 0 [batchJob=55844a23-fec0-4ebe-93a7-113c38eb0d84]
2026-08-25 21:55:00.051 [task-1] [55844a23-fec0-4ebe-93a7-113c38eb0d84] INFO  c.e.s.batch.BatchProcessorService - Batch job 55844a23-fec0-4ebe-93a7-113c38eb0d84 completado: Procesados: 0, Exitosos: 0, Fallidos: 0 [batchJob=55844a23-fec0-4ebe-93a7-113c38eb0d84]
2026-08-25 21:55:00.128 [sri-files-scheduler-4] [] WARN  c.erp.sri_files.services.SriGateway - Comprobante NO AUTORIZADO: estado=NO AUTORIZADO
2026-08-25 21:55:00.563 [sri-files-scheduler-4] [] INFO  c.erp.sri_files.services.SriGateway - Consultando autorización SRI: 1803202601046002881000120020180003334834148871315 [requestId=null]
2026-08-25 21:55:00.663 [sri-files-scheduler-4] [] ERROR c.erp.sri_files.services.SriGateway - Error consultando autorización [requestId=null]
jakarta.xml.ws.WebServiceException: javax.net.ssl.SSLHandshakeException: No subject alternative names matching IP address 181.113.227.222 found
	at com.sun.xml.ws.transport.http.client.HttpClientTransport.readResponseCodeAndMessage(HttpClientTransport.java:181)
	at com.sun.xml.ws.transport.http.client.HttpTransportPipe.createResponsePacket(HttpTransportPipe.java:227)
	at com.sun.xml.ws.transport.http.client.HttpTransportPipe.process(HttpTransportPipe.java:218)
	at com.sun.xml.ws.transport.http.client.HttpTransportPipe.processRequest(HttpTransportPipe.java:131)
	at com.sun.xml.ws.transport.DeferredTransportPipe.processRequest(DeferredTransportPipe.java:111)
	at com.sun.xml.ws.api.pipe.Fiber.__doRun(Fiber.java:1106)
	at com.sun.xml.ws.api.pipe.Fiber._doRun(Fiber.java:1020)
	at com.sun.xml.ws.api.pipe.Fiber.doRun(Fiber.java:989)
	at com.sun.xml.ws.api.pipe.Fiber.runSync(Fiber.java:847)
	at com.sun.xml.ws.client.Stub.process(Stub.java:431)
	at com.sun.xml.ws.client.sei.SEIStub.doProcess(SEIStub.java:160)
	at com.sun.xml.ws.client.sei.SyncMethodHandler.invoke(SyncMethodHandler.java:78)
	at com.sun.xml.ws.client.sei.SyncMethodHandler.invoke(SyncMethodHandler.java:62)
	at com.sun.xml.ws.client.sei.SEIStub.invoke(SEIStub.java:132)
	at jdk.proxy2/jdk.proxy2.$Proxy222.autorizacionComprobante(Unknown Source)
	at com.erp.sri_files.services.SendXmlToSriService.consultarAutorizacion(SendXmlToSriService.java:196)
	at com.erp.sri_files.services.SendXmlToSriService.consultarAutorizacion(SendXmlToSriService.java:180)
	at com.erp.sri_files.services.SriGateway.consultarAutorizacion(SriGateway.java:100)
	at com.erp.sri_files.scheduler.RecuperarDevueltasScheduler.recuperarFacturasDevueltas(RecuperarDevueltasScheduler.java:61)
	at java.base/jdk.internal.reflect.DirectMethodHandleAccessor.invoke(DirectMethodHandleAccessor.java:103)
	at java.base/java.lang.reflect.Method.invoke(Method.java:580)
	at org.springframework.scheduling.support.ScheduledMethodRunnable.runInternal(ScheduledMethodRunnable.java:130)
	at org.springframework.scheduling.support.ScheduledMethodRunnable.lambda$run$2(ScheduledMethodRunnable.java:124)
	at io.micrometer.observation.Observation.observe(Observation.java:498)
	at org.springframework.scheduling.support.ScheduledMethodRunnable.run(ScheduledMethodRunnable.java:124)
	at org.springframework.scheduling.config.Task$OutcomeTrackingRunnable.run(Task.java:85)
	at org.springframework.scheduling.support.DelegatingErrorHandlingRunnable.run(DelegatingErrorHandlingRunnable.java:54)
	at org.springframework.scheduling.concurrent.ReschedulingRunnable.run(ReschedulingRunnable.java:96)
	at java.base/java.util.concurrent.Executors$RunnableAdapter.call(Executors.java:572)
	at java.base/java.util.concurrent.FutureTask.run(FutureTask.java:317)
	at java.base/java.util.concurrent.ScheduledThreadPoolExecutor$ScheduledFutureTask.run(ScheduledThreadPoolExecutor.java:304)
	at java.base/java.util.concurrent.ThreadPoolExecutor.runWorker(ThreadPoolExecutor.java:1144)
	at java.base/java.util.concurrent.ThreadPoolExecutor$Worker.run(ThreadPoolExecutor.java:642)
	at java.base/java.lang.Thread.run(Thread.java:1583)
Caused by: javax.net.ssl.SSLHandshakeException: No subject alternative names matching IP address 181.113.227.222 found
	at java.base/sun.security.ssl.Alert.createSSLException(Alert.java:130)
	at java.base/sun.security.ssl.TransportContext.fatal(TransportContext.java:383)
	at java.base/sun.security.ssl.TransportContext.fatal(TransportContext.java:326)
	at java.base/sun.security.ssl.TransportContext.fatal(TransportContext.java:321)
	at java.base/sun.security.ssl.CertificateMessage$T12CertificateConsumer.checkServerCerts(CertificateMessage.java:647)
	at java.base/sun.security.ssl.CertificateMessage$T12CertificateConsumer.onCertificate(CertificateMessage.java:467)
	at java.base/sun.security.ssl.CertificateMessage$T12CertificateConsumer.consume(CertificateMessage.java:363)
	at java.base/sun.security.ssl.SSLHandshake.consume(SSLHandshake.java:393)
	at java.base/sun.security.ssl.HandshakeContext.dispatch(HandshakeContext.java:477)
	at java.base/sun.security.ssl.HandshakeContext.dispatch(HandshakeContext.java:448)
	at java.base/sun.security.ssl.TransportContext.dispatch(TransportContext.java:206)
	at java.base/sun.security.ssl.SSLTransport.decode(SSLTransport.java:172)
	at java.base/sun.security.ssl.SSLSocketImpl.decode(SSLSocketImpl.java:1506)
	at java.base/sun.security.ssl.SSLSocketImpl.readHandshakeRecord(SSLSocketImpl.java:1421)
	at java.base/sun.security.ssl.SSLSocketImpl.startHandshake(SSLSocketImpl.java:455)
	at java.base/sun.security.ssl.SSLSocketImpl.startHandshake(SSLSocketImpl.java:426)
	at java.base/sun.net.www.protocol.https.HttpsClient.afterConnect(HttpsClient.java:586)
	at java.base/sun.net.www.protocol.https.AbstractDelegateHttpsURLConnection.connect(AbstractDelegateHttpsURLConnection.java:187)
	at java.base/sun.net.www.protocol.http.HttpURLConnection.followRedirect0(HttpURLConnection.java:2914)
	at java.base/sun.net.www.protocol.http.HttpURLConnection.followRedirect(HttpURLConnection.java:2834)
	at java.base/sun.net.www.protocol.http.HttpURLConnection.getInputStream0(HttpURLConnection.java:1945)
	at java.base/sun.net.www.protocol.http.HttpURLConnection.getInputStream(HttpURLConnection.java:1615)
	at java.base/java.net.HttpURLConnection.getResponseCode(HttpURLConnection.java:531)
	at java.base/sun.net.www.protocol.https.HttpsURLConnectionImpl.getResponseCode(HttpsURLConnectionImpl.java:307)
	at com.sun.xml.ws.transport.http.client.HttpClientTransport.readResponseCodeAndMessage(HttpClientTransport.java:177)
	... 33 common frames omitted
Caused by: java.security.cert.CertificateException: No subject alternative names matching IP address 181.113.227.222 found
	at java.base/sun.security.util.HostnameChecker.matchIP(HostnameChecker.java:160)
	at java.base/sun.security.util.HostnameChecker.match(HostnameChecker.java:101)
	at java.base/sun.security.ssl.X509TrustManagerImpl.checkIdentity(X509TrustManagerImpl.java:466)
	at java.base/sun.security.ssl.X509TrustManagerImpl.checkIdentity(X509TrustManagerImpl.java:432)
	at java.base/sun.security.ssl.X509TrustManagerImpl.checkTrusted(X509TrustManagerImpl.java:237)
	at java.base/sun.security.ssl.X509TrustManagerImpl.checkServerTrusted(X509TrustManagerImpl.java:132)
	at java.base/sun.security.ssl.CertificateMessage$T12CertificateConsumer.checkServerCerts(CertificateMessage.java:631)
	... 53 common frames omitted
2026-08-25 21:55:01.396 [sri-files-scheduler-1] [] INFO  c.e.s.services.EnvioSriBatchService - No hay facturas pendientes estado=I
2026-08-25 21:55:01.396 [sri-files-scheduler-1] [] INFO  c.e.s.services.EnvioSriBatchService - [SCHEDULER][sri-files-scheduler-1] FIN automatizacionEnvioFacturasElectonicas | detectados=0 | exitosas=0 | fallidas=0 | duracionMs=1381
2026-08-25 21:55:01.778 [sri-files-scheduler-4] [] INFO  c.erp.sri_files.services.SriGateway - Consultando autorización SRI: 0707202601046002881000120020180003453319122478610 [requestId=null]
2026-08-25 21:55:02.766 [sri-files-scheduler-4] [] INFO  c.erp.sri_files.services.SriGateway - Consultando autorización SRI: 3006202601046002881000120020180003446435996697415 [requestId=null]
2026-08-25 21:55:03.846 [sri-files-scheduler-4] [] INFO  c.erp.sri_files.services.SriGateway - Consultando autorización SRI: 3006202601046002881000120020180003446449840524414 [requestId=null]
2026-08-25 21:55:03.931 [sri-files-scheduler-4] [] ERROR c.erp.sri_files.services.SriGateway - Error consultando autorización [requestId=null]
jakarta.xml.ws.WebServiceException: javax.net.ssl.SSLHandshakeException: No subject alternative names matching IP address 181.113.227.222 found
	at com.sun.xml.ws.transport.http.client.HttpClientTransport.readResponseCodeAndMessage(HttpClientTransport.java:181)
	at com.sun.xml.ws.transport.http.client.HttpTransportPipe.createResponsePacket(HttpTransportPipe.java:227)
	at com.sun.xml.ws.transport.http.client.HttpTransportPipe.process(HttpTransportPipe.java:218)
	at com.sun.xml.ws.transport.http.client.HttpTransportPipe.processRequest(HttpTransportPipe.java:131)
	at com.sun.xml.ws.transport.DeferredTransportPipe.processRequest(DeferredTransportPipe.java:111)
	at com.sun.xml.ws.api.pipe.Fiber.__doRun(Fiber.java:1106)
	at com.sun.xml.ws.api.pipe.Fiber._doRun(Fiber.java:1020)
	at com.sun.xml.ws.api.pipe.Fiber.doRun(Fiber.java:989)
	at com.sun.xml.ws.api.pipe.Fiber.runSync(Fiber.java:847)
	at com.sun.xml.ws.client.Stub.process(Stub.java:431)
	at com.sun.xml.ws.client.sei.SEIStub.doProcess(SEIStub.java:160)
	at com.sun.xml.ws.client.sei.SyncMethodHandler.invoke(SyncMethodHandler.java:78)
	at com.sun.xml.ws.client.sei.SyncMethodHandler.invoke(SyncMethodHandler.java:62)
	at com.sun.xml.ws.client.sei.SEIStub.invoke(SEIStub.java:132)
	at jdk.proxy2/jdk.proxy2.$Proxy222.autorizacionComprobante(Unknown Source)
	at com.erp.sri_files.services.SendXmlToSriService.consultarAutorizacion(SendXmlToSriService.java:196)
	at com.erp.sri_files.services.SendXmlToSriService.consultarAutorizacion(SendXmlToSriService.java:180)
	at com.erp.sri_files.services.SriGateway.consultarAutorizacion(SriGateway.java:100)
	at com.erp.sri_files.scheduler.RecuperarDevueltasScheduler.recuperarFacturasDevueltas(RecuperarDevueltasScheduler.java:61)
	at java.base/jdk.internal.reflect.DirectMethodHandleAccessor.invoke(DirectMethodHandleAccessor.java:103)
	at java.base/java.lang.reflect.Method.invoke(Method.java:580)
	at org.springframework.scheduling.support.ScheduledMethodRunnable.runInternal(ScheduledMethodRunnable.java:130)
	at org.springframework.scheduling.support.ScheduledMethodRunnable.lambda$run$2(ScheduledMethodRunnable.java:124)
	at io.micrometer.observation.Observation.observe(Observation.java:498)
	at org.springframework.scheduling.support.ScheduledMethodRunnable.run(ScheduledMethodRunnable.java:124)
	at org.springframework.scheduling.config.Task$OutcomeTrackingRunnable.run(Task.java:85)
	at org.springframework.scheduling.support.DelegatingErrorHandlingRunnable.run(DelegatingErrorHandlingRunnable.java:54)
	at org.springframework.scheduling.concurrent.ReschedulingRunnable.run(ReschedulingRunnable.java:96)
	at java.base/java.util.concurrent.Executors$RunnableAdapter.call(Executors.java:572)
	at java.base/java.util.concurrent.FutureTask.run(FutureTask.java:317)
	at java.base/java.util.concurrent.ScheduledThreadPoolExecutor$ScheduledFutureTask.run(ScheduledThreadPoolExecutor.java:304)
	at java.base/java.util.concurrent.ThreadPoolExecutor.runWorker(ThreadPoolExecutor.java:1144)
	at java.base/java.util.concurrent.ThreadPoolExecutor$Worker.run(ThreadPoolExecutor.java:642)
	at java.base/java.lang.Thread.run(Thread.java:1583)
Caused by: javax.net.ssl.SSLHandshakeException: No subject alternative names matching IP address 181.113.227.222 found
	at java.base/sun.security.ssl.Alert.createSSLException(Alert.java:130)
	at java.base/sun.security.ssl.TransportContext.fatal(TransportContext.java:383)
	at java.base/sun.security.ssl.TransportContext.fatal(TransportContext.java:326)
	at java.base/sun.security.ssl.TransportContext.fatal(TransportContext.java:321)
	at java.base/sun.security.ssl.CertificateMessage$T12CertificateConsumer.checkServerCerts(CertificateMessage.java:647)
	at java.base/sun.security.ssl.CertificateMessage$T12CertificateConsumer.onCertificate(CertificateMessage.java:467)
	at java.base/sun.security.ssl.CertificateMessage$T12CertificateConsumer.consume(CertificateMessage.java:363)
	at java.base/sun.security.ssl.SSLHandshake.consume(SSLHandshake.java:393)
	at java.base/sun.security.ssl.HandshakeContext.dispatch(HandshakeContext.java:477)
	at java.base/sun.security.ssl.HandshakeContext.dispatch(HandshakeContext.java:448)
	at java.base/sun.security.ssl.TransportContext.dispatch(TransportContext.java:206)
	at java.base/sun.security.ssl.SSLTransport.decode(SSLTransport.java:172)
	at java.base/sun.security.ssl.SSLSocketImpl.decode(SSLSocketImpl.java:1506)
	at java.base/sun.security.ssl.SSLSocketImpl.readHandshakeRecord(SSLSocketImpl.java:1421)
	at java.base/sun.security.ssl.SSLSocketImpl.startHandshake(SSLSocketImpl.java:455)
	at java.base/sun.security.ssl.SSLSocketImpl.startHandshake(SSLSocketImpl.java:426)
	at java.base/sun.net.www.protocol.https.HttpsClient.afterConnect(HttpsClient.java:586)
	at java.base/sun.net.www.protocol.https.AbstractDelegateHttpsURLConnection.connect(AbstractDelegateHttpsURLConnection.java:187)
	at java.base/sun.net.www.protocol.http.HttpURLConnection.followRedirect0(HttpURLConnection.java:2914)
	at java.base/sun.net.www.protocol.http.HttpURLConnection.followRedirect(HttpURLConnection.java:2834)
	at java.base/sun.net.www.protocol.http.HttpURLConnection.getInputStream0(HttpURLConnection.java:1945)
	at java.base/sun.net.www.protocol.http.HttpURLConnection.getInputStream(HttpURLConnection.java:1615)
	at java.base/java.net.HttpURLConnection.getResponseCode(HttpURLConnection.java:531)
	at java.base/sun.net.www.protocol.https.HttpsURLConnectionImpl.getResponseCode(HttpsURLConnectionImpl.java:307)
	at com.sun.xml.ws.transport.http.client.HttpClientTransport.readResponseCodeAndMessage(HttpClientTransport.java:177)
	... 33 common frames omitted
Caused by: java.security.cert.CertificateException: No subject alternative names matching IP address 181.113.227.222 found
	at java.base/sun.security.util.HostnameChecker.matchIP(HostnameChecker.java:160)
	at java.base/sun.security.util.HostnameChecker.match(HostnameChecker.java:101)
	at java.base/sun.security.ssl.X509TrustManagerImpl.checkIdentity(X509TrustManagerImpl.java:466)
	at java.base/sun.security.ssl.X509TrustManagerImpl.checkIdentity(X509TrustManagerImpl.java:432)
	at java.base/sun.security.ssl.X509TrustManagerImpl.checkTrusted(X509TrustManagerImpl.java:237)
	at java.base/sun.security.ssl.X509TrustManagerImpl.checkServerTrusted(X509TrustManagerImpl.java:132)
	at java.base/sun.security.ssl.CertificateMessage$T12CertificateConsumer.checkServerCerts(CertificateMessage.java:631)
	... 53 common frames omitted
2026-08-25 21:55:04.799 [sri-files-scheduler-4] [] INFO  c.erp.sri_files.services.SriGateway - Consultando autorización SRI: 2511202501046002881000120020180003236186262015417 [requestId=null]
2026-08-25 21:55:05.890 [sri-files-scheduler-4] [] INFO  c.erp.sri_files.services.SriGateway - Consultando autorización SRI: 1512202501046002881000120020180003259558447927212 [requestId=null]
2026-08-25 21:55:06.885 [sri-files-scheduler-4] [] INFO  c.erp.sri_files.services.SriGateway - Consultando autorización SRI: 1512202501046002881000120020180003259561486507213 [requestId=null]
2026-08-25 21:55:07.842 [sri-files-scheduler-4] [] INFO  c.erp.sri_files.services.SriGateway - Consultando autorización SRI: 1901202601046002881000120020390000000975707070619 [requestId=null]
2026-08-25 21:55:07.958 [sri-files-scheduler-4] [] ERROR c.erp.sri_files.services.SriGateway - Error consultando autorización [requestId=null]
jakarta.xml.ws.WebServiceException: javax.net.ssl.SSLHandshakeException: No subject alternative names matching IP address 181.113.227.222 found
	at com.sun.xml.ws.transport.http.client.HttpClientTransport.readResponseCodeAndMessage(HttpClientTransport.java:181)
	at com.sun.xml.ws.transport.http.client.HttpTransportPipe.createResponsePacket(HttpTransportPipe.java:227)
	at com.sun.xml.ws.transport.http.client.HttpTransportPipe.process(HttpTransportPipe.java:218)
	at com.sun.xml.ws.transport.http.client.HttpTransportPipe.processRequest(HttpTransportPipe.java:131)
	at com.sun.xml.ws.transport.DeferredTransportPipe.processRequest(DeferredTransportPipe.java:111)
	at com.sun.xml.ws.api.pipe.Fiber.__doRun(Fiber.java:1106)
	at com.sun.xml.ws.api.pipe.Fiber._doRun(Fiber.java:1020)
	at com.sun.xml.ws.api.pipe.Fiber.doRun(Fiber.java:989)
	at com.sun.xml.ws.api.pipe.Fiber.runSync(Fiber.java:847)
	at com.sun.xml.ws.client.Stub.process(Stub.java:431)
	at com.sun.xml.ws.client.sei.SEIStub.doProcess(SEIStub.java:160)
	at com.sun.xml.ws.client.sei.SyncMethodHandler.invoke(SyncMethodHandler.java:78)
	at com.sun.xml.ws.client.sei.SyncMethodHandler.invoke(SyncMethodHandler.java:62)
	at com.sun.xml.ws.client.sei.SEIStub.invoke(SEIStub.java:132)
	at jdk.proxy2/jdk.proxy2.$Proxy222.autorizacionComprobante(Unknown Source)
	at com.erp.sri_files.services.SendXmlToSriService.consultarAutorizacion(SendXmlToSriService.java:196)
	at com.erp.sri_files.services.SendXmlToSriService.consultarAutorizacion(SendXmlToSriService.java:180)
	at com.erp.sri_files.services.SriGateway.consultarAutorizacion(SriGateway.java:100)
	at com.erp.sri_files.scheduler.RecuperarDevueltasScheduler.recuperarFacturasDevueltas(RecuperarDevueltasScheduler.java:61)
	at java.base/jdk.internal.reflect.DirectMethodHandleAccessor.invoke(DirectMethodHandleAccessor.java:103)
	at java.base/java.lang.reflect.Method.invoke(Method.java:580)
	at org.springframework.scheduling.support.ScheduledMethodRunnable.runInternal(ScheduledMethodRunnable.java:130)
	at org.springframework.scheduling.support.ScheduledMethodRunnable.lambda$run$2(ScheduledMethodRunnable.java:124)
	at io.micrometer.observation.Observation.observe(Observation.java:498)
	at org.springframework.scheduling.support.ScheduledMethodRunnable.run(ScheduledMethodRunnable.java:124)
	at org.springframework.scheduling.config.Task$OutcomeTrackingRunnable.run(Task.java:85)
	at org.springframework.scheduling.support.DelegatingErrorHandlingRunnable.run(DelegatingErrorHandlingRunnable.java:54)
	at org.springframework.scheduling.concurrent.ReschedulingRunnable.run(ReschedulingRunnable.java:96)
	at java.base/java.util.concurrent.Executors$RunnableAdapter.call(Executors.java:572)
	at java.base/java.util.concurrent.FutureTask.run(FutureTask.java:317)
	at java.base/java.util.concurrent.ScheduledThreadPoolExecutor$ScheduledFutureTask.run(ScheduledThreadPoolExecutor.java:304)
	at java.base/java.util.concurrent.ThreadPoolExecutor.runWorker(ThreadPoolExecutor.java:1144)
	at java.base/java.util.concurrent.ThreadPoolExecutor$Worker.run(ThreadPoolExecutor.java:642)
	at java.base/java.lang.Thread.run(Thread.java:1583)
Caused by: javax.net.ssl.SSLHandshakeException: No subject alternative names matching IP address 181.113.227.222 found
	at java.base/sun.security.ssl.Alert.createSSLException(Alert.java:130)
	at java.base/sun.security.ssl.TransportContext.fatal(TransportContext.java:383)
	at java.base/sun.security.ssl.TransportContext.fatal(TransportContext.java:326)
	at java.base/sun.security.ssl.TransportContext.fatal(TransportContext.java:321)
	at java.base/sun.security.ssl.CertificateMessage$T12CertificateConsumer.checkServerCerts(CertificateMessage.java:647)
	at java.base/sun.security.ssl.CertificateMessage$T12CertificateConsumer.onCertificate(CertificateMessage.java:467)
	at java.base/sun.security.ssl.CertificateMessage$T12CertificateConsumer.consume(CertificateMessage.java:363)
	at java.base/sun.security.ssl.SSLHandshake.consume(SSLHandshake.java:393)
	at java.base/sun.security.ssl.HandshakeContext.dispatch(HandshakeContext.java:477)
	at java.base/sun.security.ssl.HandshakeContext.dispatch(HandshakeContext.java:448)
	at java.base/sun.security.ssl.TransportContext.dispatch(TransportContext.java:206)
	at java.base/sun.security.ssl.SSLTransport.decode(SSLTransport.java:172)
	at java.base/sun.security.ssl.SSLSocketImpl.decode(SSLSocketImpl.java:1506)
	at java.base/sun.security.ssl.SSLSocketImpl.readHandshakeRecord(SSLSocketImpl.java:1421)
	at java.base/sun.security.ssl.SSLSocketImpl.startHandshake(SSLSocketImpl.java:455)
	at java.base/sun.security.ssl.SSLSocketImpl.startHandshake(SSLSocketImpl.java:426)
	at java.base/sun.net.www.protocol.https.HttpsClient.afterConnect(HttpsClient.java:586)
	at java.base/sun.net.www.protocol.https.AbstractDelegateHttpsURLConnection.connect(AbstractDelegateHttpsURLConnection.java:187)
	at java.base/sun.net.www.protocol.http.HttpURLConnection.followRedirect0(HttpURLConnection.java:2914)
	at java.base/sun.net.www.protocol.http.HttpURLConnection.followRedirect(HttpURLConnection.java:2834)
	at java.base/sun.net.www.protocol.http.HttpURLConnection.getInputStream0(HttpURLConnection.java:1945)
	at java.base/sun.net.www.protocol.http.HttpURLConnection.getInputStream(HttpURLConnection.java:1615)
	at java.base/java.net.HttpURLConnection.getResponseCode(HttpURLConnection.java:531)
	at java.base/sun.net.www.protocol.https.HttpsURLConnectionImpl.getResponseCode(HttpsURLConnectionImpl.java:307)
	at com.sun.xml.ws.transport.http.client.HttpClientTransport.readResponseCodeAndMessage(HttpClientTransport.java:177)
	... 33 common frames omitted
Caused by: java.security.cert.CertificateException: No subject alternative names matching IP address 181.113.227.222 found
	at java.base/sun.security.util.HostnameChecker.matchIP(HostnameChecker.java:160)
	at java.base/sun.security.util.HostnameChecker.match(HostnameChecker.java:101)
	at java.base/sun.security.ssl.X509TrustManagerImpl.checkIdentity(X509TrustManagerImpl.java:466)
	at java.base/sun.security.ssl.X509TrustManagerImpl.checkIdentity(X509TrustManagerImpl.java:432)
	at java.base/sun.security.ssl.X509TrustManagerImpl.checkTrusted(X509TrustManagerImpl.java:237)
	at java.base/sun.security.ssl.X509TrustManagerImpl.checkServerTrusted(X509TrustManagerImpl.java:132)
	at java.base/sun.security.ssl.CertificateMessage$T12CertificateConsumer.checkServerCerts(CertificateMessage.java:631)
	... 53 common frames omitted
2026-08-25 21:55:08.820 [sri-files-scheduler-4] [] INFO  c.erp.sri_files.services.SriGateway - Consultando autorización SRI: 1901202601046002881000120020390000000985491813013 [requestId=null]
2026-08-25 21:55:09.889 [sri-files-scheduler-4] [] INFO  c.erp.sri_files.services.SriGateway - Consultando autorización SRI: 2402202601046002881000120020180003308941834880614 [requestId=null]
2026-08-25 21:55:09.952 [sri-files-scheduler-4] [] ERROR c.erp.sri_files.services.SriGateway - Error consultando autorización [requestId=null]
jakarta.xml.ws.WebServiceException: javax.net.ssl.SSLHandshakeException: No subject alternative names matching IP address 181.113.227.222 found
	at com.sun.xml.ws.transport.http.client.HttpClientTransport.readResponseCodeAndMessage(HttpClientTransport.java:181)
	at com.sun.xml.ws.transport.http.client.HttpTransportPipe.createResponsePacket(HttpTransportPipe.java:227)
	at com.sun.xml.ws.transport.http.client.HttpTransportPipe.process(HttpTransportPipe.java:218)
	at com.sun.xml.ws.transport.http.client.HttpTransportPipe.processRequest(HttpTransportPipe.java:131)
	at com.sun.xml.ws.transport.DeferredTransportPipe.processRequest(DeferredTransportPipe.java:111)
	at com.sun.xml.ws.api.pipe.Fiber.__doRun(Fiber.java:1106)
	at com.sun.xml.ws.api.pipe.Fiber._doRun(Fiber.java:1020)
	at com.sun.xml.ws.api.pipe.Fiber.doRun(Fiber.java:989)
	at com.sun.xml.ws.api.pipe.Fiber.runSync(Fiber.java:847)
	at com.sun.xml.ws.client.Stub.process(Stub.java:431)
	at com.sun.xml.ws.client.sei.SEIStub.doProcess(SEIStub.java:160)
	at com.sun.xml.ws.client.sei.SyncMethodHandler.invoke(SyncMethodHandler.java:78)
	at com.sun.xml.ws.client.sei.SyncMethodHandler.invoke(SyncMethodHandler.java:62)
	at com.sun.xml.ws.client.sei.SEIStub.invoke(SEIStub.java:132)
	at jdk.proxy2/jdk.proxy2.$Proxy222.autorizacionComprobante(Unknown Source)
	at com.erp.sri_files.services.SendXmlToSriService.consultarAutorizacion(SendXmlToSriService.java:196)
	at com.erp.sri_files.services.SendXmlToSriService.consultarAutorizacion(SendXmlToSriService.java:180)
	at com.erp.sri_files.services.SriGateway.consultarAutorizacion(SriGateway.java:100)
	at com.erp.sri_files.scheduler.RecuperarDevueltasScheduler.recuperarFacturasDevueltas(RecuperarDevueltasScheduler.java:61)
	at java.base/jdk.internal.reflect.DirectMethodHandleAccessor.invoke(DirectMethodHandleAccessor.java:103)
	at java.base/java.lang.reflect.Method.invoke(Method.java:580)
	at org.springframework.scheduling.support.ScheduledMethodRunnable.runInternal(ScheduledMethodRunnable.java:130)
	at org.springframework.scheduling.support.ScheduledMethodRunnable.lambda$run$2(ScheduledMethodRunnable.java:124)
	at io.micrometer.observation.Observation.observe(Observation.java:498)
	at org.springframework.scheduling.support.ScheduledMethodRunnable.run(ScheduledMethodRunnable.java:124)
	at org.springframework.scheduling.config.Task$OutcomeTrackingRunnable.run(Task.java:85)
	at org.springframework.scheduling.support.DelegatingErrorHandlingRunnable.run(DelegatingErrorHandlingRunnable.java:54)
	at org.springframework.scheduling.concurrent.ReschedulingRunnable.run(ReschedulingRunnable.java:96)
	at java.base/java.util.concurrent.Executors$RunnableAdapter.call(Executors.java:572)
	at java.base/java.util.concurrent.FutureTask.run(FutureTask.java:317)
	at java.base/java.util.concurrent.ScheduledThreadPoolExecutor$ScheduledFutureTask.run(ScheduledThreadPoolExecutor.java:304)
	at java.base/java.util.concurrent.ThreadPoolExecutor.runWorker(ThreadPoolExecutor.java:1144)
	at java.base/java.util.concurrent.ThreadPoolExecutor$Worker.run(ThreadPoolExecutor.java:642)
	at java.base/java.lang.Thread.run(Thread.java:1583)
Caused by: javax.net.ssl.SSLHandshakeException: No subject alternative names matching IP address 181.113.227.222 found
	at java.base/sun.security.ssl.Alert.createSSLException(Alert.java:130)
	at java.base/sun.security.ssl.TransportContext.fatal(TransportContext.java:383)
	at java.base/sun.security.ssl.TransportContext.fatal(TransportContext.java:326)
	at java.base/sun.security.ssl.TransportContext.fatal(TransportContext.java:321)
	at java.base/sun.security.ssl.CertificateMessage$T12CertificateConsumer.checkServerCerts(CertificateMessage.java:647)
	at java.base/sun.security.ssl.CertificateMessage$T12CertificateConsumer.onCertificate(CertificateMessage.java:467)
	at java.base/sun.security.ssl.CertificateMessage$T12CertificateConsumer.consume(CertificateMessage.java:363)
	at java.base/sun.security.ssl.SSLHandshake.consume(SSLHandshake.java:393)
	at java.base/sun.security.ssl.HandshakeContext.dispatch(HandshakeContext.java:477)
	at java.base/sun.security.ssl.HandshakeContext.dispatch(HandshakeContext.java:448)
	at java.base/sun.security.ssl.TransportContext.dispatch(TransportContext.java:206)
	at java.base/sun.security.ssl.SSLTransport.decode(SSLTransport.java:172)
	at java.base/sun.security.ssl.SSLSocketImpl.decode(SSLSocketImpl.java:1506)
	at java.base/sun.security.ssl.SSLSocketImpl.readHandshakeRecord(SSLSocketImpl.java:1421)
	at java.base/sun.security.ssl.SSLSocketImpl.startHandshake(SSLSocketImpl.java:455)
	at java.base/sun.security.ssl.SSLSocketImpl.startHandshake(SSLSocketImpl.java:426)
	at java.base/sun.net.www.protocol.https.HttpsClient.afterConnect(HttpsClient.java:586)
	at java.base/sun.net.www.protocol.https.AbstractDelegateHttpsURLConnection.connect(AbstractDelegateHttpsURLConnection.java:187)
	at java.base/sun.net.www.protocol.http.HttpURLConnection.followRedirect0(HttpURLConnection.java:2914)
	at java.base/sun.net.www.protocol.http.HttpURLConnection.followRedirect(HttpURLConnection.java:2834)
	at java.base/sun.net.www.protocol.http.HttpURLConnection.getInputStream0(HttpURLConnection.java:1945)
	at java.base/sun.net.www.protocol.http.HttpURLConnection.getInputStream(HttpURLConnection.java:1615)
	at java.base/java.net.HttpURLConnection.getResponseCode(HttpURLConnection.java:531)
	at java.base/sun.net.www.protocol.https.HttpsURLConnectionImpl.getResponseCode(HttpsURLConnectionImpl.java:307)
	at com.sun.xml.ws.transport.http.client.HttpClientTransport.readResponseCodeAndMessage(HttpClientTransport.java:177)
	... 33 common frames omitted
Caused by: java.security.cert.CertificateException: No subject alternative names matching IP address 181.113.227.222 found
	at java.base/sun.security.util.HostnameChecker.matchIP(HostnameChecker.java:160)
	at java.base/sun.security.util.HostnameChecker.match(HostnameChecker.java:101)
	at java.base/sun.security.ssl.X509TrustManagerImpl.checkIdentity(X509TrustManagerImpl.java:466)
	at java.base/sun.security.ssl.X509TrustManagerImpl.checkIdentity(X509TrustManagerImpl.java:432)
	at java.base/sun.security.ssl.X509TrustManagerImpl.checkTrusted(X509TrustManagerImpl.java:237)
	at java.base/sun.security.ssl.X509TrustManagerImpl.checkServerTrusted(X509TrustManagerImpl.java:132)
	at java.base/sun.security.ssl.CertificateMessage$T12CertificateConsumer.checkServerCerts(CertificateMessage.java:631)
	... 53 common frames omitted
2026-08-25 21:55:10.848 [sri-files-scheduler-4] [] INFO  c.erp.sri_files.services.SriGateway - Consultando autorización SRI: 2402202601046002881000120020180003308953168434211 [requestId=null]
2026-08-25 21:55:11.778 [sri-files-scheduler-4] [] INFO  c.erp.sri_files.services.SriGateway - Consultando autorización SRI: 2303202601046002881000120020180003339695799320111 [requestId=null]
2026-08-25 21:55:12.757 [sri-files-scheduler-4] [] INFO  c.erp.sri_files.services.SriGateway - Consultando autorización SRI: 2303202601046002881000120020180003339702845290717 [requestId=null]
2026-08-25 21:55:12.821 [sri-files-scheduler-4] [] ERROR c.erp.sri_files.services.SriGateway - Error consultando autorización [requestId=null]
jakarta.xml.ws.WebServiceException: javax.net.ssl.SSLHandshakeException: No subject alternative names matching IP address 181.113.227.222 found
	at com.sun.xml.ws.transport.http.client.HttpClientTransport.readResponseCodeAndMessage(HttpClientTransport.java:181)
	at com.sun.xml.ws.transport.http.client.HttpTransportPipe.createResponsePacket(HttpTransportPipe.java:227)
	at com.sun.xml.ws.transport.http.client.HttpTransportPipe.process(HttpTransportPipe.java:218)
	at com.sun.xml.ws.transport.http.client.HttpTransportPipe.processRequest(HttpTransportPipe.java:131)
	at com.sun.xml.ws.transport.DeferredTransportPipe.processRequest(DeferredTransportPipe.java:111)
	at com.sun.xml.ws.api.pipe.Fiber.__doRun(Fiber.java:1106)
	at com.sun.xml.ws.api.pipe.Fiber._doRun(Fiber.java:1020)
	at com.sun.xml.ws.api.pipe.Fiber.doRun(Fiber.java:989)
	at com.sun.xml.ws.api.pipe.Fiber.runSync(Fiber.java:847)
	at com.sun.xml.ws.client.Stub.process(Stub.java:431)
	at com.sun.xml.ws.client.sei.SEIStub.doProcess(SEIStub.java:160)
	at com.sun.xml.ws.client.sei.SyncMethodHandler.invoke(SyncMethodHandler.java:78)
	at com.sun.xml.ws.client.sei.SyncMethodHandler.invoke(SyncMethodHandler.java:62)
	at com.sun.xml.ws.client.sei.SEIStub.invoke(SEIStub.java:132)
	at jdk.proxy2/jdk.proxy2.$Proxy222.autorizacionComprobante(Unknown Source)
	at com.erp.sri_files.services.SendXmlToSriService.consultarAutorizacion(SendXmlToSriService.java:196)
	at com.erp.sri_files.services.SendXmlToSriService.consultarAutorizacion(SendXmlToSriService.java:180)
	at com.erp.sri_files.services.SriGateway.consultarAutorizacion(SriGateway.java:100)
	at com.erp.sri_files.scheduler.RecuperarDevueltasScheduler.recuperarFacturasDevueltas(RecuperarDevueltasScheduler.java:61)
	at java.base/jdk.internal.reflect.DirectMethodHandleAccessor.invoke(DirectMethodHandleAccessor.java:103)
	at java.base/java.lang.reflect.Method.invoke(Method.java:580)
	at org.springframework.scheduling.support.ScheduledMethodRunnable.runInternal(ScheduledMethodRunnable.java:130)
	at org.springframework.scheduling.support.ScheduledMethodRunnable.lambda$run$2(ScheduledMethodRunnable.java:124)
	at io.micrometer.observation.Observation.observe(Observation.java:498)
	at org.springframework.scheduling.support.ScheduledMethodRunnable.run(ScheduledMethodRunnable.java:124)
	at org.springframework.scheduling.config.Task$OutcomeTrackingRunnable.run(Task.java:85)
	at org.springframework.scheduling.support.DelegatingErrorHandlingRunnable.run(DelegatingErrorHandlingRunnable.java:54)
	at org.springframework.scheduling.concurrent.ReschedulingRunnable.run(ReschedulingRunnable.java:96)
	at java.base/java.util.concurrent.Executors$RunnableAdapter.call(Executors.java:572)
	at java.base/java.util.concurrent.FutureTask.run(FutureTask.java:317)
	at java.base/java.util.concurrent.ScheduledThreadPoolExecutor$ScheduledFutureTask.run(ScheduledThreadPoolExecutor.java:304)
	at java.base/java.util.concurrent.ThreadPoolExecutor.runWorker(ThreadPoolExecutor.java:1144)
	at java.base/java.util.concurrent.ThreadPoolExecutor$Worker.run(ThreadPoolExecutor.java:642)
	at java.base/java.lang.Thread.run(Thread.java:1583)
Caused by: javax.net.ssl.SSLHandshakeException: No subject alternative names matching IP address 181.113.227.222 found
	at java.base/sun.security.ssl.Alert.createSSLException(Alert.java:130)
	at java.base/sun.security.ssl.TransportContext.fatal(TransportContext.java:383)
	at java.base/sun.security.ssl.TransportContext.fatal(TransportContext.java:326)
	at java.base/sun.security.ssl.TransportContext.fatal(TransportContext.java:321)
	at java.base/sun.security.ssl.CertificateMessage$T12CertificateConsumer.checkServerCerts(CertificateMessage.java:647)
	at java.base/sun.security.ssl.CertificateMessage$T12CertificateConsumer.onCertificate(CertificateMessage.java:467)
	at java.base/sun.security.ssl.CertificateMessage$T12CertificateConsumer.consume(CertificateMessage.java:363)
	at java.base/sun.security.ssl.SSLHandshake.consume(SSLHandshake.java:393)
	at java.base/sun.security.ssl.HandshakeContext.dispatch(HandshakeContext.java:477)
	at java.base/sun.security.ssl.HandshakeContext.dispatch(HandshakeContext.java:448)
	at java.base/sun.security.ssl.TransportContext.dispatch(TransportContext.java:206)
	at java.base/sun.security.ssl.SSLTransport.decode(SSLTransport.java:172)
	at java.base/sun.security.ssl.SSLSocketImpl.decode(SSLSocketImpl.java:1506)
	at java.base/sun.security.ssl.SSLSocketImpl.readHandshakeRecord(SSLSocketImpl.java:1421)
	at java.base/sun.security.ssl.SSLSocketImpl.startHandshake(SSLSocketImpl.java:455)
	at java.base/sun.security.ssl.SSLSocketImpl.startHandshake(SSLSocketImpl.java:426)
	at java.base/sun.net.www.protocol.https.HttpsClient.afterConnect(HttpsClient.java:586)
	at java.base/sun.net.www.protocol.https.AbstractDelegateHttpsURLConnection.connect(AbstractDelegateHttpsURLConnection.java:187)
	at java.base/sun.net.www.protocol.http.HttpURLConnection.followRedirect0(HttpURLConnection.java:2914)
	at java.base/sun.net.www.protocol.http.HttpURLConnection.followRedirect(HttpURLConnection.java:2834)
	at java.base/sun.net.www.protocol.http.HttpURLConnection.getInputStream0(HttpURLConnection.java:1945)
	at java.base/sun.net.www.protocol.http.HttpURLConnection.getInputStream(HttpURLConnection.java:1615)
	at java.base/java.net.HttpURLConnection.getResponseCode(HttpURLConnection.java:531)
	at java.base/sun.net.www.protocol.https.HttpsURLConnectionImpl.getResponseCode(HttpsURLConnectionImpl.java:307)
	at com.sun.xml.ws.transport.http.client.HttpClientTransport.readResponseCodeAndMessage(HttpClientTransport.java:177)
	... 33 common frames omitted
Caused by: java.security.cert.CertificateException: No subject alternative names matching IP address 181.113.227.222 found
	at java.base/sun.security.util.HostnameChecker.matchIP(HostnameChecker.java:160)
	at java.base/sun.security.util.HostnameChecker.match(HostnameChecker.java:101)
	at java.base/sun.security.ssl.X509TrustManagerImpl.checkIdentity(X509TrustManagerImpl.java:466)
	at java.base/sun.security.ssl.X509TrustManagerImpl.checkIdentity(X509TrustManagerImpl.java:432)
	at java.base/sun.security.ssl.X509TrustManagerImpl.checkTrusted(X509TrustManagerImpl.java:237)
	at java.base/sun.security.ssl.X509TrustManagerImpl.checkServerTrusted(X509TrustManagerImpl.java:132)
	at java.base/sun.security.ssl.CertificateMessage$T12CertificateConsumer.checkServerCerts(CertificateMessage.java:631)
	... 53 common frames omitted
2026-08-25 21:55:13.673 [sri-files-scheduler-4] [] INFO  c.erp.sri_files.services.SriGateway - Consultando autorización SRI: 3103202601046002881000120020180003347568332452115 [requestId=null]
2026-08-25 21:55:13.738 [sri-files-scheduler-4] [] ERROR c.erp.sri_files.services.SriGateway - Error consultando autorización [requestId=null]
jakarta.xml.ws.WebServiceException: javax.net.ssl.SSLHandshakeException: No subject alternative names matching IP address 181.113.227.222 found
	at com.sun.xml.ws.transport.http.client.HttpClientTransport.readResponseCodeAndMessage(HttpClientTransport.java:181)
	at com.sun.xml.ws.transport.http.client.HttpTransportPipe.createResponsePacket(HttpTransportPipe.java:227)
	at com.sun.xml.ws.transport.http.client.HttpTransportPipe.process(HttpTransportPipe.java:218)
	at com.sun.xml.ws.transport.http.client.HttpTransportPipe.processRequest(HttpTransportPipe.java:131)
	at com.sun.xml.ws.transport.DeferredTransportPipe.processRequest(DeferredTransportPipe.java:111)
	at com.sun.xml.ws.api.pipe.Fiber.__doRun(Fiber.java:1106)
	at com.sun.xml.ws.api.pipe.Fiber._doRun(Fiber.java:1020)
	at com.sun.xml.ws.api.pipe.Fiber.doRun(Fiber.java:989)
	at com.sun.xml.ws.api.pipe.Fiber.runSync(Fiber.java:847)
	at com.sun.xml.ws.client.Stub.process(Stub.java:431)
	at com.sun.xml.ws.client.sei.SEIStub.doProcess(SEIStub.java:160)
	at com.sun.xml.ws.client.sei.SyncMethodHandler.invoke(SyncMethodHandler.java:78)
	at com.sun.xml.ws.client.sei.SyncMethodHandler.invoke(SyncMethodHandler.java:62)
	at com.sun.xml.ws.client.sei.SEIStub.invoke(SEIStub.java:132)
	at jdk.proxy2/jdk.proxy2.$Proxy222.autorizacionComprobante(Unknown Source)
	at com.erp.sri_files.services.SendXmlToSriService.consultarAutorizacion(SendXmlToSriService.java:196)
	at com.erp.sri_files.services.SendXmlToSriService.consultarAutorizacion(SendXmlToSriService.java:180)
	at com.erp.sri_files.services.SriGateway.consultarAutorizacion(SriGateway.java:100)
	at com.erp.sri_files.scheduler.RecuperarDevueltasScheduler.recuperarFacturasDevueltas(RecuperarDevueltasScheduler.java:61)
	at java.base/jdk.internal.reflect.DirectMethodHandleAccessor.invoke(DirectMethodHandleAccessor.java:103)
	at java.base/java.lang.reflect.Method.invoke(Method.java:580)
	at org.springframework.scheduling.support.ScheduledMethodRunnable.runInternal(ScheduledMethodRunnable.java:130)
	at org.springframework.scheduling.support.ScheduledMethodRunnable.lambda$run$2(ScheduledMethodRunnable.java:124)
	at io.micrometer.observation.Observation.observe(Observation.java:498)
	at org.springframework.scheduling.support.ScheduledMethodRunnable.run(ScheduledMethodRunnable.java:124)
	at org.springframework.scheduling.config.Task$OutcomeTrackingRunnable.run(Task.java:85)
	at org.springframework.scheduling.support.DelegatingErrorHandlingRunnable.run(DelegatingErrorHandlingRunnable.java:54)
	at org.springframework.scheduling.concurrent.ReschedulingRunnable.run(ReschedulingRunnable.java:96)
	at java.base/java.util.concurrent.Executors$RunnableAdapter.call(Executors.java:572)
	at java.base/java.util.concurrent.FutureTask.run(FutureTask.java:317)
	at java.base/java.util.concurrent.ScheduledThreadPoolExecutor$ScheduledFutureTask.run(ScheduledThreadPoolExecutor.java:304)
	at java.base/java.util.concurrent.ThreadPoolExecutor.runWorker(ThreadPoolExecutor.java:1144)
	at java.base/java.util.concurrent.ThreadPoolExecutor$Worker.run(ThreadPoolExecutor.java:642)
	at java.base/java.lang.Thread.run(Thread.java:1583)
Caused by: javax.net.ssl.SSLHandshakeException: No subject alternative names matching IP address 181.113.227.222 found
	at java.base/sun.security.ssl.Alert.createSSLException(Alert.java:130)
	at java.base/sun.security.ssl.TransportContext.fatal(TransportContext.java:383)
	at java.base/sun.security.ssl.TransportContext.fatal(TransportContext.java:326)
	at java.base/sun.security.ssl.TransportContext.fatal(TransportContext.java:321)
	at java.base/sun.security.ssl.CertificateMessage$T12CertificateConsumer.checkServerCerts(CertificateMessage.java:647)
	at java.base/sun.security.ssl.CertificateMessage$T12CertificateConsumer.onCertificate(CertificateMessage.java:467)
	at java.base/sun.security.ssl.CertificateMessage$T12CertificateConsumer.consume(CertificateMessage.java:363)
	at java.base/sun.security.ssl.SSLHandshake.consume(SSLHandshake.java:393)
	at java.base/sun.security.ssl.HandshakeContext.dispatch(HandshakeContext.java:477)
	at java.base/sun.security.ssl.HandshakeContext.dispatch(HandshakeContext.java:448)
	at java.base/sun.security.ssl.TransportContext.dispatch(TransportContext.java:206)
	at java.base/sun.security.ssl.SSLTransport.decode(SSLTransport.java:172)
	at java.base/sun.security.ssl.SSLSocketImpl.decode(SSLSocketImpl.java:1506)
	at java.base/sun.security.ssl.SSLSocketImpl.readHandshakeRecord(SSLSocketImpl.java:1421)
	at java.base/sun.security.ssl.SSLSocketImpl.startHandshake(SSLSocketImpl.java:455)
	at java.base/sun.security.ssl.SSLSocketImpl.startHandshake(SSLSocketImpl.java:426)
	at java.base/sun.net.www.protocol.https.HttpsClient.afterConnect(HttpsClient.java:586)
	at java.base/sun.net.www.protocol.https.AbstractDelegateHttpsURLConnection.connect(AbstractDelegateHttpsURLConnection.java:187)
	at java.base/sun.net.www.protocol.http.HttpURLConnection.followRedirect0(HttpURLConnection.java:2914)
	at java.base/sun.net.www.protocol.http.HttpURLConnection.followRedirect(HttpURLConnection.java:2834)
	at java.base/sun.net.www.protocol.http.HttpURLConnection.getInputStream0(HttpURLConnection.java:1945)
	at java.base/sun.net.www.protocol.http.HttpURLConnection.getInputStream(HttpURLConnection.java:1615)
	at java.base/java.net.HttpURLConnection.getResponseCode(HttpURLConnection.java:531)
	at java.base/sun.net.www.protocol.https.HttpsURLConnectionImpl.getResponseCode(HttpsURLConnectionImpl.java:307)
	at com.sun.xml.ws.transport.http.client.HttpClientTransport.readResponseCodeAndMessage(HttpClientTransport.java:177)
	... 33 common frames omitted
Caused by: java.security.cert.CertificateException: No subject alternative names matching IP address 181.113.227.222 found
	at java.base/sun.security.util.HostnameChecker.matchIP(HostnameChecker.java:160)
	at java.base/sun.security.util.HostnameChecker.match(HostnameChecker.java:101)
	at java.base/sun.security.ssl.X509TrustManagerImpl.checkIdentity(X509TrustManagerImpl.java:466)
	at java.base/sun.security.ssl.X509TrustManagerImpl.checkIdentity(X509TrustManagerImpl.java:432)
	at java.base/sun.security.ssl.X509TrustManagerImpl.checkTrusted(X509TrustManagerImpl.java:237)
	at java.base/sun.security.ssl.X509TrustManagerImpl.checkServerTrusted(X509TrustManagerImpl.java:132)
	at java.base/sun.security.ssl.CertificateMessage$T12CertificateConsumer.checkServerCerts(CertificateMessage.java:631)
	... 53 common frames omitted
2026-08-25 21:55:14.654 [sri-files-scheduler-4] [] INFO  c.erp.sri_files.services.SriGateway - Consultando autorización SRI: 3103202601046002881000120020180003347579695942817 [requestId=null]
2026-08-25 21:55:14.719 [sri-files-scheduler-4] [] ERROR c.erp.sri_files.services.SriGateway - Error consultando autorización [requestId=null]
jakarta.xml.ws.WebServiceException: javax.net.ssl.SSLHandshakeException: No subject alternative names matching IP address 181.113.227.222 found
	at com.sun.xml.ws.transport.http.client.HttpClientTransport.readResponseCodeAndMessage(HttpClientTransport.java:181)
	at com.sun.xml.ws.transport.http.client.HttpTransportPipe.createResponsePacket(HttpTransportPipe.java:227)
	at com.sun.xml.ws.transport.http.client.HttpTransportPipe.process(HttpTransportPipe.java:218)
	at com.sun.xml.ws.transport.http.client.HttpTransportPipe.processRequest(HttpTransportPipe.java:131)
	at com.sun.xml.ws.transport.DeferredTransportPipe.processRequest(DeferredTransportPipe.java:111)
	at com.sun.xml.ws.api.pipe.Fiber.__doRun(Fiber.java:1106)
	at com.sun.xml.ws.api.pipe.Fiber._doRun(Fiber.java:1020)
	at com.sun.xml.ws.api.pipe.Fiber.doRun(Fiber.java:989)
	at com.sun.xml.ws.api.pipe.Fiber.runSync(Fiber.java:847)
	at com.sun.xml.ws.client.Stub.process(Stub.java:431)
	at com.sun.xml.ws.client.sei.SEIStub.doProcess(SEIStub.java:160)
	at com.sun.xml.ws.client.sei.SyncMethodHandler.invoke(SyncMethodHandler.java:78)
	at com.sun.xml.ws.client.sei.SyncMethodHandler.invoke(SyncMethodHandler.java:62)
	at com.sun.xml.ws.client.sei.SEIStub.invoke(SEIStub.java:132)
	at jdk.proxy2/jdk.proxy2.$Proxy222.autorizacionComprobante(Unknown Source)
	at com.erp.sri_files.services.SendXmlToSriService.consultarAutorizacion(SendXmlToSriService.java:196)
	at com.erp.sri_files.services.SendXmlToSriService.consultarAutorizacion(SendXmlToSriService.java:180)
	at com.erp.sri_files.services.SriGateway.consultarAutorizacion(SriGateway.java:100)
	at com.erp.sri_files.scheduler.RecuperarDevueltasScheduler.recuperarFacturasDevueltas(RecuperarDevueltasScheduler.java:61)
	at java.base/jdk.internal.reflect.DirectMethodHandleAccessor.invoke(DirectMethodHandleAccessor.java:103)
	at java.base/java.lang.reflect.Method.invoke(Method.java:580)
	at org.springframework.scheduling.support.ScheduledMethodRunnable.runInternal(ScheduledMethodRunnable.java:130)
	at org.springframework.scheduling.support.ScheduledMethodRunnable.lambda$run$2(ScheduledMethodRunnable.java:124)
	at io.micrometer.observation.Observation.observe(Observation.java:498)
	at org.springframework.scheduling.support.ScheduledMethodRunnable.run(ScheduledMethodRunnable.java:124)
	at org.springframework.scheduling.config.Task$OutcomeTrackingRunnable.run(Task.java:85)
	at org.springframework.scheduling.support.DelegatingErrorHandlingRunnable.run(DelegatingErrorHandlingRunnable.java:54)
	at org.springframework.scheduling.concurrent.ReschedulingRunnable.run(ReschedulingRunnable.java:96)
	at java.base/java.util.concurrent.Executors$RunnableAdapter.call(Executors.java:572)
	at java.base/java.util.concurrent.FutureTask.run(FutureTask.java:317)
	at java.base/java.util.concurrent.ScheduledThreadPoolExecutor$ScheduledFutureTask.run(ScheduledThreadPoolExecutor.java:304)
	at java.base/java.util.concurrent.ThreadPoolExecutor.runWorker(ThreadPoolExecutor.java:1144)
	at java.base/java.util.concurrent.ThreadPoolExecutor$Worker.run(ThreadPoolExecutor.java:642)
	at java.base/java.lang.Thread.run(Thread.java:1583)
Caused by: javax.net.ssl.SSLHandshakeException: No subject alternative names matching IP address 181.113.227.222 found
	at java.base/sun.security.ssl.Alert.createSSLException(Alert.java:130)
	at java.base/sun.security.ssl.TransportContext.fatal(TransportContext.java:383)
	at java.base/sun.security.ssl.TransportContext.fatal(TransportContext.java:326)
	at java.base/sun.security.ssl.TransportContext.fatal(TransportContext.java:321)
	at java.base/sun.security.ssl.CertificateMessage$T12CertificateConsumer.checkServerCerts(CertificateMessage.java:647)
	at java.base/sun.security.ssl.CertificateMessage$T12CertificateConsumer.onCertificate(CertificateMessage.java:467)
	at java.base/sun.security.ssl.CertificateMessage$T12CertificateConsumer.consume(CertificateMessage.java:363)
	at java.base/sun.security.ssl.SSLHandshake.consume(SSLHandshake.java:393)
	at java.base/sun.security.ssl.HandshakeContext.dispatch(HandshakeContext.java:477)
	at java.base/sun.security.ssl.HandshakeContext.dispatch(HandshakeContext.java:448)
	at java.base/sun.security.ssl.TransportContext.dispatch(TransportContext.java:206)
	at java.base/sun.security.ssl.SSLTransport.decode(SSLTransport.java:172)
	at java.base/sun.security.ssl.SSLSocketImpl.decode(SSLSocketImpl.java:1506)
	at java.base/sun.security.ssl.SSLSocketImpl.readHandshakeRecord(SSLSocketImpl.java:1421)
	at java.base/sun.security.ssl.SSLSocketImpl.startHandshake(SSLSocketImpl.java:455)
	at java.base/sun.security.ssl.SSLSocketImpl.startHandshake(SSLSocketImpl.java:426)
	at java.base/sun.net.www.protocol.https.HttpsClient.afterConnect(HttpsClient.java:586)
	at java.base/sun.net.www.protocol.https.AbstractDelegateHttpsURLConnection.connect(AbstractDelegateHttpsURLConnection.java:187)
	at java.base/sun.net.www.protocol.http.HttpURLConnection.followRedirect0(HttpURLConnection.java:2914)
	at java.base/sun.net.www.protocol.http.HttpURLConnection.followRedirect(HttpURLConnection.java:2834)
	at java.base/sun.net.www.protocol.http.HttpURLConnection.getInputStream0(HttpURLConnection.java:1945)
	at java.base/sun.net.www.protocol.http.HttpURLConnection.getInputStream(HttpURLConnection.java:1615)
	at java.base/java.net.HttpURLConnection.getResponseCode(HttpURLConnection.java:531)
	at java.base/sun.net.www.protocol.https.HttpsURLConnectionImpl.getResponseCode(HttpsURLConnectionImpl.java:307)
	at com.sun.xml.ws.transport.http.client.HttpClientTransport.readResponseCodeAndMessage(HttpClientTransport.java:177)
	... 33 common frames omitted
Caused by: java.security.cert.CertificateException: No subject alternative names matching IP address 181.113.227.222 found
	at java.base/sun.security.util.HostnameChecker.matchIP(HostnameChecker.java:160)
	at java.base/sun.security.util.HostnameChecker.match(HostnameChecker.java:101)
	at java.base/sun.security.ssl.X509TrustManagerImpl.checkIdentity(X509TrustManagerImpl.java:466)
	at java.base/sun.security.ssl.X509TrustManagerImpl.checkIdentity(X509TrustManagerImpl.java:432)
	at java.base/sun.security.ssl.X509TrustManagerImpl.checkTrusted(X509TrustManagerImpl.java:237)
	at java.base/sun.security.ssl.X509TrustManagerImpl.checkServerTrusted(X509TrustManagerImpl.java:132)
	at java.base/sun.security.ssl.CertificateMessage$T12CertificateConsumer.checkServerCerts(CertificateMessage.java:631)
	... 53 common frames omitted
2026-08-25 21:55:15.802 [sri-files-scheduler-4] [] INFO  c.erp.sri_files.services.SriGateway - Consultando autorización SRI: 1304202601046002881000120020180003362416429019711 [requestId=null]
2026-08-25 21:55:16.673 [sri-files-scheduler-4] [] INFO  c.erp.sri_files.services.SriGateway - Consultando autorización SRI: 1304202601046002881000120020180003362426099545318 [requestId=null]
2026-08-25 21:55:16.737 [sri-files-scheduler-4] [] ERROR c.erp.sri_files.services.SriGateway - Error consultando autorización [requestId=null]
jakarta.xml.ws.WebServiceException: javax.net.ssl.SSLHandshakeException: No subject alternative names matching IP address 181.113.227.222 found
	at com.sun.xml.ws.transport.http.client.HttpClientTransport.readResponseCodeAndMessage(HttpClientTransport.java:181)
	at com.sun.xml.ws.transport.http.client.HttpTransportPipe.createResponsePacket(HttpTransportPipe.java:227)
	at com.sun.xml.ws.transport.http.client.HttpTransportPipe.process(HttpTransportPipe.java:218)
	at com.sun.xml.ws.transport.http.client.HttpTransportPipe.processRequest(HttpTransportPipe.java:131)
	at com.sun.xml.ws.transport.DeferredTransportPipe.processRequest(DeferredTransportPipe.java:111)
	at com.sun.xml.ws.api.pipe.Fiber.__doRun(Fiber.java:1106)
	at com.sun.xml.ws.api.pipe.Fiber._doRun(Fiber.java:1020)
	at com.sun.xml.ws.api.pipe.Fiber.doRun(Fiber.java:989)
	at com.sun.xml.ws.api.pipe.Fiber.runSync(Fiber.java:847)
	at com.sun.xml.ws.client.Stub.process(Stub.java:431)
	at com.sun.xml.ws.client.sei.SEIStub.doProcess(SEIStub.java:160)
	at com.sun.xml.ws.client.sei.SyncMethodHandler.invoke(SyncMethodHandler.java:78)
	at com.sun.xml.ws.client.sei.SyncMethodHandler.invoke(SyncMethodHandler.java:62)
	at com.sun.xml.ws.client.sei.SEIStub.invoke(SEIStub.java:132)
	at jdk.proxy2/jdk.proxy2.$Proxy222.autorizacionComprobante(Unknown Source)
	at com.erp.sri_files.services.SendXmlToSriService.consultarAutorizacion(SendXmlToSriService.java:196)
	at com.erp.sri_files.services.SendXmlToSriService.consultarAutorizacion(SendXmlToSriService.java:180)
	at com.erp.sri_files.services.SriGateway.consultarAutorizacion(SriGateway.java:100)
	at com.erp.sri_files.scheduler.RecuperarDevueltasScheduler.recuperarFacturasDevueltas(RecuperarDevueltasScheduler.java:61)
	at java.base/jdk.internal.reflect.DirectMethodHandleAccessor.invoke(DirectMethodHandleAccessor.java:103)
	at java.base/java.lang.reflect.Method.invoke(Method.java:580)
	at org.springframework.scheduling.support.ScheduledMethodRunnable.runInternal(ScheduledMethodRunnable.java:130)
	at org.springframework.scheduling.support.ScheduledMethodRunnable.lambda$run$2(ScheduledMethodRunnable.java:124)
	at io.micrometer.observation.Observation.observe(Observation.java:498)
	at org.springframework.scheduling.support.ScheduledMethodRunnable.run(ScheduledMethodRunnable.java:124)
	at org.springframework.scheduling.config.Task$OutcomeTrackingRunnable.run(Task.java:85)
	at org.springframework.scheduling.support.DelegatingErrorHandlingRunnable.run(DelegatingErrorHandlingRunnable.java:54)
	at org.springframework.scheduling.concurrent.ReschedulingRunnable.run(ReschedulingRunnable.java:96)
	at java.base/java.util.concurrent.Executors$RunnableAdapter.call(Executors.java:572)
	at java.base/java.util.concurrent.FutureTask.run(FutureTask.java:317)
	at java.base/java.util.concurrent.ScheduledThreadPoolExecutor$ScheduledFutureTask.run(ScheduledThreadPoolExecutor.java:304)
	at java.base/java.util.concurrent.ThreadPoolExecutor.runWorker(ThreadPoolExecutor.java:1144)
	at java.base/java.util.concurrent.ThreadPoolExecutor$Worker.run(ThreadPoolExecutor.java:642)
	at java.base/java.lang.Thread.run(Thread.java:1583)
Caused by: javax.net.ssl.SSLHandshakeException: No subject alternative names matching IP address 181.113.227.222 found
	at java.base/sun.security.ssl.Alert.createSSLException(Alert.java:130)
	at java.base/sun.security.ssl.TransportContext.fatal(TransportContext.java:383)
	at java.base/sun.security.ssl.TransportContext.fatal(TransportContext.java:326)
	at java.base/sun.security.ssl.TransportContext.fatal(TransportContext.java:321)
	at java.base/sun.security.ssl.CertificateMessage$T12CertificateConsumer.checkServerCerts(CertificateMessage.java:647)
	at java.base/sun.security.ssl.CertificateMessage$T12CertificateConsumer.onCertificate(CertificateMessage.java:467)
	at java.base/sun.security.ssl.CertificateMessage$T12CertificateConsumer.consume(CertificateMessage.java:363)
	at java.base/sun.security.ssl.SSLHandshake.consume(SSLHandshake.java:393)
	at java.base/sun.security.ssl.HandshakeContext.dispatch(HandshakeContext.java:477)
	at java.base/sun.security.ssl.HandshakeContext.dispatch(HandshakeContext.java:448)
	at java.base/sun.security.ssl.TransportContext.dispatch(TransportContext.java:206)
	at java.base/sun.security.ssl.SSLTransport.decode(SSLTransport.java:172)
	at java.base/sun.security.ssl.SSLSocketImpl.decode(SSLSocketImpl.java:1506)
	at java.base/sun.security.ssl.SSLSocketImpl.readHandshakeRecord(SSLSocketImpl.java:1421)
	at java.base/sun.security.ssl.SSLSocketImpl.startHandshake(SSLSocketImpl.java:455)
	at java.base/sun.security.ssl.SSLSocketImpl.startHandshake(SSLSocketImpl.java:426)
	at java.base/sun.net.www.protocol.https.HttpsClient.afterConnect(HttpsClient.java:586)
	at java.base/sun.net.www.protocol.https.AbstractDelegateHttpsURLConnection.connect(AbstractDelegateHttpsURLConnection.java:187)
	at java.base/sun.net.www.protocol.http.HttpURLConnection.followRedirect0(HttpURLConnection.java:2914)
	at java.base/sun.net.www.protocol.http.HttpURLConnection.followRedirect(HttpURLConnection.java:2834)
	at java.base/sun.net.www.protocol.http.HttpURLConnection.getInputStream0(HttpURLConnection.java:1945)
	at java.base/sun.net.www.protocol.http.HttpURLConnection.getInputStream(HttpURLConnection.java:1615)
	at java.base/java.net.HttpURLConnection.getResponseCode(HttpURLConnection.java:531)
	at java.base/sun.net.www.protocol.https.HttpsURLConnectionImpl.getResponseCode(HttpsURLConnectionImpl.java:307)
	at com.sun.xml.ws.transport.http.client.HttpClientTransport.readResponseCodeAndMessage(HttpClientTransport.java:177)
	... 33 common frames omitted
Caused by: java.security.cert.CertificateException: No subject alternative names matching IP address 181.113.227.222 found
	at java.base/sun.security.util.HostnameChecker.matchIP(HostnameChecker.java:160)
	at java.base/sun.security.util.HostnameChecker.match(HostnameChecker.java:101)
	at java.base/sun.security.ssl.X509TrustManagerImpl.checkIdentity(X509TrustManagerImpl.java:466)
	at java.base/sun.security.ssl.X509TrustManagerImpl.checkIdentity(X509TrustManagerImpl.java:432)
	at java.base/sun.security.ssl.X509TrustManagerImpl.checkTrusted(X509TrustManagerImpl.java:237)
	at java.base/sun.security.ssl.X509TrustManagerImpl.checkServerTrusted(X509TrustManagerImpl.java:132)
	at java.base/sun.security.ssl.CertificateMessage$T12CertificateConsumer.checkServerCerts(CertificateMessage.java:631)
	... 53 common frames omitted
2026-08-25 21:55:17.662 [sri-files-scheduler-4] [] INFO  c.erp.sri_files.services.SriGateway - Consultando autorización SRI: 0505202601046002881000120020180003378897236678813 [requestId=null]
2026-08-25 21:55:17.725 [sri-files-scheduler-4] [] ERROR c.erp.sri_files.services.SriGateway - Error consultando autorización [requestId=null]
jakarta.xml.ws.WebServiceException: javax.net.ssl.SSLHandshakeException: No subject alternative names matching IP address 181.113.227.222 found
	at com.sun.xml.ws.transport.http.client.HttpClientTransport.readResponseCodeAndMessage(HttpClientTransport.java:181)
	at com.sun.xml.ws.transport.http.client.HttpTransportPipe.createResponsePacket(HttpTransportPipe.java:227)
	at com.sun.xml.ws.transport.http.client.HttpTransportPipe.process(HttpTransportPipe.java:218)
	at com.sun.xml.ws.transport.http.client.HttpTransportPipe.processRequest(HttpTransportPipe.java:131)
	at com.sun.xml.ws.transport.DeferredTransportPipe.processRequest(DeferredTransportPipe.java:111)
	at com.sun.xml.ws.api.pipe.Fiber.__doRun(Fiber.java:1106)
	at com.sun.xml.ws.api.pipe.Fiber._doRun(Fiber.java:1020)
	at com.sun.xml.ws.api.pipe.Fiber.doRun(Fiber.java:989)
	at com.sun.xml.ws.api.pipe.Fiber.runSync(Fiber.java:847)
	at com.sun.xml.ws.client.Stub.process(Stub.java:431)
	at com.sun.xml.ws.client.sei.SEIStub.doProcess(SEIStub.java:160)
	at com.sun.xml.ws.client.sei.SyncMethodHandler.invoke(SyncMethodHandler.java:78)
	at com.sun.xml.ws.client.sei.SyncMethodHandler.invoke(SyncMethodHandler.java:62)
	at com.sun.xml.ws.client.sei.SEIStub.invoke(SEIStub.java:132)
	at jdk.proxy2/jdk.proxy2.$Proxy222.autorizacionComprobante(Unknown Source)
	at com.erp.sri_files.services.SendXmlToSriService.consultarAutorizacion(SendXmlToSriService.java:196)
	at com.erp.sri_files.services.SendXmlToSriService.consultarAutorizacion(SendXmlToSriService.java:180)
	at com.erp.sri_files.services.SriGateway.consultarAutorizacion(SriGateway.java:100)
	at com.erp.sri_files.scheduler.RecuperarDevueltasScheduler.recuperarFacturasDevueltas(RecuperarDevueltasScheduler.java:61)
	at java.base/jdk.internal.reflect.DirectMethodHandleAccessor.invoke(DirectMethodHandleAccessor.java:103)
	at java.base/java.lang.reflect.Method.invoke(Method.java:580)
	at org.springframework.scheduling.support.ScheduledMethodRunnable.runInternal(ScheduledMethodRunnable.java:130)
	at org.springframework.scheduling.support.ScheduledMethodRunnable.lambda$run$2(ScheduledMethodRunnable.java:124)
	at io.micrometer.observation.Observation.observe(Observation.java:498)
	at org.springframework.scheduling.support.ScheduledMethodRunnable.run(ScheduledMethodRunnable.java:124)
	at org.springframework.scheduling.config.Task$OutcomeTrackingRunnable.run(Task.java:85)
	at org.springframework.scheduling.support.DelegatingErrorHandlingRunnable.run(DelegatingErrorHandlingRunnable.java:54)
	at org.springframework.scheduling.concurrent.ReschedulingRunnable.run(ReschedulingRunnable.java:96)
	at java.base/java.util.concurrent.Executors$RunnableAdapter.call(Executors.java:572)
	at java.base/java.util.concurrent.FutureTask.run(FutureTask.java:317)
	at java.base/java.util.concurrent.ScheduledThreadPoolExecutor$ScheduledFutureTask.run(ScheduledThreadPoolExecutor.java:304)
	at java.base/java.util.concurrent.ThreadPoolExecutor.runWorker(ThreadPoolExecutor.java:1144)
	at java.base/java.util.concurrent.ThreadPoolExecutor$Worker.run(ThreadPoolExecutor.java:642)
	at java.base/java.lang.Thread.run(Thread.java:1583)
Caused by: javax.net.ssl.SSLHandshakeException: No subject alternative names matching IP address 181.113.227.222 found
	at java.base/sun.security.ssl.Alert.createSSLException(Alert.java:130)
	at java.base/sun.security.ssl.TransportContext.fatal(TransportContext.java:383)
	at java.base/sun.security.ssl.TransportContext.fatal(TransportContext.java:326)
	at java.base/sun.security.ssl.TransportContext.fatal(TransportContext.java:321)
	at java.base/sun.security.ssl.CertificateMessage$T12CertificateConsumer.checkServerCerts(CertificateMessage.java:647)
	at java.base/sun.security.ssl.CertificateMessage$T12CertificateConsumer.onCertificate(CertificateMessage.java:467)
	at java.base/sun.security.ssl.CertificateMessage$T12CertificateConsumer.consume(CertificateMessage.java:363)
	at java.base/sun.security.ssl.SSLHandshake.consume(SSLHandshake.java:393)
	at java.base/sun.security.ssl.HandshakeContext.dispatch(HandshakeContext.java:477)
	at java.base/sun.security.ssl.HandshakeContext.dispatch(HandshakeContext.java:448)
	at java.base/sun.security.ssl.TransportContext.dispatch(TransportContext.java:206)
	at java.base/sun.security.ssl.SSLTransport.decode(SSLTransport.java:172)
	at java.base/sun.security.ssl.SSLSocketImpl.decode(SSLSocketImpl.java:1506)
	at java.base/sun.security.ssl.SSLSocketImpl.readHandshakeRecord(SSLSocketImpl.java:1421)
	at java.base/sun.security.ssl.SSLSocketImpl.startHandshake(SSLSocketImpl.java:455)
	at java.base/sun.security.ssl.SSLSocketImpl.startHandshake(SSLSocketImpl.java:426)
	at java.base/sun.net.www.protocol.https.HttpsClient.afterConnect(HttpsClient.java:586)
	at java.base/sun.net.www.protocol.https.AbstractDelegateHttpsURLConnection.connect(AbstractDelegateHttpsURLConnection.java:187)
	at java.base/sun.net.www.protocol.http.HttpURLConnection.followRedirect0(HttpURLConnection.java:2914)
	at java.base/sun.net.www.protocol.http.HttpURLConnection.followRedirect(HttpURLConnection.java:2834)
	at java.base/sun.net.www.protocol.http.HttpURLConnection.getInputStream0(HttpURLConnection.java:1945)
	at java.base/sun.net.www.protocol.http.HttpURLConnection.getInputStream(HttpURLConnection.java:1615)
	at java.base/java.net.HttpURLConnection.getResponseCode(HttpURLConnection.java:531)
	at java.base/sun.net.www.protocol.https.HttpsURLConnectionImpl.getResponseCode(HttpsURLConnectionImpl.java:307)
	at com.sun.xml.ws.transport.http.client.HttpClientTransport.readResponseCodeAndMessage(HttpClientTransport.java:177)
	... 33 common frames omitted
Caused by: java.security.cert.CertificateException: No subject alternative names matching IP address 181.113.227.222 found
	at java.base/sun.security.util.HostnameChecker.matchIP(HostnameChecker.java:160)
	at java.base/sun.security.util.HostnameChecker.match(HostnameChecker.java:101)
	at java.base/sun.security.ssl.X509TrustManagerImpl.checkIdentity(X509TrustManagerImpl.java:466)
	at java.base/sun.security.ssl.X509TrustManagerImpl.checkIdentity(X509TrustManagerImpl.java:432)
	at java.base/sun.security.ssl.X509TrustManagerImpl.checkTrusted(X509TrustManagerImpl.java:237)
	at java.base/sun.security.ssl.X509TrustManagerImpl.checkServerTrusted(X509TrustManagerImpl.java:132)
	at java.base/sun.security.ssl.CertificateMessage$T12CertificateConsumer.checkServerCerts(CertificateMessage.java:631)
	... 53 common frames omitted
2026-08-25 21:55:18.661 [sri-files-scheduler-4] [] INFO  c.erp.sri_files.services.SriGateway - Consultando autorización SRI: 0505202601046002881000120020180003378908044154413 [requestId=null]
2026-08-25 21:55:18.724 [sri-files-scheduler-4] [] ERROR c.erp.sri_files.services.SriGateway - Error consultando autorización [requestId=null]
jakarta.xml.ws.WebServiceException: javax.net.ssl.SSLHandshakeException: No subject alternative names matching IP address 181.113.227.222 found
	at com.sun.xml.ws.transport.http.client.HttpClientTransport.readResponseCodeAndMessage(HttpClientTransport.java:181)
	at com.sun.xml.ws.transport.http.client.HttpTransportPipe.createResponsePacket(HttpTransportPipe.java:227)
	at com.sun.xml.ws.transport.http.client.HttpTransportPipe.process(HttpTransportPipe.java:218)
	at com.sun.xml.ws.transport.http.client.HttpTransportPipe.processRequest(HttpTransportPipe.java:131)
	at com.sun.xml.ws.transport.DeferredTransportPipe.processRequest(DeferredTransportPipe.java:111)
	at com.sun.xml.ws.api.pipe.Fiber.__doRun(Fiber.java:1106)
	at com.sun.xml.ws.api.pipe.Fiber._doRun(Fiber.java:1020)
	at com.sun.xml.ws.api.pipe.Fiber.doRun(Fiber.java:989)
	at com.sun.xml.ws.api.pipe.Fiber.runSync(Fiber.java:847)
	at com.sun.xml.ws.client.Stub.process(Stub.java:431)
	at com.sun.xml.ws.client.sei.SEIStub.doProcess(SEIStub.java:160)
	at com.sun.xml.ws.client.sei.SyncMethodHandler.invoke(SyncMethodHandler.java:78)
	at com.sun.xml.ws.client.sei.SyncMethodHandler.invoke(SyncMethodHandler.java:62)
	at com.sun.xml.ws.client.sei.SEIStub.invoke(SEIStub.java:132)
	at jdk.proxy2/jdk.proxy2.$Proxy222.autorizacionComprobante(Unknown Source)
	at com.erp.sri_files.services.SendXmlToSriService.consultarAutorizacion(SendXmlToSriService.java:196)
	at com.erp.sri_files.services.SendXmlToSriService.consultarAutorizacion(SendXmlToSriService.java:180)
	at com.erp.sri_files.services.SriGateway.consultarAutorizacion(SriGateway.java:100)
	at com.erp.sri_files.scheduler.RecuperarDevueltasScheduler.recuperarFacturasDevueltas(RecuperarDevueltasScheduler.java:61)
	at java.base/jdk.internal.reflect.DirectMethodHandleAccessor.invoke(DirectMethodHandleAccessor.java:103)
	at java.base/java.lang.reflect.Method.invoke(Method.java:580)
	at org.springframework.scheduling.support.ScheduledMethodRunnable.runInternal(ScheduledMethodRunnable.java:130)
	at org.springframework.scheduling.support.ScheduledMethodRunnable.lambda$run$2(ScheduledMethodRunnable.java:124)
	at io.micrometer.observation.Observation.observe(Observation.java:498)
	at org.springframework.scheduling.support.ScheduledMethodRunnable.run(ScheduledMethodRunnable.java:124)
	at org.springframework.scheduling.config.Task$OutcomeTrackingRunnable.run(Task.java:85)
	at org.springframework.scheduling.support.DelegatingErrorHandlingRunnable.run(DelegatingErrorHandlingRunnable.java:54)
	at org.springframework.scheduling.concurrent.ReschedulingRunnable.run(ReschedulingRunnable.java:96)
	at java.base/java.util.concurrent.Executors$RunnableAdapter.call(Executors.java:572)
	at java.base/java.util.concurrent.FutureTask.run(FutureTask.java:317)
	at java.base/java.util.concurrent.ScheduledThreadPoolExecutor$ScheduledFutureTask.run(ScheduledThreadPoolExecutor.java:304)
	at java.base/java.util.concurrent.ThreadPoolExecutor.runWorker(ThreadPoolExecutor.java:1144)
	at java.base/java.util.concurrent.ThreadPoolExecutor$Worker.run(ThreadPoolExecutor.java:642)
	at java.base/java.lang.Thread.run(Thread.java:1583)
Caused by: javax.net.ssl.SSLHandshakeException: No subject alternative names matching IP address 181.113.227.222 found
	at java.base/sun.security.ssl.Alert.createSSLException(Alert.java:130)
	at java.base/sun.security.ssl.TransportContext.fatal(TransportContext.java:383)
	at java.base/sun.security.ssl.TransportContext.fatal(TransportContext.java:326)
	at java.base/sun.security.ssl.TransportContext.fatal(TransportContext.java:321)
	at java.base/sun.security.ssl.CertificateMessage$T12CertificateConsumer.checkServerCerts(CertificateMessage.java:647)
	at java.base/sun.security.ssl.CertificateMessage$T12CertificateConsumer.onCertificate(CertificateMessage.java:467)
	at java.base/sun.security.ssl.CertificateMessage$T12CertificateConsumer.consume(CertificateMessage.java:363)
	at java.base/sun.security.ssl.SSLHandshake.consume(SSLHandshake.java:393)
	at java.base/sun.security.ssl.HandshakeContext.dispatch(HandshakeContext.java:477)
	at java.base/sun.security.ssl.HandshakeContext.dispatch(HandshakeContext.java:448)
	at java.base/sun.security.ssl.TransportContext.dispatch(TransportContext.java:206)
	at java.base/sun.security.ssl.SSLTransport.decode(SSLTransport.java:172)
	at java.base/sun.security.ssl.SSLSocketImpl.decode(SSLSocketImpl.java:1506)
	at java.base/sun.security.ssl.SSLSocketImpl.readHandshakeRecord(SSLSocketImpl.java:1421)
	at java.base/sun.security.ssl.SSLSocketImpl.startHandshake(SSLSocketImpl.java:455)
	at java.base/sun.security.ssl.SSLSocketImpl.startHandshake(SSLSocketImpl.java:426)
	at java.base/sun.net.www.protocol.https.HttpsClient.afterConnect(HttpsClient.java:586)
	at java.base/sun.net.www.protocol.https.AbstractDelegateHttpsURLConnection.connect(AbstractDelegateHttpsURLConnection.java:187)
	at java.base/sun.net.www.protocol.http.HttpURLConnection.followRedirect0(HttpURLConnection.java:2914)
	at java.base/sun.net.www.protocol.http.HttpURLConnection.followRedirect(HttpURLConnection.java:2834)
	at java.base/sun.net.www.protocol.http.HttpURLConnection.getInputStream0(HttpURLConnection.java:1945)
	at java.base/sun.net.www.protocol.http.HttpURLConnection.getInputStream(HttpURLConnection.java:1615)
	at java.base/java.net.HttpURLConnection.getResponseCode(HttpURLConnection.java:531)
	at java.base/sun.net.www.protocol.https.HttpsURLConnectionImpl.getResponseCode(HttpsURLConnectionImpl.java:307)
	at com.sun.xml.ws.transport.http.client.HttpClientTransport.readResponseCodeAndMessage(HttpClientTransport.java:177)
	... 33 common frames omitted
Caused by: java.security.cert.CertificateException: No subject alternative names matching IP address 181.113.227.222 found
	at java.base/sun.security.util.HostnameChecker.matchIP(HostnameChecker.java:160)
	at java.base/sun.security.util.HostnameChecker.match(HostnameChecker.java:101)
	at java.base/sun.security.ssl.X509TrustManagerImpl.checkIdentity(X509TrustManagerImpl.java:466)
	at java.base/sun.security.ssl.X509TrustManagerImpl.checkIdentity(X509TrustManagerImpl.java:432)
	at java.base/sun.security.ssl.X509TrustManagerImpl.checkTrusted(X509TrustManagerImpl.java:237)
	at java.base/sun.security.ssl.X509TrustManagerImpl.checkServerTrusted(X509TrustManagerImpl.java:132)
	at java.base/sun.security.ssl.CertificateMessage$T12CertificateConsumer.checkServerCerts(CertificateMessage.java:631)
	... 53 common frames omitted
2026-08-25 21:55:19.661 [sri-files-scheduler-4] [] INFO  c.e.s.s.RecuperarDevueltasScheduler - [SCHEDULER] FIN recuperación devueltas | detectadas=20 | recuperadas=0 | pendientes=20 | fallidas=0 | duracionMs=19647
2026-08-25 21:56:00.000 [sri-files-scheduler-1] [] INFO  c.e.s.services.EnvioSriBatchService - [SCHEDULER][sri-files-scheduler-1] INICIO automatizacionEnvioFacturasElectonicas @ 2026-08-25T21:56:00.000375200
2026-08-25 21:56:00.001 [sri-files-scheduler-1] [] INFO  c.e.s.services.EnvioSriBatchService - Ejecutando envio de facturas at=2026-08-25T21:56:00.001381800
2026-08-25 21:56:00.004 [sri-files-scheduler-3] [] INFO  c.e.s.batch.BatchJobScheduler - Batch automático ejecutado: tipo=ENVIAR_CORREO uuid=295b2dea-71cb-42bb-bfc6-6d817319ed9d
2026-08-25 21:56:00.004 [task-2] [295b2dea-71cb-42bb-bfc6-6d817319ed9d] INFO  c.e.s.batch.BatchProcessorService - Iniciando batch job 295b2dea-71cb-42bb-bfc6-6d817319ed9d tipo=ENVIAR_CORREO [batchJob=295b2dea-71cb-42bb-bfc6-6d817319ed9d]
2026-08-25 21:56:00.009 [sri-files-scheduler-4] [] INFO  c.e.s.s.NuevoDocumentoScheduler - [SCHEDULER][V1] INICIO envío pendientes @ 2026-08-25T21:56:00.009218300
2026-08-25 21:56:00.009 [task-2] [295b2dea-71cb-42bb-bfc6-6d817319ed9d] INFO  c.e.s.batch.BatchProcessorService - Documentos encontrados: 0 [batchJob=295b2dea-71cb-42bb-bfc6-6d817319ed9d]
2026-08-25 21:56:00.009 [task-2] [295b2dea-71cb-42bb-bfc6-6d817319ed9d] INFO  c.e.s.batch.BatchProcessorService - Batch job 295b2dea-71cb-42bb-bfc6-6d817319ed9d completado: Procesados: 0, Exitosos: 0, Fallidos: 0 [batchJob=295b2dea-71cb-42bb-bfc6-6d817319ed9d]
2026-08-25 21:56:00.020 [sri-files-scheduler-3] [] INFO  c.e.s.batch.BatchJobScheduler - Batch automático ejecutado: tipo=ENVIAR_SRI uuid=7612de14-0186-4dc1-b487-3f1fc046f472
2026-08-25 21:56:00.021 [task-3] [7612de14-0186-4dc1-b487-3f1fc046f472] INFO  c.e.s.batch.BatchProcessorService - Iniciando batch job 7612de14-0186-4dc1-b487-3f1fc046f472 tipo=ENVIAR_SRI [batchJob=7612de14-0186-4dc1-b487-3f1fc046f472]
2026-08-25 21:56:00.025 [sri-files-scheduler-4] [] INFO  c.e.s.s.NuevoDocumentoScheduler - [SCHEDULER][V1] FIN envío | detectados=0 | exitosos=0 | fallidos=0 | duracionMs=16
2026-08-25 21:56:00.025 [task-3] [7612de14-0186-4dc1-b487-3f1fc046f472] INFO  c.e.s.batch.BatchProcessorService - Documentos encontrados: 0 [batchJob=7612de14-0186-4dc1-b487-3f1fc046f472]
2026-08-25 21:56:00.026 [task-3] [7612de14-0186-4dc1-b487-3f1fc046f472] INFO  c.e.s.batch.BatchProcessorService - Batch job 7612de14-0186-4dc1-b487-3f1fc046f472 completado: Procesados: 0, Exitosos: 0, Fallidos: 0 [batchJob=7612de14-0186-4dc1-b487-3f1fc046f472]
2026-08-25 21:56:01.167 [sri-files-scheduler-1] [] INFO  c.e.s.services.EnvioSriBatchService - No hay facturas pendientes estado=I
2026-08-25 21:56:01.167 [sri-files-scheduler-1] [] INFO  c.e.s.services.EnvioSriBatchService - [SCHEDULER][sri-files-scheduler-1] FIN automatizacionEnvioFacturasElectonicas | detectados=0 | exitosas=0 | fallidas=0 | duracionMs=1167
2026-08-25 21:57:00.006 [sri-files-scheduler-3] [] INFO  c.e.s.s.NuevoDocumentoScheduler - [SCHEDULER][V1] INICIO envío pendientes @ 2026-08-25T21:57:00.006555
2026-08-25 21:57:00.006 [sri-files-scheduler-1] [] INFO  c.e.s.services.EnvioSriBatchService - [SCHEDULER][sri-files-scheduler-1] INICIO automatizacionEnvioFacturasElectonicas @ 2026-08-25T21:57:00.006555
2026-08-25 21:57:00.007 [sri-files-scheduler-1] [] INFO  c.e.s.services.EnvioSriBatchService - Ejecutando envio de facturas at=2026-08-25T21:57:00.007918600
2026-08-25 21:57:00.008 [sri-files-scheduler-3] [] INFO  c.e.s.s.NuevoDocumentoScheduler - [SCHEDULER][V1] FIN envío | detectados=0 | exitosos=0 | fallidos=0 | duracionMs=2
2026-08-25 21:57:00.026 [sri-files-scheduler-4] [] INFO  c.e.s.batch.BatchJobScheduler - Batch automático ejecutado: tipo=CONSULTAR_AUTORIZACION uuid=994abec4-2d7b-43a8-b259-4e225b66b59c
2026-08-25 21:57:00.027 [task-4] [994abec4-2d7b-43a8-b259-4e225b66b59c] INFO  c.e.s.batch.BatchProcessorService - Iniciando batch job 994abec4-2d7b-43a8-b259-4e225b66b59c tipo=CONSULTAR_AUTORIZACION [batchJob=994abec4-2d7b-43a8-b259-4e225b66b59c]
2026-08-25 21:57:00.029 [task-4] [994abec4-2d7b-43a8-b259-4e225b66b59c] INFO  c.e.s.batch.BatchProcessorService - Documentos encontrados: 0 [batchJob=994abec4-2d7b-43a8-b259-4e225b66b59c]
2026-08-25 21:57:00.029 [task-4] [994abec4-2d7b-43a8-b259-4e225b66b59c] INFO  c.e.s.batch.BatchProcessorService - Batch job 994abec4-2d7b-43a8-b259-4e225b66b59c completado: Procesados: 0, Exitosos: 0, Fallidos: 0 [batchJob=994abec4-2d7b-43a8-b259-4e225b66b59c]
2026-08-25 21:57:01.037 [sri-files-scheduler-1] [] INFO  c.e.s.services.EnvioSriBatchService - No hay facturas pendientes estado=I
2026-08-25 21:57:01.037 [sri-files-scheduler-1] [] INFO  c.e.s.services.EnvioSriBatchService - [SCHEDULER][sri-files-scheduler-1] FIN automatizacionEnvioFacturasElectonicas | detectados=0 | exitosas=0 | fallidas=0 | duracionMs=1031
2026-08-25 21:57:30.001 [sri-files-scheduler-3] [] INFO  c.e.s.s.NuevoDocumentoScheduler - [SCHEDULER][V1] INICIO recuperación autorizaciones @ 2026-08-25T21:57:30.001714700
2026-08-25 21:57:30.003 [sri-files-scheduler-3] [] INFO  c.e.s.s.NuevoDocumentoScheduler - [SCHEDULER][V1] FIN recuperación | detectados=0 | autorizados=0 | pendientes=0 | duracionMs=2
2026-08-25 21:58:00.000 [sri-files-scheduler-4] [] INFO  c.e.s.services.EnvioSriBatchService - [SCHEDULER][sri-files-scheduler-4] INICIO automatizacionEnvioFacturasElectonicas @ 2026-08-25T21:58:00.000315800
2026-08-25 21:58:00.001 [sri-files-scheduler-4] [] INFO  c.e.s.services.EnvioSriBatchService - Ejecutando envio de facturas at=2026-08-25T21:58:00.001493900
2026-08-25 21:58:00.001 [sri-files-scheduler-3] [] INFO  c.e.s.s.NuevoDocumentoScheduler - [SCHEDULER][V1] INICIO envío pendientes @ 2026-08-25T21:58:00.001493900
2026-08-25 21:58:00.003 [sri-files-scheduler-3] [] INFO  c.e.s.s.NuevoDocumentoScheduler - [SCHEDULER][V1] FIN envío | detectados=0 | exitosos=0 | fallidos=0 | duracionMs=2
2026-08-25 21:58:00.019 [sri-files-scheduler-1] [] INFO  c.e.s.batch.BatchJobScheduler - Batch automático ejecutado: tipo=ENVIAR_SRI uuid=e1db3d52-d97c-47b5-97d1-d2f8b2d244b8
2026-08-25 21:58:00.022 [task-5] [e1db3d52-d97c-47b5-97d1-d2f8b2d244b8] INFO  c.e.s.batch.BatchProcessorService - Iniciando batch job e1db3d52-d97c-47b5-97d1-d2f8b2d244b8 tipo=ENVIAR_SRI [batchJob=e1db3d52-d97c-47b5-97d1-d2f8b2d244b8]
2026-08-25 21:58:00.024 [task-5] [e1db3d52-d97c-47b5-97d1-d2f8b2d244b8] INFO  c.e.s.batch.BatchProcessorService - Documentos encontrados: 0 [batchJob=e1db3d52-d97c-47b5-97d1-d2f8b2d244b8]
2026-08-25 21:58:00.024 [task-5] [e1db3d52-d97c-47b5-97d1-d2f8b2d244b8] INFO  c.e.s.batch.BatchProcessorService - Batch job e1db3d52-d97c-47b5-97d1-d2f8b2d244b8 completado: Procesados: 0, Exitosos: 0, Fallidos: 0 [batchJob=e1db3d52-d97c-47b5-97d1-d2f8b2d244b8]
2026-08-25 21:58:01.226 [sri-files-scheduler-4] [] INFO  c.e.s.services.EnvioSriBatchService - No hay facturas pendientes estado=I
2026-08-25 21:58:01.226 [sri-files-scheduler-4] [] INFO  c.e.s.services.EnvioSriBatchService - [SCHEDULER][sri-files-scheduler-4] FIN automatizacionEnvioFacturasElectonicas | detectados=0 | exitosas=0 | fallidas=0 | duracionMs=1226
2026-08-25 21:59:00.000 [sri-files-scheduler-3] [] INFO  c.e.s.s.NuevoDocumentoScheduler - [SCHEDULER][V1] INICIO envío pendientes @ 2026-08-25T21:59:00.000633500
2026-08-25 21:59:00.000 [sri-files-scheduler-1] [] INFO  c.e.s.services.EnvioSriBatchService - [SCHEDULER][sri-files-scheduler-1] INICIO automatizacionEnvioFacturasElectonicas @ 2026-08-25T21:59:00.000633500
2026-08-25 21:59:00.000 [sri-files-scheduler-1] [] INFO  c.e.s.services.EnvioSriBatchService - Ejecutando envio de facturas at=2026-08-25T21:59:00.000633500
2026-08-25 21:59:00.001 [sri-files-scheduler-3] [] INFO  c.e.s.s.NuevoDocumentoScheduler - [SCHEDULER][V1] FIN envío | detectados=0 | exitosos=0 | fallidos=0 | duracionMs=1
2026-08-25 21:59:01.138 [sri-files-scheduler-1] [] INFO  c.e.s.services.EnvioSriBatchService - No hay facturas pendientes estado=I
2026-08-25 21:59:01.138 [sri-files-scheduler-1] [] INFO  c.e.s.services.EnvioSriBatchService - [SCHEDULER][sri-files-scheduler-1] FIN automatizacionEnvioFacturasElectonicas | detectados=0 | exitosas=0 | fallidas=0 | duracionMs=1138
2026-08-25 22:00:00.000 [sri-files-scheduler-4] [] INFO  c.e.s.s.RecuperarDevueltasScheduler - [SCHEDULER] INICIO recuperación facturas estado M @ 2026-08-25T22:00:00.000614100
2026-08-25 22:00:00.000 [sri-files-scheduler-1] [] INFO  c.e.s.s.NuevoDocumentoScheduler - [SCHEDULER][V1] INICIO envío pendientes @ 2026-08-25T22:00:00.000614100
2026-08-25 22:00:00.002 [sri-files-scheduler-1] [] INFO  c.e.s.s.NuevoDocumentoScheduler - [SCHEDULER][V1] FIN envío | detectados=0 | exitosos=0 | fallidos=0 | duracionMs=2
2026-08-25 22:00:00.006 [sri-files-scheduler-3] [] INFO  c.e.s.batch.BatchJobScheduler - Batch automático ejecutado: tipo=ENVIAR_SRI uuid=f8a055fb-5214-4d2a-aad8-ad5475514f29
2026-08-25 22:00:00.008 [task-6] [f8a055fb-5214-4d2a-aad8-ad5475514f29] INFO  c.e.s.batch.BatchProcessorService - Iniciando batch job f8a055fb-5214-4d2a-aad8-ad5475514f29 tipo=ENVIAR_SRI [batchJob=f8a055fb-5214-4d2a-aad8-ad5475514f29]
2026-08-25 22:00:00.008 [sri-files-scheduler-4] [] INFO  c.erp.sri_files.services.SriGateway - Consultando autorización SRI: 0402202601046002881000120010110001801007801811211 [requestId=null]
2026-08-25 22:00:00.008 [sri-files-scheduler-1] [] INFO  c.e.s.batch.BatchJobScheduler - Batch automático ejecutado: tipo=REINTENTAR_FALLIDOS uuid=3f46567e-dcb4-4b3a-8c2c-8b0038580ff9
2026-08-25 22:00:00.010 [sri-files-scheduler-3] [] INFO  c.e.s.batch.BatchJobScheduler - Batch automático ejecutado: tipo=ENVIAR_CORREO uuid=533c6d08-29a3-4428-a27e-ba7df49ec46b
2026-08-25 22:00:00.010 [task-6] [f8a055fb-5214-4d2a-aad8-ad5475514f29] INFO  c.e.s.batch.BatchProcessorService - Documentos encontrados: 0 [batchJob=f8a055fb-5214-4d2a-aad8-ad5475514f29]
2026-08-25 22:00:00.011 [task-6] [f8a055fb-5214-4d2a-aad8-ad5475514f29] INFO  c.e.s.batch.BatchProcessorService - Batch job f8a055fb-5214-4d2a-aad8-ad5475514f29 completado: Procesados: 0, Exitosos: 0, Fallidos: 0 [batchJob=f8a055fb-5214-4d2a-aad8-ad5475514f29]
2026-08-25 22:00:00.011 [sri-files-scheduler-3] [] INFO  c.e.s.services.EnvioSriBatchService - [SCHEDULER][sri-files-scheduler-3] INICIO automatizacionEnvioFacturasElectonicas @ 2026-08-25T22:00:00.011620100
2026-08-25 22:00:00.011 [sri-files-scheduler-3] [] INFO  c.e.s.services.EnvioSriBatchService - Ejecutando envio de facturas at=2026-08-25T22:00:00.011620100
2026-08-25 22:00:00.012 [task-8] [533c6d08-29a3-4428-a27e-ba7df49ec46b] INFO  c.e.s.batch.BatchProcessorService - Iniciando batch job 533c6d08-29a3-4428-a27e-ba7df49ec46b tipo=ENVIAR_CORREO [batchJob=533c6d08-29a3-4428-a27e-ba7df49ec46b]
2026-08-25 22:00:00.012 [task-7] [3f46567e-dcb4-4b3a-8c2c-8b0038580ff9] INFO  c.e.s.batch.BatchProcessorService - Iniciando batch job 3f46567e-dcb4-4b3a-8c2c-8b0038580ff9 tipo=REINTENTAR_FALLIDOS [batchJob=3f46567e-dcb4-4b3a-8c2c-8b0038580ff9]
2026-08-25 22:00:00.013 [sri-files-scheduler-1] [] INFO  c.e.s.batch.BatchJobScheduler - Batch automático ejecutado: tipo=CONSULTAR_AUTORIZACION uuid=abe4201c-abec-4cdb-892b-a6b73bc7b8d6
2026-08-25 22:00:00.014 [task-8] [533c6d08-29a3-4428-a27e-ba7df49ec46b] INFO  c.e.s.batch.BatchProcessorService - Documentos encontrados: 0 [batchJob=533c6d08-29a3-4428-a27e-ba7df49ec46b]
2026-08-25 22:00:00.014 [task-7] [3f46567e-dcb4-4b3a-8c2c-8b0038580ff9] INFO  c.e.s.batch.BatchProcessorService - Documentos encontrados: 0 [batchJob=3f46567e-dcb4-4b3a-8c2c-8b0038580ff9]
2026-08-25 22:00:00.015 [task-9] [abe4201c-abec-4cdb-892b-a6b73bc7b8d6] INFO  c.e.s.batch.BatchProcessorService - Iniciando batch job abe4201c-abec-4cdb-892b-a6b73bc7b8d6 tipo=CONSULTAR_AUTORIZACION [batchJob=abe4201c-abec-4cdb-892b-a6b73bc7b8d6]
2026-08-25 22:00:00.015 [task-7] [3f46567e-dcb4-4b3a-8c2c-8b0038580ff9] INFO  c.e.s.batch.BatchProcessorService - Batch job 3f46567e-dcb4-4b3a-8c2c-8b0038580ff9 completado: Procesados: 0, Exitosos: 0, Fallidos: 0 [batchJob=3f46567e-dcb4-4b3a-8c2c-8b0038580ff9]
2026-08-25 22:00:00.015 [task-8] [533c6d08-29a3-4428-a27e-ba7df49ec46b] INFO  c.e.s.batch.BatchProcessorService - Batch job 533c6d08-29a3-4428-a27e-ba7df49ec46b completado: Procesados: 0, Exitosos: 0, Fallidos: 0 [batchJob=533c6d08-29a3-4428-a27e-ba7df49ec46b]
2026-08-25 22:00:00.017 [task-9] [abe4201c-abec-4cdb-892b-a6b73bc7b8d6] INFO  c.e.s.batch.BatchProcessorService - Documentos encontrados: 0 [batchJob=abe4201c-abec-4cdb-892b-a6b73bc7b8d6]
2026-08-25 22:00:00.018 [task-9] [abe4201c-abec-4cdb-892b-a6b73bc7b8d6] INFO  c.e.s.batch.BatchProcessorService - Batch job abe4201c-abec-4cdb-892b-a6b73bc7b8d6 completado: Procesados: 0, Exitosos: 0, Fallidos: 0 [batchJob=abe4201c-abec-4cdb-892b-a6b73bc7b8d6]
2026-08-25 22:00:00.133 [sri-files-scheduler-4] [] WARN  c.erp.sri_files.services.SriGateway - Comprobante NO AUTORIZADO: estado=NO AUTORIZADO
2026-08-25 22:00:00.594 [sri-files-scheduler-4] [] INFO  c.erp.sri_files.services.SriGateway - Consultando autorización SRI: 1803202601046002881000120020180003334834148871315 [requestId=null]
2026-08-25 22:00:01.344 [sri-files-scheduler-3] [] INFO  c.e.s.services.EnvioSriBatchService - No hay facturas pendientes estado=I
2026-08-25 22:00:01.345 [sri-files-scheduler-3] [] INFO  c.e.s.services.EnvioSriBatchService - [SCHEDULER][sri-files-scheduler-3] FIN automatizacionEnvioFacturasElectonicas | detectados=0 | exitosas=0 | fallidas=0 | duracionMs=1334
2026-08-25 22:00:01.984 [sri-files-scheduler-4] [] INFO  c.erp.sri_files.services.SriGateway - Consultando autorización SRI: 0707202601046002881000120020180003453319122478610 [requestId=null]
2026-08-25 22:00:02.950 [sri-files-scheduler-4] [] INFO  c.erp.sri_files.services.SriGateway - Consultando autorización SRI: 3006202601046002881000120020180003446435996697415 [requestId=null]
2026-08-25 22:00:03.907 [sri-files-scheduler-4] [] INFO  c.erp.sri_files.services.SriGateway - Consultando autorización SRI: 3006202601046002881000120020180003446449840524414 [requestId=null]
2026-08-25 22:00:04.953 [sri-files-scheduler-4] [] INFO  c.erp.sri_files.services.SriGateway - Consultando autorización SRI: 2511202501046002881000120020180003236186262015417 [requestId=null]
2026-08-25 22:00:06.170 [sri-files-scheduler-4] [] INFO  c.erp.sri_files.services.SriGateway - Consultando autorización SRI: 1512202501046002881000120020180003259558447927212 [requestId=null]
2026-08-25 22:00:07.432 [sri-files-scheduler-4] [] INFO  c.erp.sri_files.services.SriGateway - Consultando autorización SRI: 1512202501046002881000120020180003259561486507213 [requestId=null]
2026-08-25 22:00:08.529 [sri-files-scheduler-4] [] INFO  c.erp.sri_files.services.SriGateway - Consultando autorización SRI: 1901202601046002881000120020390000000975707070619 [requestId=null]
2026-08-25 22:00:10.350 [sri-files-scheduler-4] [] INFO  c.erp.sri_files.services.SriGateway - Consultando autorización SRI: 1901202601046002881000120020390000000985491813013 [requestId=null]
2026-08-25 22:00:11.841 [sri-files-scheduler-4] [] INFO  c.erp.sri_files.services.SriGateway - Consultando autorización SRI: 2402202601046002881000120020180003308941834880614 [requestId=null]
2026-08-25 22:00:12.944 [sri-files-scheduler-4] [] INFO  c.erp.sri_files.services.SriGateway - Consultando autorización SRI: 2402202601046002881000120020180003308953168434211 [requestId=null]
2026-08-25 22:00:14.370 [sri-files-scheduler-4] [] INFO  c.erp.sri_files.services.SriGateway - Consultando autorización SRI: 2303202601046002881000120020180003339695799320111 [requestId=null]
2026-08-25 22:00:15.606 [sri-files-scheduler-4] [] INFO  c.erp.sri_files.services.SriGateway - Consultando autorización SRI: 2303202601046002881000120020180003339702845290717 [requestId=null]
2026-08-25 22:00:16.516 [sri-files-scheduler-4] [] INFO  c.erp.sri_files.services.SriGateway - Consultando autorización SRI: 3103202601046002881000120020180003347568332452115 [requestId=null]
2026-08-25 22:00:18.373 [sri-files-scheduler-4] [] INFO  c.erp.sri_files.services.SriGateway - Consultando autorización SRI: 3103202601046002881000120020180003347579695942817 [requestId=null]
2026-08-25 22:00:19.587 [sri-files-scheduler-4] [] INFO  c.erp.sri_files.services.SriGateway - Consultando autorización SRI: 1304202601046002881000120020180003362416429019711 [requestId=null]
2026-08-25 22:00:20.587 [sri-files-scheduler-4] [] INFO  c.erp.sri_files.services.SriGateway - Consultando autorización SRI: 1304202601046002881000120020180003362426099545318 [requestId=null]
2026-08-25 22:00:21.987 [sri-files-scheduler-4] [] INFO  c.erp.sri_files.services.SriGateway - Consultando autorización SRI: 0505202601046002881000120020180003378897236678813 [requestId=null]
2026-08-25 22:00:23.207 [sri-files-scheduler-4] [] INFO  c.erp.sri_files.services.SriGateway - Consultando autorización SRI: 0505202601046002881000120020180003378908044154413 [requestId=null]
2026-08-25 22:00:24.376 [sri-files-scheduler-4] [] INFO  c.e.s.s.RecuperarDevueltasScheduler - [SCHEDULER] FIN recuperación devueltas | detectadas=20 | recuperadas=0 | pendientes=20 | fallidas=0 | duracionMs=24376
2026-08-25 22:00:30.001 [sri-files-scheduler-1] [] INFO  c.e.s.s.NuevoDocumentoScheduler - [SCHEDULER][V1] INICIO recuperación autorizaciones @ 2026-08-25T22:00:30.001072400
2026-08-25 22:00:30.002 [sri-files-scheduler-1] [] INFO  c.e.s.s.NuevoDocumentoScheduler - [SCHEDULER][V1] FIN recuperación | detectados=0 | autorizados=0 | pendientes=0 | duracionMs=1
2026-08-25 22:01:00.000 [sri-files-scheduler-4] [] INFO  c.e.s.s.NuevoDocumentoScheduler - [SCHEDULER][V1] INICIO envío pendientes @ 2026-08-25T22:01:00.000967100
2026-08-25 22:01:00.000 [sri-files-scheduler-3] [] INFO  c.e.s.services.EnvioSriBatchService - [SCHEDULER][sri-files-scheduler-3] INICIO automatizacionEnvioFacturasElectonicas @ 2026-08-25T22:01:00.000967100
2026-08-25 22:01:00.000 [sri-files-scheduler-3] [] INFO  c.e.s.services.EnvioSriBatchService - Ejecutando envio de facturas at=2026-08-25T22:01:00.000967100
2026-08-25 22:01:00.002 [sri-files-scheduler-4] [] INFO  c.e.s.s.NuevoDocumentoScheduler - [SCHEDULER][V1] FIN envío | detectados=0 | exitosos=0 | fallidos=0 | duracionMs=2
2026-08-25 22:01:01.309 [sri-files-scheduler-3] [] INFO  c.e.s.services.EnvioSriBatchService - No hay facturas pendientes estado=I
2026-08-25 22:01:01.309 [sri-files-scheduler-3] [] INFO  c.e.s.services.EnvioSriBatchService - [SCHEDULER][sri-files-scheduler-3] FIN automatizacionEnvioFacturasElectonicas | detectados=0 | exitosas=0 | fallidas=0 | duracionMs=1309
2026-08-25 22:02:00.000 [sri-files-scheduler-4] [] INFO  c.e.s.s.NuevoDocumentoScheduler - [SCHEDULER][V1] INICIO envío pendientes @ 2026-08-25T22:02:00.000522700
2026-08-25 22:02:00.002 [sri-files-scheduler-4] [] INFO  c.e.s.s.NuevoDocumentoScheduler - [SCHEDULER][V1] FIN envío | detectados=0 | exitosos=0 | fallidos=0 | duracionMs=2
2026-08-25 22:02:00.002 [sri-files-scheduler-3] [] INFO  c.e.s.services.EnvioSriBatchService - [SCHEDULER][sri-files-scheduler-3] INICIO automatizacionEnvioFacturasElectonicas @ 2026-08-25T22:02:00.002246300
2026-08-25 22:02:00.002 [sri-files-scheduler-3] [] INFO  c.e.s.services.EnvioSriBatchService - Ejecutando envio de facturas at=2026-08-25T22:02:00.002246300
2026-08-25 22:02:00.006 [sri-files-scheduler-1] [] INFO  c.e.s.batch.BatchJobScheduler - Batch automático ejecutado: tipo=ENVIAR_SRI uuid=be1d8379-5fe9-4847-93fa-5609572d2211
2026-08-25 22:02:00.009 [task-10] [be1d8379-5fe9-4847-93fa-5609572d2211] INFO  c.e.s.batch.BatchProcessorService - Iniciando batch job be1d8379-5fe9-4847-93fa-5609572d2211 tipo=ENVIAR_SRI [batchJob=be1d8379-5fe9-4847-93fa-5609572d2211]
2026-08-25 22:02:00.012 [task-10] [be1d8379-5fe9-4847-93fa-5609572d2211] INFO  c.e.s.batch.BatchProcessorService - Documentos encontrados: 0 [batchJob=be1d8379-5fe9-4847-93fa-5609572d2211]
2026-08-25 22:02:00.013 [task-10] [be1d8379-5fe9-4847-93fa-5609572d2211] INFO  c.e.s.batch.BatchProcessorService - Batch job be1d8379-5fe9-4847-93fa-5609572d2211 completado: Procesados: 0, Exitosos: 0, Fallidos: 0 [batchJob=be1d8379-5fe9-4847-93fa-5609572d2211]
2026-08-25 22:02:01.135 [sri-files-scheduler-3] [] INFO  c.e.s.services.EnvioSriBatchService - No hay facturas pendientes estado=I
2026-08-25 22:02:01.136 [sri-files-scheduler-3] [] INFO  c.e.s.services.EnvioSriBatchService - [SCHEDULER][sri-files-scheduler-3] FIN automatizacionEnvioFacturasElectonicas | detectados=0 | exitosas=0 | fallidas=0 | duracionMs=1134
2026-08-25 22:03:00.012 [sri-files-scheduler-1] [] INFO  c.e.s.s.NuevoDocumentoScheduler - [SCHEDULER][V1] INICIO envío pendientes @ 2026-08-25T22:03:00.012677
2026-08-25 22:03:00.012 [sri-files-scheduler-3] [] INFO  c.e.s.services.EnvioSriBatchService - [SCHEDULER][sri-files-scheduler-3] INICIO automatizacionEnvioFacturasElectonicas @ 2026-08-25T22:03:00.012677
2026-08-25 22:03:00.014 [sri-files-scheduler-3] [] INFO  c.e.s.services.EnvioSriBatchService - Ejecutando envio de facturas at=2026-08-25T22:03:00.014676300
2026-08-25 22:03:00.016 [sri-files-scheduler-1] [] INFO  c.e.s.s.NuevoDocumentoScheduler - [SCHEDULER][V1] FIN envío | detectados=0 | exitosos=0 | fallidos=0 | duracionMs=4
2026-08-25 22:03:00.020 [sri-files-scheduler-4] [] INFO  c.e.s.batch.BatchJobScheduler - Batch automático ejecutado: tipo=CONSULTAR_AUTORIZACION uuid=0eefa683-d64e-462e-9b33-f58aa5b1fd93
2026-08-25 22:03:00.022 [task-11] [0eefa683-d64e-462e-9b33-f58aa5b1fd93] INFO  c.e.s.batch.BatchProcessorService - Iniciando batch job 0eefa683-d64e-462e-9b33-f58aa5b1fd93 tipo=CONSULTAR_AUTORIZACION [batchJob=0eefa683-d64e-462e-9b33-f58aa5b1fd93]
2026-08-25 22:03:00.026 [task-11] [0eefa683-d64e-462e-9b33-f58aa5b1fd93] INFO  c.e.s.batch.BatchProcessorService - Documentos encontrados: 0 [batchJob=0eefa683-d64e-462e-9b33-f58aa5b1fd93]
2026-08-25 22:03:00.026 [task-11] [0eefa683-d64e-462e-9b33-f58aa5b1fd93] INFO  c.e.s.batch.BatchProcessorService - Batch job 0eefa683-d64e-462e-9b33-f58aa5b1fd93 completado: Procesados: 0, Exitosos: 0, Fallidos: 0 [batchJob=0eefa683-d64e-462e-9b33-f58aa5b1fd93]
2026-08-25 22:03:01.348 [sri-files-scheduler-3] [] INFO  c.e.s.services.EnvioSriBatchService - No hay facturas pendientes estado=I
2026-08-25 22:03:01.348 [sri-files-scheduler-3] [] INFO  c.e.s.services.EnvioSriBatchService - [SCHEDULER][sri-files-scheduler-3] FIN automatizacionEnvioFacturasElectonicas | detectados=0 | exitosas=0 | fallidas=0 | duracionMs=1336
2026-08-25 22:03:30.013 [sri-files-scheduler-1] [] INFO  c.e.s.s.NuevoDocumentoScheduler - [SCHEDULER][V1] INICIO recuperación autorizaciones @ 2026-08-25T22:03:30.013076800
2026-08-25 22:03:30.015 [sri-files-scheduler-1] [] INFO  c.e.s.s.NuevoDocumentoScheduler - [SCHEDULER][V1] FIN recuperación | detectados=0 | autorizados=0 | pendientes=0 | duracionMs=1
2026-08-25 22:04:00.000 [sri-files-scheduler-4] [] INFO  c.e.s.s.NuevoDocumentoScheduler - [SCHEDULER][V1] INICIO envío pendientes @ 2026-08-25T22:04:00.000475800
2026-08-25 22:04:00.000 [sri-files-scheduler-1] [] INFO  c.e.s.services.EnvioSriBatchService - [SCHEDULER][sri-files-scheduler-1] INICIO automatizacionEnvioFacturasElectonicas @ 2026-08-25T22:04:00.000475800
2026-08-25 22:04:00.001 [sri-files-scheduler-1] [] INFO  c.e.s.services.EnvioSriBatchService - Ejecutando envio de facturas at=2026-08-25T22:04:00.001475500
2026-08-25 22:04:00.004 [sri-files-scheduler-4] [] INFO  c.e.s.s.NuevoDocumentoScheduler - [SCHEDULER][V1] FIN envío | detectados=0 | exitosos=0 | fallidos=0 | duracionMs=4
2026-08-25 22:04:00.008 [sri-files-scheduler-4] [] INFO  c.e.s.batch.BatchJobScheduler - Batch automático ejecutado: tipo=ENVIAR_CORREO uuid=ee90b0e2-1f1d-4a79-a88d-35f1dd40c80d
2026-08-25 22:04:00.010 [task-12] [ee90b0e2-1f1d-4a79-a88d-35f1dd40c80d] INFO  c.e.s.batch.BatchProcessorService - Iniciando batch job ee90b0e2-1f1d-4a79-a88d-35f1dd40c80d tipo=ENVIAR_CORREO [batchJob=ee90b0e2-1f1d-4a79-a88d-35f1dd40c80d]
2026-08-25 22:04:00.012 [task-12] [ee90b0e2-1f1d-4a79-a88d-35f1dd40c80d] INFO  c.e.s.batch.BatchProcessorService - Documentos encontrados: 0 [batchJob=ee90b0e2-1f1d-4a79-a88d-35f1dd40c80d]
2026-08-25 22:04:00.012 [task-12] [ee90b0e2-1f1d-4a79-a88d-35f1dd40c80d] INFO  c.e.s.batch.BatchProcessorService - Batch job ee90b0e2-1f1d-4a79-a88d-35f1dd40c80d completado: Procesados: 0, Exitosos: 0, Fallidos: 0 [batchJob=ee90b0e2-1f1d-4a79-a88d-35f1dd40c80d]
2026-08-25 22:04:00.017 [sri-files-scheduler-3] [] INFO  c.e.s.batch.BatchJobScheduler - Batch automático ejecutado: tipo=ENVIAR_SRI uuid=abe6684d-627e-4a08-a574-1065bc6a7bc6
2026-08-25 22:04:00.018 [task-13] [abe6684d-627e-4a08-a574-1065bc6a7bc6] INFO  c.e.s.batch.BatchProcessorService - Iniciando batch job abe6684d-627e-4a08-a574-1065bc6a7bc6 tipo=ENVIAR_SRI [batchJob=abe6684d-627e-4a08-a574-1065bc6a7bc6]
2026-08-25 22:04:00.020 [task-13] [abe6684d-627e-4a08-a574-1065bc6a7bc6] INFO  c.e.s.batch.BatchProcessorService - Documentos encontrados: 0 [batchJob=abe6684d-627e-4a08-a574-1065bc6a7bc6]
2026-08-25 22:04:00.021 [task-13] [abe6684d-627e-4a08-a574-1065bc6a7bc6] INFO  c.e.s.batch.BatchProcessorService - Batch job abe6684d-627e-4a08-a574-1065bc6a7bc6 completado: Procesados: 0, Exitosos: 0, Fallidos: 0 [batchJob=abe6684d-627e-4a08-a574-1065bc6a7bc6]
2026-08-25 22:04:01.413 [sri-files-scheduler-1] [] INFO  c.e.s.services.EnvioSriBatchService - No hay facturas pendientes estado=I
2026-08-25 22:04:01.414 [sri-files-scheduler-1] [] INFO  c.e.s.services.EnvioSriBatchService - [SCHEDULER][sri-files-scheduler-1] FIN automatizacionEnvioFacturasElectonicas | detectados=0 | exitosas=0 | fallidas=0 | duracionMs=1414
2026-08-25 22:05:00.014 [sri-files-scheduler-4] [] INFO  c.e.s.s.NuevoDocumentoScheduler - [SCHEDULER][V1] INICIO envío pendientes @ 2026-08-25T22:05:00.014804200
2026-08-25 22:05:00.015 [sri-files-scheduler-3] [] INFO  c.e.s.services.EnvioSriBatchService - [SCHEDULER][sri-files-scheduler-3] INICIO automatizacionEnvioFacturasElectonicas @ 2026-08-25T22:05:00.015306900
2026-08-25 22:05:00.015 [sri-files-scheduler-3] [] INFO  c.e.s.services.EnvioSriBatchService - Ejecutando envio de facturas at=2026-08-25T22:05:00.015306900
2026-08-25 22:05:00.017 [sri-files-scheduler-4] [] INFO  c.e.s.s.NuevoDocumentoScheduler - [SCHEDULER][V1] FIN envío | detectados=0 | exitosos=0 | fallidos=0 | duracionMs=3
2026-08-25 22:05:00.018 [sri-files-scheduler-1] [] INFO  c.e.s.s.RecuperarDevueltasScheduler - [SCHEDULER] INICIO recuperación facturas estado M @ 2026-08-25T22:05:00.018311200
2026-08-25 22:05:00.021 [sri-files-scheduler-1] [] INFO  c.erp.sri_files.services.SriGateway - Consultando autorización SRI: 0402202601046002881000120010110001801007801811211 [requestId=null]
2026-08-25 22:05:00.023 [sri-files-scheduler-4] [] INFO  c.e.s.batch.BatchJobScheduler - Batch automático ejecutado: tipo=REINTENTAR_FALLIDOS uuid=ed8f9ffb-f0fb-4ca1-9b8c-ed33ba9880d6
2026-08-25 22:05:00.027 [task-14] [ed8f9ffb-f0fb-4ca1-9b8c-ed33ba9880d6] INFO  c.e.s.batch.BatchProcessorService - Iniciando batch job ed8f9ffb-f0fb-4ca1-9b8c-ed33ba9880d6 tipo=REINTENTAR_FALLIDOS [batchJob=ed8f9ffb-f0fb-4ca1-9b8c-ed33ba9880d6]
2026-08-25 22:05:00.030 [task-14] [ed8f9ffb-f0fb-4ca1-9b8c-ed33ba9880d6] INFO  c.e.s.batch.BatchProcessorService - Documentos encontrados: 0 [batchJob=ed8f9ffb-f0fb-4ca1-9b8c-ed33ba9880d6]
2026-08-25 22:05:00.031 [task-14] [ed8f9ffb-f0fb-4ca1-9b8c-ed33ba9880d6] INFO  c.e.s.batch.BatchProcessorService - Batch job ed8f9ffb-f0fb-4ca1-9b8c-ed33ba9880d6 completado: Procesados: 0, Exitosos: 0, Fallidos: 0 [batchJob=ed8f9ffb-f0fb-4ca1-9b8c-ed33ba9880d6]
2026-08-25 22:05:00.231 [sri-files-scheduler-1] [] WARN  c.erp.sri_files.services.SriGateway - Comprobante NO AUTORIZADO: estado=NO AUTORIZADO
2026-08-25 22:05:00.693 [sri-files-scheduler-1] [] WARN  c.e.s.s.RecuperarDevueltasScheduler - Factura 716862 superó máximo de intentos (5)
2026-08-25 22:05:01.148 [sri-files-scheduler-1] [] INFO  c.erp.sri_files.services.SriGateway - Consultando autorización SRI: 1803202601046002881000120020180003334834148871315 [requestId=null]
2026-08-25 22:05:01.392 [sri-files-scheduler-3] [] INFO  c.e.s.services.EnvioSriBatchService - No hay facturas pendientes estado=I
2026-08-25 22:05:01.392 [sri-files-scheduler-3] [] INFO  c.e.s.services.EnvioSriBatchService - [SCHEDULER][sri-files-scheduler-3] FIN automatizacionEnvioFacturasElectonicas | detectados=0 | exitosas=0 | fallidas=0 | duracionMs=1377
2026-08-25 22:05:02.334 [sri-files-scheduler-1] [] WARN  c.e.s.s.RecuperarDevueltasScheduler - Factura 801522 superó máximo de intentos (5)
2026-08-25 22:05:03.373 [sri-files-scheduler-1] [] INFO  c.erp.sri_files.services.SriGateway - Consultando autorización SRI: 0707202601046002881000120020180003453319122478610 [requestId=null]
2026-08-25 22:05:04.245 [sri-files-scheduler-1] [] WARN  c.e.s.s.RecuperarDevueltasScheduler - Factura 852491 superó máximo de intentos (5)
2026-08-25 22:05:04.967 [sri-files-scheduler-1] [] INFO  c.erp.sri_files.services.SriGateway - Consultando autorización SRI: 3006202601046002881000120020180003446435996697415 [requestId=null]
2026-08-25 22:05:05.863 [sri-files-scheduler-1] [] WARN  c.e.s.s.RecuperarDevueltasScheduler - Factura 984462 superó máximo de intentos (5)
2026-08-25 22:05:06.616 [sri-files-scheduler-1] [] INFO  c.erp.sri_files.services.SriGateway - Consultando autorización SRI: 3006202601046002881000120020180003446449840524414 [requestId=null]
2026-08-25 22:05:07.394 [sri-files-scheduler-1] [] WARN  c.e.s.s.RecuperarDevueltasScheduler - Factura 999779 superó máximo de intentos (5)
2026-08-25 22:05:08.145 [sri-files-scheduler-1] [] INFO  c.erp.sri_files.services.SriGateway - Consultando autorización SRI: 2511202501046002881000120020180003236186262015417 [requestId=null]
2026-08-25 22:05:09.177 [sri-files-scheduler-1] [] WARN  c.e.s.s.RecuperarDevueltasScheduler - Factura 2047183 superó máximo de intentos (5)
2026-08-25 22:05:10.019 [sri-files-scheduler-1] [] INFO  c.erp.sri_files.services.SriGateway - Consultando autorización SRI: 1512202501046002881000120020180003259558447927212 [requestId=null]
2026-08-25 22:05:10.956 [sri-files-scheduler-1] [] WARN  c.e.s.s.RecuperarDevueltasScheduler - Factura 2064141 superó máximo de intentos (5)
2026-08-25 22:05:11.811 [sri-files-scheduler-1] [] INFO  c.erp.sri_files.services.SriGateway - Consultando autorización SRI: 1512202501046002881000120020180003259561486507213 [requestId=null]
2026-08-25 22:05:12.883 [sri-files-scheduler-1] [] WARN  c.e.s.s.RecuperarDevueltasScheduler - Factura 2081145 superó máximo de intentos (5)
2026-08-25 22:05:13.653 [sri-files-scheduler-1] [] INFO  c.erp.sri_files.services.SriGateway - Consultando autorización SRI: 1901202601046002881000120020390000000975707070619 [requestId=null]
2026-08-25 22:05:14.586 [sri-files-scheduler-1] [] WARN  c.e.s.s.RecuperarDevueltasScheduler - Factura 2098293 superó máximo de intentos (5)
2026-08-25 22:05:15.586 [sri-files-scheduler-1] [] INFO  c.erp.sri_files.services.SriGateway - Consultando autorización SRI: 1901202601046002881000120020390000000985491813013 [requestId=null]
2026-08-25 22:05:16.567 [sri-files-scheduler-1] [] WARN  c.e.s.s.RecuperarDevueltasScheduler - Factura 2115276 superó máximo de intentos (5)
2026-08-25 22:05:17.453 [sri-files-scheduler-1] [] INFO  c.erp.sri_files.services.SriGateway - Consultando autorización SRI: 2402202601046002881000120020180003308941834880614 [requestId=null]
2026-08-25 22:05:18.437 [sri-files-scheduler-1] [] WARN  c.e.s.s.RecuperarDevueltasScheduler - Factura 2132320 superó máximo de intentos (5)
2026-08-25 22:05:19.365 [sri-files-scheduler-1] [] INFO  c.erp.sri_files.services.SriGateway - Consultando autorización SRI: 2402202601046002881000120020180003308953168434211 [requestId=null]
2026-08-25 22:05:20.395 [sri-files-scheduler-1] [] WARN  c.e.s.s.RecuperarDevueltasScheduler - Factura 2149746 superó máximo de intentos (5)
2026-08-25 22:05:21.182 [sri-files-scheduler-1] [] INFO  c.erp.sri_files.services.SriGateway - Consultando autorización SRI: 2303202601046002881000120020180003339695799320111 [requestId=null]
2026-08-25 22:05:22.054 [sri-files-scheduler-1] [] WARN  c.e.s.s.RecuperarDevueltasScheduler - Factura 2166823 superó máximo de intentos (5)
2026-08-25 22:05:22.895 [sri-files-scheduler-1] [] INFO  c.erp.sri_files.services.SriGateway - Consultando autorización SRI: 2303202601046002881000120020180003339702845290717 [requestId=null]
2026-08-25 22:05:23.886 [sri-files-scheduler-1] [] WARN  c.e.s.s.RecuperarDevueltasScheduler - Factura 2184027 superó máximo de intentos (5)
2026-08-25 22:05:24.688 [sri-files-scheduler-1] [] INFO  c.erp.sri_files.services.SriGateway - Consultando autorización SRI: 3103202601046002881000120020180003347568332452115 [requestId=null]
2026-08-25 22:05:25.777 [sri-files-scheduler-1] [] WARN  c.e.s.s.RecuperarDevueltasScheduler - Factura 2201141 superó máximo de intentos (5)
2026-08-25 22:05:26.640 [sri-files-scheduler-1] [] INFO  c.erp.sri_files.services.SriGateway - Consultando autorización SRI: 3103202601046002881000120020180003347579695942817 [requestId=null]
2026-08-25 22:05:27.593 [sri-files-scheduler-1] [] WARN  c.e.s.s.RecuperarDevueltasScheduler - Factura 2218269 superó máximo de intentos (5)
2026-08-25 22:05:28.435 [sri-files-scheduler-1] [] INFO  c.erp.sri_files.services.SriGateway - Consultando autorización SRI: 1304202601046002881000120020180003362416429019711 [requestId=null]
2026-08-25 22:05:29.313 [sri-files-scheduler-1] [] WARN  c.e.s.s.RecuperarDevueltasScheduler - Factura 2235418 superó máximo de intentos (5)
2026-08-25 22:05:30.106 [sri-files-scheduler-1] [] INFO  c.erp.sri_files.services.SriGateway - Consultando autorización SRI: 1304202601046002881000120020180003362426099545318 [requestId=null]
2026-08-25 22:05:31.163 [sri-files-scheduler-1] [] WARN  c.e.s.s.RecuperarDevueltasScheduler - Factura 2252652 superó máximo de intentos (5)
2026-08-25 22:05:32.098 [sri-files-scheduler-1] [] INFO  c.erp.sri_files.services.SriGateway - Consultando autorización SRI: 0505202601046002881000120020180003378897236678813 [requestId=null]
2026-08-25 22:05:33.090 [sri-files-scheduler-1] [] WARN  c.e.s.s.RecuperarDevueltasScheduler - Factura 2269892 superó máximo de intentos (5)
2026-08-25 22:05:33.980 [sri-files-scheduler-1] [] INFO  c.erp.sri_files.services.SriGateway - Consultando autorización SRI: 0505202601046002881000120020180003378908044154413 [requestId=null]
2026-08-25 22:05:34.896 [sri-files-scheduler-1] [] WARN  c.e.s.s.RecuperarDevueltasScheduler - Factura 2287169 superó máximo de intentos (5)
2026-08-25 22:05:35.727 [sri-files-scheduler-1] [] INFO  c.e.s.s.RecuperarDevueltasScheduler - [SCHEDULER] FIN recuperación devueltas | detectadas=20 | recuperadas=0 | pendientes=20 | fallidas=0 | duracionMs=35709
2026-08-25 22:06:00.000 [sri-files-scheduler-4] [] INFO  c.e.s.s.NuevoDocumentoScheduler - [SCHEDULER][V1] INICIO envío pendientes @ 2026-08-25T22:06:00.000108900
2026-08-25 22:06:00.003 [sri-files-scheduler-4] [] INFO  c.e.s.s.NuevoDocumentoScheduler - [SCHEDULER][V1] FIN envío | detectados=0 | exitosos=0 | fallidos=0 | duracionMs=3
2026-08-25 22:06:00.003 [sri-files-scheduler-4] [] INFO  c.e.s.services.EnvioSriBatchService - [SCHEDULER][sri-files-scheduler-4] INICIO automatizacionEnvioFacturasElectonicas @ 2026-08-25T22:06:00.003262600
2026-08-25 22:06:00.003 [sri-files-scheduler-4] [] INFO  c.e.s.services.EnvioSriBatchService - Ejecutando envio de facturas at=2026-08-25T22:06:00.003262600
2026-08-25 22:06:00.019 [sri-files-scheduler-3] [] INFO  c.e.s.batch.BatchJobScheduler - Batch automático ejecutado: tipo=CONSULTAR_AUTORIZACION uuid=bca38f86-6461-4f78-9dd0-71d703946e83
2026-08-25 22:06:00.019 [sri-files-scheduler-1] [] INFO  c.e.s.batch.BatchJobScheduler - Batch automático ejecutado: tipo=ENVIAR_SRI uuid=0cd85bfc-e358-4baf-9e98-7534a1086346
2026-08-25 22:06:00.019 [task-15] [bca38f86-6461-4f78-9dd0-71d703946e83] INFO  c.e.s.batch.BatchProcessorService - Iniciando batch job bca38f86-6461-4f78-9dd0-71d703946e83 tipo=CONSULTAR_AUTORIZACION [batchJob=bca38f86-6461-4f78-9dd0-71d703946e83]
2026-08-25 22:06:00.022 [task-15] [bca38f86-6461-4f78-9dd0-71d703946e83] INFO  c.e.s.batch.BatchProcessorService - Documentos encontrados: 0 [batchJob=bca38f86-6461-4f78-9dd0-71d703946e83]
2026-08-25 22:06:00.022 [task-16] [0cd85bfc-e358-4baf-9e98-7534a1086346] INFO  c.e.s.batch.BatchProcessorService - Iniciando batch job 0cd85bfc-e358-4baf-9e98-7534a1086346 tipo=ENVIAR_SRI [batchJob=0cd85bfc-e358-4baf-9e98-7534a1086346]
2026-08-25 22:06:00.022 [task-15] [bca38f86-6461-4f78-9dd0-71d703946e83] INFO  c.e.s.batch.BatchProcessorService - Batch job bca38f86-6461-4f78-9dd0-71d703946e83 completado: Procesados: 0, Exitosos: 0, Fallidos: 0 [batchJob=bca38f86-6461-4f78-9dd0-71d703946e83]
2026-08-25 22:06:00.023 [task-16] [0cd85bfc-e358-4baf-9e98-7534a1086346] INFO  c.e.s.batch.BatchProcessorService - Documentos encontrados: 0 [batchJob=0cd85bfc-e358-4baf-9e98-7534a1086346]
2026-08-25 22:06:00.023 [task-16] [0cd85bfc-e358-4baf-9e98-7534a1086346] INFO  c.e.s.batch.BatchProcessorService - Batch job 0cd85bfc-e358-4baf-9e98-7534a1086346 completado: Procesados: 0, Exitosos: 0, Fallidos: 0 [batchJob=0cd85bfc-e358-4baf-9e98-7534a1086346]
2026-08-25 22:06:01.124 [sri-files-scheduler-4] [] INFO  c.e.s.services.EnvioSriBatchService - No hay facturas pendientes estado=I
2026-08-25 22:06:01.124 [sri-files-scheduler-4] [] INFO  c.e.s.services.EnvioSriBatchService - [SCHEDULER][sri-files-scheduler-4] FIN automatizacionEnvioFacturasElectonicas | detectados=0 | exitosas=0 | fallidas=0 | duracionMs=1121
2026-08-25 22:06:30.009 [sri-files-scheduler-3] [] INFO  c.e.s.s.NuevoDocumentoScheduler - [SCHEDULER][V1] INICIO recuperación autorizaciones @ 2026-08-25T22:06:30.009673900
2026-08-25 22:06:30.015 [sri-files-scheduler-3] [] INFO  c.e.s.s.NuevoDocumentoScheduler - [SCHEDULER][V1] FIN recuperación | detectados=0 | autorizados=0 | pendientes=0 | duracionMs=6
2026-08-25 22:07:00.001 [sri-files-scheduler-4] [] INFO  c.e.s.s.NuevoDocumentoScheduler - [SCHEDULER][V1] INICIO envío pendientes @ 2026-08-25T22:07:00.001105800
2026-08-25 22:07:00.001 [sri-files-scheduler-1] [] INFO  c.e.s.services.EnvioSriBatchService - [SCHEDULER][sri-files-scheduler-1] INICIO automatizacionEnvioFacturasElectonicas @ 2026-08-25T22:07:00.001105800
2026-08-25 22:07:00.001 [sri-files-scheduler-1] [] INFO  c.e.s.services.EnvioSriBatchService - Ejecutando envio de facturas at=2026-08-25T22:07:00.001105800
2026-08-25 22:07:00.002 [sri-files-scheduler-4] [] INFO  c.e.s.s.NuevoDocumentoScheduler - [SCHEDULER][V1] FIN envío | detectados=0 | exitosos=0 | fallidos=0 | duracionMs=1
2026-08-25 22:07:01.333 [sri-files-scheduler-1] [] INFO  c.e.s.services.EnvioSriBatchService - No hay facturas pendientes estado=I
2026-08-25 22:07:01.333 [sri-files-scheduler-1] [] INFO  c.e.s.services.EnvioSriBatchService - [SCHEDULER][sri-files-scheduler-1] FIN automatizacionEnvioFacturasElectonicas | detectados=0 | exitosas=0 | fallidas=0 | duracionMs=1332
2026-08-25 22:08:00.001 [sri-files-scheduler-4] [] INFO  c.e.s.services.EnvioSriBatchService - [SCHEDULER][sri-files-scheduler-4] INICIO automatizacionEnvioFacturasElectonicas @ 2026-08-25T22:08:00.001358200
2026-08-25 22:08:00.001 [sri-files-scheduler-4] [] INFO  c.e.s.services.EnvioSriBatchService - Ejecutando envio de facturas at=2026-08-25T22:08:00.001358200
2026-08-25 22:08:00.004 [sri-files-scheduler-1] [] INFO  c.e.s.batch.BatchJobScheduler - Batch automático ejecutado: tipo=ENVIAR_SRI uuid=e4de8de4-5ce2-4368-93b0-e70f8ec40c9d
2026-08-25 22:08:00.004 [sri-files-scheduler-3] [] INFO  c.e.s.batch.BatchJobScheduler - Batch automático ejecutado: tipo=ENVIAR_CORREO uuid=bf33c57c-b5f8-4781-9aed-85ba3fd54616
2026-08-25 22:08:00.004 [sri-files-scheduler-1] [] INFO  c.e.s.s.NuevoDocumentoScheduler - [SCHEDULER][V1] INICIO envío pendientes @ 2026-08-25T22:08:00.004855100
2026-08-25 22:08:00.005 [task-17] [e4de8de4-5ce2-4368-93b0-e70f8ec40c9d] INFO  c.e.s.batch.BatchProcessorService - Iniciando batch job e4de8de4-5ce2-4368-93b0-e70f8ec40c9d tipo=ENVIAR_SRI [batchJob=e4de8de4-5ce2-4368-93b0-e70f8ec40c9d]
2026-08-25 22:08:00.005 [task-18] [bf33c57c-b5f8-4781-9aed-85ba3fd54616] INFO  c.e.s.batch.BatchProcessorService - Iniciando batch job bf33c57c-b5f8-4781-9aed-85ba3fd54616 tipo=ENVIAR_CORREO [batchJob=bf33c57c-b5f8-4781-9aed-85ba3fd54616]
2026-08-25 22:08:00.006 [sri-files-scheduler-1] [] INFO  c.e.s.s.NuevoDocumentoScheduler - [SCHEDULER][V1] FIN envío | detectados=0 | exitosos=0 | fallidos=0 | duracionMs=2
2026-08-25 22:08:00.007 [task-17] [e4de8de4-5ce2-4368-93b0-e70f8ec40c9d] INFO  c.e.s.batch.BatchProcessorService - Documentos encontrados: 0 [batchJob=e4de8de4-5ce2-4368-93b0-e70f8ec40c9d]
2026-08-25 22:08:00.007 [task-18] [bf33c57c-b5f8-4781-9aed-85ba3fd54616] INFO  c.e.s.batch.BatchProcessorService - Documentos encontrados: 0 [batchJob=bf33c57c-b5f8-4781-9aed-85ba3fd54616]
2026-08-25 22:08:00.008 [task-17] [e4de8de4-5ce2-4368-93b0-e70f8ec40c9d] INFO  c.e.s.batch.BatchProcessorService - Batch job e4de8de4-5ce2-4368-93b0-e70f8ec40c9d completado: Procesados: 0, Exitosos: 0, Fallidos: 0 [batchJob=e4de8de4-5ce2-4368-93b0-e70f8ec40c9d]
2026-08-25 22:08:00.008 [task-18] [bf33c57c-b5f8-4781-9aed-85ba3fd54616] INFO  c.e.s.batch.BatchProcessorService - Batch job bf33c57c-b5f8-4781-9aed-85ba3fd54616 completado: Procesados: 0, Exitosos: 0, Fallidos: 0 [batchJob=bf33c57c-b5f8-4781-9aed-85ba3fd54616]
2026-08-25 22:08:01.305 [sri-files-scheduler-4] [] INFO  c.e.s.services.EnvioSriBatchService - No hay facturas pendientes estado=I
2026-08-25 22:08:01.306 [sri-files-scheduler-4] [] INFO  c.e.s.services.EnvioSriBatchService - [SCHEDULER][sri-files-scheduler-4] FIN automatizacionEnvioFacturasElectonicas | detectados=0 | exitosas=0 | fallidas=0 | duracionMs=1305
2026-08-25 22:09:00.000 [sri-files-scheduler-1] [] INFO  c.e.s.s.NuevoDocumentoScheduler - [SCHEDULER][V1] INICIO envío pendientes @ 2026-08-25T22:09:00.000901300
2026-08-25 22:09:00.000 [sri-files-scheduler-4] [] INFO  c.e.s.services.EnvioSriBatchService - [SCHEDULER][sri-files-scheduler-4] INICIO automatizacionEnvioFacturasElectonicas @ 2026-08-25T22:09:00.000901300
2026-08-25 22:09:00.001 [sri-files-scheduler-4] [] INFO  c.e.s.services.EnvioSriBatchService - Ejecutando envio de facturas at=2026-08-25T22:09:00.001901100
2026-08-25 22:09:00.002 [sri-files-scheduler-1] [] INFO  c.e.s.s.NuevoDocumentoScheduler - [SCHEDULER][V1] FIN envío | detectados=0 | exitosos=0 | fallidos=0 | duracionMs=2
2026-08-25 22:09:00.003 [sri-files-scheduler-3] [] INFO  c.e.s.batch.BatchJobScheduler - Batch automático ejecutado: tipo=CONSULTAR_AUTORIZACION uuid=df56da6b-39b8-4886-943b-5b91132627a1
2026-08-25 22:09:00.004 [task-19] [df56da6b-39b8-4886-943b-5b91132627a1] INFO  c.e.s.batch.BatchProcessorService - Iniciando batch job df56da6b-39b8-4886-943b-5b91132627a1 tipo=CONSULTAR_AUTORIZACION [batchJob=df56da6b-39b8-4886-943b-5b91132627a1]
2026-08-25 22:09:00.007 [task-19] [df56da6b-39b8-4886-943b-5b91132627a1] INFO  c.e.s.batch.BatchProcessorService - Documentos encontrados: 0 [batchJob=df56da6b-39b8-4886-943b-5b91132627a1]
2026-08-25 22:09:00.007 [task-19] [df56da6b-39b8-4886-943b-5b91132627a1] INFO  c.e.s.batch.BatchProcessorService - Batch job df56da6b-39b8-4886-943b-5b91132627a1 completado: Procesados: 0, Exitosos: 0, Fallidos: 0 [batchJob=df56da6b-39b8-4886-943b-5b91132627a1]
2026-08-25 22:09:01.278 [sri-files-scheduler-4] [] INFO  c.e.s.services.EnvioSriBatchService - No hay facturas pendientes estado=I
2026-08-25 22:09:01.278 [sri-files-scheduler-4] [] INFO  c.e.s.services.EnvioSriBatchService - [SCHEDULER][sri-files-scheduler-4] FIN automatizacionEnvioFacturasElectonicas | detectados=0 | exitosas=0 | fallidas=0 | duracionMs=1278
2026-08-25 22:09:30.000 [sri-files-scheduler-1] [] INFO  c.e.s.s.NuevoDocumentoScheduler - [SCHEDULER][V1] INICIO recuperación autorizaciones @ 2026-08-25T22:09:30.000078400
2026-08-25 22:09:30.002 [sri-files-scheduler-1] [] INFO  c.e.s.s.NuevoDocumentoScheduler - [SCHEDULER][V1] FIN recuperación | detectados=0 | autorizados=0 | pendientes=0 | duracionMs=2
2026-08-25 22:10:00.001 [sri-files-scheduler-4] [] INFO  c.e.s.s.NuevoDocumentoScheduler - [SCHEDULER][V1] INICIO envío pendientes @ 2026-08-25T22:10:00.001169
2026-08-25 22:10:00.001 [sri-files-scheduler-1] [] INFO  c.e.s.services.EnvioSriBatchService - [SCHEDULER][sri-files-scheduler-1] INICIO automatizacionEnvioFacturasElectonicas @ 2026-08-25T22:10:00.001676700
2026-08-25 22:10:00.001 [sri-files-scheduler-1] [] INFO  c.e.s.services.EnvioSriBatchService - Ejecutando envio de facturas at=2026-08-25T22:10:00.001676700
2026-08-25 22:10:00.002 [sri-files-scheduler-4] [] INFO  c.e.s.s.NuevoDocumentoScheduler - [SCHEDULER][V1] FIN envío | detectados=0 | exitosos=0 | fallidos=0 | duracionMs=1
2026-08-25 22:10:00.008 [sri-files-scheduler-3] [] INFO  c.e.s.batch.BatchJobScheduler - Batch automático ejecutado: tipo=REINTENTAR_FALLIDOS uuid=79d8488f-5559-4529-8f1c-0da5523b1f5f
2026-08-25 22:10:00.008 [sri-files-scheduler-4] [] INFO  c.e.s.batch.BatchJobScheduler - Batch automático ejecutado: tipo=ENVIAR_SRI uuid=b2d57d82-a8ec-456a-a7a2-15e4256ea59f
2026-08-25 22:10:00.010 [sri-files-scheduler-3] [] INFO  c.e.s.s.RecuperarDevueltasScheduler - [SCHEDULER] INICIO recuperación facturas estado M @ 2026-08-25T22:10:00.010412
2026-08-25 22:10:00.013 [task-20] [79d8488f-5559-4529-8f1c-0da5523b1f5f] INFO  c.e.s.batch.BatchProcessorService - Iniciando batch job 79d8488f-5559-4529-8f1c-0da5523b1f5f tipo=REINTENTAR_FALLIDOS [batchJob=79d8488f-5559-4529-8f1c-0da5523b1f5f]
2026-08-25 22:10:00.015 [task-21] [b2d57d82-a8ec-456a-a7a2-15e4256ea59f] INFO  c.e.s.batch.BatchProcessorService - Iniciando batch job b2d57d82-a8ec-456a-a7a2-15e4256ea59f tipo=ENVIAR_SRI [batchJob=b2d57d82-a8ec-456a-a7a2-15e4256ea59f]
2026-08-25 22:10:00.016 [task-21] [b2d57d82-a8ec-456a-a7a2-15e4256ea59f] INFO  c.e.s.batch.BatchProcessorService - Documentos encontrados: 0 [batchJob=b2d57d82-a8ec-456a-a7a2-15e4256ea59f]
2026-08-25 22:10:00.016 [task-20] [79d8488f-5559-4529-8f1c-0da5523b1f5f] INFO  c.e.s.batch.BatchProcessorService - Documentos encontrados: 0 [batchJob=79d8488f-5559-4529-8f1c-0da5523b1f5f]
2026-08-25 22:10:00.018 [task-21] [b2d57d82-a8ec-456a-a7a2-15e4256ea59f] INFO  c.e.s.batch.BatchProcessorService - Batch job b2d57d82-a8ec-456a-a7a2-15e4256ea59f completado: Procesados: 0, Exitosos: 0, Fallidos: 0 [batchJob=b2d57d82-a8ec-456a-a7a2-15e4256ea59f]
2026-08-25 22:10:00.018 [task-20] [79d8488f-5559-4529-8f1c-0da5523b1f5f] INFO  c.e.s.batch.BatchProcessorService - Batch job 79d8488f-5559-4529-8f1c-0da5523b1f5f completado: Procesados: 0, Exitosos: 0, Fallidos: 0 [batchJob=79d8488f-5559-4529-8f1c-0da5523b1f5f]
2026-08-25 22:10:00.093 [sri-files-scheduler-3] [] INFO  c.erp.sri_files.services.SriGateway - Consultando autorización SRI: 2001202601046002881000120020210001675549542668510 [requestId=null]
2026-08-25 22:10:01.179 [sri-files-scheduler-3] [] INFO  c.erp.sri_files.services.SriGateway - Consultando autorización SRI: 1606202601046002881000120020180003433024898331616 [requestId=null]
2026-08-25 22:10:01.401 [sri-files-scheduler-1] [] INFO  c.e.s.services.EnvioSriBatchService - No hay facturas pendientes estado=I
2026-08-25 22:10:01.402 [sri-files-scheduler-1] [] INFO  c.e.s.services.EnvioSriBatchService - [SCHEDULER][sri-files-scheduler-1] FIN automatizacionEnvioFacturasElectonicas | detectados=0 | exitosas=0 | fallidas=0 | duracionMs=1401
2026-08-25 22:10:02.333 [sri-files-scheduler-3] [] INFO  c.erp.sri_files.services.SriGateway - Consultando autorización SRI: 1606202601046002881000120020180003433033058234813 [requestId=null]
2026-08-25 22:10:03.461 [sri-files-scheduler-3] [] INFO  c.erp.sri_files.services.SriGateway - Consultando autorización SRI: 1606202601046002881000120020180003433046695660014 [requestId=null]
2026-08-25 22:10:04.519 [sri-files-scheduler-3] [] INFO  c.erp.sri_files.services.SriGateway - Consultando autorización SRI: 1707202601046002881000120020180003467758561531013 [requestId=null]
2026-08-25 22:10:05.593 [sri-files-scheduler-3] [] INFO  c.erp.sri_files.services.SriGateway - Consultando autorización SRI: 1707202601046002881000120020180003467766529247411 [requestId=null]
2026-08-25 22:10:06.618 [sri-files-scheduler-3] [] INFO  c.erp.sri_files.services.SriGateway - Consultando autorización SRI: 0903202601046002881000120010330000092821553539013 [requestId=null]
2026-08-25 22:10:07.588 [sri-files-scheduler-3] [] INFO  c.erp.sri_files.services.SriGateway - Consultando autorización SRI: 0903202601046002881000120010330000092833404601715 [requestId=null]
2026-08-25 22:10:07.653 [sri-files-scheduler-3] [] ERROR c.erp.sri_files.services.SriGateway - Error consultando autorización [requestId=null]
jakarta.xml.ws.WebServiceException: javax.net.ssl.SSLHandshakeException: No subject alternative names matching IP address 181.113.227.222 found
	at com.sun.xml.ws.transport.http.client.HttpClientTransport.readResponseCodeAndMessage(HttpClientTransport.java:181)
	at com.sun.xml.ws.transport.http.client.HttpTransportPipe.createResponsePacket(HttpTransportPipe.java:227)
	at com.sun.xml.ws.transport.http.client.HttpTransportPipe.process(HttpTransportPipe.java:218)
	at com.sun.xml.ws.transport.http.client.HttpTransportPipe.processRequest(HttpTransportPipe.java:131)
	at com.sun.xml.ws.transport.DeferredTransportPipe.processRequest(DeferredTransportPipe.java:111)
	at com.sun.xml.ws.api.pipe.Fiber.__doRun(Fiber.java:1106)
	at com.sun.xml.ws.api.pipe.Fiber._doRun(Fiber.java:1020)
	at com.sun.xml.ws.api.pipe.Fiber.doRun(Fiber.java:989)
	at com.sun.xml.ws.api.pipe.Fiber.runSync(Fiber.java:847)
	at com.sun.xml.ws.client.Stub.process(Stub.java:431)
	at com.sun.xml.ws.client.sei.SEIStub.doProcess(SEIStub.java:160)
	at com.sun.xml.ws.client.sei.SyncMethodHandler.invoke(SyncMethodHandler.java:78)
	at com.sun.xml.ws.client.sei.SyncMethodHandler.invoke(SyncMethodHandler.java:62)
	at com.sun.xml.ws.client.sei.SEIStub.invoke(SEIStub.java:132)
	at jdk.proxy2/jdk.proxy2.$Proxy222.autorizacionComprobante(Unknown Source)
	at com.erp.sri_files.services.SendXmlToSriService.consultarAutorizacion(SendXmlToSriService.java:196)
	at com.erp.sri_files.services.SendXmlToSriService.consultarAutorizacion(SendXmlToSriService.java:180)
	at com.erp.sri_files.services.SriGateway.consultarAutorizacion(SriGateway.java:100)
	at com.erp.sri_files.scheduler.RecuperarDevueltasScheduler.recuperarFacturasDevueltas(RecuperarDevueltasScheduler.java:61)
	at java.base/jdk.internal.reflect.DirectMethodHandleAccessor.invoke(DirectMethodHandleAccessor.java:103)
	at java.base/java.lang.reflect.Method.invoke(Method.java:580)
	at org.springframework.scheduling.support.ScheduledMethodRunnable.runInternal(ScheduledMethodRunnable.java:130)
	at org.springframework.scheduling.support.ScheduledMethodRunnable.lambda$run$2(ScheduledMethodRunnable.java:124)
	at io.micrometer.observation.Observation.observe(Observation.java:498)
	at org.springframework.scheduling.support.ScheduledMethodRunnable.run(ScheduledMethodRunnable.java:124)
	at org.springframework.scheduling.config.Task$OutcomeTrackingRunnable.run(Task.java:85)
	at org.springframework.scheduling.support.DelegatingErrorHandlingRunnable.run(DelegatingErrorHandlingRunnable.java:54)
	at org.springframework.scheduling.concurrent.ReschedulingRunnable.run(ReschedulingRunnable.java:96)
	at java.base/java.util.concurrent.Executors$RunnableAdapter.call(Executors.java:572)
	at java.base/java.util.concurrent.FutureTask.run(FutureTask.java:317)
	at java.base/java.util.concurrent.ScheduledThreadPoolExecutor$ScheduledFutureTask.run(ScheduledThreadPoolExecutor.java:304)
	at java.base/java.util.concurrent.ThreadPoolExecutor.runWorker(ThreadPoolExecutor.java:1144)
	at java.base/java.util.concurrent.ThreadPoolExecutor$Worker.run(ThreadPoolExecutor.java:642)
	at java.base/java.lang.Thread.run(Thread.java:1583)
Caused by: javax.net.ssl.SSLHandshakeException: No subject alternative names matching IP address 181.113.227.222 found
	at java.base/sun.security.ssl.Alert.createSSLException(Alert.java:130)
	at java.base/sun.security.ssl.TransportContext.fatal(TransportContext.java:383)
	at java.base/sun.security.ssl.TransportContext.fatal(TransportContext.java:326)
	at java.base/sun.security.ssl.TransportContext.fatal(TransportContext.java:321)
	at java.base/sun.security.ssl.CertificateMessage$T12CertificateConsumer.checkServerCerts(CertificateMessage.java:647)
	at java.base/sun.security.ssl.CertificateMessage$T12CertificateConsumer.onCertificate(CertificateMessage.java:467)
	at java.base/sun.security.ssl.CertificateMessage$T12CertificateConsumer.consume(CertificateMessage.java:363)
	at java.base/sun.security.ssl.SSLHandshake.consume(SSLHandshake.java:393)
	at java.base/sun.security.ssl.HandshakeContext.dispatch(HandshakeContext.java:477)
	at java.base/sun.security.ssl.HandshakeContext.dispatch(HandshakeContext.java:448)
	at java.base/sun.security.ssl.TransportContext.dispatch(TransportContext.java:206)
	at java.base/sun.security.ssl.SSLTransport.decode(SSLTransport.java:172)
	at java.base/sun.security.ssl.SSLSocketImpl.decode(SSLSocketImpl.java:1506)
	at java.base/sun.security.ssl.SSLSocketImpl.readHandshakeRecord(SSLSocketImpl.java:1421)
	at java.base/sun.security.ssl.SSLSocketImpl.startHandshake(SSLSocketImpl.java:455)
	at java.base/sun.security.ssl.SSLSocketImpl.startHandshake(SSLSocketImpl.java:426)
	at java.base/sun.net.www.protocol.https.HttpsClient.afterConnect(HttpsClient.java:586)
	at java.base/sun.net.www.protocol.https.AbstractDelegateHttpsURLConnection.connect(AbstractDelegateHttpsURLConnection.java:187)
	at java.base/sun.net.www.protocol.http.HttpURLConnection.followRedirect0(HttpURLConnection.java:2914)
	at java.base/sun.net.www.protocol.http.HttpURLConnection.followRedirect(HttpURLConnection.java:2834)
	at java.base/sun.net.www.protocol.http.HttpURLConnection.getInputStream0(HttpURLConnection.java:1945)
	at java.base/sun.net.www.protocol.http.HttpURLConnection.getInputStream(HttpURLConnection.java:1615)
	at java.base/java.net.HttpURLConnection.getResponseCode(HttpURLConnection.java:531)
	at java.base/sun.net.www.protocol.https.HttpsURLConnectionImpl.getResponseCode(HttpsURLConnectionImpl.java:307)
	at com.sun.xml.ws.transport.http.client.HttpClientTransport.readResponseCodeAndMessage(HttpClientTransport.java:177)
	... 33 common frames omitted
Caused by: java.security.cert.CertificateException: No subject alternative names matching IP address 181.113.227.222 found
	at java.base/sun.security.util.HostnameChecker.matchIP(HostnameChecker.java:160)
	at java.base/sun.security.util.HostnameChecker.match(HostnameChecker.java:101)
	at java.base/sun.security.ssl.X509TrustManagerImpl.checkIdentity(X509TrustManagerImpl.java:466)
	at java.base/sun.security.ssl.X509TrustManagerImpl.checkIdentity(X509TrustManagerImpl.java:432)
	at java.base/sun.security.ssl.X509TrustManagerImpl.checkTrusted(X509TrustManagerImpl.java:237)
	at java.base/sun.security.ssl.X509TrustManagerImpl.checkServerTrusted(X509TrustManagerImpl.java:132)
	at java.base/sun.security.ssl.CertificateMessage$T12CertificateConsumer.checkServerCerts(CertificateMessage.java:631)
	... 53 common frames omitted
2026-08-25 22:10:08.633 [sri-files-scheduler-3] [] INFO  c.erp.sri_files.services.SriGateway - Consultando autorización SRI: 0312202501046002881000120010110001735068823902714 [requestId=null]
2026-08-25 22:10:08.737 [sri-files-scheduler-3] [] ERROR c.erp.sri_files.services.SriGateway - Error consultando autorización [requestId=null]
jakarta.xml.ws.WebServiceException: javax.net.ssl.SSLHandshakeException: No subject alternative names matching IP address 181.113.227.222 found
	at com.sun.xml.ws.transport.http.client.HttpClientTransport.readResponseCodeAndMessage(HttpClientTransport.java:181)
	at com.sun.xml.ws.transport.http.client.HttpTransportPipe.createResponsePacket(HttpTransportPipe.java:227)
	at com.sun.xml.ws.transport.http.client.HttpTransportPipe.process(HttpTransportPipe.java:218)
	at com.sun.xml.ws.transport.http.client.HttpTransportPipe.processRequest(HttpTransportPipe.java:131)
	at com.sun.xml.ws.transport.DeferredTransportPipe.processRequest(DeferredTransportPipe.java:111)
	at com.sun.xml.ws.api.pipe.Fiber.__doRun(Fiber.java:1106)
	at com.sun.xml.ws.api.pipe.Fiber._doRun(Fiber.java:1020)
	at com.sun.xml.ws.api.pipe.Fiber.doRun(Fiber.java:989)
	at com.sun.xml.ws.api.pipe.Fiber.runSync(Fiber.java:847)
	at com.sun.xml.ws.client.Stub.process(Stub.java:431)
	at com.sun.xml.ws.client.sei.SEIStub.doProcess(SEIStub.java:160)
	at com.sun.xml.ws.client.sei.SyncMethodHandler.invoke(SyncMethodHandler.java:78)
	at com.sun.xml.ws.client.sei.SyncMethodHandler.invoke(SyncMethodHandler.java:62)
	at com.sun.xml.ws.client.sei.SEIStub.invoke(SEIStub.java:132)
	at jdk.proxy2/jdk.proxy2.$Proxy222.autorizacionComprobante(Unknown Source)
	at com.erp.sri_files.services.SendXmlToSriService.consultarAutorizacion(SendXmlToSriService.java:196)
	at com.erp.sri_files.services.SendXmlToSriService.consultarAutorizacion(SendXmlToSriService.java:180)
	at com.erp.sri_files.services.SriGateway.consultarAutorizacion(SriGateway.java:100)
	at com.erp.sri_files.scheduler.RecuperarDevueltasScheduler.recuperarFacturasDevueltas(RecuperarDevueltasScheduler.java:61)
	at java.base/jdk.internal.reflect.DirectMethodHandleAccessor.invoke(DirectMethodHandleAccessor.java:103)
	at java.base/java.lang.reflect.Method.invoke(Method.java:580)
	at org.springframework.scheduling.support.ScheduledMethodRunnable.runInternal(ScheduledMethodRunnable.java:130)
	at org.springframework.scheduling.support.ScheduledMethodRunnable.lambda$run$2(ScheduledMethodRunnable.java:124)
	at io.micrometer.observation.Observation.observe(Observation.java:498)
	at org.springframework.scheduling.support.ScheduledMethodRunnable.run(ScheduledMethodRunnable.java:124)
	at org.springframework.scheduling.config.Task$OutcomeTrackingRunnable.run(Task.java:85)
	at org.springframework.scheduling.support.DelegatingErrorHandlingRunnable.run(DelegatingErrorHandlingRunnable.java:54)
	at org.springframework.scheduling.concurrent.ReschedulingRunnable.run(ReschedulingRunnable.java:96)
	at java.base/java.util.concurrent.Executors$RunnableAdapter.call(Executors.java:572)
	at java.base/java.util.concurrent.FutureTask.run(FutureTask.java:317)
	at java.base/java.util.concurrent.ScheduledThreadPoolExecutor$ScheduledFutureTask.run(ScheduledThreadPoolExecutor.java:304)
	at java.base/java.util.concurrent.ThreadPoolExecutor.runWorker(ThreadPoolExecutor.java:1144)
	at java.base/java.util.concurrent.ThreadPoolExecutor$Worker.run(ThreadPoolExecutor.java:642)
	at java.base/java.lang.Thread.run(Thread.java:1583)
Caused by: javax.net.ssl.SSLHandshakeException: No subject alternative names matching IP address 181.113.227.222 found
	at java.base/sun.security.ssl.Alert.createSSLException(Alert.java:130)
	at java.base/sun.security.ssl.TransportContext.fatal(TransportContext.java:383)
	at java.base/sun.security.ssl.TransportContext.fatal(TransportContext.java:326)
	at java.base/sun.security.ssl.TransportContext.fatal(TransportContext.java:321)
	at java.base/sun.security.ssl.CertificateMessage$T12CertificateConsumer.checkServerCerts(CertificateMessage.java:647)
	at java.base/sun.security.ssl.CertificateMessage$T12CertificateConsumer.onCertificate(CertificateMessage.java:467)
	at java.base/sun.security.ssl.CertificateMessage$T12CertificateConsumer.consume(CertificateMessage.java:363)
	at java.base/sun.security.ssl.SSLHandshake.consume(SSLHandshake.java:393)
	at java.base/sun.security.ssl.HandshakeContext.dispatch(HandshakeContext.java:477)
	at java.base/sun.security.ssl.HandshakeContext.dispatch(HandshakeContext.java:448)
	at java.base/sun.security.ssl.TransportContext.dispatch(TransportContext.java:206)
	at java.base/sun.security.ssl.SSLTransport.decode(SSLTransport.java:172)
	at java.base/sun.security.ssl.SSLSocketImpl.decode(SSLSocketImpl.java:1506)
	at java.base/sun.security.ssl.SSLSocketImpl.readHandshakeRecord(SSLSocketImpl.java:1421)
	at java.base/sun.security.ssl.SSLSocketImpl.startHandshake(SSLSocketImpl.java:455)
	at java.base/sun.security.ssl.SSLSocketImpl.startHandshake(SSLSocketImpl.java:426)
	at java.base/sun.net.www.protocol.https.HttpsClient.afterConnect(HttpsClient.java:586)
	at java.base/sun.net.www.protocol.https.AbstractDelegateHttpsURLConnection.connect(AbstractDelegateHttpsURLConnection.java:187)
	at java.base/sun.net.www.protocol.http.HttpURLConnection.followRedirect0(HttpURLConnection.java:2914)
	at java.base/sun.net.www.protocol.http.HttpURLConnection.followRedirect(HttpURLConnection.java:2834)
	at java.base/sun.net.www.protocol.http.HttpURLConnection.getInputStream0(HttpURLConnection.java:1945)
	at java.base/sun.net.www.protocol.http.HttpURLConnection.getInputStream(HttpURLConnection.java:1615)
	at java.base/java.net.HttpURLConnection.getResponseCode(HttpURLConnection.java:531)
	at java.base/sun.net.www.protocol.https.HttpsURLConnectionImpl.getResponseCode(HttpsURLConnectionImpl.java:307)
	at com.sun.xml.ws.transport.http.client.HttpClientTransport.readResponseCodeAndMessage(HttpClientTransport.java:177)
	... 33 common frames omitted
Caused by: java.security.cert.CertificateException: No subject alternative names matching IP address 181.113.227.222 found
	at java.base/sun.security.util.HostnameChecker.matchIP(HostnameChecker.java:160)
	at java.base/sun.security.util.HostnameChecker.match(HostnameChecker.java:101)
	at java.base/sun.security.ssl.X509TrustManagerImpl.checkIdentity(X509TrustManagerImpl.java:466)
	at java.base/sun.security.ssl.X509TrustManagerImpl.checkIdentity(X509TrustManagerImpl.java:432)
	at java.base/sun.security.ssl.X509TrustManagerImpl.checkTrusted(X509TrustManagerImpl.java:237)
	at java.base/sun.security.ssl.X509TrustManagerImpl.checkServerTrusted(X509TrustManagerImpl.java:132)
	at java.base/sun.security.ssl.CertificateMessage$T12CertificateConsumer.checkServerCerts(CertificateMessage.java:631)
	... 53 common frames omitted
2026-08-25 22:10:09.387 [sri-files-scheduler-3] [] INFO  c.erp.sri_files.services.SriGateway - Consultando autorización SRI: 0903202601046002881000120010330000092847848942412 [requestId=null]
2026-08-25 22:10:09.452 [sri-files-scheduler-3] [] ERROR c.erp.sri_files.services.SriGateway - Error consultando autorización [requestId=null]
jakarta.xml.ws.WebServiceException: javax.net.ssl.SSLHandshakeException: No subject alternative names matching IP address 181.113.227.222 found
	at com.sun.xml.ws.transport.http.client.HttpClientTransport.readResponseCodeAndMessage(HttpClientTransport.java:181)
	at com.sun.xml.ws.transport.http.client.HttpTransportPipe.createResponsePacket(HttpTransportPipe.java:227)
	at com.sun.xml.ws.transport.http.client.HttpTransportPipe.process(HttpTransportPipe.java:218)
	at com.sun.xml.ws.transport.http.client.HttpTransportPipe.processRequest(HttpTransportPipe.java:131)
	at com.sun.xml.ws.transport.DeferredTransportPipe.processRequest(DeferredTransportPipe.java:111)
	at com.sun.xml.ws.api.pipe.Fiber.__doRun(Fiber.java:1106)
	at com.sun.xml.ws.api.pipe.Fiber._doRun(Fiber.java:1020)
	at com.sun.xml.ws.api.pipe.Fiber.doRun(Fiber.java:989)
	at com.sun.xml.ws.api.pipe.Fiber.runSync(Fiber.java:847)
	at com.sun.xml.ws.client.Stub.process(Stub.java:431)
	at com.sun.xml.ws.client.sei.SEIStub.doProcess(SEIStub.java:160)
	at com.sun.xml.ws.client.sei.SyncMethodHandler.invoke(SyncMethodHandler.java:78)
	at com.sun.xml.ws.client.sei.SyncMethodHandler.invoke(SyncMethodHandler.java:62)
	at com.sun.xml.ws.client.sei.SEIStub.invoke(SEIStub.java:132)
	at jdk.proxy2/jdk.proxy2.$Proxy222.autorizacionComprobante(Unknown Source)
	at com.erp.sri_files.services.SendXmlToSriService.consultarAutorizacion(SendXmlToSriService.java:196)
	at com.erp.sri_files.services.SendXmlToSriService.consultarAutorizacion(SendXmlToSriService.java:180)
	at com.erp.sri_files.services.SriGateway.consultarAutorizacion(SriGateway.java:100)
	at com.erp.sri_files.scheduler.RecuperarDevueltasScheduler.recuperarFacturasDevueltas(RecuperarDevueltasScheduler.java:61)
	at java.base/jdk.internal.reflect.DirectMethodHandleAccessor.invoke(DirectMethodHandleAccessor.java:103)
	at java.base/java.lang.reflect.Method.invoke(Method.java:580)
	at org.springframework.scheduling.support.ScheduledMethodRunnable.runInternal(ScheduledMethodRunnable.java:130)
	at org.springframework.scheduling.support.ScheduledMethodRunnable.lambda$run$2(ScheduledMethodRunnable.java:124)
	at io.micrometer.observation.Observation.observe(Observation.java:498)
	at org.springframework.scheduling.support.ScheduledMethodRunnable.run(ScheduledMethodRunnable.java:124)
	at org.springframework.scheduling.config.Task$OutcomeTrackingRunnable.run(Task.java:85)
	at org.springframework.scheduling.support.DelegatingErrorHandlingRunnable.run(DelegatingErrorHandlingRunnable.java:54)
	at org.springframework.scheduling.concurrent.ReschedulingRunnable.run(ReschedulingRunnable.java:96)
	at java.base/java.util.concurrent.Executors$RunnableAdapter.call(Executors.java:572)
	at java.base/java.util.concurrent.FutureTask.run(FutureTask.java:317)
	at java.base/java.util.concurrent.ScheduledThreadPoolExecutor$ScheduledFutureTask.run(ScheduledThreadPoolExecutor.java:304)
	at java.base/java.util.concurrent.ThreadPoolExecutor.runWorker(ThreadPoolExecutor.java:1144)
	at java.base/java.util.concurrent.ThreadPoolExecutor$Worker.run(ThreadPoolExecutor.java:642)
	at java.base/java.lang.Thread.run(Thread.java:1583)
Caused by: javax.net.ssl.SSLHandshakeException: No subject alternative names matching IP address 181.113.227.222 found
	at java.base/sun.security.ssl.Alert.createSSLException(Alert.java:130)
	at java.base/sun.security.ssl.TransportContext.fatal(TransportContext.java:383)
	at java.base/sun.security.ssl.TransportContext.fatal(TransportContext.java:326)
	at java.base/sun.security.ssl.TransportContext.fatal(TransportContext.java:321)
	at java.base/sun.security.ssl.CertificateMessage$T12CertificateConsumer.checkServerCerts(CertificateMessage.java:647)
	at java.base/sun.security.ssl.CertificateMessage$T12CertificateConsumer.onCertificate(CertificateMessage.java:467)
	at java.base/sun.security.ssl.CertificateMessage$T12CertificateConsumer.consume(CertificateMessage.java:363)
	at java.base/sun.security.ssl.SSLHandshake.consume(SSLHandshake.java:393)
	at java.base/sun.security.ssl.HandshakeContext.dispatch(HandshakeContext.java:477)
	at java.base/sun.security.ssl.HandshakeContext.dispatch(HandshakeContext.java:448)
	at java.base/sun.security.ssl.TransportContext.dispatch(TransportContext.java:206)
	at java.base/sun.security.ssl.SSLTransport.decode(SSLTransport.java:172)
	at java.base/sun.security.ssl.SSLSocketImpl.decode(SSLSocketImpl.java:1506)
	at java.base/sun.security.ssl.SSLSocketImpl.readHandshakeRecord(SSLSocketImpl.java:1421)
	at java.base/sun.security.ssl.SSLSocketImpl.startHandshake(SSLSocketImpl.java:455)
	at java.base/sun.security.ssl.SSLSocketImpl.startHandshake(SSLSocketImpl.java:426)
	at java.base/sun.net.www.protocol.https.HttpsClient.afterConnect(HttpsClient.java:586)
	at java.base/sun.net.www.protocol.https.AbstractDelegateHttpsURLConnection.connect(AbstractDelegateHttpsURLConnection.java:187)
	at java.base/sun.net.www.protocol.http.HttpURLConnection.followRedirect0(HttpURLConnection.java:2914)
	at java.base/sun.net.www.protocol.http.HttpURLConnection.followRedirect(HttpURLConnection.java:2834)
	at java.base/sun.net.www.protocol.http.HttpURLConnection.getInputStream0(HttpURLConnection.java:1945)
	at java.base/sun.net.www.protocol.http.HttpURLConnection.getInputStream(HttpURLConnection.java:1615)
	at java.base/java.net.HttpURLConnection.getResponseCode(HttpURLConnection.java:531)
	at java.base/sun.net.www.protocol.https.HttpsURLConnectionImpl.getResponseCode(HttpsURLConnectionImpl.java:307)
	at com.sun.xml.ws.transport.http.client.HttpClientTransport.readResponseCodeAndMessage(HttpClientTransport.java:177)
	... 33 common frames omitted
Caused by: java.security.cert.CertificateException: No subject alternative names matching IP address 181.113.227.222 found
	at java.base/sun.security.util.HostnameChecker.matchIP(HostnameChecker.java:160)
	at java.base/sun.security.util.HostnameChecker.match(HostnameChecker.java:101)
	at java.base/sun.security.ssl.X509TrustManagerImpl.checkIdentity(X509TrustManagerImpl.java:466)
	at java.base/sun.security.ssl.X509TrustManagerImpl.checkIdentity(X509TrustManagerImpl.java:432)
	at java.base/sun.security.ssl.X509TrustManagerImpl.checkTrusted(X509TrustManagerImpl.java:237)
	at java.base/sun.security.ssl.X509TrustManagerImpl.checkServerTrusted(X509TrustManagerImpl.java:132)
	at java.base/sun.security.ssl.CertificateMessage$T12CertificateConsumer.checkServerCerts(CertificateMessage.java:631)
	... 53 common frames omitted
2026-08-25 22:10:10.248 [sri-files-scheduler-3] [] INFO  c.erp.sri_files.services.SriGateway - Consultando autorización SRI: 0312202501046002881000120010110001735075343206013 [requestId=null]
2026-08-25 22:10:10.977 [sri-files-scheduler-3] [] INFO  c.erp.sri_files.services.SriGateway - Consultando autorización SRI: 0903202601046002881000120010330000092850384120717 [requestId=null]
2026-08-25 22:10:11.934 [sri-files-scheduler-3] [] INFO  c.erp.sri_files.services.SriGateway - Consultando autorización SRI: 0312202501046002881000120010110001735086241240715 [requestId=null]
2026-08-25 22:10:12.586 [sri-files-scheduler-3] [] INFO  c.erp.sri_files.services.SriGateway - Consultando autorización SRI: 0903202601046002881000120010330000092869944983115 [requestId=null]
2026-08-25 22:10:13.619 [sri-files-scheduler-3] [] INFO  c.erp.sri_files.services.SriGateway - Consultando autorización SRI: 0312202501046002881000120010110001735090539150910 [requestId=null]
2026-08-25 22:10:13.694 [sri-files-scheduler-3] [] ERROR c.erp.sri_files.services.SriGateway - Error consultando autorización [requestId=null]
jakarta.xml.ws.WebServiceException: javax.net.ssl.SSLHandshakeException: No subject alternative names matching IP address 181.113.227.222 found
	at com.sun.xml.ws.transport.http.client.HttpClientTransport.readResponseCodeAndMessage(HttpClientTransport.java:181)
	at com.sun.xml.ws.transport.http.client.HttpTransportPipe.createResponsePacket(HttpTransportPipe.java:227)
	at com.sun.xml.ws.transport.http.client.HttpTransportPipe.process(HttpTransportPipe.java:218)
	at com.sun.xml.ws.transport.http.client.HttpTransportPipe.processRequest(HttpTransportPipe.java:131)
	at com.sun.xml.ws.transport.DeferredTransportPipe.processRequest(DeferredTransportPipe.java:111)
	at com.sun.xml.ws.api.pipe.Fiber.__doRun(Fiber.java:1106)
	at com.sun.xml.ws.api.pipe.Fiber._doRun(Fiber.java:1020)
	at com.sun.xml.ws.api.pipe.Fiber.doRun(Fiber.java:989)
	at com.sun.xml.ws.api.pipe.Fiber.runSync(Fiber.java:847)
	at com.sun.xml.ws.client.Stub.process(Stub.java:431)
	at com.sun.xml.ws.client.sei.SEIStub.doProcess(SEIStub.java:160)
	at com.sun.xml.ws.client.sei.SyncMethodHandler.invoke(SyncMethodHandler.java:78)
	at com.sun.xml.ws.client.sei.SyncMethodHandler.invoke(SyncMethodHandler.java:62)
	at com.sun.xml.ws.client.sei.SEIStub.invoke(SEIStub.java:132)
	at jdk.proxy2/jdk.proxy2.$Proxy222.autorizacionComprobante(Unknown Source)
	at com.erp.sri_files.services.SendXmlToSriService.consultarAutorizacion(SendXmlToSriService.java:196)
	at com.erp.sri_files.services.SendXmlToSriService.consultarAutorizacion(SendXmlToSriService.java:180)
	at com.erp.sri_files.services.SriGateway.consultarAutorizacion(SriGateway.java:100)
	at com.erp.sri_files.scheduler.RecuperarDevueltasScheduler.recuperarFacturasDevueltas(RecuperarDevueltasScheduler.java:61)
	at java.base/jdk.internal.reflect.DirectMethodHandleAccessor.invoke(DirectMethodHandleAccessor.java:103)
	at java.base/java.lang.reflect.Method.invoke(Method.java:580)
	at org.springframework.scheduling.support.ScheduledMethodRunnable.runInternal(ScheduledMethodRunnable.java:130)
	at org.springframework.scheduling.support.ScheduledMethodRunnable.lambda$run$2(ScheduledMethodRunnable.java:124)
	at io.micrometer.observation.Observation.observe(Observation.java:498)
	at org.springframework.scheduling.support.ScheduledMethodRunnable.run(ScheduledMethodRunnable.java:124)
	at org.springframework.scheduling.config.Task$OutcomeTrackingRunnable.run(Task.java:85)
	at org.springframework.scheduling.support.DelegatingErrorHandlingRunnable.run(DelegatingErrorHandlingRunnable.java:54)
	at org.springframework.scheduling.concurrent.ReschedulingRunnable.run(ReschedulingRunnable.java:96)
	at java.base/java.util.concurrent.Executors$RunnableAdapter.call(Executors.java:572)
	at java.base/java.util.concurrent.FutureTask.run(FutureTask.java:317)
	at java.base/java.util.concurrent.ScheduledThreadPoolExecutor$ScheduledFutureTask.run(ScheduledThreadPoolExecutor.java:304)
	at java.base/java.util.concurrent.ThreadPoolExecutor.runWorker(ThreadPoolExecutor.java:1144)
	at java.base/java.util.concurrent.ThreadPoolExecutor$Worker.run(ThreadPoolExecutor.java:642)
	at java.base/java.lang.Thread.run(Thread.java:1583)
Caused by: javax.net.ssl.SSLHandshakeException: No subject alternative names matching IP address 181.113.227.222 found
	at java.base/sun.security.ssl.Alert.createSSLException(Alert.java:130)
	at java.base/sun.security.ssl.TransportContext.fatal(TransportContext.java:383)
	at java.base/sun.security.ssl.TransportContext.fatal(TransportContext.java:326)
	at java.base/sun.security.ssl.TransportContext.fatal(TransportContext.java:321)
	at java.base/sun.security.ssl.CertificateMessage$T12CertificateConsumer.checkServerCerts(CertificateMessage.java:647)
	at java.base/sun.security.ssl.CertificateMessage$T12CertificateConsumer.onCertificate(CertificateMessage.java:467)
	at java.base/sun.security.ssl.CertificateMessage$T12CertificateConsumer.consume(CertificateMessage.java:363)
	at java.base/sun.security.ssl.SSLHandshake.consume(SSLHandshake.java:393)
	at java.base/sun.security.ssl.HandshakeContext.dispatch(HandshakeContext.java:477)
	at java.base/sun.security.ssl.HandshakeContext.dispatch(HandshakeContext.java:448)
	at java.base/sun.security.ssl.TransportContext.dispatch(TransportContext.java:206)
	at java.base/sun.security.ssl.SSLTransport.decode(SSLTransport.java:172)
	at java.base/sun.security.ssl.SSLSocketImpl.decode(SSLSocketImpl.java:1506)
	at java.base/sun.security.ssl.SSLSocketImpl.readHandshakeRecord(SSLSocketImpl.java:1421)
	at java.base/sun.security.ssl.SSLSocketImpl.startHandshake(SSLSocketImpl.java:455)
	at java.base/sun.security.ssl.SSLSocketImpl.startHandshake(SSLSocketImpl.java:426)
	at java.base/sun.net.www.protocol.https.HttpsClient.afterConnect(HttpsClient.java:586)
	at java.base/sun.net.www.protocol.https.AbstractDelegateHttpsURLConnection.connect(AbstractDelegateHttpsURLConnection.java:187)
	at java.base/sun.net.www.protocol.http.HttpURLConnection.followRedirect0(HttpURLConnection.java:2914)
	at java.base/sun.net.www.protocol.http.HttpURLConnection.followRedirect(HttpURLConnection.java:2834)
	at java.base/sun.net.www.protocol.http.HttpURLConnection.getInputStream0(HttpURLConnection.java:1945)
	at java.base/sun.net.www.protocol.http.HttpURLConnection.getInputStream(HttpURLConnection.java:1615)
	at java.base/java.net.HttpURLConnection.getResponseCode(HttpURLConnection.java:531)
	at java.base/sun.net.www.protocol.https.HttpsURLConnectionImpl.getResponseCode(HttpsURLConnectionImpl.java:307)
	at com.sun.xml.ws.transport.http.client.HttpClientTransport.readResponseCodeAndMessage(HttpClientTransport.java:177)
	... 33 common frames omitted
Caused by: java.security.cert.CertificateException: No subject alternative names matching IP address 181.113.227.222 found
	at java.base/sun.security.util.HostnameChecker.matchIP(HostnameChecker.java:160)
	at java.base/sun.security.util.HostnameChecker.match(HostnameChecker.java:101)
	at java.base/sun.security.ssl.X509TrustManagerImpl.checkIdentity(X509TrustManagerImpl.java:466)
	at java.base/sun.security.ssl.X509TrustManagerImpl.checkIdentity(X509TrustManagerImpl.java:432)
	at java.base/sun.security.ssl.X509TrustManagerImpl.checkTrusted(X509TrustManagerImpl.java:237)
	at java.base/sun.security.ssl.X509TrustManagerImpl.checkServerTrusted(X509TrustManagerImpl.java:132)
	at java.base/sun.security.ssl.CertificateMessage$T12CertificateConsumer.checkServerCerts(CertificateMessage.java:631)
	... 53 common frames omitted
2026-08-25 22:10:14.340 [sri-files-scheduler-3] [] INFO  c.erp.sri_files.services.SriGateway - Consultando autorización SRI: 0903202601046002881000120010330000092872447346511 [requestId=null]
2026-08-25 22:10:14.402 [sri-files-scheduler-3] [] ERROR c.erp.sri_files.services.SriGateway - Error consultando autorización [requestId=null]
jakarta.xml.ws.WebServiceException: javax.net.ssl.SSLHandshakeException: No subject alternative names matching IP address 181.113.227.222 found
	at com.sun.xml.ws.transport.http.client.HttpClientTransport.readResponseCodeAndMessage(HttpClientTransport.java:181)
	at com.sun.xml.ws.transport.http.client.HttpTransportPipe.createResponsePacket(HttpTransportPipe.java:227)
	at com.sun.xml.ws.transport.http.client.HttpTransportPipe.process(HttpTransportPipe.java:218)
	at com.sun.xml.ws.transport.http.client.HttpTransportPipe.processRequest(HttpTransportPipe.java:131)
	at com.sun.xml.ws.transport.DeferredTransportPipe.processRequest(DeferredTransportPipe.java:111)
	at com.sun.xml.ws.api.pipe.Fiber.__doRun(Fiber.java:1106)
	at com.sun.xml.ws.api.pipe.Fiber._doRun(Fiber.java:1020)
	at com.sun.xml.ws.api.pipe.Fiber.doRun(Fiber.java:989)
	at com.sun.xml.ws.api.pipe.Fiber.runSync(Fiber.java:847)
	at com.sun.xml.ws.client.Stub.process(Stub.java:431)
	at com.sun.xml.ws.client.sei.SEIStub.doProcess(SEIStub.java:160)
	at com.sun.xml.ws.client.sei.SyncMethodHandler.invoke(SyncMethodHandler.java:78)
	at com.sun.xml.ws.client.sei.SyncMethodHandler.invoke(SyncMethodHandler.java:62)
	at com.sun.xml.ws.client.sei.SEIStub.invoke(SEIStub.java:132)
	at jdk.proxy2/jdk.proxy2.$Proxy222.autorizacionComprobante(Unknown Source)
	at com.erp.sri_files.services.SendXmlToSriService.consultarAutorizacion(SendXmlToSriService.java:196)
	at com.erp.sri_files.services.SendXmlToSriService.consultarAutorizacion(SendXmlToSriService.java:180)
	at com.erp.sri_files.services.SriGateway.consultarAutorizacion(SriGateway.java:100)
	at com.erp.sri_files.scheduler.RecuperarDevueltasScheduler.recuperarFacturasDevueltas(RecuperarDevueltasScheduler.java:61)
	at java.base/jdk.internal.reflect.DirectMethodHandleAccessor.invoke(DirectMethodHandleAccessor.java:103)
	at java.base/java.lang.reflect.Method.invoke(Method.java:580)
	at org.springframework.scheduling.support.ScheduledMethodRunnable.runInternal(ScheduledMethodRunnable.java:130)
	at org.springframework.scheduling.support.ScheduledMethodRunnable.lambda$run$2(ScheduledMethodRunnable.java:124)
	at io.micrometer.observation.Observation.observe(Observation.java:498)
	at org.springframework.scheduling.support.ScheduledMethodRunnable.run(ScheduledMethodRunnable.java:124)
	at org.springframework.scheduling.config.Task$OutcomeTrackingRunnable.run(Task.java:85)
	at org.springframework.scheduling.support.DelegatingErrorHandlingRunnable.run(DelegatingErrorHandlingRunnable.java:54)
	at org.springframework.scheduling.concurrent.ReschedulingRunnable.run(ReschedulingRunnable.java:96)
	at java.base/java.util.concurrent.Executors$RunnableAdapter.call(Executors.java:572)
	at java.base/java.util.concurrent.FutureTask.run(FutureTask.java:317)
	at java.base/java.util.concurrent.ScheduledThreadPoolExecutor$ScheduledFutureTask.run(ScheduledThreadPoolExecutor.java:304)
	at java.base/java.util.concurrent.ThreadPoolExecutor.runWorker(ThreadPoolExecutor.java:1144)
	at java.base/java.util.concurrent.ThreadPoolExecutor$Worker.run(ThreadPoolExecutor.java:642)
	at java.base/java.lang.Thread.run(Thread.java:1583)
Caused by: javax.net.ssl.SSLHandshakeException: No subject alternative names matching IP address 181.113.227.222 found
	at java.base/sun.security.ssl.Alert.createSSLException(Alert.java:130)
	at java.base/sun.security.ssl.TransportContext.fatal(TransportContext.java:383)
	at java.base/sun.security.ssl.TransportContext.fatal(TransportContext.java:326)
	at java.base/sun.security.ssl.TransportContext.fatal(TransportContext.java:321)
	at java.base/sun.security.ssl.CertificateMessage$T12CertificateConsumer.checkServerCerts(CertificateMessage.java:647)
	at java.base/sun.security.ssl.CertificateMessage$T12CertificateConsumer.onCertificate(CertificateMessage.java:467)
	at java.base/sun.security.ssl.CertificateMessage$T12CertificateConsumer.consume(CertificateMessage.java:363)
	at java.base/sun.security.ssl.SSLHandshake.consume(SSLHandshake.java:393)
	at java.base/sun.security.ssl.HandshakeContext.dispatch(HandshakeContext.java:477)
	at java.base/sun.security.ssl.HandshakeContext.dispatch(HandshakeContext.java:448)
	at java.base/sun.security.ssl.TransportContext.dispatch(TransportContext.java:206)
	at java.base/sun.security.ssl.SSLTransport.decode(SSLTransport.java:172)
	at java.base/sun.security.ssl.SSLSocketImpl.decode(SSLSocketImpl.java:1506)
	at java.base/sun.security.ssl.SSLSocketImpl.readHandshakeRecord(SSLSocketImpl.java:1421)
	at java.base/sun.security.ssl.SSLSocketImpl.startHandshake(SSLSocketImpl.java:455)
	at java.base/sun.security.ssl.SSLSocketImpl.startHandshake(SSLSocketImpl.java:426)
	at java.base/sun.net.www.protocol.https.HttpsClient.afterConnect(HttpsClient.java:586)
	at java.base/sun.net.www.protocol.https.AbstractDelegateHttpsURLConnection.connect(AbstractDelegateHttpsURLConnection.java:187)
	at java.base/sun.net.www.protocol.http.HttpURLConnection.followRedirect0(HttpURLConnection.java:2914)
	at java.base/sun.net.www.protocol.http.HttpURLConnection.followRedirect(HttpURLConnection.java:2834)
	at java.base/sun.net.www.protocol.http.HttpURLConnection.getInputStream0(HttpURLConnection.java:1945)
	at java.base/sun.net.www.protocol.http.HttpURLConnection.getInputStream(HttpURLConnection.java:1615)
	at java.base/java.net.HttpURLConnection.getResponseCode(HttpURLConnection.java:531)
	at java.base/sun.net.www.protocol.https.HttpsURLConnectionImpl.getResponseCode(HttpsURLConnectionImpl.java:307)
	at com.sun.xml.ws.transport.http.client.HttpClientTransport.readResponseCodeAndMessage(HttpClientTransport.java:177)
	... 33 common frames omitted
Caused by: java.security.cert.CertificateException: No subject alternative names matching IP address 181.113.227.222 found
	at java.base/sun.security.util.HostnameChecker.matchIP(HostnameChecker.java:160)
	at java.base/sun.security.util.HostnameChecker.match(HostnameChecker.java:101)
	at java.base/sun.security.ssl.X509TrustManagerImpl.checkIdentity(X509TrustManagerImpl.java:466)
	at java.base/sun.security.ssl.X509TrustManagerImpl.checkIdentity(X509TrustManagerImpl.java:432)
	at java.base/sun.security.ssl.X509TrustManagerImpl.checkTrusted(X509TrustManagerImpl.java:237)
	at java.base/sun.security.ssl.X509TrustManagerImpl.checkServerTrusted(X509TrustManagerImpl.java:132)
	at java.base/sun.security.ssl.CertificateMessage$T12CertificateConsumer.checkServerCerts(CertificateMessage.java:631)
	... 53 common frames omitted
2026-08-25 22:10:15.275 [sri-files-scheduler-3] [] INFO  c.erp.sri_files.services.SriGateway - Consultando autorización SRI: 0312202501046002881000120010110001735102173051211 [requestId=null]
2026-08-25 22:10:15.860 [sri-files-scheduler-3] [] INFO  c.erp.sri_files.services.SriGateway - Consultando autorización SRI: 0312202501046002881000120010110001735110759061618 [requestId=null]
2026-08-25 22:10:16.474 [sri-files-scheduler-3] [] INFO  c.erp.sri_files.services.SriGateway - Consultando autorización SRI: 0201202601046002881000120010250000600516749914017 [requestId=null]
2026-08-25 22:10:17.103 [sri-files-scheduler-3] [] INFO  c.erp.sri_files.services.SriGateway - Consultando autorización SRI: 0312202501046002881000120010110001735124947131616 [requestId=null]
2026-08-25 22:10:17.175 [sri-files-scheduler-3] [] ERROR c.erp.sri_files.services.SriGateway - Error consultando autorización [requestId=null]
jakarta.xml.ws.WebServiceException: javax.net.ssl.SSLHandshakeException: No subject alternative names matching IP address 181.113.227.222 found
	at com.sun.xml.ws.transport.http.client.HttpClientTransport.readResponseCodeAndMessage(HttpClientTransport.java:181)
	at com.sun.xml.ws.transport.http.client.HttpTransportPipe.createResponsePacket(HttpTransportPipe.java:227)
	at com.sun.xml.ws.transport.http.client.HttpTransportPipe.process(HttpTransportPipe.java:218)
	at com.sun.xml.ws.transport.http.client.HttpTransportPipe.processRequest(HttpTransportPipe.java:131)
	at com.sun.xml.ws.transport.DeferredTransportPipe.processRequest(DeferredTransportPipe.java:111)
	at com.sun.xml.ws.api.pipe.Fiber.__doRun(Fiber.java:1106)
	at com.sun.xml.ws.api.pipe.Fiber._doRun(Fiber.java:1020)
	at com.sun.xml.ws.api.pipe.Fiber.doRun(Fiber.java:989)
	at com.sun.xml.ws.api.pipe.Fiber.runSync(Fiber.java:847)
	at com.sun.xml.ws.client.Stub.process(Stub.java:431)
	at com.sun.xml.ws.client.sei.SEIStub.doProcess(SEIStub.java:160)
	at com.sun.xml.ws.client.sei.SyncMethodHandler.invoke(SyncMethodHandler.java:78)
	at com.sun.xml.ws.client.sei.SyncMethodHandler.invoke(SyncMethodHandler.java:62)
	at com.sun.xml.ws.client.sei.SEIStub.invoke(SEIStub.java:132)
	at jdk.proxy2/jdk.proxy2.$Proxy222.autorizacionComprobante(Unknown Source)
	at com.erp.sri_files.services.SendXmlToSriService.consultarAutorizacion(SendXmlToSriService.java:196)
	at com.erp.sri_files.services.SendXmlToSriService.consultarAutorizacion(SendXmlToSriService.java:180)
	at com.erp.sri_files.services.SriGateway.consultarAutorizacion(SriGateway.java:100)
	at com.erp.sri_files.scheduler.RecuperarDevueltasScheduler.recuperarFacturasDevueltas(RecuperarDevueltasScheduler.java:61)
	at java.base/jdk.internal.reflect.DirectMethodHandleAccessor.invoke(DirectMethodHandleAccessor.java:103)
	at java.base/java.lang.reflect.Method.invoke(Method.java:580)
	at org.springframework.scheduling.support.ScheduledMethodRunnable.runInternal(ScheduledMethodRunnable.java:130)
	at org.springframework.scheduling.support.ScheduledMethodRunnable.lambda$run$2(ScheduledMethodRunnable.java:124)
	at io.micrometer.observation.Observation.observe(Observation.java:498)
	at org.springframework.scheduling.support.ScheduledMethodRunnable.run(ScheduledMethodRunnable.java:124)
	at org.springframework.scheduling.config.Task$OutcomeTrackingRunnable.run(Task.java:85)
	at org.springframework.scheduling.support.DelegatingErrorHandlingRunnable.run(DelegatingErrorHandlingRunnable.java:54)
	at org.springframework.scheduling.concurrent.ReschedulingRunnable.run(ReschedulingRunnable.java:96)
	at java.base/java.util.concurrent.Executors$RunnableAdapter.call(Executors.java:572)
	at java.base/java.util.concurrent.FutureTask.run(FutureTask.java:317)
	at java.base/java.util.concurrent.ScheduledThreadPoolExecutor$ScheduledFutureTask.run(ScheduledThreadPoolExecutor.java:304)
	at java.base/java.util.concurrent.ThreadPoolExecutor.runWorker(ThreadPoolExecutor.java:1144)
	at java.base/java.util.concurrent.ThreadPoolExecutor$Worker.run(ThreadPoolExecutor.java:642)
	at java.base/java.lang.Thread.run(Thread.java:1583)
Caused by: javax.net.ssl.SSLHandshakeException: No subject alternative names matching IP address 181.113.227.222 found
	at java.base/sun.security.ssl.Alert.createSSLException(Alert.java:130)
	at java.base/sun.security.ssl.TransportContext.fatal(TransportContext.java:383)
	at java.base/sun.security.ssl.TransportContext.fatal(TransportContext.java:326)
	at java.base/sun.security.ssl.TransportContext.fatal(TransportContext.java:321)
	at java.base/sun.security.ssl.CertificateMessage$T12CertificateConsumer.checkServerCerts(CertificateMessage.java:647)
	at java.base/sun.security.ssl.CertificateMessage$T12CertificateConsumer.onCertificate(CertificateMessage.java:467)
	at java.base/sun.security.ssl.CertificateMessage$T12CertificateConsumer.consume(CertificateMessage.java:363)
	at java.base/sun.security.ssl.SSLHandshake.consume(SSLHandshake.java:393)
	at java.base/sun.security.ssl.HandshakeContext.dispatch(HandshakeContext.java:477)
	at java.base/sun.security.ssl.HandshakeContext.dispatch(HandshakeContext.java:448)
	at java.base/sun.security.ssl.TransportContext.dispatch(TransportContext.java:206)
	at java.base/sun.security.ssl.SSLTransport.decode(SSLTransport.java:172)
	at java.base/sun.security.ssl.SSLSocketImpl.decode(SSLSocketImpl.java:1506)
	at java.base/sun.security.ssl.SSLSocketImpl.readHandshakeRecord(SSLSocketImpl.java:1421)
	at java.base/sun.security.ssl.SSLSocketImpl.startHandshake(SSLSocketImpl.java:455)
	at java.base/sun.security.ssl.SSLSocketImpl.startHandshake(SSLSocketImpl.java:426)
	at java.base/sun.net.www.protocol.https.HttpsClient.afterConnect(HttpsClient.java:586)
	at java.base/sun.net.www.protocol.https.AbstractDelegateHttpsURLConnection.connect(AbstractDelegateHttpsURLConnection.java:187)
	at java.base/sun.net.www.protocol.http.HttpURLConnection.followRedirect0(HttpURLConnection.java:2914)
	at java.base/sun.net.www.protocol.http.HttpURLConnection.followRedirect(HttpURLConnection.java:2834)
	at java.base/sun.net.www.protocol.http.HttpURLConnection.getInputStream0(HttpURLConnection.java:1945)
	at java.base/sun.net.www.protocol.http.HttpURLConnection.getInputStream(HttpURLConnection.java:1615)
	at java.base/java.net.HttpURLConnection.getResponseCode(HttpURLConnection.java:531)
	at java.base/sun.net.www.protocol.https.HttpsURLConnectionImpl.getResponseCode(HttpsURLConnectionImpl.java:307)
	at com.sun.xml.ws.transport.http.client.HttpClientTransport.readResponseCodeAndMessage(HttpClientTransport.java:177)
	... 33 common frames omitted
Caused by: java.security.cert.CertificateException: No subject alternative names matching IP address 181.113.227.222 found
	at java.base/sun.security.util.HostnameChecker.matchIP(HostnameChecker.java:160)
	at java.base/sun.security.util.HostnameChecker.match(HostnameChecker.java:101)
	at java.base/sun.security.ssl.X509TrustManagerImpl.checkIdentity(X509TrustManagerImpl.java:466)
	at java.base/sun.security.ssl.X509TrustManagerImpl.checkIdentity(X509TrustManagerImpl.java:432)
	at java.base/sun.security.ssl.X509TrustManagerImpl.checkTrusted(X509TrustManagerImpl.java:237)
	at java.base/sun.security.ssl.X509TrustManagerImpl.checkServerTrusted(X509TrustManagerImpl.java:132)
	at java.base/sun.security.ssl.CertificateMessage$T12CertificateConsumer.checkServerCerts(CertificateMessage.java:631)
	... 53 common frames omitted
2026-08-25 22:10:17.736 [sri-files-scheduler-3] [] INFO  c.e.s.s.RecuperarDevueltasScheduler - [SCHEDULER] FIN recuperación devueltas | detectadas=20 | recuperadas=0 | pendientes=20 | fallidas=0 | duracionMs=17726
2026-08-25 22:11:00.000 [sri-files-scheduler-1] [] INFO  c.e.s.s.NuevoDocumentoScheduler - [SCHEDULER][V1] INICIO envío pendientes @ 2026-08-25T22:11:00.000995400
2026-08-25 22:11:00.000 [sri-files-scheduler-4] [] INFO  c.e.s.services.EnvioSriBatchService - [SCHEDULER][sri-files-scheduler-4] INICIO automatizacionEnvioFacturasElectonicas @ 2026-08-25T22:11:00.000995400
2026-08-25 22:11:00.000 [sri-files-scheduler-4] [] INFO  c.e.s.services.EnvioSriBatchService - Ejecutando envio de facturas at=2026-08-25T22:11:00.000995400
2026-08-25 22:11:00.002 [sri-files-scheduler-1] [] INFO  c.e.s.s.NuevoDocumentoScheduler - [SCHEDULER][V1] FIN envío | detectados=0 | exitosos=0 | fallidos=0 | duracionMs=2
2026-08-25 22:11:01.339 [sri-files-scheduler-4] [] INFO  c.e.s.services.EnvioSriBatchService - No hay facturas pendientes estado=I
2026-08-25 22:11:01.340 [sri-files-scheduler-4] [] INFO  c.e.s.services.EnvioSriBatchService - [SCHEDULER][sri-files-scheduler-4] FIN automatizacionEnvioFacturasElectonicas | detectados=0 | exitosas=0 | fallidas=0 | duracionMs=1340
2026-08-25 22:12:00.002 [sri-files-scheduler-1] [] INFO  c.e.s.s.NuevoDocumentoScheduler - [SCHEDULER][V1] INICIO envío pendientes @ 2026-08-25T22:12:00.002160600
2026-08-25 22:12:00.002 [sri-files-scheduler-4] [] INFO  c.e.s.services.EnvioSriBatchService - [SCHEDULER][sri-files-scheduler-4] INICIO automatizacionEnvioFacturasElectonicas @ 2026-08-25T22:12:00.002160600
2026-08-25 22:12:00.002 [sri-files-scheduler-4] [] INFO  c.e.s.services.EnvioSriBatchService - Ejecutando envio de facturas at=2026-08-25T22:12:00.002160600
2026-08-25 22:12:00.003 [sri-files-scheduler-1] [] INFO  c.e.s.s.NuevoDocumentoScheduler - [SCHEDULER][V1] FIN envío | detectados=0 | exitosos=0 | fallidos=0 | duracionMs=1
2026-08-25 22:12:00.004 [sri-files-scheduler-3] [] INFO  c.e.s.batch.BatchJobScheduler - Batch automático ejecutado: tipo=ENVIAR_SRI uuid=ba6bdb04-22a6-4c6b-81fc-c0cdceb4202c
2026-08-25 22:12:00.005 [task-22] [ba6bdb04-22a6-4c6b-81fc-c0cdceb4202c] INFO  c.e.s.batch.BatchProcessorService - Iniciando batch job ba6bdb04-22a6-4c6b-81fc-c0cdceb4202c tipo=ENVIAR_SRI [batchJob=ba6bdb04-22a6-4c6b-81fc-c0cdceb4202c]
2026-08-25 22:12:00.006 [sri-files-scheduler-3] [] INFO  c.e.s.batch.BatchJobScheduler - Batch automático ejecutado: tipo=CONSULTAR_AUTORIZACION uuid=84ba9e1b-1d9f-4e5a-a441-02d9fc34dbdc
2026-08-25 22:12:00.006 [task-22] [ba6bdb04-22a6-4c6b-81fc-c0cdceb4202c] INFO  c.e.s.batch.BatchProcessorService - Documentos encontrados: 0 [batchJob=ba6bdb04-22a6-4c6b-81fc-c0cdceb4202c]
2026-08-25 22:12:00.006 [task-22] [ba6bdb04-22a6-4c6b-81fc-c0cdceb4202c] INFO  c.e.s.batch.BatchProcessorService - Batch job ba6bdb04-22a6-4c6b-81fc-c0cdceb4202c completado: Procesados: 0, Exitosos: 0, Fallidos: 0 [batchJob=ba6bdb04-22a6-4c6b-81fc-c0cdceb4202c]
2026-08-25 22:12:00.006 [task-23] [84ba9e1b-1d9f-4e5a-a441-02d9fc34dbdc] INFO  c.e.s.batch.BatchProcessorService - Iniciando batch job 84ba9e1b-1d9f-4e5a-a441-02d9fc34dbdc tipo=CONSULTAR_AUTORIZACION [batchJob=84ba9e1b-1d9f-4e5a-a441-02d9fc34dbdc]
2026-08-25 22:12:00.008 [sri-files-scheduler-1] [] INFO  c.e.s.batch.BatchJobScheduler - Batch automático ejecutado: tipo=ENVIAR_CORREO uuid=b85906d5-9b66-44cf-8e6c-7682d277c53c
2026-08-25 22:12:00.009 [task-24] [b85906d5-9b66-44cf-8e6c-7682d277c53c] INFO  c.e.s.batch.BatchProcessorService - Iniciando batch job b85906d5-9b66-44cf-8e6c-7682d277c53c tipo=ENVIAR_CORREO [batchJob=b85906d5-9b66-44cf-8e6c-7682d277c53c]
2026-08-25 22:12:00.009 [task-23] [84ba9e1b-1d9f-4e5a-a441-02d9fc34dbdc] INFO  c.e.s.batch.BatchProcessorService - Documentos encontrados: 0 [batchJob=84ba9e1b-1d9f-4e5a-a441-02d9fc34dbdc]
2026-08-25 22:12:00.009 [task-23] [84ba9e1b-1d9f-4e5a-a441-02d9fc34dbdc] INFO  c.e.s.batch.BatchProcessorService - Batch job 84ba9e1b-1d9f-4e5a-a441-02d9fc34dbdc completado: Procesados: 0, Exitosos: 0, Fallidos: 0 [batchJob=84ba9e1b-1d9f-4e5a-a441-02d9fc34dbdc]
2026-08-25 22:12:00.010 [task-24] [b85906d5-9b66-44cf-8e6c-7682d277c53c] INFO  c.e.s.batch.BatchProcessorService - Documentos encontrados: 0 [batchJob=b85906d5-9b66-44cf-8e6c-7682d277c53c]
2026-08-25 22:12:00.011 [task-24] [b85906d5-9b66-44cf-8e6c-7682d277c53c] INFO  c.e.s.batch.BatchProcessorService - Batch job b85906d5-9b66-44cf-8e6c-7682d277c53c completado: Procesados: 0, Exitosos: 0, Fallidos: 0 [batchJob=b85906d5-9b66-44cf-8e6c-7682d277c53c]
2026-08-25 22:12:01.344 [sri-files-scheduler-4] [] INFO  c.e.s.services.EnvioSriBatchService - No hay facturas pendientes estado=I
2026-08-25 22:12:01.344 [sri-files-scheduler-4] [] INFO  c.e.s.services.EnvioSriBatchService - [SCHEDULER][sri-files-scheduler-4] FIN automatizacionEnvioFacturasElectonicas | detectados=0 | exitosas=0 | fallidas=0 | duracionMs=1342
2026-08-25 22:12:30.000 [sri-files-scheduler-3] [] INFO  c.e.s.s.NuevoDocumentoScheduler - [SCHEDULER][V1] INICIO recuperación autorizaciones @ 2026-08-25T22:12:30.000668800
2026-08-25 22:12:30.002 [sri-files-scheduler-3] [] INFO  c.e.s.s.NuevoDocumentoScheduler - [SCHEDULER][V1] FIN recuperación | detectados=0 | autorizados=0 | pendientes=0 | duracionMs=2
2026-08-25 22:13:00.001 [sri-files-scheduler-4] [] INFO  c.e.s.s.NuevoDocumentoScheduler - [SCHEDULER][V1] INICIO envío pendientes @ 2026-08-25T22:13:00.001499500
2026-08-25 22:13:00.002 [sri-files-scheduler-1] [] INFO  c.e.s.services.EnvioSriBatchService - [SCHEDULER][sri-files-scheduler-1] INICIO automatizacionEnvioFacturasElectonicas @ 2026-08-25T22:13:00.002002200
2026-08-25 22:13:00.002 [sri-files-scheduler-1] [] INFO  c.e.s.services.EnvioSriBatchService - Ejecutando envio de facturas at=2026-08-25T22:13:00.002002200
2026-08-25 22:13:00.003 [sri-files-scheduler-4] [] INFO  c.e.s.s.NuevoDocumentoScheduler - [SCHEDULER][V1] FIN envío | detectados=0 | exitosos=0 | fallidos=0 | duracionMs=2
2026-08-25 22:13:01.368 [sri-files-scheduler-1] [] INFO  c.e.s.services.EnvioSriBatchService - No hay facturas pendientes estado=I
2026-08-25 22:13:01.368 [sri-files-scheduler-1] [] INFO  c.e.s.services.EnvioSriBatchService - [SCHEDULER][sri-files-scheduler-1] FIN automatizacionEnvioFacturasElectonicas | detectados=0 | exitosas=0 | fallidas=0 | duracionMs=1366
2026-08-25 22:14:00.000 [sri-files-scheduler-4] [] INFO  c.e.s.s.NuevoDocumentoScheduler - [SCHEDULER][V1] INICIO envío pendientes @ 2026-08-25T22:14:00.000240200
2026-08-25 22:14:00.001 [sri-files-scheduler-4] [] INFO  c.e.s.s.NuevoDocumentoScheduler - [SCHEDULER][V1] FIN envío | detectados=0 | exitosos=0 | fallidos=0 | duracionMs=1
2026-08-25 22:14:00.001 [sri-files-scheduler-4] [] INFO  c.e.s.services.EnvioSriBatchService - [SCHEDULER][sri-files-scheduler-4] INICIO automatizacionEnvioFacturasElectonicas @ 2026-08-25T22:14:00.001239800
2026-08-25 22:14:00.001 [sri-files-scheduler-4] [] INFO  c.e.s.services.EnvioSriBatchService - Ejecutando envio de facturas at=2026-08-25T22:14:00.001239800
2026-08-25 22:14:00.005 [sri-files-scheduler-3] [] INFO  c.e.s.batch.BatchJobScheduler - Batch automático ejecutado: tipo=ENVIAR_SRI uuid=28d53c64-a9f2-45e5-b638-05fa60809d03
2026-08-25 22:14:00.006 [task-25] [28d53c64-a9f2-45e5-b638-05fa60809d03] INFO  c.e.s.batch.BatchProcessorService - Iniciando batch job 28d53c64-a9f2-45e5-b638-05fa60809d03 tipo=ENVIAR_SRI [batchJob=28d53c64-a9f2-45e5-b638-05fa60809d03]
2026-08-25 22:14:00.007 [task-25] [28d53c64-a9f2-45e5-b638-05fa60809d03] INFO  c.e.s.batch.BatchProcessorService - Documentos encontrados: 0 [batchJob=28d53c64-a9f2-45e5-b638-05fa60809d03]
2026-08-25 22:14:00.007 [task-25] [28d53c64-a9f2-45e5-b638-05fa60809d03] INFO  c.e.s.batch.BatchProcessorService - Batch job 28d53c64-a9f2-45e5-b638-05fa60809d03 completado: Procesados: 0, Exitosos: 0, Fallidos: 0 [batchJob=28d53c64-a9f2-45e5-b638-05fa60809d03]
2026-08-25 22:14:01.386 [sri-files-scheduler-4] [] INFO  c.e.s.services.EnvioSriBatchService - No hay facturas pendientes estado=I
2026-08-25 22:14:01.387 [sri-files-scheduler-4] [] INFO  c.e.s.services.EnvioSriBatchService - [SCHEDULER][sri-files-scheduler-4] FIN automatizacionEnvioFacturasElectonicas | detectados=0 | exitosas=0 | fallidas=0 | duracionMs=1386
2026-08-25 22:15:00.000 [sri-files-scheduler-4] [] INFO  c.e.s.services.EnvioSriBatchService - [SCHEDULER][sri-files-scheduler-4] INICIO automatizacionEnvioFacturasElectonicas @ 2026-08-25T22:15:00.000270500
2026-08-25 22:15:00.000 [sri-files-scheduler-4] [] INFO  c.e.s.services.EnvioSriBatchService - Ejecutando envio de facturas at=2026-08-25T22:15:00.000270500
2026-08-25 22:15:00.002 [sri-files-scheduler-1] [] INFO  c.e.s.s.RecuperarDevueltasScheduler - [SCHEDULER] INICIO recuperación facturas estado M @ 2026-08-25T22:15:00.002274200
2026-08-25 22:15:00.006 [sri-files-scheduler-3] [] INFO  c.e.s.batch.BatchJobScheduler - Batch automático ejecutado: tipo=CONSULTAR_AUTORIZACION uuid=442cd8f1-52d9-4498-a56b-e2b1b4519699
2026-08-25 22:15:00.006 [sri-files-scheduler-3] [] INFO  c.e.s.s.NuevoDocumentoScheduler - [SCHEDULER][V1] INICIO envío pendientes @ 2026-08-25T22:15:00.006307400
2026-08-25 22:15:00.007 [task-26] [442cd8f1-52d9-4498-a56b-e2b1b4519699] INFO  c.e.s.batch.BatchProcessorService - Iniciando batch job 442cd8f1-52d9-4498-a56b-e2b1b4519699 tipo=CONSULTAR_AUTORIZACION [batchJob=442cd8f1-52d9-4498-a56b-e2b1b4519699]
2026-08-25 22:15:00.007 [sri-files-scheduler-3] [] INFO  c.e.s.s.NuevoDocumentoScheduler - [SCHEDULER][V1] FIN envío | detectados=0 | exitosos=0 | fallidos=0 | duracionMs=1
2026-08-25 22:15:00.008 [task-26] [442cd8f1-52d9-4498-a56b-e2b1b4519699] INFO  c.e.s.batch.BatchProcessorService - Documentos encontrados: 0 [batchJob=442cd8f1-52d9-4498-a56b-e2b1b4519699]
2026-08-25 22:15:00.008 [task-26] [442cd8f1-52d9-4498-a56b-e2b1b4519699] INFO  c.e.s.batch.BatchProcessorService - Batch job 442cd8f1-52d9-4498-a56b-e2b1b4519699 completado: Procesados: 0, Exitosos: 0, Fallidos: 0 [batchJob=442cd8f1-52d9-4498-a56b-e2b1b4519699]
2026-08-25 22:15:00.008 [sri-files-scheduler-3] [] INFO  c.e.s.batch.BatchJobScheduler - Batch automático ejecutado: tipo=REINTENTAR_FALLIDOS uuid=8e5ef01b-b07b-48b5-8460-be47f069b8d7
2026-08-25 22:15:00.009 [task-27] [8e5ef01b-b07b-48b5-8460-be47f069b8d7] INFO  c.e.s.batch.BatchProcessorService - Iniciando batch job 8e5ef01b-b07b-48b5-8460-be47f069b8d7 tipo=REINTENTAR_FALLIDOS [batchJob=8e5ef01b-b07b-48b5-8460-be47f069b8d7]
2026-08-25 22:15:00.010 [task-27] [8e5ef01b-b07b-48b5-8460-be47f069b8d7] INFO  c.e.s.batch.BatchProcessorService - Documentos encontrados: 0 [batchJob=8e5ef01b-b07b-48b5-8460-be47f069b8d7]
2026-08-25 22:15:00.011 [task-27] [8e5ef01b-b07b-48b5-8460-be47f069b8d7] INFO  c.e.s.batch.BatchProcessorService - Batch job 8e5ef01b-b07b-48b5-8460-be47f069b8d7 completado: Procesados: 0, Exitosos: 0, Fallidos: 0 [batchJob=8e5ef01b-b07b-48b5-8460-be47f069b8d7]
2026-08-25 22:15:00.077 [sri-files-scheduler-1] [] INFO  c.erp.sri_files.services.SriGateway - Consultando autorización SRI: 2001202601046002881000120020210001675549542668510 [requestId=null]
2026-08-25 22:15:01.111 [sri-files-scheduler-1] [] INFO  c.erp.sri_files.services.SriGateway - Consultando autorización SRI: 1606202601046002881000120020180003433024898331616 [requestId=null]
2026-08-25 22:15:01.300 [sri-files-scheduler-4] [] INFO  c.e.s.services.EnvioSriBatchService - No hay facturas pendientes estado=I
2026-08-25 22:15:01.302 [sri-files-scheduler-4] [] INFO  c.e.s.services.EnvioSriBatchService - [SCHEDULER][sri-files-scheduler-4] FIN automatizacionEnvioFacturasElectonicas | detectados=0 | exitosas=0 | fallidas=0 | duracionMs=1302
2026-08-25 22:15:02.353 [sri-files-scheduler-1] [] INFO  c.erp.sri_files.services.SriGateway - Consultando autorización SRI: 1606202601046002881000120020180003433033058234813 [requestId=null]
2026-08-25 22:15:03.633 [sri-files-scheduler-1] [] INFO  c.erp.sri_files.services.SriGateway - Consultando autorización SRI: 1606202601046002881000120020180003433046695660014 [requestId=null]
2026-08-25 22:15:04.808 [sri-files-scheduler-1] [] INFO  c.erp.sri_files.services.SriGateway - Consultando autorización SRI: 1707202601046002881000120020180003467758561531013 [requestId=null]
2026-08-25 22:15:05.889 [sri-files-scheduler-1] [] INFO  c.erp.sri_files.services.SriGateway - Consultando autorización SRI: 1707202601046002881000120020180003467766529247411 [requestId=null]
2026-08-25 22:15:06.934 [sri-files-scheduler-1] [] INFO  c.erp.sri_files.services.SriGateway - Consultando autorización SRI: 0903202601046002881000120010330000092821553539013 [requestId=null]
2026-08-25 22:15:08.078 [sri-files-scheduler-1] [] INFO  c.erp.sri_files.services.SriGateway - Consultando autorización SRI: 0903202601046002881000120010330000092833404601715 [requestId=null]
2026-08-25 22:15:09.303 [sri-files-scheduler-1] [] INFO  c.erp.sri_files.services.SriGateway - Consultando autorización SRI: 0312202501046002881000120010110001735068823902714 [requestId=null]
2026-08-25 22:15:10.207 [sri-files-scheduler-1] [] INFO  c.erp.sri_files.services.SriGateway - Consultando autorización SRI: 0903202601046002881000120010330000092847848942412 [requestId=null]
2026-08-25 22:15:11.212 [sri-files-scheduler-1] [] INFO  c.erp.sri_files.services.SriGateway - Consultando autorización SRI: 0312202501046002881000120010110001735075343206013 [requestId=null]
2026-08-25 22:15:11.991 [sri-files-scheduler-1] [] INFO  c.erp.sri_files.services.SriGateway - Consultando autorización SRI: 0903202601046002881000120010330000092850384120717 [requestId=null]
2026-08-25 22:15:13.129 [sri-files-scheduler-1] [] INFO  c.erp.sri_files.services.SriGateway - Consultando autorización SRI: 0312202501046002881000120010110001735086241240715 [requestId=null]
2026-08-25 22:15:13.925 [sri-files-scheduler-1] [] INFO  c.erp.sri_files.services.SriGateway - Consultando autorización SRI: 0903202601046002881000120010330000092869944983115 [requestId=null]
2026-08-25 22:15:15.127 [sri-files-scheduler-1] [] INFO  c.erp.sri_files.services.SriGateway - Consultando autorización SRI: 0312202501046002881000120010110001735090539150910 [requestId=null]
2026-08-25 22:15:15.916 [sri-files-scheduler-1] [] INFO  c.erp.sri_files.services.SriGateway - Consultando autorización SRI: 0903202601046002881000120010330000092872447346511 [requestId=null]
2026-08-25 22:15:17.057 [sri-files-scheduler-1] [] INFO  c.erp.sri_files.services.SriGateway - Consultando autorización SRI: 0312202501046002881000120010110001735102173051211 [requestId=null]
2026-08-25 22:15:17.122 [sri-files-scheduler-1] [] ERROR c.erp.sri_files.services.SriGateway - Error consultando autorización [requestId=null]
jakarta.xml.ws.WebServiceException: javax.net.ssl.SSLHandshakeException: No subject alternative names matching IP address 181.113.227.222 found
	at com.sun.xml.ws.transport.http.client.HttpClientTransport.readResponseCodeAndMessage(HttpClientTransport.java:181)
	at com.sun.xml.ws.transport.http.client.HttpTransportPipe.createResponsePacket(HttpTransportPipe.java:227)
	at com.sun.xml.ws.transport.http.client.HttpTransportPipe.process(HttpTransportPipe.java:218)
	at com.sun.xml.ws.transport.http.client.HttpTransportPipe.processRequest(HttpTransportPipe.java:131)
	at com.sun.xml.ws.transport.DeferredTransportPipe.processRequest(DeferredTransportPipe.java:111)
	at com.sun.xml.ws.api.pipe.Fiber.__doRun(Fiber.java:1106)
	at com.sun.xml.ws.api.pipe.Fiber._doRun(Fiber.java:1020)
	at com.sun.xml.ws.api.pipe.Fiber.doRun(Fiber.java:989)
	at com.sun.xml.ws.api.pipe.Fiber.runSync(Fiber.java:847)
	at com.sun.xml.ws.client.Stub.process(Stub.java:431)
	at com.sun.xml.ws.client.sei.SEIStub.doProcess(SEIStub.java:160)
	at com.sun.xml.ws.client.sei.SyncMethodHandler.invoke(SyncMethodHandler.java:78)
	at com.sun.xml.ws.client.sei.SyncMethodHandler.invoke(SyncMethodHandler.java:62)
	at com.sun.xml.ws.client.sei.SEIStub.invoke(SEIStub.java:132)
	at jdk.proxy2/jdk.proxy2.$Proxy222.autorizacionComprobante(Unknown Source)
	at com.erp.sri_files.services.SendXmlToSriService.consultarAutorizacion(SendXmlToSriService.java:196)
	at com.erp.sri_files.services.SendXmlToSriService.consultarAutorizacion(SendXmlToSriService.java:180)
	at com.erp.sri_files.services.SriGateway.consultarAutorizacion(SriGateway.java:100)
	at com.erp.sri_files.scheduler.RecuperarDevueltasScheduler.recuperarFacturasDevueltas(RecuperarDevueltasScheduler.java:61)
	at java.base/jdk.internal.reflect.DirectMethodHandleAccessor.invoke(DirectMethodHandleAccessor.java:103)
	at java.base/java.lang.reflect.Method.invoke(Method.java:580)
	at org.springframework.scheduling.support.ScheduledMethodRunnable.runInternal(ScheduledMethodRunnable.java:130)
	at org.springframework.scheduling.support.ScheduledMethodRunnable.lambda$run$2(ScheduledMethodRunnable.java:124)
	at io.micrometer.observation.Observation.observe(Observation.java:498)
	at org.springframework.scheduling.support.ScheduledMethodRunnable.run(ScheduledMethodRunnable.java:124)
	at org.springframework.scheduling.config.Task$OutcomeTrackingRunnable.run(Task.java:85)
	at org.springframework.scheduling.support.DelegatingErrorHandlingRunnable.run(DelegatingErrorHandlingRunnable.java:54)
	at org.springframework.scheduling.concurrent.ReschedulingRunnable.run(ReschedulingRunnable.java:96)
	at java.base/java.util.concurrent.Executors$RunnableAdapter.call(Executors.java:572)
	at java.base/java.util.concurrent.FutureTask.run(FutureTask.java:317)
	at java.base/java.util.concurrent.ScheduledThreadPoolExecutor$ScheduledFutureTask.run(ScheduledThreadPoolExecutor.java:304)
	at java.base/java.util.concurrent.ThreadPoolExecutor.runWorker(ThreadPoolExecutor.java:1144)
	at java.base/java.util.concurrent.ThreadPoolExecutor$Worker.run(ThreadPoolExecutor.java:642)
	at java.base/java.lang.Thread.run(Thread.java:1583)
Caused by: javax.net.ssl.SSLHandshakeException: No subject alternative names matching IP address 181.113.227.222 found
	at java.base/sun.security.ssl.Alert.createSSLException(Alert.java:130)
	at java.base/sun.security.ssl.TransportContext.fatal(TransportContext.java:383)
	at java.base/sun.security.ssl.TransportContext.fatal(TransportContext.java:326)
	at java.base/sun.security.ssl.TransportContext.fatal(TransportContext.java:321)
	at java.base/sun.security.ssl.CertificateMessage$T12CertificateConsumer.checkServerCerts(CertificateMessage.java:647)
	at java.base/sun.security.ssl.CertificateMessage$T12CertificateConsumer.onCertificate(CertificateMessage.java:467)
	at java.base/sun.security.ssl.CertificateMessage$T12CertificateConsumer.consume(CertificateMessage.java:363)
	at java.base/sun.security.ssl.SSLHandshake.consume(SSLHandshake.java:393)
	at java.base/sun.security.ssl.HandshakeContext.dispatch(HandshakeContext.java:477)
	at java.base/sun.security.ssl.HandshakeContext.dispatch(HandshakeContext.java:448)
	at java.base/sun.security.ssl.TransportContext.dispatch(TransportContext.java:206)
	at java.base/sun.security.ssl.SSLTransport.decode(SSLTransport.java:172)
	at java.base/sun.security.ssl.SSLSocketImpl.decode(SSLSocketImpl.java:1506)
	at java.base/sun.security.ssl.SSLSocketImpl.readHandshakeRecord(SSLSocketImpl.java:1421)
	at java.base/sun.security.ssl.SSLSocketImpl.startHandshake(SSLSocketImpl.java:455)
	at java.base/sun.security.ssl.SSLSocketImpl.startHandshake(SSLSocketImpl.java:426)
	at java.base/sun.net.www.protocol.https.HttpsClient.afterConnect(HttpsClient.java:586)
	at java.base/sun.net.www.protocol.https.AbstractDelegateHttpsURLConnection.connect(AbstractDelegateHttpsURLConnection.java:187)
	at java.base/sun.net.www.protocol.http.HttpURLConnection.followRedirect0(HttpURLConnection.java:2914)
	at java.base/sun.net.www.protocol.http.HttpURLConnection.followRedirect(HttpURLConnection.java:2834)
	at java.base/sun.net.www.protocol.http.HttpURLConnection.getInputStream0(HttpURLConnection.java:1945)
	at java.base/sun.net.www.protocol.http.HttpURLConnection.getInputStream(HttpURLConnection.java:1615)
	at java.base/java.net.HttpURLConnection.getResponseCode(HttpURLConnection.java:531)
	at java.base/sun.net.www.protocol.https.HttpsURLConnectionImpl.getResponseCode(HttpsURLConnectionImpl.java:307)
	at com.sun.xml.ws.transport.http.client.HttpClientTransport.readResponseCodeAndMessage(HttpClientTransport.java:177)
	... 33 common frames omitted
Caused by: java.security.cert.CertificateException: No subject alternative names matching IP address 181.113.227.222 found
	at java.base/sun.security.util.HostnameChecker.matchIP(HostnameChecker.java:160)
	at java.base/sun.security.util.HostnameChecker.match(HostnameChecker.java:101)
	at java.base/sun.security.ssl.X509TrustManagerImpl.checkIdentity(X509TrustManagerImpl.java:466)
	at java.base/sun.security.ssl.X509TrustManagerImpl.checkIdentity(X509TrustManagerImpl.java:432)
	at java.base/sun.security.ssl.X509TrustManagerImpl.checkTrusted(X509TrustManagerImpl.java:237)
	at java.base/sun.security.ssl.X509TrustManagerImpl.checkServerTrusted(X509TrustManagerImpl.java:132)
	at java.base/sun.security.ssl.CertificateMessage$T12CertificateConsumer.checkServerCerts(CertificateMessage.java:631)
	... 53 common frames omitted
2026-08-25 22:15:17.743 [sri-files-scheduler-1] [] INFO  c.erp.sri_files.services.SriGateway - Consultando autorización SRI: 0312202501046002881000120010110001735110759061618 [requestId=null]
2026-08-25 22:15:18.295 [sri-files-scheduler-1] [] INFO  c.erp.sri_files.services.SriGateway - Consultando autorización SRI: 0201202601046002881000120010250000600516749914017 [requestId=null]
2026-08-25 22:15:18.863 [sri-files-scheduler-1] [] INFO  c.erp.sri_files.services.SriGateway - Consultando autorización SRI: 0312202501046002881000120010110001735124947131616 [requestId=null]
2026-08-25 22:15:19.423 [sri-files-scheduler-1] [] INFO  c.e.s.s.RecuperarDevueltasScheduler - [SCHEDULER] FIN recuperación devueltas | detectadas=20 | recuperadas=0 | pendientes=20 | fallidas=0 | duracionMs=19421
2026-08-25 22:15:30.001 [sri-files-scheduler-3] [] INFO  c.e.s.s.NuevoDocumentoScheduler - [SCHEDULER][V1] INICIO recuperación autorizaciones @ 2026-08-25T22:15:30.001730300
2026-08-25 22:15:30.002 [sri-files-scheduler-3] [] INFO  c.e.s.s.NuevoDocumentoScheduler - [SCHEDULER][V1] FIN recuperación | detectados=0 | autorizados=0 | pendientes=0 | duracionMs=1
2026-08-25 22:16:00.002 [sri-files-scheduler-1] [] INFO  c.e.s.s.NuevoDocumentoScheduler - [SCHEDULER][V1] INICIO envío pendientes @ 2026-08-25T22:16:00.002047400
2026-08-25 22:16:00.002 [sri-files-scheduler-4] [] INFO  c.e.s.services.EnvioSriBatchService - [SCHEDULER][sri-files-scheduler-4] INICIO automatizacionEnvioFacturasElectonicas @ 2026-08-25T22:16:00.002047400
2026-08-25 22:16:00.003 [sri-files-scheduler-4] [] INFO  c.e.s.services.EnvioSriBatchService - Ejecutando envio de facturas at=2026-08-25T22:16:00.003048300
2026-08-25 22:16:00.003 [sri-files-scheduler-1] [] INFO  c.e.s.s.NuevoDocumentoScheduler - [SCHEDULER][V1] FIN envío | detectados=0 | exitosos=0 | fallidos=0 | duracionMs=1
2026-08-25 22:16:00.004 [sri-files-scheduler-3] [] INFO  c.e.s.batch.BatchJobScheduler - Batch automático ejecutado: tipo=ENVIAR_SRI uuid=ee2ceca4-67b9-4dad-82ef-6d002d64a8fa
2026-08-25 22:16:00.006 [sri-files-scheduler-1] [] INFO  c.e.s.batch.BatchJobScheduler - Batch automático ejecutado: tipo=ENVIAR_CORREO uuid=085b977c-70b5-4c9e-b6d2-068538bc8860
2026-08-25 22:16:00.006 [task-28] [ee2ceca4-67b9-4dad-82ef-6d002d64a8fa] INFO  c.e.s.batch.BatchProcessorService - Iniciando batch job ee2ceca4-67b9-4dad-82ef-6d002d64a8fa tipo=ENVIAR_SRI [batchJob=ee2ceca4-67b9-4dad-82ef-6d002d64a8fa]
2026-08-25 22:16:00.006 [task-29] [085b977c-70b5-4c9e-b6d2-068538bc8860] INFO  c.e.s.batch.BatchProcessorService - Iniciando batch job 085b977c-70b5-4c9e-b6d2-068538bc8860 tipo=ENVIAR_CORREO [batchJob=085b977c-70b5-4c9e-b6d2-068538bc8860]
2026-08-25 22:16:00.007 [task-28] [ee2ceca4-67b9-4dad-82ef-6d002d64a8fa] INFO  c.e.s.batch.BatchProcessorService - Documentos encontrados: 0 [batchJob=ee2ceca4-67b9-4dad-82ef-6d002d64a8fa]
2026-08-25 22:16:00.007 [task-28] [ee2ceca4-67b9-4dad-82ef-6d002d64a8fa] INFO  c.e.s.batch.BatchProcessorService - Batch job ee2ceca4-67b9-4dad-82ef-6d002d64a8fa completado: Procesados: 0, Exitosos: 0, Fallidos: 0 [batchJob=ee2ceca4-67b9-4dad-82ef-6d002d64a8fa]
2026-08-25 22:16:00.007 [task-29] [085b977c-70b5-4c9e-b6d2-068538bc8860] INFO  c.e.s.batch.BatchProcessorService - Documentos encontrados: 0 [batchJob=085b977c-70b5-4c9e-b6d2-068538bc8860]
2026-08-25 22:16:00.007 [task-29] [085b977c-70b5-4c9e-b6d2-068538bc8860] INFO  c.e.s.batch.BatchProcessorService - Batch job 085b977c-70b5-4c9e-b6d2-068538bc8860 completado: Procesados: 0, Exitosos: 0, Fallidos: 0 [batchJob=085b977c-70b5-4c9e-b6d2-068538bc8860]
2026-08-25 22:16:01.379 [sri-files-scheduler-4] [] INFO  c.e.s.services.EnvioSriBatchService - No hay facturas pendientes estado=I
2026-08-25 22:16:01.379 [sri-files-scheduler-4] [] INFO  c.e.s.services.EnvioSriBatchService - [SCHEDULER][sri-files-scheduler-4] FIN automatizacionEnvioFacturasElectonicas | detectados=0 | exitosas=0 | fallidas=0 | duracionMs=1377
2026-08-25 22:17:00.000 [sri-files-scheduler-3] [] INFO  c.e.s.s.NuevoDocumentoScheduler - [SCHEDULER][V1] INICIO envío pendientes @ 2026-08-25T22:17:00.000871500
2026-08-25 22:17:00.001 [sri-files-scheduler-3] [] INFO  c.e.s.s.NuevoDocumentoScheduler - [SCHEDULER][V1] FIN envío | detectados=0 | exitosos=0 | fallidos=0 | duracionMs=1
2026-08-25 22:17:00.002 [sri-files-scheduler-3] [] INFO  c.e.s.services.EnvioSriBatchService - [SCHEDULER][sri-files-scheduler-3] INICIO automatizacionEnvioFacturasElectonicas @ 2026-08-25T22:17:00.002380800
2026-08-25 22:17:00.002 [sri-files-scheduler-3] [] INFO  c.e.s.services.EnvioSriBatchService - Ejecutando envio de facturas at=2026-08-25T22:17:00.002380800
2026-08-25 22:17:01.333 [sri-files-scheduler-3] [] INFO  c.e.s.services.EnvioSriBatchService - No hay facturas pendientes estado=I
2026-08-25 22:17:01.333 [sri-files-scheduler-3] [] INFO  c.e.s.services.EnvioSriBatchService - [SCHEDULER][sri-files-scheduler-3] FIN automatizacionEnvioFacturasElectonicas | detectados=0 | exitosas=0 | fallidas=0 | duracionMs=1331
2026-08-25 22:18:00.000 [sri-files-scheduler-4] [] INFO  c.e.s.services.EnvioSriBatchService - [SCHEDULER][sri-files-scheduler-4] INICIO automatizacionEnvioFacturasElectonicas @ 2026-08-25T22:18:00.000517
2026-08-25 22:18:00.000 [sri-files-scheduler-4] [] INFO  c.e.s.services.EnvioSriBatchService - Ejecutando envio de facturas at=2026-08-25T22:18:00.000517
2026-08-25 22:18:00.004 [sri-files-scheduler-1] [] INFO  c.e.s.batch.BatchJobScheduler - Batch automático ejecutado: tipo=ENVIAR_SRI uuid=36ad956f-39ef-4f2b-ba36-522790edf5b2
2026-08-25 22:18:00.004 [sri-files-scheduler-1] [] INFO  c.e.s.s.NuevoDocumentoScheduler - [SCHEDULER][V1] INICIO envío pendientes @ 2026-08-25T22:18:00.004197400
2026-08-25 22:18:00.004 [sri-files-scheduler-3] [] INFO  c.e.s.batch.BatchJobScheduler - Batch automático ejecutado: tipo=CONSULTAR_AUTORIZACION uuid=a1c8d9e4-e5b7-4504-97eb-5cb693364874
2026-08-25 22:18:00.004 [task-30] [36ad956f-39ef-4f2b-ba36-522790edf5b2] INFO  c.e.s.batch.BatchProcessorService - Iniciando batch job 36ad956f-39ef-4f2b-ba36-522790edf5b2 tipo=ENVIAR_SRI [batchJob=36ad956f-39ef-4f2b-ba36-522790edf5b2]
2026-08-25 22:18:00.005 [task-31] [a1c8d9e4-e5b7-4504-97eb-5cb693364874] INFO  c.e.s.batch.BatchProcessorService - Iniciando batch job a1c8d9e4-e5b7-4504-97eb-5cb693364874 tipo=CONSULTAR_AUTORIZACION [batchJob=a1c8d9e4-e5b7-4504-97eb-5cb693364874]
2026-08-25 22:18:00.004 [sri-files-scheduler-1] [] INFO  c.e.s.s.NuevoDocumentoScheduler - [SCHEDULER][V1] FIN envío | detectados=0 | exitosos=0 | fallidos=0 | duracionMs=0
2026-08-25 22:18:00.005 [task-30] [36ad956f-39ef-4f2b-ba36-522790edf5b2] INFO  c.e.s.batch.BatchProcessorService - Documentos encontrados: 0 [batchJob=36ad956f-39ef-4f2b-ba36-522790edf5b2]
2026-08-25 22:18:00.007 [task-30] [36ad956f-39ef-4f2b-ba36-522790edf5b2] INFO  c.e.s.batch.BatchProcessorService - Batch job 36ad956f-39ef-4f2b-ba36-522790edf5b2 completado: Procesados: 0, Exitosos: 0, Fallidos: 0 [batchJob=36ad956f-39ef-4f2b-ba36-522790edf5b2]
2026-08-25 22:18:00.007 [task-31] [a1c8d9e4-e5b7-4504-97eb-5cb693364874] INFO  c.e.s.batch.BatchProcessorService - Documentos encontrados: 0 [batchJob=a1c8d9e4-e5b7-4504-97eb-5cb693364874]
2026-08-25 22:18:00.007 [task-31] [a1c8d9e4-e5b7-4504-97eb-5cb693364874] INFO  c.e.s.batch.BatchProcessorService - Batch job a1c8d9e4-e5b7-4504-97eb-5cb693364874 completado: Procesados: 0, Exitosos: 0, Fallidos: 0 [batchJob=a1c8d9e4-e5b7-4504-97eb-5cb693364874]
2026-08-25 22:18:01.337 [sri-files-scheduler-4] [] INFO  c.e.s.services.EnvioSriBatchService - No hay facturas pendientes estado=I
2026-08-25 22:18:01.338 [sri-files-scheduler-4] [] INFO  c.e.s.services.EnvioSriBatchService - [SCHEDULER][sri-files-scheduler-4] FIN automatizacionEnvioFacturasElectonicas | detectados=0 | exitosas=0 | fallidas=0 | duracionMs=1338
2026-08-25 22:18:30.000 [sri-files-scheduler-3] [] INFO  c.e.s.s.NuevoDocumentoScheduler - [SCHEDULER][V1] INICIO recuperación autorizaciones @ 2026-08-25T22:18:30.000854600
2026-08-25 22:18:30.003 [sri-files-scheduler-3] [] INFO  c.e.s.s.NuevoDocumentoScheduler - [SCHEDULER][V1] FIN recuperación | detectados=0 | autorizados=0 | pendientes=0 | duracionMs=3
2026-08-25 22:19:00.000 [sri-files-scheduler-1] [] INFO  c.e.s.s.NuevoDocumentoScheduler - [SCHEDULER][V1] INICIO envío pendientes @ 2026-08-25T22:19:00.000776500
2026-08-25 22:19:00.002 [sri-files-scheduler-1] [] INFO  c.e.s.s.NuevoDocumentoScheduler - [SCHEDULER][V1] FIN envío | detectados=0 | exitosos=0 | fallidos=0 | duracionMs=2
2026-08-25 22:19:00.002 [sri-files-scheduler-4] [] INFO  c.e.s.services.EnvioSriBatchService - [SCHEDULER][sri-files-scheduler-4] INICIO automatizacionEnvioFacturasElectonicas @ 2026-08-25T22:19:00.002430200
2026-08-25 22:19:00.002 [sri-files-scheduler-4] [] INFO  c.e.s.services.EnvioSriBatchService - Ejecutando envio de facturas at=2026-08-25T22:19:00.002430200
2026-08-25 22:19:01.315 [sri-files-scheduler-4] [] INFO  c.e.s.services.EnvioSriBatchService - No hay facturas pendientes estado=I
2026-08-25 22:19:01.315 [sri-files-scheduler-4] [] INFO  c.e.s.services.EnvioSriBatchService - [SCHEDULER][sri-files-scheduler-4] FIN automatizacionEnvioFacturasElectonicas | detectados=0 | exitosas=0 | fallidas=0 | duracionMs=1313
2026-08-25 22:20:00.000 [sri-files-scheduler-3] [] INFO  c.e.s.s.RecuperarDevueltasScheduler - [SCHEDULER] INICIO recuperación facturas estado M @ 2026-08-25T22:20:00.000425
2026-08-25 22:20:00.000 [sri-files-scheduler-4] [] INFO  c.e.s.s.NuevoDocumentoScheduler - [SCHEDULER][V1] INICIO envío pendientes @ 2026-08-25T22:20:00.000425
2026-08-25 22:20:00.000 [sri-files-scheduler-1] [] INFO  c.e.s.services.EnvioSriBatchService - [SCHEDULER][sri-files-scheduler-1] INICIO automatizacionEnvioFacturasElectonicas @ 2026-08-25T22:20:00.000425
2026-08-25 22:20:00.001 [sri-files-scheduler-1] [] INFO  c.e.s.services.EnvioSriBatchService - Ejecutando envio de facturas at=2026-08-25T22:20:00.001431800
2026-08-25 22:20:00.001 [sri-files-scheduler-4] [] INFO  c.e.s.s.NuevoDocumentoScheduler - [SCHEDULER][V1] FIN envío | detectados=0 | exitosos=0 | fallidos=0 | duracionMs=1
2026-08-25 22:20:00.007 [sri-files-scheduler-4] [] INFO  c.e.s.batch.BatchJobScheduler - Batch automático ejecutado: tipo=ENVIAR_SRI uuid=0a338874-4723-4a5f-8fe1-62fbf767c4a2
2026-08-25 22:20:00.008 [task-32] [0a338874-4723-4a5f-8fe1-62fbf767c4a2] INFO  c.e.s.batch.BatchProcessorService - Iniciando batch job 0a338874-4723-4a5f-8fe1-62fbf767c4a2 tipo=ENVIAR_SRI [batchJob=0a338874-4723-4a5f-8fe1-62fbf767c4a2]
2026-08-25 22:20:00.010 [sri-files-scheduler-4] [] INFO  c.e.s.batch.BatchJobScheduler - Batch automático ejecutado: tipo=REINTENTAR_FALLIDOS uuid=c56f0f71-3269-497b-a8cd-97bcd4e27ece
2026-08-25 22:20:00.010 [task-32] [0a338874-4723-4a5f-8fe1-62fbf767c4a2] INFO  c.e.s.batch.BatchProcessorService - Documentos encontrados: 0 [batchJob=0a338874-4723-4a5f-8fe1-62fbf767c4a2]
2026-08-25 22:20:00.011 [task-32] [0a338874-4723-4a5f-8fe1-62fbf767c4a2] INFO  c.e.s.batch.BatchProcessorService - Batch job 0a338874-4723-4a5f-8fe1-62fbf767c4a2 completado: Procesados: 0, Exitosos: 0, Fallidos: 0 [batchJob=0a338874-4723-4a5f-8fe1-62fbf767c4a2]
2026-08-25 22:20:00.011 [task-33] [c56f0f71-3269-497b-a8cd-97bcd4e27ece] INFO  c.e.s.batch.BatchProcessorService - Iniciando batch job c56f0f71-3269-497b-a8cd-97bcd4e27ece tipo=REINTENTAR_FALLIDOS [batchJob=c56f0f71-3269-497b-a8cd-97bcd4e27ece]
2026-08-25 22:20:00.012 [sri-files-scheduler-4] [] INFO  c.e.s.batch.BatchJobScheduler - Batch automático ejecutado: tipo=ENVIAR_CORREO uuid=9770079f-1147-4d52-8aff-540ac39dda0d
2026-08-25 22:20:00.013 [task-33] [c56f0f71-3269-497b-a8cd-97bcd4e27ece] INFO  c.e.s.batch.BatchProcessorService - Documentos encontrados: 0 [batchJob=c56f0f71-3269-497b-a8cd-97bcd4e27ece]
2026-08-25 22:20:00.013 [task-34] [9770079f-1147-4d52-8aff-540ac39dda0d] INFO  c.e.s.batch.BatchProcessorService - Iniciando batch job 9770079f-1147-4d52-8aff-540ac39dda0d tipo=ENVIAR_CORREO [batchJob=9770079f-1147-4d52-8aff-540ac39dda0d]
2026-08-25 22:20:00.013 [task-33] [c56f0f71-3269-497b-a8cd-97bcd4e27ece] INFO  c.e.s.batch.BatchProcessorService - Batch job c56f0f71-3269-497b-a8cd-97bcd4e27ece completado: Procesados: 0, Exitosos: 0, Fallidos: 0 [batchJob=c56f0f71-3269-497b-a8cd-97bcd4e27ece]
2026-08-25 22:20:00.016 [task-34] [9770079f-1147-4d52-8aff-540ac39dda0d] INFO  c.e.s.batch.BatchProcessorService - Documentos encontrados: 0 [batchJob=9770079f-1147-4d52-8aff-540ac39dda0d]
2026-08-25 22:20:00.017 [task-34] [9770079f-1147-4d52-8aff-540ac39dda0d] INFO  c.e.s.batch.BatchProcessorService - Batch job 9770079f-1147-4d52-8aff-540ac39dda0d completado: Procesados: 0, Exitosos: 0, Fallidos: 0 [batchJob=9770079f-1147-4d52-8aff-540ac39dda0d]
2026-08-25 22:20:00.097 [sri-files-scheduler-3] [] INFO  c.erp.sri_files.services.SriGateway - Consultando autorización SRI: 2001202601046002881000120020210001675549542668510 [requestId=null]
2026-08-25 22:20:01.230 [sri-files-scheduler-3] [] INFO  c.erp.sri_files.services.SriGateway - Consultando autorización SRI: 1606202601046002881000120020180003433024898331616 [requestId=null]
2026-08-25 22:20:01.340 [sri-files-scheduler-1] [] INFO  c.e.s.services.EnvioSriBatchService - No hay facturas pendientes estado=I
2026-08-25 22:20:01.341 [sri-files-scheduler-1] [] INFO  c.e.s.services.EnvioSriBatchService - [SCHEDULER][sri-files-scheduler-1] FIN automatizacionEnvioFacturasElectonicas | detectados=0 | exitosas=0 | fallidas=0 | duracionMs=1341
2026-08-25 22:20:02.812 [sri-files-scheduler-3] [] INFO  c.erp.sri_files.services.SriGateway - Consultando autorización SRI: 1606202601046002881000120020180003433033058234813 [requestId=null]
2026-08-25 22:20:03.954 [sri-files-scheduler-3] [] INFO  c.erp.sri_files.services.SriGateway - Consultando autorización SRI: 1606202601046002881000120020180003433046695660014 [requestId=null]
2026-08-25 22:20:05.038 [sri-files-scheduler-3] [] INFO  c.erp.sri_files.services.SriGateway - Consultando autorización SRI: 1707202601046002881000120020180003467758561531013 [requestId=null]
2026-08-25 22:20:06.105 [sri-files-scheduler-3] [] INFO  c.erp.sri_files.services.SriGateway - Consultando autorización SRI: 1707202601046002881000120020180003467766529247411 [requestId=null]
2026-08-25 22:20:07.155 [sri-files-scheduler-3] [] INFO  c.erp.sri_files.services.SriGateway - Consultando autorización SRI: 0903202601046002881000120010330000092821553539013 [requestId=null]
2026-08-25 22:20:08.183 [sri-files-scheduler-3] [] INFO  c.erp.sri_files.services.SriGateway - Consultando autorización SRI: 0903202601046002881000120010330000092833404601715 [requestId=null]
2026-08-25 22:20:08.373 [sri-files-scheduler-3] [] ERROR c.erp.sri_files.services.SriGateway - Error consultando autorización [requestId=null]
jakarta.xml.ws.WebServiceException: javax.net.ssl.SSLHandshakeException: No subject alternative names matching IP address 181.113.227.222 found
	at com.sun.xml.ws.transport.http.client.HttpClientTransport.readResponseCodeAndMessage(HttpClientTransport.java:181)
	at com.sun.xml.ws.transport.http.client.HttpTransportPipe.createResponsePacket(HttpTransportPipe.java:227)
	at com.sun.xml.ws.transport.http.client.HttpTransportPipe.process(HttpTransportPipe.java:218)
	at com.sun.xml.ws.transport.http.client.HttpTransportPipe.processRequest(HttpTransportPipe.java:131)
	at com.sun.xml.ws.transport.DeferredTransportPipe.processRequest(DeferredTransportPipe.java:111)
	at com.sun.xml.ws.api.pipe.Fiber.__doRun(Fiber.java:1106)
	at com.sun.xml.ws.api.pipe.Fiber._doRun(Fiber.java:1020)
	at com.sun.xml.ws.api.pipe.Fiber.doRun(Fiber.java:989)
	at com.sun.xml.ws.api.pipe.Fiber.runSync(Fiber.java:847)
	at com.sun.xml.ws.client.Stub.process(Stub.java:431)
	at com.sun.xml.ws.client.sei.SEIStub.doProcess(SEIStub.java:160)
	at com.sun.xml.ws.client.sei.SyncMethodHandler.invoke(SyncMethodHandler.java:78)
	at com.sun.xml.ws.client.sei.SyncMethodHandler.invoke(SyncMethodHandler.java:62)
	at com.sun.xml.ws.client.sei.SEIStub.invoke(SEIStub.java:132)
	at jdk.proxy2/jdk.proxy2.$Proxy222.autorizacionComprobante(Unknown Source)
	at com.erp.sri_files.services.SendXmlToSriService.consultarAutorizacion(SendXmlToSriService.java:196)
	at com.erp.sri_files.services.SendXmlToSriService.consultarAutorizacion(SendXmlToSriService.java:180)
	at com.erp.sri_files.services.SriGateway.consultarAutorizacion(SriGateway.java:100)
	at com.erp.sri_files.scheduler.RecuperarDevueltasScheduler.recuperarFacturasDevueltas(RecuperarDevueltasScheduler.java:61)
	at java.base/jdk.internal.reflect.DirectMethodHandleAccessor.invoke(DirectMethodHandleAccessor.java:103)
	at java.base/java.lang.reflect.Method.invoke(Method.java:580)
	at org.springframework.scheduling.support.ScheduledMethodRunnable.runInternal(ScheduledMethodRunnable.java:130)
	at org.springframework.scheduling.support.ScheduledMethodRunnable.lambda$run$2(ScheduledMethodRunnable.java:124)
	at io.micrometer.observation.Observation.observe(Observation.java:498)
	at org.springframework.scheduling.support.ScheduledMethodRunnable.run(ScheduledMethodRunnable.java:124)
	at org.springframework.scheduling.config.Task$OutcomeTrackingRunnable.run(Task.java:85)
	at org.springframework.scheduling.support.DelegatingErrorHandlingRunnable.run(DelegatingErrorHandlingRunnable.java:54)
	at org.springframework.scheduling.concurrent.ReschedulingRunnable.run(ReschedulingRunnable.java:96)
	at java.base/java.util.concurrent.Executors$RunnableAdapter.call(Executors.java:572)
	at java.base/java.util.concurrent.FutureTask.run(FutureTask.java:317)
	at java.base/java.util.concurrent.ScheduledThreadPoolExecutor$ScheduledFutureTask.run(ScheduledThreadPoolExecutor.java:304)
	at java.base/java.util.concurrent.ThreadPoolExecutor.runWorker(ThreadPoolExecutor.java:1144)
	at java.base/java.util.concurrent.ThreadPoolExecutor$Worker.run(ThreadPoolExecutor.java:642)
	at java.base/java.lang.Thread.run(Thread.java:1583)
Caused by: javax.net.ssl.SSLHandshakeException: No subject alternative names matching IP address 181.113.227.222 found
	at java.base/sun.security.ssl.Alert.createSSLException(Alert.java:130)
	at java.base/sun.security.ssl.TransportContext.fatal(TransportContext.java:383)
	at java.base/sun.security.ssl.TransportContext.fatal(TransportContext.java:326)
	at java.base/sun.security.ssl.TransportContext.fatal(TransportContext.java:321)
	at java.base/sun.security.ssl.CertificateMessage$T12CertificateConsumer.checkServerCerts(CertificateMessage.java:647)
	at java.base/sun.security.ssl.CertificateMessage$T12CertificateConsumer.onCertificate(CertificateMessage.java:467)
	at java.base/sun.security.ssl.CertificateMessage$T12CertificateConsumer.consume(CertificateMessage.java:363)
	at java.base/sun.security.ssl.SSLHandshake.consume(SSLHandshake.java:393)
	at java.base/sun.security.ssl.HandshakeContext.dispatch(HandshakeContext.java:477)
	at java.base/sun.security.ssl.HandshakeContext.dispatch(HandshakeContext.java:448)
	at java.base/sun.security.ssl.TransportContext.dispatch(TransportContext.java:206)
	at java.base/sun.security.ssl.SSLTransport.decode(SSLTransport.java:172)
	at java.base/sun.security.ssl.SSLSocketImpl.decode(SSLSocketImpl.java:1506)
	at java.base/sun.security.ssl.SSLSocketImpl.readHandshakeRecord(SSLSocketImpl.java:1421)
	at java.base/sun.security.ssl.SSLSocketImpl.startHandshake(SSLSocketImpl.java:455)
	at java.base/sun.security.ssl.SSLSocketImpl.startHandshake(SSLSocketImpl.java:426)
	at java.base/sun.net.www.protocol.https.HttpsClient.afterConnect(HttpsClient.java:586)
	at java.base/sun.net.www.protocol.https.AbstractDelegateHttpsURLConnection.connect(AbstractDelegateHttpsURLConnection.java:187)
	at java.base/sun.net.www.protocol.http.HttpURLConnection.followRedirect0(HttpURLConnection.java:2914)
	at java.base/sun.net.www.protocol.http.HttpURLConnection.followRedirect(HttpURLConnection.java:2834)
	at java.base/sun.net.www.protocol.http.HttpURLConnection.getInputStream0(HttpURLConnection.java:1945)
	at java.base/sun.net.www.protocol.http.HttpURLConnection.getInputStream(HttpURLConnection.java:1615)
	at java.base/java.net.HttpURLConnection.getResponseCode(HttpURLConnection.java:531)
	at java.base/sun.net.www.protocol.https.HttpsURLConnectionImpl.getResponseCode(HttpsURLConnectionImpl.java:307)
	at com.sun.xml.ws.transport.http.client.HttpClientTransport.readResponseCodeAndMessage(HttpClientTransport.java:177)
	... 33 common frames omitted
Caused by: java.security.cert.CertificateException: No subject alternative names matching IP address 181.113.227.222 found
	at java.base/sun.security.util.HostnameChecker.matchIP(HostnameChecker.java:160)
	at java.base/sun.security.util.HostnameChecker.match(HostnameChecker.java:101)
	at java.base/sun.security.ssl.X509TrustManagerImpl.checkIdentity(X509TrustManagerImpl.java:466)
	at java.base/sun.security.ssl.X509TrustManagerImpl.checkIdentity(X509TrustManagerImpl.java:432)
	at java.base/sun.security.ssl.X509TrustManagerImpl.checkTrusted(X509TrustManagerImpl.java:237)
	at java.base/sun.security.ssl.X509TrustManagerImpl.checkServerTrusted(X509TrustManagerImpl.java:132)
	at java.base/sun.security.ssl.CertificateMessage$T12CertificateConsumer.checkServerCerts(CertificateMessage.java:631)
	... 53 common frames omitted
2026-08-25 22:20:09.192 [sri-files-scheduler-3] [] INFO  c.erp.sri_files.services.SriGateway - Consultando autorización SRI: 0312202501046002881000120010110001735068823902714 [requestId=null]
2026-08-25 22:20:09.809 [sri-files-scheduler-3] [] INFO  c.erp.sri_files.services.SriGateway - Consultando autorización SRI: 0903202601046002881000120010330000092847848942412 [requestId=null]
2026-08-25 22:20:10.756 [sri-files-scheduler-3] [] INFO  c.erp.sri_files.services.SriGateway - Consultando autorización SRI: 0312202501046002881000120010110001735075343206013 [requestId=null]
2026-08-25 22:20:10.819 [sri-files-scheduler-3] [] ERROR c.erp.sri_files.services.SriGateway - Error consultando autorización [requestId=null]
jakarta.xml.ws.WebServiceException: javax.net.ssl.SSLHandshakeException: No subject alternative names matching IP address 181.113.227.222 found
	at com.sun.xml.ws.transport.http.client.HttpClientTransport.readResponseCodeAndMessage(HttpClientTransport.java:181)
	at com.sun.xml.ws.transport.http.client.HttpTransportPipe.createResponsePacket(HttpTransportPipe.java:227)
	at com.sun.xml.ws.transport.http.client.HttpTransportPipe.process(HttpTransportPipe.java:218)
	at com.sun.xml.ws.transport.http.client.HttpTransportPipe.processRequest(HttpTransportPipe.java:131)
	at com.sun.xml.ws.transport.DeferredTransportPipe.processRequest(DeferredTransportPipe.java:111)
	at com.sun.xml.ws.api.pipe.Fiber.__doRun(Fiber.java:1106)
	at com.sun.xml.ws.api.pipe.Fiber._doRun(Fiber.java:1020)
	at com.sun.xml.ws.api.pipe.Fiber.doRun(Fiber.java:989)
	at com.sun.xml.ws.api.pipe.Fiber.runSync(Fiber.java:847)
	at com.sun.xml.ws.client.Stub.process(Stub.java:431)
	at com.sun.xml.ws.client.sei.SEIStub.doProcess(SEIStub.java:160)
	at com.sun.xml.ws.client.sei.SyncMethodHandler.invoke(SyncMethodHandler.java:78)
	at com.sun.xml.ws.client.sei.SyncMethodHandler.invoke(SyncMethodHandler.java:62)
	at com.sun.xml.ws.client.sei.SEIStub.invoke(SEIStub.java:132)
	at jdk.proxy2/jdk.proxy2.$Proxy222.autorizacionComprobante(Unknown Source)
	at com.erp.sri_files.services.SendXmlToSriService.consultarAutorizacion(SendXmlToSriService.java:196)
	at com.erp.sri_files.services.SendXmlToSriService.consultarAutorizacion(SendXmlToSriService.java:180)
	at com.erp.sri_files.services.SriGateway.consultarAutorizacion(SriGateway.java:100)
	at com.erp.sri_files.scheduler.RecuperarDevueltasScheduler.recuperarFacturasDevueltas(RecuperarDevueltasScheduler.java:61)
	at java.base/jdk.internal.reflect.DirectMethodHandleAccessor.invoke(DirectMethodHandleAccessor.java:103)
	at java.base/java.lang.reflect.Method.invoke(Method.java:580)
	at org.springframework.scheduling.support.ScheduledMethodRunnable.runInternal(ScheduledMethodRunnable.java:130)
	at org.springframework.scheduling.support.ScheduledMethodRunnable.lambda$run$2(ScheduledMethodRunnable.java:124)
	at io.micrometer.observation.Observation.observe(Observation.java:498)
	at org.springframework.scheduling.support.ScheduledMethodRunnable.run(ScheduledMethodRunnable.java:124)
	at org.springframework.scheduling.config.Task$OutcomeTrackingRunnable.run(Task.java:85)
	at org.springframework.scheduling.support.DelegatingErrorHandlingRunnable.run(DelegatingErrorHandlingRunnable.java:54)
	at org.springframework.scheduling.concurrent.ReschedulingRunnable.run(ReschedulingRunnable.java:96)
	at java.base/java.util.concurrent.Executors$RunnableAdapter.call(Executors.java:572)
	at java.base/java.util.concurrent.FutureTask.run(FutureTask.java:317)
	at java.base/java.util.concurrent.ScheduledThreadPoolExecutor$ScheduledFutureTask.run(ScheduledThreadPoolExecutor.java:304)
	at java.base/java.util.concurrent.ThreadPoolExecutor.runWorker(ThreadPoolExecutor.java:1144)
	at java.base/java.util.concurrent.ThreadPoolExecutor$Worker.run(ThreadPoolExecutor.java:642)
	at java.base/java.lang.Thread.run(Thread.java:1583)
Caused by: javax.net.ssl.SSLHandshakeException: No subject alternative names matching IP address 181.113.227.222 found
	at java.base/sun.security.ssl.Alert.createSSLException(Alert.java:130)
	at java.base/sun.security.ssl.TransportContext.fatal(TransportContext.java:383)
	at java.base/sun.security.ssl.TransportContext.fatal(TransportContext.java:326)
	at java.base/sun.security.ssl.TransportContext.fatal(TransportContext.java:321)
	at java.base/sun.security.ssl.CertificateMessage$T12CertificateConsumer.checkServerCerts(CertificateMessage.java:647)
	at java.base/sun.security.ssl.CertificateMessage$T12CertificateConsumer.onCertificate(CertificateMessage.java:467)
	at java.base/sun.security.ssl.CertificateMessage$T12CertificateConsumer.consume(CertificateMessage.java:363)
	at java.base/sun.security.ssl.SSLHandshake.consume(SSLHandshake.java:393)
	at java.base/sun.security.ssl.HandshakeContext.dispatch(HandshakeContext.java:477)
	at java.base/sun.security.ssl.HandshakeContext.dispatch(HandshakeContext.java:448)
	at java.base/sun.security.ssl.TransportContext.dispatch(TransportContext.java:206)
	at java.base/sun.security.ssl.SSLTransport.decode(SSLTransport.java:172)
	at java.base/sun.security.ssl.SSLSocketImpl.decode(SSLSocketImpl.java:1506)
	at java.base/sun.security.ssl.SSLSocketImpl.readHandshakeRecord(SSLSocketImpl.java:1421)
	at java.base/sun.security.ssl.SSLSocketImpl.startHandshake(SSLSocketImpl.java:455)
	at java.base/sun.security.ssl.SSLSocketImpl.startHandshake(SSLSocketImpl.java:426)
	at java.base/sun.net.www.protocol.https.HttpsClient.afterConnect(HttpsClient.java:586)
	at java.base/sun.net.www.protocol.https.AbstractDelegateHttpsURLConnection.connect(AbstractDelegateHttpsURLConnection.java:187)
	at java.base/sun.net.www.protocol.http.HttpURLConnection.followRedirect0(HttpURLConnection.java:2914)
	at java.base/sun.net.www.protocol.http.HttpURLConnection.followRedirect(HttpURLConnection.java:2834)
	at java.base/sun.net.www.protocol.http.HttpURLConnection.getInputStream0(HttpURLConnection.java:1945)
	at java.base/sun.net.www.protocol.http.HttpURLConnection.getInputStream(HttpURLConnection.java:1615)
	at java.base/java.net.HttpURLConnection.getResponseCode(HttpURLConnection.java:531)
	at java.base/sun.net.www.protocol.https.HttpsURLConnectionImpl.getResponseCode(HttpsURLConnectionImpl.java:307)
	at com.sun.xml.ws.transport.http.client.HttpClientTransport.readResponseCodeAndMessage(HttpClientTransport.java:177)
	... 33 common frames omitted
Caused by: java.security.cert.CertificateException: No subject alternative names matching IP address 181.113.227.222 found
	at java.base/sun.security.util.HostnameChecker.matchIP(HostnameChecker.java:160)
	at java.base/sun.security.util.HostnameChecker.match(HostnameChecker.java:101)
	at java.base/sun.security.ssl.X509TrustManagerImpl.checkIdentity(X509TrustManagerImpl.java:466)
	at java.base/sun.security.ssl.X509TrustManagerImpl.checkIdentity(X509TrustManagerImpl.java:432)
	at java.base/sun.security.ssl.X509TrustManagerImpl.checkTrusted(X509TrustManagerImpl.java:237)
	at java.base/sun.security.ssl.X509TrustManagerImpl.checkServerTrusted(X509TrustManagerImpl.java:132)
	at java.base/sun.security.ssl.CertificateMessage$T12CertificateConsumer.checkServerCerts(CertificateMessage.java:631)
	... 53 common frames omitted
2026-08-25 22:20:11.408 [sri-files-scheduler-3] [] INFO  c.erp.sri_files.services.SriGateway - Consultando autorización SRI: 0903202601046002881000120010330000092850384120717 [requestId=null]
2026-08-25 22:20:12.559 [sri-files-scheduler-3] [] INFO  c.erp.sri_files.services.SriGateway - Consultando autorización SRI: 0312202501046002881000120010110001735086241240715 [requestId=null]
2026-08-25 22:20:13.322 [sri-files-scheduler-3] [] INFO  c.erp.sri_files.services.SriGateway - Consultando autorización SRI: 0903202601046002881000120010330000092869944983115 [requestId=null]
2026-08-25 22:20:14.389 [sri-files-scheduler-3] [] INFO  c.erp.sri_files.services.SriGateway - Consultando autorización SRI: 0312202501046002881000120010110001735090539150910 [requestId=null]
2026-08-25 22:20:15.094 [sri-files-scheduler-3] [] INFO  c.erp.sri_files.services.SriGateway - Consultando autorización SRI: 0903202601046002881000120010330000092872447346511 [requestId=null]
2026-08-25 22:20:16.046 [sri-files-scheduler-3] [] INFO  c.erp.sri_files.services.SriGateway - Consultando autorización SRI: 0312202501046002881000120010110001735102173051211 [requestId=null]
2026-08-25 22:20:16.662 [sri-files-scheduler-3] [] INFO  c.erp.sri_files.services.SriGateway - Consultando autorización SRI: 0312202501046002881000120010110001735110759061618 [requestId=null]
2026-08-25 22:20:17.427 [sri-files-scheduler-3] [] INFO  c.erp.sri_files.services.SriGateway - Consultando autorización SRI: 0201202601046002881000120010250000600516749914017 [requestId=null]
2026-08-25 22:20:18.095 [sri-files-scheduler-3] [] INFO  c.erp.sri_files.services.SriGateway - Consultando autorización SRI: 0312202501046002881000120010110001735124947131616 [requestId=null]
2026-08-25 22:20:18.161 [sri-files-scheduler-3] [] ERROR c.erp.sri_files.services.SriGateway - Error consultando autorización [requestId=null]
jakarta.xml.ws.WebServiceException: javax.net.ssl.SSLHandshakeException: No subject alternative names matching IP address 181.113.227.222 found
	at com.sun.xml.ws.transport.http.client.HttpClientTransport.readResponseCodeAndMessage(HttpClientTransport.java:181)
	at com.sun.xml.ws.transport.http.client.HttpTransportPipe.createResponsePacket(HttpTransportPipe.java:227)
	at com.sun.xml.ws.transport.http.client.HttpTransportPipe.process(HttpTransportPipe.java:218)
	at com.sun.xml.ws.transport.http.client.HttpTransportPipe.processRequest(HttpTransportPipe.java:131)
	at com.sun.xml.ws.transport.DeferredTransportPipe.processRequest(DeferredTransportPipe.java:111)
	at com.sun.xml.ws.api.pipe.Fiber.__doRun(Fiber.java:1106)
	at com.sun.xml.ws.api.pipe.Fiber._doRun(Fiber.java:1020)
	at com.sun.xml.ws.api.pipe.Fiber.doRun(Fiber.java:989)
	at com.sun.xml.ws.api.pipe.Fiber.runSync(Fiber.java:847)
	at com.sun.xml.ws.client.Stub.process(Stub.java:431)
	at com.sun.xml.ws.client.sei.SEIStub.doProcess(SEIStub.java:160)
	at com.sun.xml.ws.client.sei.SyncMethodHandler.invoke(SyncMethodHandler.java:78)
	at com.sun.xml.ws.client.sei.SyncMethodHandler.invoke(SyncMethodHandler.java:62)
	at com.sun.xml.ws.client.sei.SEIStub.invoke(SEIStub.java:132)
	at jdk.proxy2/jdk.proxy2.$Proxy222.autorizacionComprobante(Unknown Source)
	at com.erp.sri_files.services.SendXmlToSriService.consultarAutorizacion(SendXmlToSriService.java:196)
	at com.erp.sri_files.services.SendXmlToSriService.consultarAutorizacion(SendXmlToSriService.java:180)
	at com.erp.sri_files.services.SriGateway.consultarAutorizacion(SriGateway.java:100)
	at com.erp.sri_files.scheduler.RecuperarDevueltasScheduler.recuperarFacturasDevueltas(RecuperarDevueltasScheduler.java:61)
	at java.base/jdk.internal.reflect.DirectMethodHandleAccessor.invoke(DirectMethodHandleAccessor.java:103)
	at java.base/java.lang.reflect.Method.invoke(Method.java:580)
	at org.springframework.scheduling.support.ScheduledMethodRunnable.runInternal(ScheduledMethodRunnable.java:130)
	at org.springframework.scheduling.support.ScheduledMethodRunnable.lambda$run$2(ScheduledMethodRunnable.java:124)
	at io.micrometer.observation.Observation.observe(Observation.java:498)
	at org.springframework.scheduling.support.ScheduledMethodRunnable.run(ScheduledMethodRunnable.java:124)
	at org.springframework.scheduling.config.Task$OutcomeTrackingRunnable.run(Task.java:85)
	at org.springframework.scheduling.support.DelegatingErrorHandlingRunnable.run(DelegatingErrorHandlingRunnable.java:54)
	at org.springframework.scheduling.concurrent.ReschedulingRunnable.run(ReschedulingRunnable.java:96)
	at java.base/java.util.concurrent.Executors$RunnableAdapter.call(Executors.java:572)
	at java.base/java.util.concurrent.FutureTask.run(FutureTask.java:317)
	at java.base/java.util.concurrent.ScheduledThreadPoolExecutor$ScheduledFutureTask.run(ScheduledThreadPoolExecutor.java:304)
	at java.base/java.util.concurrent.ThreadPoolExecutor.runWorker(ThreadPoolExecutor.java:1144)
	at java.base/java.util.concurrent.ThreadPoolExecutor$Worker.run(ThreadPoolExecutor.java:642)
	at java.base/java.lang.Thread.run(Thread.java:1583)
Caused by: javax.net.ssl.SSLHandshakeException: No subject alternative names matching IP address 181.113.227.222 found
	at java.base/sun.security.ssl.Alert.createSSLException(Alert.java:130)
	at java.base/sun.security.ssl.TransportContext.fatal(TransportContext.java:383)
	at java.base/sun.security.ssl.TransportContext.fatal(TransportContext.java:326)
	at java.base/sun.security.ssl.TransportContext.fatal(TransportContext.java:321)
	at java.base/sun.security.ssl.CertificateMessage$T12CertificateConsumer.checkServerCerts(CertificateMessage.java:647)
	at java.base/sun.security.ssl.CertificateMessage$T12CertificateConsumer.onCertificate(CertificateMessage.java:467)
	at java.base/sun.security.ssl.CertificateMessage$T12CertificateConsumer.consume(CertificateMessage.java:363)
	at java.base/sun.security.ssl.SSLHandshake.consume(SSLHandshake.java:393)
	at java.base/sun.security.ssl.HandshakeContext.dispatch(HandshakeContext.java:477)
	at java.base/sun.security.ssl.HandshakeContext.dispatch(HandshakeContext.java:448)
	at java.base/sun.security.ssl.TransportContext.dispatch(TransportContext.java:206)
	at java.base/sun.security.ssl.SSLTransport.decode(SSLTransport.java:172)
	at java.base/sun.security.ssl.SSLSocketImpl.decode(SSLSocketImpl.java:1506)
	at java.base/sun.security.ssl.SSLSocketImpl.readHandshakeRecord(SSLSocketImpl.java:1421)
	at java.base/sun.security.ssl.SSLSocketImpl.startHandshake(SSLSocketImpl.java:455)
	at java.base/sun.security.ssl.SSLSocketImpl.startHandshake(SSLSocketImpl.java:426)
	at java.base/sun.net.www.protocol.https.HttpsClient.afterConnect(HttpsClient.java:586)
	at java.base/sun.net.www.protocol.https.AbstractDelegateHttpsURLConnection.connect(AbstractDelegateHttpsURLConnection.java:187)
	at java.base/sun.net.www.protocol.http.HttpURLConnection.followRedirect0(HttpURLConnection.java:2914)
	at java.base/sun.net.www.protocol.http.HttpURLConnection.followRedirect(HttpURLConnection.java:2834)
	at java.base/sun.net.www.protocol.http.HttpURLConnection.getInputStream0(HttpURLConnection.java:1945)
	at java.base/sun.net.www.protocol.http.HttpURLConnection.getInputStream(HttpURLConnection.java:1615)
	at java.base/java.net.HttpURLConnection.getResponseCode(HttpURLConnection.java:531)
	at java.base/sun.net.www.protocol.https.HttpsURLConnectionImpl.getResponseCode(HttpsURLConnectionImpl.java:307)
	at com.sun.xml.ws.transport.http.client.HttpClientTransport.readResponseCodeAndMessage(HttpClientTransport.java:177)
	... 33 common frames omitted
Caused by: java.security.cert.CertificateException: No subject alternative names matching IP address 181.113.227.222 found
	at java.base/sun.security.util.HostnameChecker.matchIP(HostnameChecker.java:160)
	at java.base/sun.security.util.HostnameChecker.match(HostnameChecker.java:101)
	at java.base/sun.security.ssl.X509TrustManagerImpl.checkIdentity(X509TrustManagerImpl.java:466)
	at java.base/sun.security.ssl.X509TrustManagerImpl.checkIdentity(X509TrustManagerImpl.java:432)
	at java.base/sun.security.ssl.X509TrustManagerImpl.checkTrusted(X509TrustManagerImpl.java:237)
	at java.base/sun.security.ssl.X509TrustManagerImpl.checkServerTrusted(X509TrustManagerImpl.java:132)
	at java.base/sun.security.ssl.CertificateMessage$T12CertificateConsumer.checkServerCerts(CertificateMessage.java:631)
	... 53 common frames omitted
2026-08-25 22:20:18.785 [sri-files-scheduler-3] [] INFO  c.e.s.s.RecuperarDevueltasScheduler - [SCHEDULER] FIN recuperación devueltas | detectadas=20 | recuperadas=0 | pendientes=20 | fallidas=0 | duracionMs=18785
2026-08-25 22:21:00.001 [sri-files-scheduler-3] [] INFO  c.e.s.s.NuevoDocumentoScheduler - [SCHEDULER][V1] INICIO envío pendientes @ 2026-08-25T22:21:00.001053900
2026-08-25 22:21:00.001 [sri-files-scheduler-1] [] INFO  c.e.s.services.EnvioSriBatchService - [SCHEDULER][sri-files-scheduler-1] INICIO automatizacionEnvioFacturasElectonicas @ 2026-08-25T22:21:00.001053900
2026-08-25 22:21:00.002 [sri-files-scheduler-1] [] INFO  c.e.s.services.EnvioSriBatchService - Ejecutando envio de facturas at=2026-08-25T22:21:00.002050600
2026-08-25 22:21:00.003 [sri-files-scheduler-3] [] INFO  c.e.s.s.NuevoDocumentoScheduler - [SCHEDULER][V1] FIN envío | detectados=0 | exitosos=0 | fallidos=0 | duracionMs=2
2026-08-25 22:21:00.005 [sri-files-scheduler-4] [] INFO  c.e.s.batch.BatchJobScheduler - Batch automático ejecutado: tipo=CONSULTAR_AUTORIZACION uuid=0770498c-4b29-4356-8041-ef24f6d0efb6
2026-08-25 22:21:00.008 [task-35] [0770498c-4b29-4356-8041-ef24f6d0efb6] INFO  c.e.s.batch.BatchProcessorService - Iniciando batch job 0770498c-4b29-4356-8041-ef24f6d0efb6 tipo=CONSULTAR_AUTORIZACION [batchJob=0770498c-4b29-4356-8041-ef24f6d0efb6]
2026-08-25 22:21:00.011 [task-35] [0770498c-4b29-4356-8041-ef24f6d0efb6] INFO  c.e.s.batch.BatchProcessorService - Documentos encontrados: 0 [batchJob=0770498c-4b29-4356-8041-ef24f6d0efb6]
2026-08-25 22:21:00.013 [task-35] [0770498c-4b29-4356-8041-ef24f6d0efb6] INFO  c.e.s.batch.BatchProcessorService - Batch job 0770498c-4b29-4356-8041-ef24f6d0efb6 completado: Procesados: 0, Exitosos: 0, Fallidos: 0 [batchJob=0770498c-4b29-4356-8041-ef24f6d0efb6]
2026-08-25 22:21:01.375 [sri-files-scheduler-1] [] INFO  c.e.s.services.EnvioSriBatchService - No hay facturas pendientes estado=I
2026-08-25 22:21:01.376 [sri-files-scheduler-1] [] INFO  c.e.s.services.EnvioSriBatchService - [SCHEDULER][sri-files-scheduler-1] FIN automatizacionEnvioFacturasElectonicas | detectados=0 | exitosas=0 | fallidas=0 | duracionMs=1375
2026-08-25 22:21:30.001 [sri-files-scheduler-3] [] INFO  c.e.s.s.NuevoDocumentoScheduler - [SCHEDULER][V1] INICIO recuperación autorizaciones @ 2026-08-25T22:21:30.001547900
2026-08-25 22:21:30.003 [sri-files-scheduler-3] [] INFO  c.e.s.s.NuevoDocumentoScheduler - [SCHEDULER][V1] FIN recuperación | detectados=0 | autorizados=0 | pendientes=0 | duracionMs=2
2026-08-25 22:22:00.001 [sri-files-scheduler-1] [] INFO  c.e.s.s.NuevoDocumentoScheduler - [SCHEDULER][V1] INICIO envío pendientes @ 2026-08-25T22:22:00.001144400
2026-08-25 22:22:00.001 [sri-files-scheduler-3] [] INFO  c.e.s.services.EnvioSriBatchService - [SCHEDULER][sri-files-scheduler-3] INICIO automatizacionEnvioFacturasElectonicas @ 2026-08-25T22:22:00.001144400
2026-08-25 22:22:00.002 [sri-files-scheduler-3] [] INFO  c.e.s.services.EnvioSriBatchService - Ejecutando envio de facturas at=2026-08-25T22:22:00.002704900
2026-08-25 22:22:00.004 [sri-files-scheduler-1] [] INFO  c.e.s.s.NuevoDocumentoScheduler - [SCHEDULER][V1] FIN envío | detectados=0 | exitosos=0 | fallidos=0 | duracionMs=3
2026-08-25 22:22:00.006 [sri-files-scheduler-4] [] INFO  c.e.s.batch.BatchJobScheduler - Batch automático ejecutado: tipo=ENVIAR_SRI uuid=6f25cf07-6481-4987-b5c0-87afa0f5e27a
2026-08-25 22:22:00.009 [task-36] [6f25cf07-6481-4987-b5c0-87afa0f5e27a] INFO  c.e.s.batch.BatchProcessorService - Iniciando batch job 6f25cf07-6481-4987-b5c0-87afa0f5e27a tipo=ENVIAR_SRI [batchJob=6f25cf07-6481-4987-b5c0-87afa0f5e27a]
2026-08-25 22:22:00.010 [task-36] [6f25cf07-6481-4987-b5c0-87afa0f5e27a] INFO  c.e.s.batch.BatchProcessorService - Documentos encontrados: 0 [batchJob=6f25cf07-6481-4987-b5c0-87afa0f5e27a]
2026-08-25 22:22:00.012 [task-36] [6f25cf07-6481-4987-b5c0-87afa0f5e27a] INFO  c.e.s.batch.BatchProcessorService - Batch job 6f25cf07-6481-4987-b5c0-87afa0f5e27a completado: Procesados: 0, Exitosos: 0, Fallidos: 0 [batchJob=6f25cf07-6481-4987-b5c0-87afa0f5e27a]
2026-08-25 22:22:01.345 [sri-files-scheduler-3] [] INFO  c.e.s.services.EnvioSriBatchService - No hay facturas pendientes estado=I
2026-08-25 22:22:01.345 [sri-files-scheduler-3] [] INFO  c.e.s.services.EnvioSriBatchService - [SCHEDULER][sri-files-scheduler-3] FIN automatizacionEnvioFacturasElectonicas | detectados=0 | exitosas=0 | fallidas=0 | duracionMs=1344
2026-08-25 22:23:00.001 [sri-files-scheduler-4] [] INFO  c.e.s.s.NuevoDocumentoScheduler - [SCHEDULER][V1] INICIO envío pendientes @ 2026-08-25T22:23:00.001740400
2026-08-25 22:23:00.001 [sri-files-scheduler-1] [] INFO  c.e.s.services.EnvioSriBatchService - [SCHEDULER][sri-files-scheduler-1] INICIO automatizacionEnvioFacturasElectonicas @ 2026-08-25T22:23:00.001740400
2026-08-25 22:23:00.001 [sri-files-scheduler-1] [] INFO  c.e.s.services.EnvioSriBatchService - Ejecutando envio de facturas at=2026-08-25T22:23:00.001740400
2026-08-25 22:23:00.002 [sri-files-scheduler-4] [] INFO  c.e.s.s.NuevoDocumentoScheduler - [SCHEDULER][V1] FIN envío | detectados=0 | exitosos=0 | fallidos=0 | duracionMs=1
2026-08-25 22:23:01.375 [sri-files-scheduler-1] [] INFO  c.e.s.services.EnvioSriBatchService - No hay facturas pendientes estado=I
2026-08-25 22:23:01.375 [sri-files-scheduler-1] [] INFO  c.e.s.services.EnvioSriBatchService - [SCHEDULER][sri-files-scheduler-1] FIN automatizacionEnvioFacturasElectonicas | detectados=0 | exitosas=0 | fallidas=0 | duracionMs=1374
2026-08-25 22:24:00.001 [sri-files-scheduler-1] [] INFO  c.e.s.services.EnvioSriBatchService - [SCHEDULER][sri-files-scheduler-1] INICIO automatizacionEnvioFacturasElectonicas @ 2026-08-25T22:24:00.001555300
2026-08-25 22:24:00.001 [sri-files-scheduler-1] [] INFO  c.e.s.services.EnvioSriBatchService - Ejecutando envio de facturas at=2026-08-25T22:24:00.001555300
2026-08-25 22:24:00.043 [sri-files-scheduler-3] [] INFO  c.e.s.batch.BatchJobScheduler - Batch automático ejecutado: tipo=ENVIAR_CORREO uuid=1729ca6c-ea70-41b2-8efc-962df54677f1
2026-08-25 22:24:00.044 [sri-files-scheduler-4] [] INFO  c.e.s.batch.BatchJobScheduler - Batch automático ejecutado: tipo=ENVIAR_SRI uuid=906010e7-522b-4382-a4a5-358ce65e4d33
2026-08-25 22:24:00.044 [sri-files-scheduler-4] [] INFO  c.e.s.s.NuevoDocumentoScheduler - [SCHEDULER][V1] INICIO envío pendientes @ 2026-08-25T22:24:00.044173800
2026-08-25 22:24:00.044 [task-37] [1729ca6c-ea70-41b2-8efc-962df54677f1] INFO  c.e.s.batch.BatchProcessorService - Iniciando batch job 1729ca6c-ea70-41b2-8efc-962df54677f1 tipo=ENVIAR_CORREO [batchJob=1729ca6c-ea70-41b2-8efc-962df54677f1]
2026-08-25 22:24:00.047 [sri-files-scheduler-3] [] INFO  c.e.s.batch.BatchJobScheduler - Batch automático ejecutado: tipo=CONSULTAR_AUTORIZACION uuid=957f8069-e8f3-450c-bc0b-e05b9ebd4d89
2026-08-25 22:24:00.049 [task-39] [957f8069-e8f3-450c-bc0b-e05b9ebd4d89] INFO  c.e.s.batch.BatchProcessorService - Iniciando batch job 957f8069-e8f3-450c-bc0b-e05b9ebd4d89 tipo=CONSULTAR_AUTORIZACION [batchJob=957f8069-e8f3-450c-bc0b-e05b9ebd4d89]
2026-08-25 22:24:00.050 [task-38] [906010e7-522b-4382-a4a5-358ce65e4d33] INFO  c.e.s.batch.BatchProcessorService - Iniciando batch job 906010e7-522b-4382-a4a5-358ce65e4d33 tipo=ENVIAR_SRI [batchJob=906010e7-522b-4382-a4a5-358ce65e4d33]
2026-08-25 22:24:00.054 [task-37] [1729ca6c-ea70-41b2-8efc-962df54677f1] INFO  c.e.s.batch.BatchProcessorService - Documentos encontrados: 0 [batchJob=1729ca6c-ea70-41b2-8efc-962df54677f1]
2026-08-25 22:24:00.055 [task-37] [1729ca6c-ea70-41b2-8efc-962df54677f1] INFO  c.e.s.batch.BatchProcessorService - Batch job 1729ca6c-ea70-41b2-8efc-962df54677f1 completado: Procesados: 0, Exitosos: 0, Fallidos: 0 [batchJob=1729ca6c-ea70-41b2-8efc-962df54677f1]
2026-08-25 22:24:00.055 [sri-files-scheduler-4] [] INFO  c.e.s.s.NuevoDocumentoScheduler - [SCHEDULER][V1] FIN envío | detectados=0 | exitosos=0 | fallidos=0 | duracionMs=11
2026-08-25 22:24:00.059 [task-39] [957f8069-e8f3-450c-bc0b-e05b9ebd4d89] INFO  c.e.s.batch.BatchProcessorService - Documentos encontrados: 0 [batchJob=957f8069-e8f3-450c-bc0b-e05b9ebd4d89]
2026-08-25 22:24:00.060 [task-39] [957f8069-e8f3-450c-bc0b-e05b9ebd4d89] INFO  c.e.s.batch.BatchProcessorService - Batch job 957f8069-e8f3-450c-bc0b-e05b9ebd4d89 completado: Procesados: 0, Exitosos: 0, Fallidos: 0 [batchJob=957f8069-e8f3-450c-bc0b-e05b9ebd4d89]
2026-08-25 22:24:00.060 [task-38] [906010e7-522b-4382-a4a5-358ce65e4d33] INFO  c.e.s.batch.BatchProcessorService - Documentos encontrados: 0 [batchJob=906010e7-522b-4382-a4a5-358ce65e4d33]
2026-08-25 22:24:00.060 [task-38] [906010e7-522b-4382-a4a5-358ce65e4d33] INFO  c.e.s.batch.BatchProcessorService - Batch job 906010e7-522b-4382-a4a5-358ce65e4d33 completado: Procesados: 0, Exitosos: 0, Fallidos: 0 [batchJob=906010e7-522b-4382-a4a5-358ce65e4d33]
2026-08-25 22:24:01.364 [sri-files-scheduler-1] [] INFO  c.e.s.services.EnvioSriBatchService - No hay facturas pendientes estado=I
2026-08-25 22:24:01.365 [sri-files-scheduler-1] [] INFO  c.e.s.services.EnvioSriBatchService - [SCHEDULER][sri-files-scheduler-1] FIN automatizacionEnvioFacturasElectonicas | detectados=0 | exitosas=0 | fallidas=0 | duracionMs=1364
2026-08-25 22:24:30.001 [sri-files-scheduler-3] [] INFO  c.e.s.s.NuevoDocumentoScheduler - [SCHEDULER][V1] INICIO recuperación autorizaciones @ 2026-08-25T22:24:30.001553900
2026-08-25 22:24:30.003 [sri-files-scheduler-3] [] INFO  c.e.s.s.NuevoDocumentoScheduler - [SCHEDULER][V1] FIN recuperación | detectados=0 | autorizados=0 | pendientes=0 | duracionMs=2
2026-08-25 22:25:00.000 [sri-files-scheduler-1] [] INFO  c.e.s.s.NuevoDocumentoScheduler - [SCHEDULER][V1] INICIO envío pendientes @ 2026-08-25T22:25:00.000553900
2026-08-25 22:25:00.002 [sri-files-scheduler-3] [] INFO  c.e.s.services.EnvioSriBatchService - [SCHEDULER][sri-files-scheduler-3] INICIO automatizacionEnvioFacturasElectonicas @ 2026-08-25T22:25:00.002640
2026-08-25 22:25:00.002 [sri-files-scheduler-3] [] INFO  c.e.s.services.EnvioSriBatchService - Ejecutando envio de facturas at=2026-08-25T22:25:00.002640
2026-08-25 22:25:00.003 [sri-files-scheduler-1] [] INFO  c.e.s.s.NuevoDocumentoScheduler - [SCHEDULER][V1] FIN envío | detectados=0 | exitosos=0 | fallidos=0 | duracionMs=3
2026-08-25 22:25:00.003 [sri-files-scheduler-1] [] INFO  c.e.s.s.RecuperarDevueltasScheduler - [SCHEDULER] INICIO recuperación facturas estado M @ 2026-08-25T22:25:00.003644800
2026-08-25 22:25:00.014 [sri-files-scheduler-4] [] INFO  c.e.s.batch.BatchJobScheduler - Batch automático ejecutado: tipo=REINTENTAR_FALLIDOS uuid=e5c8e84e-1b8d-4003-88fd-4453e615a1e3
2026-08-25 22:25:00.016 [task-40] [e5c8e84e-1b8d-4003-88fd-4453e615a1e3] INFO  c.e.s.batch.BatchProcessorService - Iniciando batch job e5c8e84e-1b8d-4003-88fd-4453e615a1e3 tipo=REINTENTAR_FALLIDOS [batchJob=e5c8e84e-1b8d-4003-88fd-4453e615a1e3]
2026-08-25 22:25:00.018 [task-40] [e5c8e84e-1b8d-4003-88fd-4453e615a1e3] INFO  c.e.s.batch.BatchProcessorService - Documentos encontrados: 0 [batchJob=e5c8e84e-1b8d-4003-88fd-4453e615a1e3]
2026-08-25 22:25:00.018 [task-40] [e5c8e84e-1b8d-4003-88fd-4453e615a1e3] INFO  c.e.s.batch.BatchProcessorService - Batch job e5c8e84e-1b8d-4003-88fd-4453e615a1e3 completado: Procesados: 0, Exitosos: 0, Fallidos: 0 [batchJob=e5c8e84e-1b8d-4003-88fd-4453e615a1e3]
2026-08-25 22:25:00.121 [sri-files-scheduler-1] [] INFO  c.erp.sri_files.services.SriGateway - Consultando autorización SRI: 2001202601046002881000120020210001675549542668510 [requestId=null]
2026-08-25 22:25:00.215 [sri-files-scheduler-1] [] ERROR c.erp.sri_files.services.SriGateway - Error consultando autorización [requestId=null]
jakarta.xml.ws.WebServiceException: javax.net.ssl.SSLHandshakeException: No subject alternative names matching IP address 181.113.227.222 found
	at com.sun.xml.ws.transport.http.client.HttpClientTransport.readResponseCodeAndMessage(HttpClientTransport.java:181)
	at com.sun.xml.ws.transport.http.client.HttpTransportPipe.createResponsePacket(HttpTransportPipe.java:227)
	at com.sun.xml.ws.transport.http.client.HttpTransportPipe.process(HttpTransportPipe.java:218)
	at com.sun.xml.ws.transport.http.client.HttpTransportPipe.processRequest(HttpTransportPipe.java:131)
	at com.sun.xml.ws.transport.DeferredTransportPipe.processRequest(DeferredTransportPipe.java:111)
	at com.sun.xml.ws.api.pipe.Fiber.__doRun(Fiber.java:1106)
	at com.sun.xml.ws.api.pipe.Fiber._doRun(Fiber.java:1020)
	at com.sun.xml.ws.api.pipe.Fiber.doRun(Fiber.java:989)
	at com.sun.xml.ws.api.pipe.Fiber.runSync(Fiber.java:847)
	at com.sun.xml.ws.client.Stub.process(Stub.java:431)
	at com.sun.xml.ws.client.sei.SEIStub.doProcess(SEIStub.java:160)
	at com.sun.xml.ws.client.sei.SyncMethodHandler.invoke(SyncMethodHandler.java:78)
	at com.sun.xml.ws.client.sei.SyncMethodHandler.invoke(SyncMethodHandler.java:62)
	at com.sun.xml.ws.client.sei.SEIStub.invoke(SEIStub.java:132)
	at jdk.proxy2/jdk.proxy2.$Proxy222.autorizacionComprobante(Unknown Source)
	at com.erp.sri_files.services.SendXmlToSriService.consultarAutorizacion(SendXmlToSriService.java:196)
	at com.erp.sri_files.services.SendXmlToSriService.consultarAutorizacion(SendXmlToSriService.java:180)
	at com.erp.sri_files.services.SriGateway.consultarAutorizacion(SriGateway.java:100)
	at com.erp.sri_files.scheduler.RecuperarDevueltasScheduler.recuperarFacturasDevueltas(RecuperarDevueltasScheduler.java:61)
	at java.base/jdk.internal.reflect.DirectMethodHandleAccessor.invoke(DirectMethodHandleAccessor.java:103)
	at java.base/java.lang.reflect.Method.invoke(Method.java:580)
	at org.springframework.scheduling.support.ScheduledMethodRunnable.runInternal(ScheduledMethodRunnable.java:130)
	at org.springframework.scheduling.support.ScheduledMethodRunnable.lambda$run$2(ScheduledMethodRunnable.java:124)
	at io.micrometer.observation.Observation.observe(Observation.java:498)
	at org.springframework.scheduling.support.ScheduledMethodRunnable.run(ScheduledMethodRunnable.java:124)
	at org.springframework.scheduling.config.Task$OutcomeTrackingRunnable.run(Task.java:85)
	at org.springframework.scheduling.support.DelegatingErrorHandlingRunnable.run(DelegatingErrorHandlingRunnable.java:54)
	at org.springframework.scheduling.concurrent.ReschedulingRunnable.run(ReschedulingRunnable.java:96)
	at java.base/java.util.concurrent.Executors$RunnableAdapter.call(Executors.java:572)
	at java.base/java.util.concurrent.FutureTask.run(FutureTask.java:317)
	at java.base/java.util.concurrent.ScheduledThreadPoolExecutor$ScheduledFutureTask.run(ScheduledThreadPoolExecutor.java:304)
	at java.base/java.util.concurrent.ThreadPoolExecutor.runWorker(ThreadPoolExecutor.java:1144)
	at java.base/java.util.concurrent.ThreadPoolExecutor$Worker.run(ThreadPoolExecutor.java:642)
	at java.base/java.lang.Thread.run(Thread.java:1583)
Caused by: javax.net.ssl.SSLHandshakeException: No subject alternative names matching IP address 181.113.227.222 found
	at java.base/sun.security.ssl.Alert.createSSLException(Alert.java:130)
	at java.base/sun.security.ssl.TransportContext.fatal(TransportContext.java:383)
	at java.base/sun.security.ssl.TransportContext.fatal(TransportContext.java:326)
	at java.base/sun.security.ssl.TransportContext.fatal(TransportContext.java:321)
	at java.base/sun.security.ssl.CertificateMessage$T12CertificateConsumer.checkServerCerts(CertificateMessage.java:647)
	at java.base/sun.security.ssl.CertificateMessage$T12CertificateConsumer.onCertificate(CertificateMessage.java:467)
	at java.base/sun.security.ssl.CertificateMessage$T12CertificateConsumer.consume(CertificateMessage.java:363)
	at java.base/sun.security.ssl.SSLHandshake.consume(SSLHandshake.java:393)
	at java.base/sun.security.ssl.HandshakeContext.dispatch(HandshakeContext.java:477)
	at java.base/sun.security.ssl.HandshakeContext.dispatch(HandshakeContext.java:448)
	at java.base/sun.security.ssl.TransportContext.dispatch(TransportContext.java:206)
	at java.base/sun.security.ssl.SSLTransport.decode(SSLTransport.java:172)
	at java.base/sun.security.ssl.SSLSocketImpl.decode(SSLSocketImpl.java:1506)
	at java.base/sun.security.ssl.SSLSocketImpl.readHandshakeRecord(SSLSocketImpl.java:1421)
	at java.base/sun.security.ssl.SSLSocketImpl.startHandshake(SSLSocketImpl.java:455)
	at java.base/sun.security.ssl.SSLSocketImpl.startHandshake(SSLSocketImpl.java:426)
	at java.base/sun.net.www.protocol.https.HttpsClient.afterConnect(HttpsClient.java:586)
	at java.base/sun.net.www.protocol.https.AbstractDelegateHttpsURLConnection.connect(AbstractDelegateHttpsURLConnection.java:187)
	at java.base/sun.net.www.protocol.http.HttpURLConnection.followRedirect0(HttpURLConnection.java:2914)
	at java.base/sun.net.www.protocol.http.HttpURLConnection.followRedirect(HttpURLConnection.java:2834)
	at java.base/sun.net.www.protocol.http.HttpURLConnection.getInputStream0(HttpURLConnection.java:1945)
	at java.base/sun.net.www.protocol.http.HttpURLConnection.getInputStream(HttpURLConnection.java:1615)
	at java.base/java.net.HttpURLConnection.getResponseCode(HttpURLConnection.java:531)
	at java.base/sun.net.www.protocol.https.HttpsURLConnectionImpl.getResponseCode(HttpsURLConnectionImpl.java:307)
	at com.sun.xml.ws.transport.http.client.HttpClientTransport.readResponseCodeAndMessage(HttpClientTransport.java:177)
	... 33 common frames omitted
Caused by: java.security.cert.CertificateException: No subject alternative names matching IP address 181.113.227.222 found
	at java.base/sun.security.util.HostnameChecker.matchIP(HostnameChecker.java:160)
	at java.base/sun.security.util.HostnameChecker.match(HostnameChecker.java:101)
	at java.base/sun.security.ssl.X509TrustManagerImpl.checkIdentity(X509TrustManagerImpl.java:466)
	at java.base/sun.security.ssl.X509TrustManagerImpl.checkIdentity(X509TrustManagerImpl.java:432)
	at java.base/sun.security.ssl.X509TrustManagerImpl.checkTrusted(X509TrustManagerImpl.java:237)
	at java.base/sun.security.ssl.X509TrustManagerImpl.checkServerTrusted(X509TrustManagerImpl.java:132)
	at java.base/sun.security.ssl.CertificateMessage$T12CertificateConsumer.checkServerCerts(CertificateMessage.java:631)
	... 53 common frames omitted
2026-08-25 22:25:01.205 [sri-files-scheduler-3] [] INFO  c.e.s.services.EnvioSriBatchService - No hay facturas pendientes estado=I
2026-08-25 22:25:01.205 [sri-files-scheduler-3] [] INFO  c.e.s.services.EnvioSriBatchService - [SCHEDULER][sri-files-scheduler-3] FIN automatizacionEnvioFacturasElectonicas | detectados=0 | exitosas=0 | fallidas=0 | duracionMs=1203
2026-08-25 22:25:01.237 [sri-files-scheduler-1] [] INFO  c.erp.sri_files.services.SriGateway - Consultando autorización SRI: 1606202601046002881000120020180003433024898331616 [requestId=null]
2026-08-25 22:25:01.310 [sri-files-scheduler-1] [] ERROR c.erp.sri_files.services.SriGateway - Error consultando autorización [requestId=null]
jakarta.xml.ws.WebServiceException: javax.net.ssl.SSLHandshakeException: No subject alternative names matching IP address 181.113.227.222 found
	at com.sun.xml.ws.transport.http.client.HttpClientTransport.readResponseCodeAndMessage(HttpClientTransport.java:181)
	at com.sun.xml.ws.transport.http.client.HttpTransportPipe.createResponsePacket(HttpTransportPipe.java:227)
	at com.sun.xml.ws.transport.http.client.HttpTransportPipe.process(HttpTransportPipe.java:218)
	at com.sun.xml.ws.transport.http.client.HttpTransportPipe.processRequest(HttpTransportPipe.java:131)
	at com.sun.xml.ws.transport.DeferredTransportPipe.processRequest(DeferredTransportPipe.java:111)
	at com.sun.xml.ws.api.pipe.Fiber.__doRun(Fiber.java:1106)
	at com.sun.xml.ws.api.pipe.Fiber._doRun(Fiber.java:1020)
	at com.sun.xml.ws.api.pipe.Fiber.doRun(Fiber.java:989)
	at com.sun.xml.ws.api.pipe.Fiber.runSync(Fiber.java:847)
	at com.sun.xml.ws.client.Stub.process(Stub.java:431)
	at com.sun.xml.ws.client.sei.SEIStub.doProcess(SEIStub.java:160)
	at com.sun.xml.ws.client.sei.SyncMethodHandler.invoke(SyncMethodHandler.java:78)
	at com.sun.xml.ws.client.sei.SyncMethodHandler.invoke(SyncMethodHandler.java:62)
	at com.sun.xml.ws.client.sei.SEIStub.invoke(SEIStub.java:132)
	at jdk.proxy2/jdk.proxy2.$Proxy222.autorizacionComprobante(Unknown Source)
	at com.erp.sri_files.services.SendXmlToSriService.consultarAutorizacion(SendXmlToSriService.java:196)
	at com.erp.sri_files.services.SendXmlToSriService.consultarAutorizacion(SendXmlToSriService.java:180)
	at com.erp.sri_files.services.SriGateway.consultarAutorizacion(SriGateway.java:100)
	at com.erp.sri_files.scheduler.RecuperarDevueltasScheduler.recuperarFacturasDevueltas(RecuperarDevueltasScheduler.java:61)
	at java.base/jdk.internal.reflect.DirectMethodHandleAccessor.invoke(DirectMethodHandleAccessor.java:103)
	at java.base/java.lang.reflect.Method.invoke(Method.java:580)
	at org.springframework.scheduling.support.ScheduledMethodRunnable.runInternal(ScheduledMethodRunnable.java:130)
	at org.springframework.scheduling.support.ScheduledMethodRunnable.lambda$run$2(ScheduledMethodRunnable.java:124)
	at io.micrometer.observation.Observation.observe(Observation.java:498)
	at org.springframework.scheduling.support.ScheduledMethodRunnable.run(ScheduledMethodRunnable.java:124)
	at org.springframework.scheduling.config.Task$OutcomeTrackingRunnable.run(Task.java:85)
	at org.springframework.scheduling.support.DelegatingErrorHandlingRunnable.run(DelegatingErrorHandlingRunnable.java:54)
	at org.springframework.scheduling.concurrent.ReschedulingRunnable.run(ReschedulingRunnable.java:96)
	at java.base/java.util.concurrent.Executors$RunnableAdapter.call(Executors.java:572)
	at java.base/java.util.concurrent.FutureTask.run(FutureTask.java:317)
	at java.base/java.util.concurrent.ScheduledThreadPoolExecutor$ScheduledFutureTask.run(ScheduledThreadPoolExecutor.java:304)
	at java.base/java.util.concurrent.ThreadPoolExecutor.runWorker(ThreadPoolExecutor.java:1144)
	at java.base/java.util.concurrent.ThreadPoolExecutor$Worker.run(ThreadPoolExecutor.java:642)
	at java.base/java.lang.Thread.run(Thread.java:1583)
Caused by: javax.net.ssl.SSLHandshakeException: No subject alternative names matching IP address 181.113.227.222 found
	at java.base/sun.security.ssl.Alert.createSSLException(Alert.java:130)
	at java.base/sun.security.ssl.TransportContext.fatal(TransportContext.java:383)
	at java.base/sun.security.ssl.TransportContext.fatal(TransportContext.java:326)
	at java.base/sun.security.ssl.TransportContext.fatal(TransportContext.java:321)
	at java.base/sun.security.ssl.CertificateMessage$T12CertificateConsumer.checkServerCerts(CertificateMessage.java:647)
	at java.base/sun.security.ssl.CertificateMessage$T12CertificateConsumer.onCertificate(CertificateMessage.java:467)
	at java.base/sun.security.ssl.CertificateMessage$T12CertificateConsumer.consume(CertificateMessage.java:363)
	at java.base/sun.security.ssl.SSLHandshake.consume(SSLHandshake.java:393)
	at java.base/sun.security.ssl.HandshakeContext.dispatch(HandshakeContext.java:477)
	at java.base/sun.security.ssl.HandshakeContext.dispatch(HandshakeContext.java:448)
	at java.base/sun.security.ssl.TransportContext.dispatch(TransportContext.java:206)
	at java.base/sun.security.ssl.SSLTransport.decode(SSLTransport.java:172)
	at java.base/sun.security.ssl.SSLSocketImpl.decode(SSLSocketImpl.java:1506)
	at java.base/sun.security.ssl.SSLSocketImpl.readHandshakeRecord(SSLSocketImpl.java:1421)
	at java.base/sun.security.ssl.SSLSocketImpl.startHandshake(SSLSocketImpl.java:455)
	at java.base/sun.security.ssl.SSLSocketImpl.startHandshake(SSLSocketImpl.java:426)
	at java.base/sun.net.www.protocol.https.HttpsClient.afterConnect(HttpsClient.java:586)
	at java.base/sun.net.www.protocol.https.AbstractDelegateHttpsURLConnection.connect(AbstractDelegateHttpsURLConnection.java:187)
	at java.base/sun.net.www.protocol.http.HttpURLConnection.followRedirect0(HttpURLConnection.java:2914)
	at java.base/sun.net.www.protocol.http.HttpURLConnection.followRedirect(HttpURLConnection.java:2834)
	at java.base/sun.net.www.protocol.http.HttpURLConnection.getInputStream0(HttpURLConnection.java:1945)
	at java.base/sun.net.www.protocol.http.HttpURLConnection.getInputStream(HttpURLConnection.java:1615)
	at java.base/java.net.HttpURLConnection.getResponseCode(HttpURLConnection.java:531)
	at java.base/sun.net.www.protocol.https.HttpsURLConnectionImpl.getResponseCode(HttpsURLConnectionImpl.java:307)
	at com.sun.xml.ws.transport.http.client.HttpClientTransport.readResponseCodeAndMessage(HttpClientTransport.java:177)
	... 33 common frames omitted
Caused by: java.security.cert.CertificateException: No subject alternative names matching IP address 181.113.227.222 found
	at java.base/sun.security.util.HostnameChecker.matchIP(HostnameChecker.java:160)
	at java.base/sun.security.util.HostnameChecker.match(HostnameChecker.java:101)
	at java.base/sun.security.ssl.X509TrustManagerImpl.checkIdentity(X509TrustManagerImpl.java:466)
	at java.base/sun.security.ssl.X509TrustManagerImpl.checkIdentity(X509TrustManagerImpl.java:432)
	at java.base/sun.security.ssl.X509TrustManagerImpl.checkTrusted(X509TrustManagerImpl.java:237)
	at java.base/sun.security.ssl.X509TrustManagerImpl.checkServerTrusted(X509TrustManagerImpl.java:132)
	at java.base/sun.security.ssl.CertificateMessage$T12CertificateConsumer.checkServerCerts(CertificateMessage.java:631)
	... 53 common frames omitted
2026-08-25 22:25:02.238 [sri-files-scheduler-1] [] INFO  c.erp.sri_files.services.SriGateway - Consultando autorización SRI: 1606202601046002881000120020180003433033058234813 [requestId=null]
2026-08-25 22:25:02.301 [sri-files-scheduler-1] [] ERROR c.erp.sri_files.services.SriGateway - Error consultando autorización [requestId=null]
jakarta.xml.ws.WebServiceException: javax.net.ssl.SSLHandshakeException: No subject alternative names matching IP address 181.113.227.222 found
	at com.sun.xml.ws.transport.http.client.HttpClientTransport.readResponseCodeAndMessage(HttpClientTransport.java:181)
	at com.sun.xml.ws.transport.http.client.HttpTransportPipe.createResponsePacket(HttpTransportPipe.java:227)
	at com.sun.xml.ws.transport.http.client.HttpTransportPipe.process(HttpTransportPipe.java:218)
	at com.sun.xml.ws.transport.http.client.HttpTransportPipe.processRequest(HttpTransportPipe.java:131)
	at com.sun.xml.ws.transport.DeferredTransportPipe.processRequest(DeferredTransportPipe.java:111)
	at com.sun.xml.ws.api.pipe.Fiber.__doRun(Fiber.java:1106)
	at com.sun.xml.ws.api.pipe.Fiber._doRun(Fiber.java:1020)
	at com.sun.xml.ws.api.pipe.Fiber.doRun(Fiber.java:989)
	at com.sun.xml.ws.api.pipe.Fiber.runSync(Fiber.java:847)
	at com.sun.xml.ws.client.Stub.process(Stub.java:431)
	at com.sun.xml.ws.client.sei.SEIStub.doProcess(SEIStub.java:160)
	at com.sun.xml.ws.client.sei.SyncMethodHandler.invoke(SyncMethodHandler.java:78)
	at com.sun.xml.ws.client.sei.SyncMethodHandler.invoke(SyncMethodHandler.java:62)
	at com.sun.xml.ws.client.sei.SEIStub.invoke(SEIStub.java:132)
	at jdk.proxy2/jdk.proxy2.$Proxy222.autorizacionComprobante(Unknown Source)
	at com.erp.sri_files.services.SendXmlToSriService.consultarAutorizacion(SendXmlToSriService.java:196)
	at com.erp.sri_files.services.SendXmlToSriService.consultarAutorizacion(SendXmlToSriService.java:180)
	at com.erp.sri_files.services.SriGateway.consultarAutorizacion(SriGateway.java:100)
	at com.erp.sri_files.scheduler.RecuperarDevueltasScheduler.recuperarFacturasDevueltas(RecuperarDevueltasScheduler.java:61)
	at java.base/jdk.internal.reflect.DirectMethodHandleAccessor.invoke(DirectMethodHandleAccessor.java:103)
	at java.base/java.lang.reflect.Method.invoke(Method.java:580)
	at org.springframework.scheduling.support.ScheduledMethodRunnable.runInternal(ScheduledMethodRunnable.java:130)
	at org.springframework.scheduling.support.ScheduledMethodRunnable.lambda$run$2(ScheduledMethodRunnable.java:124)
	at io.micrometer.observation.Observation.observe(Observation.java:498)
	at org.springframework.scheduling.support.ScheduledMethodRunnable.run(ScheduledMethodRunnable.java:124)
	at org.springframework.scheduling.config.Task$OutcomeTrackingRunnable.run(Task.java:85)
	at org.springframework.scheduling.support.DelegatingErrorHandlingRunnable.run(DelegatingErrorHandlingRunnable.java:54)
	at org.springframework.scheduling.concurrent.ReschedulingRunnable.run(ReschedulingRunnable.java:96)
	at java.base/java.util.concurrent.Executors$RunnableAdapter.call(Executors.java:572)
	at java.base/java.util.concurrent.FutureTask.run(FutureTask.java:317)
	at java.base/java.util.concurrent.ScheduledThreadPoolExecutor$ScheduledFutureTask.run(ScheduledThreadPoolExecutor.java:304)
	at java.base/java.util.concurrent.ThreadPoolExecutor.runWorker(ThreadPoolExecutor.java:1144)
	at java.base/java.util.concurrent.ThreadPoolExecutor$Worker.run(ThreadPoolExecutor.java:642)
	at java.base/java.lang.Thread.run(Thread.java:1583)
Caused by: javax.net.ssl.SSLHandshakeException: No subject alternative names matching IP address 181.113.227.222 found
	at java.base/sun.security.ssl.Alert.createSSLException(Alert.java:130)
	at java.base/sun.security.ssl.TransportContext.fatal(TransportContext.java:383)
	at java.base/sun.security.ssl.TransportContext.fatal(TransportContext.java:326)
	at java.base/sun.security.ssl.TransportContext.fatal(TransportContext.java:321)
	at java.base/sun.security.ssl.CertificateMessage$T12CertificateConsumer.checkServerCerts(CertificateMessage.java:647)
	at java.base/sun.security.ssl.CertificateMessage$T12CertificateConsumer.onCertificate(CertificateMessage.java:467)
	at java.base/sun.security.ssl.CertificateMessage$T12CertificateConsumer.consume(CertificateMessage.java:363)
	at java.base/sun.security.ssl.SSLHandshake.consume(SSLHandshake.java:393)
	at java.base/sun.security.ssl.HandshakeContext.dispatch(HandshakeContext.java:477)
	at java.base/sun.security.ssl.HandshakeContext.dispatch(HandshakeContext.java:448)
	at java.base/sun.security.ssl.TransportContext.dispatch(TransportContext.java:206)
	at java.base/sun.security.ssl.SSLTransport.decode(SSLTransport.java:172)
	at java.base/sun.security.ssl.SSLSocketImpl.decode(SSLSocketImpl.java:1506)
	at java.base/sun.security.ssl.SSLSocketImpl.readHandshakeRecord(SSLSocketImpl.java:1421)
	at java.base/sun.security.ssl.SSLSocketImpl.startHandshake(SSLSocketImpl.java:455)
	at java.base/sun.security.ssl.SSLSocketImpl.startHandshake(SSLSocketImpl.java:426)
	at java.base/sun.net.www.protocol.https.HttpsClient.afterConnect(HttpsClient.java:586)
	at java.base/sun.net.www.protocol.https.AbstractDelegateHttpsURLConnection.connect(AbstractDelegateHttpsURLConnection.java:187)
	at java.base/sun.net.www.protocol.http.HttpURLConnection.followRedirect0(HttpURLConnection.java:2914)
	at java.base/sun.net.www.protocol.http.HttpURLConnection.followRedirect(HttpURLConnection.java:2834)
	at java.base/sun.net.www.protocol.http.HttpURLConnection.getInputStream0(HttpURLConnection.java:1945)
	at java.base/sun.net.www.protocol.http.HttpURLConnection.getInputStream(HttpURLConnection.java:1615)
	at java.base/java.net.HttpURLConnection.getResponseCode(HttpURLConnection.java:531)
	at java.base/sun.net.www.protocol.https.HttpsURLConnectionImpl.getResponseCode(HttpsURLConnectionImpl.java:307)
	at com.sun.xml.ws.transport.http.client.HttpClientTransport.readResponseCodeAndMessage(HttpClientTransport.java:177)
	... 33 common frames omitted
Caused by: java.security.cert.CertificateException: No subject alternative names matching IP address 181.113.227.222 found
	at java.base/sun.security.util.HostnameChecker.matchIP(HostnameChecker.java:160)
	at java.base/sun.security.util.HostnameChecker.match(HostnameChecker.java:101)
	at java.base/sun.security.ssl.X509TrustManagerImpl.checkIdentity(X509TrustManagerImpl.java:466)
	at java.base/sun.security.ssl.X509TrustManagerImpl.checkIdentity(X509TrustManagerImpl.java:432)
	at java.base/sun.security.ssl.X509TrustManagerImpl.checkTrusted(X509TrustManagerImpl.java:237)
	at java.base/sun.security.ssl.X509TrustManagerImpl.checkServerTrusted(X509TrustManagerImpl.java:132)
	at java.base/sun.security.ssl.CertificateMessage$T12CertificateConsumer.checkServerCerts(CertificateMessage.java:631)
	... 53 common frames omitted
2026-08-25 22:25:03.308 [sri-files-scheduler-1] [] INFO  c.erp.sri_files.services.SriGateway - Consultando autorización SRI: 1606202601046002881000120020180003433046695660014 [requestId=null]
2026-08-25 22:25:03.379 [sri-files-scheduler-1] [] ERROR c.erp.sri_files.services.SriGateway - Error consultando autorización [requestId=null]
jakarta.xml.ws.WebServiceException: javax.net.ssl.SSLHandshakeException: No subject alternative names matching IP address 181.113.227.222 found
	at com.sun.xml.ws.transport.http.client.HttpClientTransport.readResponseCodeAndMessage(HttpClientTransport.java:181)
	at com.sun.xml.ws.transport.http.client.HttpTransportPipe.createResponsePacket(HttpTransportPipe.java:227)
	at com.sun.xml.ws.transport.http.client.HttpTransportPipe.process(HttpTransportPipe.java:218)
	at com.sun.xml.ws.transport.http.client.HttpTransportPipe.processRequest(HttpTransportPipe.java:131)
	at com.sun.xml.ws.transport.DeferredTransportPipe.processRequest(DeferredTransportPipe.java:111)
	at com.sun.xml.ws.api.pipe.Fiber.__doRun(Fiber.java:1106)
	at com.sun.xml.ws.api.pipe.Fiber._doRun(Fiber.java:1020)
	at com.sun.xml.ws.api.pipe.Fiber.doRun(Fiber.java:989)
	at com.sun.xml.ws.api.pipe.Fiber.runSync(Fiber.java:847)
	at com.sun.xml.ws.client.Stub.process(Stub.java:431)
	at com.sun.xml.ws.client.sei.SEIStub.doProcess(SEIStub.java:160)
	at com.sun.xml.ws.client.sei.SyncMethodHandler.invoke(SyncMethodHandler.java:78)
	at com.sun.xml.ws.client.sei.SyncMethodHandler.invoke(SyncMethodHandler.java:62)
	at com.sun.xml.ws.client.sei.SEIStub.invoke(SEIStub.java:132)
	at jdk.proxy2/jdk.proxy2.$Proxy222.autorizacionComprobante(Unknown Source)
	at com.erp.sri_files.services.SendXmlToSriService.consultarAutorizacion(SendXmlToSriService.java:196)
	at com.erp.sri_files.services.SendXmlToSriService.consultarAutorizacion(SendXmlToSriService.java:180)
	at com.erp.sri_files.services.SriGateway.consultarAutorizacion(SriGateway.java:100)
	at com.erp.sri_files.scheduler.RecuperarDevueltasScheduler.recuperarFacturasDevueltas(RecuperarDevueltasScheduler.java:61)
	at java.base/jdk.internal.reflect.DirectMethodHandleAccessor.invoke(DirectMethodHandleAccessor.java:103)
	at java.base/java.lang.reflect.Method.invoke(Method.java:580)
	at org.springframework.scheduling.support.ScheduledMethodRunnable.runInternal(ScheduledMethodRunnable.java:130)
	at org.springframework.scheduling.support.ScheduledMethodRunnable.lambda$run$2(ScheduledMethodRunnable.java:124)
	at io.micrometer.observation.Observation.observe(Observation.java:498)
	at org.springframework.scheduling.support.ScheduledMethodRunnable.run(ScheduledMethodRunnable.java:124)
	at org.springframework.scheduling.config.Task$OutcomeTrackingRunnable.run(Task.java:85)
	at org.springframework.scheduling.support.DelegatingErrorHandlingRunnable.run(DelegatingErrorHandlingRunnable.java:54)
	at org.springframework.scheduling.concurrent.ReschedulingRunnable.run(ReschedulingRunnable.java:96)
	at java.base/java.util.concurrent.Executors$RunnableAdapter.call(Executors.java:572)
	at java.base/java.util.concurrent.FutureTask.run(FutureTask.java:317)
	at java.base/java.util.concurrent.ScheduledThreadPoolExecutor$ScheduledFutureTask.run(ScheduledThreadPoolExecutor.java:304)
	at java.base/java.util.concurrent.ThreadPoolExecutor.runWorker(ThreadPoolExecutor.java:1144)
	at java.base/java.util.concurrent.ThreadPoolExecutor$Worker.run(ThreadPoolExecutor.java:642)
	at java.base/java.lang.Thread.run(Thread.java:1583)
Caused by: javax.net.ssl.SSLHandshakeException: No subject alternative names matching IP address 181.113.227.222 found
	at java.base/sun.security.ssl.Alert.createSSLException(Alert.java:130)
	at java.base/sun.security.ssl.TransportContext.fatal(TransportContext.java:383)
	at java.base/sun.security.ssl.TransportContext.fatal(TransportContext.java:326)
	at java.base/sun.security.ssl.TransportContext.fatal(TransportContext.java:321)
	at java.base/sun.security.ssl.CertificateMessage$T12CertificateConsumer.checkServerCerts(CertificateMessage.java:647)
	at java.base/sun.security.ssl.CertificateMessage$T12CertificateConsumer.onCertificate(CertificateMessage.java:467)
	at java.base/sun.security.ssl.CertificateMessage$T12CertificateConsumer.consume(CertificateMessage.java:363)
	at java.base/sun.security.ssl.SSLHandshake.consume(SSLHandshake.java:393)
	at java.base/sun.security.ssl.HandshakeContext.dispatch(HandshakeContext.java:477)
	at java.base/sun.security.ssl.HandshakeContext.dispatch(HandshakeContext.java:448)
	at java.base/sun.security.ssl.TransportContext.dispatch(TransportContext.java:206)
	at java.base/sun.security.ssl.SSLTransport.decode(SSLTransport.java:172)
	at java.base/sun.security.ssl.SSLSocketImpl.decode(SSLSocketImpl.java:1506)
	at java.base/sun.security.ssl.SSLSocketImpl.readHandshakeRecord(SSLSocketImpl.java:1421)
	at java.base/sun.security.ssl.SSLSocketImpl.startHandshake(SSLSocketImpl.java:455)
	at java.base/sun.security.ssl.SSLSocketImpl.startHandshake(SSLSocketImpl.java:426)
	at java.base/sun.net.www.protocol.https.HttpsClient.afterConnect(HttpsClient.java:586)
	at java.base/sun.net.www.protocol.https.AbstractDelegateHttpsURLConnection.connect(AbstractDelegateHttpsURLConnection.java:187)
	at java.base/sun.net.www.protocol.http.HttpURLConnection.followRedirect0(HttpURLConnection.java:2914)
	at java.base/sun.net.www.protocol.http.HttpURLConnection.followRedirect(HttpURLConnection.java:2834)
	at java.base/sun.net.www.protocol.http.HttpURLConnection.getInputStream0(HttpURLConnection.java:1945)
	at java.base/sun.net.www.protocol.http.HttpURLConnection.getInputStream(HttpURLConnection.java:1615)
	at java.base/java.net.HttpURLConnection.getResponseCode(HttpURLConnection.java:531)
	at java.base/sun.net.www.protocol.https.HttpsURLConnectionImpl.getResponseCode(HttpsURLConnectionImpl.java:307)
	at com.sun.xml.ws.transport.http.client.HttpClientTransport.readResponseCodeAndMessage(HttpClientTransport.java:177)
	... 33 common frames omitted
Caused by: java.security.cert.CertificateException: No subject alternative names matching IP address 181.113.227.222 found
	at java.base/sun.security.util.HostnameChecker.matchIP(HostnameChecker.java:160)
	at java.base/sun.security.util.HostnameChecker.match(HostnameChecker.java:101)
	at java.base/sun.security.ssl.X509TrustManagerImpl.checkIdentity(X509TrustManagerImpl.java:466)
	at java.base/sun.security.ssl.X509TrustManagerImpl.checkIdentity(X509TrustManagerImpl.java:432)
	at java.base/sun.security.ssl.X509TrustManagerImpl.checkTrusted(X509TrustManagerImpl.java:237)
	at java.base/sun.security.ssl.X509TrustManagerImpl.checkServerTrusted(X509TrustManagerImpl.java:132)
	at java.base/sun.security.ssl.CertificateMessage$T12CertificateConsumer.checkServerCerts(CertificateMessage.java:631)
	... 53 common frames omitted
2026-08-25 22:25:04.181 [sri-files-scheduler-1] [] INFO  c.erp.sri_files.services.SriGateway - Consultando autorización SRI: 1707202601046002881000120020180003467758561531013 [requestId=null]
2026-08-25 22:25:04.252 [sri-files-scheduler-1] [] ERROR c.erp.sri_files.services.SriGateway - Error consultando autorización [requestId=null]
jakarta.xml.ws.WebServiceException: javax.net.ssl.SSLHandshakeException: No subject alternative names matching IP address 181.113.227.222 found
	at com.sun.xml.ws.transport.http.client.HttpClientTransport.readResponseCodeAndMessage(HttpClientTransport.java:181)
	at com.sun.xml.ws.transport.http.client.HttpTransportPipe.createResponsePacket(HttpTransportPipe.java:227)
	at com.sun.xml.ws.transport.http.client.HttpTransportPipe.process(HttpTransportPipe.java:218)
	at com.sun.xml.ws.transport.http.client.HttpTransportPipe.processRequest(HttpTransportPipe.java:131)
	at com.sun.xml.ws.transport.DeferredTransportPipe.processRequest(DeferredTransportPipe.java:111)
	at com.sun.xml.ws.api.pipe.Fiber.__doRun(Fiber.java:1106)
	at com.sun.xml.ws.api.pipe.Fiber._doRun(Fiber.java:1020)
	at com.sun.xml.ws.api.pipe.Fiber.doRun(Fiber.java:989)
	at com.sun.xml.ws.api.pipe.Fiber.runSync(Fiber.java:847)
	at com.sun.xml.ws.client.Stub.process(Stub.java:431)
	at com.sun.xml.ws.client.sei.SEIStub.doProcess(SEIStub.java:160)
	at com.sun.xml.ws.client.sei.SyncMethodHandler.invoke(SyncMethodHandler.java:78)
	at com.sun.xml.ws.client.sei.SyncMethodHandler.invoke(SyncMethodHandler.java:62)
	at com.sun.xml.ws.client.sei.SEIStub.invoke(SEIStub.java:132)
	at jdk.proxy2/jdk.proxy2.$Proxy222.autorizacionComprobante(Unknown Source)
	at com.erp.sri_files.services.SendXmlToSriService.consultarAutorizacion(SendXmlToSriService.java:196)
	at com.erp.sri_files.services.SendXmlToSriService.consultarAutorizacion(SendXmlToSriService.java:180)
	at com.erp.sri_files.services.SriGateway.consultarAutorizacion(SriGateway.java:100)
	at com.erp.sri_files.scheduler.RecuperarDevueltasScheduler.recuperarFacturasDevueltas(RecuperarDevueltasScheduler.java:61)
	at java.base/jdk.internal.reflect.DirectMethodHandleAccessor.invoke(DirectMethodHandleAccessor.java:103)
	at java.base/java.lang.reflect.Method.invoke(Method.java:580)
	at org.springframework.scheduling.support.ScheduledMethodRunnable.runInternal(ScheduledMethodRunnable.java:130)
	at org.springframework.scheduling.support.ScheduledMethodRunnable.lambda$run$2(ScheduledMethodRunnable.java:124)
	at io.micrometer.observation.Observation.observe(Observation.java:498)
	at org.springframework.scheduling.support.ScheduledMethodRunnable.run(ScheduledMethodRunnable.java:124)
	at org.springframework.scheduling.config.Task$OutcomeTrackingRunnable.run(Task.java:85)
	at org.springframework.scheduling.support.DelegatingErrorHandlingRunnable.run(DelegatingErrorHandlingRunnable.java:54)
	at org.springframework.scheduling.concurrent.ReschedulingRunnable.run(ReschedulingRunnable.java:96)
	at java.base/java.util.concurrent.Executors$RunnableAdapter.call(Executors.java:572)
	at java.base/java.util.concurrent.FutureTask.run(FutureTask.java:317)
	at java.base/java.util.concurrent.ScheduledThreadPoolExecutor$ScheduledFutureTask.run(ScheduledThreadPoolExecutor.java:304)
	at java.base/java.util.concurrent.ThreadPoolExecutor.runWorker(ThreadPoolExecutor.java:1144)
	at java.base/java.util.concurrent.ThreadPoolExecutor$Worker.run(ThreadPoolExecutor.java:642)
	at java.base/java.lang.Thread.run(Thread.java:1583)
Caused by: javax.net.ssl.SSLHandshakeException: No subject alternative names matching IP address 181.113.227.222 found
	at java.base/sun.security.ssl.Alert.createSSLException(Alert.java:130)
	at java.base/sun.security.ssl.TransportContext.fatal(TransportContext.java:383)
	at java.base/sun.security.ssl.TransportContext.fatal(TransportContext.java:326)
	at java.base/sun.security.ssl.TransportContext.fatal(TransportContext.java:321)
	at java.base/sun.security.ssl.CertificateMessage$T12CertificateConsumer.checkServerCerts(CertificateMessage.java:647)
	at java.base/sun.security.ssl.CertificateMessage$T12CertificateConsumer.onCertificate(CertificateMessage.java:467)
	at java.base/sun.security.ssl.CertificateMessage$T12CertificateConsumer.consume(CertificateMessage.java:363)
	at java.base/sun.security.ssl.SSLHandshake.consume(SSLHandshake.java:393)
	at java.base/sun.security.ssl.HandshakeContext.dispatch(HandshakeContext.java:477)
	at java.base/sun.security.ssl.HandshakeContext.dispatch(HandshakeContext.java:448)
	at java.base/sun.security.ssl.TransportContext.dispatch(TransportContext.java:206)
	at java.base/sun.security.ssl.SSLTransport.decode(SSLTransport.java:172)
	at java.base/sun.security.ssl.SSLSocketImpl.decode(SSLSocketImpl.java:1506)
	at java.base/sun.security.ssl.SSLSocketImpl.readHandshakeRecord(SSLSocketImpl.java:1421)
	at java.base/sun.security.ssl.SSLSocketImpl.startHandshake(SSLSocketImpl.java:455)
	at java.base/sun.security.ssl.SSLSocketImpl.startHandshake(SSLSocketImpl.java:426)
	at java.base/sun.net.www.protocol.https.HttpsClient.afterConnect(HttpsClient.java:586)
	at java.base/sun.net.www.protocol.https.AbstractDelegateHttpsURLConnection.connect(AbstractDelegateHttpsURLConnection.java:187)
	at java.base/sun.net.www.protocol.http.HttpURLConnection.followRedirect0(HttpURLConnection.java:2914)
	at java.base/sun.net.www.protocol.http.HttpURLConnection.followRedirect(HttpURLConnection.java:2834)
	at java.base/sun.net.www.protocol.http.HttpURLConnection.getInputStream0(HttpURLConnection.java:1945)
	at java.base/sun.net.www.protocol.http.HttpURLConnection.getInputStream(HttpURLConnection.java:1615)
	at java.base/java.net.HttpURLConnection.getResponseCode(HttpURLConnection.java:531)
	at java.base/sun.net.www.protocol.https.HttpsURLConnectionImpl.getResponseCode(HttpsURLConnectionImpl.java:307)
	at com.sun.xml.ws.transport.http.client.HttpClientTransport.readResponseCodeAndMessage(HttpClientTransport.java:177)
	... 33 common frames omitted
Caused by: java.security.cert.CertificateException: No subject alternative names matching IP address 181.113.227.222 found
	at java.base/sun.security.util.HostnameChecker.matchIP(HostnameChecker.java:160)
	at java.base/sun.security.util.HostnameChecker.match(HostnameChecker.java:101)
	at java.base/sun.security.ssl.X509TrustManagerImpl.checkIdentity(X509TrustManagerImpl.java:466)
	at java.base/sun.security.ssl.X509TrustManagerImpl.checkIdentity(X509TrustManagerImpl.java:432)
	at java.base/sun.security.ssl.X509TrustManagerImpl.checkTrusted(X509TrustManagerImpl.java:237)
	at java.base/sun.security.ssl.X509TrustManagerImpl.checkServerTrusted(X509TrustManagerImpl.java:132)
	at java.base/sun.security.ssl.CertificateMessage$T12CertificateConsumer.checkServerCerts(CertificateMessage.java:631)
	... 53 common frames omitted
2026-08-25 22:25:05.302 [sri-files-scheduler-1] [] INFO  c.erp.sri_files.services.SriGateway - Consultando autorización SRI: 1707202601046002881000120020180003467766529247411 [requestId=null]
2026-08-25 22:25:05.367 [sri-files-scheduler-1] [] ERROR c.erp.sri_files.services.SriGateway - Error consultando autorización [requestId=null]
jakarta.xml.ws.WebServiceException: javax.net.ssl.SSLHandshakeException: No subject alternative names matching IP address 181.113.227.222 found
	at com.sun.xml.ws.transport.http.client.HttpClientTransport.readResponseCodeAndMessage(HttpClientTransport.java:181)
	at com.sun.xml.ws.transport.http.client.HttpTransportPipe.createResponsePacket(HttpTransportPipe.java:227)
	at com.sun.xml.ws.transport.http.client.HttpTransportPipe.process(HttpTransportPipe.java:218)
	at com.sun.xml.ws.transport.http.client.HttpTransportPipe.processRequest(HttpTransportPipe.java:131)
	at com.sun.xml.ws.transport.DeferredTransportPipe.processRequest(DeferredTransportPipe.java:111)
	at com.sun.xml.ws.api.pipe.Fiber.__doRun(Fiber.java:1106)
	at com.sun.xml.ws.api.pipe.Fiber._doRun(Fiber.java:1020)
	at com.sun.xml.ws.api.pipe.Fiber.doRun(Fiber.java:989)
	at com.sun.xml.ws.api.pipe.Fiber.runSync(Fiber.java:847)
	at com.sun.xml.ws.client.Stub.process(Stub.java:431)
	at com.sun.xml.ws.client.sei.SEIStub.doProcess(SEIStub.java:160)
	at com.sun.xml.ws.client.sei.SyncMethodHandler.invoke(SyncMethodHandler.java:78)
	at com.sun.xml.ws.client.sei.SyncMethodHandler.invoke(SyncMethodHandler.java:62)
	at com.sun.xml.ws.client.sei.SEIStub.invoke(SEIStub.java:132)
	at jdk.proxy2/jdk.proxy2.$Proxy222.autorizacionComprobante(Unknown Source)
	at com.erp.sri_files.services.SendXmlToSriService.consultarAutorizacion(SendXmlToSriService.java:196)
	at com.erp.sri_files.services.SendXmlToSriService.consultarAutorizacion(SendXmlToSriService.java:180)
	at com.erp.sri_files.services.SriGateway.consultarAutorizacion(SriGateway.java:100)
	at com.erp.sri_files.scheduler.RecuperarDevueltasScheduler.recuperarFacturasDevueltas(RecuperarDevueltasScheduler.java:61)
	at java.base/jdk.internal.reflect.DirectMethodHandleAccessor.invoke(DirectMethodHandleAccessor.java:103)
	at java.base/java.lang.reflect.Method.invoke(Method.java:580)
	at org.springframework.scheduling.support.ScheduledMethodRunnable.runInternal(ScheduledMethodRunnable.java:130)
	at org.springframework.scheduling.support.ScheduledMethodRunnable.lambda$run$2(ScheduledMethodRunnable.java:124)
	at io.micrometer.observation.Observation.observe(Observation.java:498)
	at org.springframework.scheduling.support.ScheduledMethodRunnable.run(ScheduledMethodRunnable.java:124)
	at org.springframework.scheduling.config.Task$OutcomeTrackingRunnable.run(Task.java:85)
	at org.springframework.scheduling.support.DelegatingErrorHandlingRunnable.run(DelegatingErrorHandlingRunnable.java:54)
	at org.springframework.scheduling.concurrent.ReschedulingRunnable.run(ReschedulingRunnable.java:96)
	at java.base/java.util.concurrent.Executors$RunnableAdapter.call(Executors.java:572)
	at java.base/java.util.concurrent.FutureTask.run(FutureTask.java:317)
	at java.base/java.util.concurrent.ScheduledThreadPoolExecutor$ScheduledFutureTask.run(ScheduledThreadPoolExecutor.java:304)
	at java.base/java.util.concurrent.ThreadPoolExecutor.runWorker(ThreadPoolExecutor.java:1144)
	at java.base/java.util.concurrent.ThreadPoolExecutor$Worker.run(ThreadPoolExecutor.java:642)
	at java.base/java.lang.Thread.run(Thread.java:1583)
Caused by: javax.net.ssl.SSLHandshakeException: No subject alternative names matching IP address 181.113.227.222 found
	at java.base/sun.security.ssl.Alert.createSSLException(Alert.java:130)
	at java.base/sun.security.ssl.TransportContext.fatal(TransportContext.java:383)
	at java.base/sun.security.ssl.TransportContext.fatal(TransportContext.java:326)
	at java.base/sun.security.ssl.TransportContext.fatal(TransportContext.java:321)
	at java.base/sun.security.ssl.CertificateMessage$T12CertificateConsumer.checkServerCerts(CertificateMessage.java:647)
	at java.base/sun.security.ssl.CertificateMessage$T12CertificateConsumer.onCertificate(CertificateMessage.java:467)
	at java.base/sun.security.ssl.CertificateMessage$T12CertificateConsumer.consume(CertificateMessage.java:363)
	at java.base/sun.security.ssl.SSLHandshake.consume(SSLHandshake.java:393)
	at java.base/sun.security.ssl.HandshakeContext.dispatch(HandshakeContext.java:477)
	at java.base/sun.security.ssl.HandshakeContext.dispatch(HandshakeContext.java:448)
	at java.base/sun.security.ssl.TransportContext.dispatch(TransportContext.java:206)
	at java.base/sun.security.ssl.SSLTransport.decode(SSLTransport.java:172)
	at java.base/sun.security.ssl.SSLSocketImpl.decode(SSLSocketImpl.java:1506)
	at java.base/sun.security.ssl.SSLSocketImpl.readHandshakeRecord(SSLSocketImpl.java:1421)
	at java.base/sun.security.ssl.SSLSocketImpl.startHandshake(SSLSocketImpl.java:455)
	at java.base/sun.security.ssl.SSLSocketImpl.startHandshake(SSLSocketImpl.java:426)
	at java.base/sun.net.www.protocol.https.HttpsClient.afterConnect(HttpsClient.java:586)
	at java.base/sun.net.www.protocol.https.AbstractDelegateHttpsURLConnection.connect(AbstractDelegateHttpsURLConnection.java:187)
	at java.base/sun.net.www.protocol.http.HttpURLConnection.followRedirect0(HttpURLConnection.java:2914)
	at java.base/sun.net.www.protocol.http.HttpURLConnection.followRedirect(HttpURLConnection.java:2834)
	at java.base/sun.net.www.protocol.http.HttpURLConnection.getInputStream0(HttpURLConnection.java:1945)
	at java.base/sun.net.www.protocol.http.HttpURLConnection.getInputStream(HttpURLConnection.java:1615)
	at java.base/java.net.HttpURLConnection.getResponseCode(HttpURLConnection.java:531)
	at java.base/sun.net.www.protocol.https.HttpsURLConnectionImpl.getResponseCode(HttpsURLConnectionImpl.java:307)
	at com.sun.xml.ws.transport.http.client.HttpClientTransport.readResponseCodeAndMessage(HttpClientTransport.java:177)
	... 33 common frames omitted
Caused by: java.security.cert.CertificateException: No subject alternative names matching IP address 181.113.227.222 found
	at java.base/sun.security.util.HostnameChecker.matchIP(HostnameChecker.java:160)
	at java.base/sun.security.util.HostnameChecker.match(HostnameChecker.java:101)
	at java.base/sun.security.ssl.X509TrustManagerImpl.checkIdentity(X509TrustManagerImpl.java:466)
	at java.base/sun.security.ssl.X509TrustManagerImpl.checkIdentity(X509TrustManagerImpl.java:432)
	at java.base/sun.security.ssl.X509TrustManagerImpl.checkTrusted(X509TrustManagerImpl.java:237)
	at java.base/sun.security.ssl.X509TrustManagerImpl.checkServerTrusted(X509TrustManagerImpl.java:132)
	at java.base/sun.security.ssl.CertificateMessage$T12CertificateConsumer.checkServerCerts(CertificateMessage.java:631)
	... 53 common frames omitted
2026-08-25 22:25:06.421 [sri-files-scheduler-1] [] INFO  c.erp.sri_files.services.SriGateway - Consultando autorización SRI: 0903202601046002881000120010330000092821553539013 [requestId=null]
2026-08-25 22:25:07.306 [sri-files-scheduler-1] [] INFO  c.erp.sri_files.services.SriGateway - Consultando autorización SRI: 0903202601046002881000120010330000092833404601715 [requestId=null]
2026-08-25 22:25:07.367 [sri-files-scheduler-1] [] ERROR c.erp.sri_files.services.SriGateway - Error consultando autorización [requestId=null]
jakarta.xml.ws.WebServiceException: javax.net.ssl.SSLHandshakeException: No subject alternative names matching IP address 181.113.227.222 found
	at com.sun.xml.ws.transport.http.client.HttpClientTransport.readResponseCodeAndMessage(HttpClientTransport.java:181)
	at com.sun.xml.ws.transport.http.client.HttpTransportPipe.createResponsePacket(HttpTransportPipe.java:227)
	at com.sun.xml.ws.transport.http.client.HttpTransportPipe.process(HttpTransportPipe.java:218)
	at com.sun.xml.ws.transport.http.client.HttpTransportPipe.processRequest(HttpTransportPipe.java:131)
	at com.sun.xml.ws.transport.DeferredTransportPipe.processRequest(DeferredTransportPipe.java:111)
	at com.sun.xml.ws.api.pipe.Fiber.__doRun(Fiber.java:1106)
	at com.sun.xml.ws.api.pipe.Fiber._doRun(Fiber.java:1020)
	at com.sun.xml.ws.api.pipe.Fiber.doRun(Fiber.java:989)
	at com.sun.xml.ws.api.pipe.Fiber.runSync(Fiber.java:847)
	at com.sun.xml.ws.client.Stub.process(Stub.java:431)
	at com.sun.xml.ws.client.sei.SEIStub.doProcess(SEIStub.java:160)
	at com.sun.xml.ws.client.sei.SyncMethodHandler.invoke(SyncMethodHandler.java:78)
	at com.sun.xml.ws.client.sei.SyncMethodHandler.invoke(SyncMethodHandler.java:62)
	at com.sun.xml.ws.client.sei.SEIStub.invoke(SEIStub.java:132)
	at jdk.proxy2/jdk.proxy2.$Proxy222.autorizacionComprobante(Unknown Source)
	at com.erp.sri_files.services.SendXmlToSriService.consultarAutorizacion(SendXmlToSriService.java:196)
	at com.erp.sri_files.services.SendXmlToSriService.consultarAutorizacion(SendXmlToSriService.java:180)
	at com.erp.sri_files.services.SriGateway.consultarAutorizacion(SriGateway.java:100)
	at com.erp.sri_files.scheduler.RecuperarDevueltasScheduler.recuperarFacturasDevueltas(RecuperarDevueltasScheduler.java:61)
	at java.base/jdk.internal.reflect.DirectMethodHandleAccessor.invoke(DirectMethodHandleAccessor.java:103)
	at java.base/java.lang.reflect.Method.invoke(Method.java:580)
	at org.springframework.scheduling.support.ScheduledMethodRunnable.runInternal(ScheduledMethodRunnable.java:130)
	at org.springframework.scheduling.support.ScheduledMethodRunnable.lambda$run$2(ScheduledMethodRunnable.java:124)
	at io.micrometer.observation.Observation.observe(Observation.java:498)
	at org.springframework.scheduling.support.ScheduledMethodRunnable.run(ScheduledMethodRunnable.java:124)
	at org.springframework.scheduling.config.Task$OutcomeTrackingRunnable.run(Task.java:85)
	at org.springframework.scheduling.support.DelegatingErrorHandlingRunnable.run(DelegatingErrorHandlingRunnable.java:54)
	at org.springframework.scheduling.concurrent.ReschedulingRunnable.run(ReschedulingRunnable.java:96)
	at java.base/java.util.concurrent.Executors$RunnableAdapter.call(Executors.java:572)
	at java.base/java.util.concurrent.FutureTask.run(FutureTask.java:317)
	at java.base/java.util.concurrent.ScheduledThreadPoolExecutor$ScheduledFutureTask.run(ScheduledThreadPoolExecutor.java:304)
	at java.base/java.util.concurrent.ThreadPoolExecutor.runWorker(ThreadPoolExecutor.java:1144)
	at java.base/java.util.concurrent.ThreadPoolExecutor$Worker.run(ThreadPoolExecutor.java:642)
	at java.base/java.lang.Thread.run(Thread.java:1583)
Caused by: javax.net.ssl.SSLHandshakeException: No subject alternative names matching IP address 181.113.227.222 found
	at java.base/sun.security.ssl.Alert.createSSLException(Alert.java:130)
	at java.base/sun.security.ssl.TransportContext.fatal(TransportContext.java:383)
	at java.base/sun.security.ssl.TransportContext.fatal(TransportContext.java:326)
	at java.base/sun.security.ssl.TransportContext.fatal(TransportContext.java:321)
	at java.base/sun.security.ssl.CertificateMessage$T12CertificateConsumer.checkServerCerts(CertificateMessage.java:647)
	at java.base/sun.security.ssl.CertificateMessage$T12CertificateConsumer.onCertificate(CertificateMessage.java:467)
	at java.base/sun.security.ssl.CertificateMessage$T12CertificateConsumer.consume(CertificateMessage.java:363)
	at java.base/sun.security.ssl.SSLHandshake.consume(SSLHandshake.java:393)
	at java.base/sun.security.ssl.HandshakeContext.dispatch(HandshakeContext.java:477)
	at java.base/sun.security.ssl.HandshakeContext.dispatch(HandshakeContext.java:448)
	at java.base/sun.security.ssl.TransportContext.dispatch(TransportContext.java:206)
	at java.base/sun.security.ssl.SSLTransport.decode(SSLTransport.java:172)
	at java.base/sun.security.ssl.SSLSocketImpl.decode(SSLSocketImpl.java:1506)
	at java.base/sun.security.ssl.SSLSocketImpl.readHandshakeRecord(SSLSocketImpl.java:1421)
	at java.base/sun.security.ssl.SSLSocketImpl.startHandshake(SSLSocketImpl.java:455)
	at java.base/sun.security.ssl.SSLSocketImpl.startHandshake(SSLSocketImpl.java:426)
	at java.base/sun.net.www.protocol.https.HttpsClient.afterConnect(HttpsClient.java:586)
	at java.base/sun.net.www.protocol.https.AbstractDelegateHttpsURLConnection.connect(AbstractDelegateHttpsURLConnection.java:187)
	at java.base/sun.net.www.protocol.http.HttpURLConnection.followRedirect0(HttpURLConnection.java:2914)
	at java.base/sun.net.www.protocol.http.HttpURLConnection.followRedirect(HttpURLConnection.java:2834)
	at java.base/sun.net.www.protocol.http.HttpURLConnection.getInputStream0(HttpURLConnection.java:1945)
	at java.base/sun.net.www.protocol.http.HttpURLConnection.getInputStream(HttpURLConnection.java:1615)
	at java.base/java.net.HttpURLConnection.getResponseCode(HttpURLConnection.java:531)
	at java.base/sun.net.www.protocol.https.HttpsURLConnectionImpl.getResponseCode(HttpsURLConnectionImpl.java:307)
	at com.sun.xml.ws.transport.http.client.HttpClientTransport.readResponseCodeAndMessage(HttpClientTransport.java:177)
	... 33 common frames omitted
Caused by: java.security.cert.CertificateException: No subject alternative names matching IP address 181.113.227.222 found
	at java.base/sun.security.util.HostnameChecker.matchIP(HostnameChecker.java:160)
	at java.base/sun.security.util.HostnameChecker.match(HostnameChecker.java:101)
	at java.base/sun.security.ssl.X509TrustManagerImpl.checkIdentity(X509TrustManagerImpl.java:466)
	at java.base/sun.security.ssl.X509TrustManagerImpl.checkIdentity(X509TrustManagerImpl.java:432)
	at java.base/sun.security.ssl.X509TrustManagerImpl.checkTrusted(X509TrustManagerImpl.java:237)
	at java.base/sun.security.ssl.X509TrustManagerImpl.checkServerTrusted(X509TrustManagerImpl.java:132)
	at java.base/sun.security.ssl.CertificateMessage$T12CertificateConsumer.checkServerCerts(CertificateMessage.java:631)
	... 53 common frames omitted
2026-08-25 22:25:08.096 [sri-files-scheduler-1] [] INFO  c.erp.sri_files.services.SriGateway - Consultando autorización SRI: 0312202501046002881000120010110001735068823902714 [requestId=null]
2026-08-25 22:25:08.181 [sri-files-scheduler-1] [] ERROR c.erp.sri_files.services.SriGateway - Error consultando autorización [requestId=null]
jakarta.xml.ws.WebServiceException: javax.net.ssl.SSLHandshakeException: No subject alternative names matching IP address 181.113.227.222 found
	at com.sun.xml.ws.transport.http.client.HttpClientTransport.readResponseCodeAndMessage(HttpClientTransport.java:181)
	at com.sun.xml.ws.transport.http.client.HttpTransportPipe.createResponsePacket(HttpTransportPipe.java:227)
	at com.sun.xml.ws.transport.http.client.HttpTransportPipe.process(HttpTransportPipe.java:218)
	at com.sun.xml.ws.transport.http.client.HttpTransportPipe.processRequest(HttpTransportPipe.java:131)
	at com.sun.xml.ws.transport.DeferredTransportPipe.processRequest(DeferredTransportPipe.java:111)
	at com.sun.xml.ws.api.pipe.Fiber.__doRun(Fiber.java:1106)
	at com.sun.xml.ws.api.pipe.Fiber._doRun(Fiber.java:1020)
	at com.sun.xml.ws.api.pipe.Fiber.doRun(Fiber.java:989)
	at com.sun.xml.ws.api.pipe.Fiber.runSync(Fiber.java:847)
	at com.sun.xml.ws.client.Stub.process(Stub.java:431)
	at com.sun.xml.ws.client.sei.SEIStub.doProcess(SEIStub.java:160)
	at com.sun.xml.ws.client.sei.SyncMethodHandler.invoke(SyncMethodHandler.java:78)
	at com.sun.xml.ws.client.sei.SyncMethodHandler.invoke(SyncMethodHandler.java:62)
	at com.sun.xml.ws.client.sei.SEIStub.invoke(SEIStub.java:132)
	at jdk.proxy2/jdk.proxy2.$Proxy222.autorizacionComprobante(Unknown Source)
	at com.erp.sri_files.services.SendXmlToSriService.consultarAutorizacion(SendXmlToSriService.java:196)
	at com.erp.sri_files.services.SendXmlToSriService.consultarAutorizacion(SendXmlToSriService.java:180)
	at com.erp.sri_files.services.SriGateway.consultarAutorizacion(SriGateway.java:100)
	at com.erp.sri_files.scheduler.RecuperarDevueltasScheduler.recuperarFacturasDevueltas(RecuperarDevueltasScheduler.java:61)
	at java.base/jdk.internal.reflect.DirectMethodHandleAccessor.invoke(DirectMethodHandleAccessor.java:103)
	at java.base/java.lang.reflect.Method.invoke(Method.java:580)
	at org.springframework.scheduling.support.ScheduledMethodRunnable.runInternal(ScheduledMethodRunnable.java:130)
	at org.springframework.scheduling.support.ScheduledMethodRunnable.lambda$run$2(ScheduledMethodRunnable.java:124)
	at io.micrometer.observation.Observation.observe(Observation.java:498)
	at org.springframework.scheduling.support.ScheduledMethodRunnable.run(ScheduledMethodRunnable.java:124)
	at org.springframework.scheduling.config.Task$OutcomeTrackingRunnable.run(Task.java:85)
	at org.springframework.scheduling.support.DelegatingErrorHandlingRunnable.run(DelegatingErrorHandlingRunnable.java:54)
	at org.springframework.scheduling.concurrent.ReschedulingRunnable.run(ReschedulingRunnable.java:96)
	at java.base/java.util.concurrent.Executors$RunnableAdapter.call(Executors.java:572)
	at java.base/java.util.concurrent.FutureTask.run(FutureTask.java:317)
	at java.base/java.util.concurrent.ScheduledThreadPoolExecutor$ScheduledFutureTask.run(ScheduledThreadPoolExecutor.java:304)
	at java.base/java.util.concurrent.ThreadPoolExecutor.runWorker(ThreadPoolExecutor.java:1144)
	at java.base/java.util.concurrent.ThreadPoolExecutor$Worker.run(ThreadPoolExecutor.java:642)
	at java.base/java.lang.Thread.run(Thread.java:1583)
Caused by: javax.net.ssl.SSLHandshakeException: No subject alternative names matching IP address 181.113.227.222 found
	at java.base/sun.security.ssl.Alert.createSSLException(Alert.java:130)
	at java.base/sun.security.ssl.TransportContext.fatal(TransportContext.java:383)
	at java.base/sun.security.ssl.TransportContext.fatal(TransportContext.java:326)
	at java.base/sun.security.ssl.TransportContext.fatal(TransportContext.java:321)
	at java.base/sun.security.ssl.CertificateMessage$T12CertificateConsumer.checkServerCerts(CertificateMessage.java:647)
	at java.base/sun.security.ssl.CertificateMessage$T12CertificateConsumer.onCertificate(CertificateMessage.java:467)
	at java.base/sun.security.ssl.CertificateMessage$T12CertificateConsumer.consume(CertificateMessage.java:363)
	at java.base/sun.security.ssl.SSLHandshake.consume(SSLHandshake.java:393)
	at java.base/sun.security.ssl.HandshakeContext.dispatch(HandshakeContext.java:477)
	at java.base/sun.security.ssl.HandshakeContext.dispatch(HandshakeContext.java:448)
	at java.base/sun.security.ssl.TransportContext.dispatch(TransportContext.java:206)
	at java.base/sun.security.ssl.SSLTransport.decode(SSLTransport.java:172)
	at java.base/sun.security.ssl.SSLSocketImpl.decode(SSLSocketImpl.java:1506)
	at java.base/sun.security.ssl.SSLSocketImpl.readHandshakeRecord(SSLSocketImpl.java:1421)
	at java.base/sun.security.ssl.SSLSocketImpl.startHandshake(SSLSocketImpl.java:455)
	at java.base/sun.security.ssl.SSLSocketImpl.startHandshake(SSLSocketImpl.java:426)
	at java.base/sun.net.www.protocol.https.HttpsClient.afterConnect(HttpsClient.java:586)
	at java.base/sun.net.www.protocol.https.AbstractDelegateHttpsURLConnection.connect(AbstractDelegateHttpsURLConnection.java:187)
	at java.base/sun.net.www.protocol.http.HttpURLConnection.followRedirect0(HttpURLConnection.java:2914)
	at java.base/sun.net.www.protocol.http.HttpURLConnection.followRedirect(HttpURLConnection.java:2834)
	at java.base/sun.net.www.protocol.http.HttpURLConnection.getInputStream0(HttpURLConnection.java:1945)
	at java.base/sun.net.www.protocol.http.HttpURLConnection.getInputStream(HttpURLConnection.java:1615)
	at java.base/java.net.HttpURLConnection.getResponseCode(HttpURLConnection.java:531)
	at java.base/sun.net.www.protocol.https.HttpsURLConnectionImpl.getResponseCode(HttpsURLConnectionImpl.java:307)
	at com.sun.xml.ws.transport.http.client.HttpClientTransport.readResponseCodeAndMessage(HttpClientTransport.java:177)
	... 33 common frames omitted
Caused by: java.security.cert.CertificateException: No subject alternative names matching IP address 181.113.227.222 found
	at java.base/sun.security.util.HostnameChecker.matchIP(HostnameChecker.java:160)
	at java.base/sun.security.util.HostnameChecker.match(HostnameChecker.java:101)
	at java.base/sun.security.ssl.X509TrustManagerImpl.checkIdentity(X509TrustManagerImpl.java:466)
	at java.base/sun.security.ssl.X509TrustManagerImpl.checkIdentity(X509TrustManagerImpl.java:432)
	at java.base/sun.security.ssl.X509TrustManagerImpl.checkTrusted(X509TrustManagerImpl.java:237)
	at java.base/sun.security.ssl.X509TrustManagerImpl.checkServerTrusted(X509TrustManagerImpl.java:132)
	at java.base/sun.security.ssl.CertificateMessage$T12CertificateConsumer.checkServerCerts(CertificateMessage.java:631)
	... 53 common frames omitted
2026-08-25 22:25:08.885 [sri-files-scheduler-1] [] INFO  c.erp.sri_files.services.SriGateway - Consultando autorización SRI: 0903202601046002881000120010330000092847848942412 [requestId=null]
2026-08-25 22:25:08.948 [sri-files-scheduler-1] [] ERROR c.erp.sri_files.services.SriGateway - Error consultando autorización [requestId=null]
jakarta.xml.ws.WebServiceException: javax.net.ssl.SSLHandshakeException: No subject alternative names matching IP address 181.113.227.222 found
	at com.sun.xml.ws.transport.http.client.HttpClientTransport.readResponseCodeAndMessage(HttpClientTransport.java:181)
	at com.sun.xml.ws.transport.http.client.HttpTransportPipe.createResponsePacket(HttpTransportPipe.java:227)
	at com.sun.xml.ws.transport.http.client.HttpTransportPipe.process(HttpTransportPipe.java:218)
	at com.sun.xml.ws.transport.http.client.HttpTransportPipe.processRequest(HttpTransportPipe.java:131)
	at com.sun.xml.ws.transport.DeferredTransportPipe.processRequest(DeferredTransportPipe.java:111)
	at com.sun.xml.ws.api.pipe.Fiber.__doRun(Fiber.java:1106)
	at com.sun.xml.ws.api.pipe.Fiber._doRun(Fiber.java:1020)
	at com.sun.xml.ws.api.pipe.Fiber.doRun(Fiber.java:989)
	at com.sun.xml.ws.api.pipe.Fiber.runSync(Fiber.java:847)
	at com.sun.xml.ws.client.Stub.process(Stub.java:431)
	at com.sun.xml.ws.client.sei.SEIStub.doProcess(SEIStub.java:160)
	at com.sun.xml.ws.client.sei.SyncMethodHandler.invoke(SyncMethodHandler.java:78)
	at com.sun.xml.ws.client.sei.SyncMethodHandler.invoke(SyncMethodHandler.java:62)
	at com.sun.xml.ws.client.sei.SEIStub.invoke(SEIStub.java:132)
	at jdk.proxy2/jdk.proxy2.$Proxy222.autorizacionComprobante(Unknown Source)
	at com.erp.sri_files.services.SendXmlToSriService.consultarAutorizacion(SendXmlToSriService.java:196)
	at com.erp.sri_files.services.SendXmlToSriService.consultarAutorizacion(SendXmlToSriService.java:180)
	at com.erp.sri_files.services.SriGateway.consultarAutorizacion(SriGateway.java:100)
	at com.erp.sri_files.scheduler.RecuperarDevueltasScheduler.recuperarFacturasDevueltas(RecuperarDevueltasScheduler.java:61)
	at java.base/jdk.internal.reflect.DirectMethodHandleAccessor.invoke(DirectMethodHandleAccessor.java:103)
	at java.base/java.lang.reflect.Method.invoke(Method.java:580)
	at org.springframework.scheduling.support.ScheduledMethodRunnable.runInternal(ScheduledMethodRunnable.java:130)
	at org.springframework.scheduling.support.ScheduledMethodRunnable.lambda$run$2(ScheduledMethodRunnable.java:124)
	at io.micrometer.observation.Observation.observe(Observation.java:498)
	at org.springframework.scheduling.support.ScheduledMethodRunnable.run(ScheduledMethodRunnable.java:124)
	at org.springframework.scheduling.config.Task$OutcomeTrackingRunnable.run(Task.java:85)
	at org.springframework.scheduling.support.DelegatingErrorHandlingRunnable.run(DelegatingErrorHandlingRunnable.java:54)
	at org.springframework.scheduling.concurrent.ReschedulingRunnable.run(ReschedulingRunnable.java:96)
	at java.base/java.util.concurrent.Executors$RunnableAdapter.call(Executors.java:572)
	at java.base/java.util.concurrent.FutureTask.run(FutureTask.java:317)
	at java.base/java.util.concurrent.ScheduledThreadPoolExecutor$ScheduledFutureTask.run(ScheduledThreadPoolExecutor.java:304)
	at java.base/java.util.concurrent.ThreadPoolExecutor.runWorker(ThreadPoolExecutor.java:1144)
	at java.base/java.util.concurrent.ThreadPoolExecutor$Worker.run(ThreadPoolExecutor.java:642)
	at java.base/java.lang.Thread.run(Thread.java:1583)
Caused by: javax.net.ssl.SSLHandshakeException: No subject alternative names matching IP address 181.113.227.222 found
	at java.base/sun.security.ssl.Alert.createSSLException(Alert.java:130)
	at java.base/sun.security.ssl.TransportContext.fatal(TransportContext.java:383)
	at java.base/sun.security.ssl.TransportContext.fatal(TransportContext.java:326)
	at java.base/sun.security.ssl.TransportContext.fatal(TransportContext.java:321)
	at java.base/sun.security.ssl.CertificateMessage$T12CertificateConsumer.checkServerCerts(CertificateMessage.java:647)
	at java.base/sun.security.ssl.CertificateMessage$T12CertificateConsumer.onCertificate(CertificateMessage.java:467)
	at java.base/sun.security.ssl.CertificateMessage$T12CertificateConsumer.consume(CertificateMessage.java:363)
	at java.base/sun.security.ssl.SSLHandshake.consume(SSLHandshake.java:393)
	at java.base/sun.security.ssl.HandshakeContext.dispatch(HandshakeContext.java:477)
	at java.base/sun.security.ssl.HandshakeContext.dispatch(HandshakeContext.java:448)
	at java.base/sun.security.ssl.TransportContext.dispatch(TransportContext.java:206)
	at java.base/sun.security.ssl.SSLTransport.decode(SSLTransport.java:172)
	at java.base/sun.security.ssl.SSLSocketImpl.decode(SSLSocketImpl.java:1506)
	at java.base/sun.security.ssl.SSLSocketImpl.readHandshakeRecord(SSLSocketImpl.java:1421)
	at java.base/sun.security.ssl.SSLSocketImpl.startHandshake(SSLSocketImpl.java:455)
	at java.base/sun.security.ssl.SSLSocketImpl.startHandshake(SSLSocketImpl.java:426)
	at java.base/sun.net.www.protocol.https.HttpsClient.afterConnect(HttpsClient.java:586)
	at java.base/sun.net.www.protocol.https.AbstractDelegateHttpsURLConnection.connect(AbstractDelegateHttpsURLConnection.java:187)
	at java.base/sun.net.www.protocol.http.HttpURLConnection.followRedirect0(HttpURLConnection.java:2914)
	at java.base/sun.net.www.protocol.http.HttpURLConnection.followRedirect(HttpURLConnection.java:2834)
	at java.base/sun.net.www.protocol.http.HttpURLConnection.getInputStream0(HttpURLConnection.java:1945)
	at java.base/sun.net.www.protocol.http.HttpURLConnection.getInputStream(HttpURLConnection.java:1615)
	at java.base/java.net.HttpURLConnection.getResponseCode(HttpURLConnection.java:531)
	at java.base/sun.net.www.protocol.https.HttpsURLConnectionImpl.getResponseCode(HttpsURLConnectionImpl.java:307)
	at com.sun.xml.ws.transport.http.client.HttpClientTransport.readResponseCodeAndMessage(HttpClientTransport.java:177)
	... 33 common frames omitted
Caused by: java.security.cert.CertificateException: No subject alternative names matching IP address 181.113.227.222 found
	at java.base/sun.security.util.HostnameChecker.matchIP(HostnameChecker.java:160)
	at java.base/sun.security.util.HostnameChecker.match(HostnameChecker.java:101)
	at java.base/sun.security.ssl.X509TrustManagerImpl.checkIdentity(X509TrustManagerImpl.java:466)
	at java.base/sun.security.ssl.X509TrustManagerImpl.checkIdentity(X509TrustManagerImpl.java:432)
	at java.base/sun.security.ssl.X509TrustManagerImpl.checkTrusted(X509TrustManagerImpl.java:237)
	at java.base/sun.security.ssl.X509TrustManagerImpl.checkServerTrusted(X509TrustManagerImpl.java:132)
	at java.base/sun.security.ssl.CertificateMessage$T12CertificateConsumer.checkServerCerts(CertificateMessage.java:631)
	... 53 common frames omitted
2026-08-25 22:25:09.751 [sri-files-scheduler-1] [] INFO  c.erp.sri_files.services.SriGateway - Consultando autorización SRI: 0312202501046002881000120010110001735075343206013 [requestId=null]
2026-08-25 22:25:09.816 [sri-files-scheduler-1] [] ERROR c.erp.sri_files.services.SriGateway - Error consultando autorización [requestId=null]
jakarta.xml.ws.WebServiceException: javax.net.ssl.SSLHandshakeException: No subject alternative names matching IP address 181.113.227.222 found
	at com.sun.xml.ws.transport.http.client.HttpClientTransport.readResponseCodeAndMessage(HttpClientTransport.java:181)
	at com.sun.xml.ws.transport.http.client.HttpTransportPipe.createResponsePacket(HttpTransportPipe.java:227)
	at com.sun.xml.ws.transport.http.client.HttpTransportPipe.process(HttpTransportPipe.java:218)
	at com.sun.xml.ws.transport.http.client.HttpTransportPipe.processRequest(HttpTransportPipe.java:131)
	at com.sun.xml.ws.transport.DeferredTransportPipe.processRequest(DeferredTransportPipe.java:111)
	at com.sun.xml.ws.api.pipe.Fiber.__doRun(Fiber.java:1106)
	at com.sun.xml.ws.api.pipe.Fiber._doRun(Fiber.java:1020)
	at com.sun.xml.ws.api.pipe.Fiber.doRun(Fiber.java:989)
	at com.sun.xml.ws.api.pipe.Fiber.runSync(Fiber.java:847)
	at com.sun.xml.ws.client.Stub.process(Stub.java:431)
	at com.sun.xml.ws.client.sei.SEIStub.doProcess(SEIStub.java:160)
	at com.sun.xml.ws.client.sei.SyncMethodHandler.invoke(SyncMethodHandler.java:78)
	at com.sun.xml.ws.client.sei.SyncMethodHandler.invoke(SyncMethodHandler.java:62)
	at com.sun.xml.ws.client.sei.SEIStub.invoke(SEIStub.java:132)
	at jdk.proxy2/jdk.proxy2.$Proxy222.autorizacionComprobante(Unknown Source)
	at com.erp.sri_files.services.SendXmlToSriService.consultarAutorizacion(SendXmlToSriService.java:196)
	at com.erp.sri_files.services.SendXmlToSriService.consultarAutorizacion(SendXmlToSriService.java:180)
	at com.erp.sri_files.services.SriGateway.consultarAutorizacion(SriGateway.java:100)
	at com.erp.sri_files.scheduler.RecuperarDevueltasScheduler.recuperarFacturasDevueltas(RecuperarDevueltasScheduler.java:61)
	at java.base/jdk.internal.reflect.DirectMethodHandleAccessor.invoke(DirectMethodHandleAccessor.java:103)
	at java.base/java.lang.reflect.Method.invoke(Method.java:580)
	at org.springframework.scheduling.support.ScheduledMethodRunnable.runInternal(ScheduledMethodRunnable.java:130)
	at org.springframework.scheduling.support.ScheduledMethodRunnable.lambda$run$2(ScheduledMethodRunnable.java:124)
	at io.micrometer.observation.Observation.observe(Observation.java:498)
	at org.springframework.scheduling.support.ScheduledMethodRunnable.run(ScheduledMethodRunnable.java:124)
	at org.springframework.scheduling.config.Task$OutcomeTrackingRunnable.run(Task.java:85)
	at org.springframework.scheduling.support.DelegatingErrorHandlingRunnable.run(DelegatingErrorHandlingRunnable.java:54)
	at org.springframework.scheduling.concurrent.ReschedulingRunnable.run(ReschedulingRunnable.java:96)
	at java.base/java.util.concurrent.Executors$RunnableAdapter.call(Executors.java:572)
	at java.base/java.util.concurrent.FutureTask.run(FutureTask.java:317)
	at java.base/java.util.concurrent.ScheduledThreadPoolExecutor$ScheduledFutureTask.run(ScheduledThreadPoolExecutor.java:304)
	at java.base/java.util.concurrent.ThreadPoolExecutor.runWorker(ThreadPoolExecutor.java:1144)
	at java.base/java.util.concurrent.ThreadPoolExecutor$Worker.run(ThreadPoolExecutor.java:642)
	at java.base/java.lang.Thread.run(Thread.java:1583)
Caused by: javax.net.ssl.SSLHandshakeException: No subject alternative names matching IP address 181.113.227.222 found
	at java.base/sun.security.ssl.Alert.createSSLException(Alert.java:130)
	at java.base/sun.security.ssl.TransportContext.fatal(TransportContext.java:383)
	at java.base/sun.security.ssl.TransportContext.fatal(TransportContext.java:326)
	at java.base/sun.security.ssl.TransportContext.fatal(TransportContext.java:321)
	at java.base/sun.security.ssl.CertificateMessage$T12CertificateConsumer.checkServerCerts(CertificateMessage.java:647)
	at java.base/sun.security.ssl.CertificateMessage$T12CertificateConsumer.onCertificate(CertificateMessage.java:467)
	at java.base/sun.security.ssl.CertificateMessage$T12CertificateConsumer.consume(CertificateMessage.java:363)
	at java.base/sun.security.ssl.SSLHandshake.consume(SSLHandshake.java:393)
	at java.base/sun.security.ssl.HandshakeContext.dispatch(HandshakeContext.java:477)
	at java.base/sun.security.ssl.HandshakeContext.dispatch(HandshakeContext.java:448)
	at java.base/sun.security.ssl.TransportContext.dispatch(TransportContext.java:206)
	at java.base/sun.security.ssl.SSLTransport.decode(SSLTransport.java:172)
	at java.base/sun.security.ssl.SSLSocketImpl.decode(SSLSocketImpl.java:1506)
	at java.base/sun.security.ssl.SSLSocketImpl.readHandshakeRecord(SSLSocketImpl.java:1421)
	at java.base/sun.security.ssl.SSLSocketImpl.startHandshake(SSLSocketImpl.java:455)
	at java.base/sun.security.ssl.SSLSocketImpl.startHandshake(SSLSocketImpl.java:426)
	at java.base/sun.net.www.protocol.https.HttpsClient.afterConnect(HttpsClient.java:586)
	at java.base/sun.net.www.protocol.https.AbstractDelegateHttpsURLConnection.connect(AbstractDelegateHttpsURLConnection.java:187)
	at java.base/sun.net.www.protocol.http.HttpURLConnection.followRedirect0(HttpURLConnection.java:2914)
	at java.base/sun.net.www.protocol.http.HttpURLConnection.followRedirect(HttpURLConnection.java:2834)
	at java.base/sun.net.www.protocol.http.HttpURLConnection.getInputStream0(HttpURLConnection.java:1945)
	at java.base/sun.net.www.protocol.http.HttpURLConnection.getInputStream(HttpURLConnection.java:1615)
	at java.base/java.net.HttpURLConnection.getResponseCode(HttpURLConnection.java:531)
	at java.base/sun.net.www.protocol.https.HttpsURLConnectionImpl.getResponseCode(HttpsURLConnectionImpl.java:307)
	at com.sun.xml.ws.transport.http.client.HttpClientTransport.readResponseCodeAndMessage(HttpClientTransport.java:177)
	... 33 common frames omitted
Caused by: java.security.cert.CertificateException: No subject alternative names matching IP address 181.113.227.222 found
	at java.base/sun.security.util.HostnameChecker.matchIP(HostnameChecker.java:160)
	at java.base/sun.security.util.HostnameChecker.match(HostnameChecker.java:101)
	at java.base/sun.security.ssl.X509TrustManagerImpl.checkIdentity(X509TrustManagerImpl.java:466)
	at java.base/sun.security.ssl.X509TrustManagerImpl.checkIdentity(X509TrustManagerImpl.java:432)
	at java.base/sun.security.ssl.X509TrustManagerImpl.checkTrusted(X509TrustManagerImpl.java:237)
	at java.base/sun.security.ssl.X509TrustManagerImpl.checkServerTrusted(X509TrustManagerImpl.java:132)
	at java.base/sun.security.ssl.CertificateMessage$T12CertificateConsumer.checkServerCerts(CertificateMessage.java:631)
	... 53 common frames omitted
2026-08-25 22:25:10.354 [sri-files-scheduler-1] [] INFO  c.erp.sri_files.services.SriGateway - Consultando autorización SRI: 0903202601046002881000120010330000092850384120717 [requestId=null]
2026-08-25 22:25:10.421 [sri-files-scheduler-1] [] ERROR c.erp.sri_files.services.SriGateway - Error consultando autorización [requestId=null]
jakarta.xml.ws.WebServiceException: javax.net.ssl.SSLHandshakeException: No subject alternative names matching IP address 181.113.227.222 found
	at com.sun.xml.ws.transport.http.client.HttpClientTransport.readResponseCodeAndMessage(HttpClientTransport.java:181)
	at com.sun.xml.ws.transport.http.client.HttpTransportPipe.createResponsePacket(HttpTransportPipe.java:227)
	at com.sun.xml.ws.transport.http.client.HttpTransportPipe.process(HttpTransportPipe.java:218)
	at com.sun.xml.ws.transport.http.client.HttpTransportPipe.processRequest(HttpTransportPipe.java:131)
	at com.sun.xml.ws.transport.DeferredTransportPipe.processRequest(DeferredTransportPipe.java:111)
	at com.sun.xml.ws.api.pipe.Fiber.__doRun(Fiber.java:1106)
	at com.sun.xml.ws.api.pipe.Fiber._doRun(Fiber.java:1020)
	at com.sun.xml.ws.api.pipe.Fiber.doRun(Fiber.java:989)
	at com.sun.xml.ws.api.pipe.Fiber.runSync(Fiber.java:847)
	at com.sun.xml.ws.client.Stub.process(Stub.java:431)
	at com.sun.xml.ws.client.sei.SEIStub.doProcess(SEIStub.java:160)
	at com.sun.xml.ws.client.sei.SyncMethodHandler.invoke(SyncMethodHandler.java:78)
	at com.sun.xml.ws.client.sei.SyncMethodHandler.invoke(SyncMethodHandler.java:62)
	at com.sun.xml.ws.client.sei.SEIStub.invoke(SEIStub.java:132)
	at jdk.proxy2/jdk.proxy2.$Proxy222.autorizacionComprobante(Unknown Source)
	at com.erp.sri_files.services.SendXmlToSriService.consultarAutorizacion(SendXmlToSriService.java:196)
	at com.erp.sri_files.services.SendXmlToSriService.consultarAutorizacion(SendXmlToSriService.java:180)
	at com.erp.sri_files.services.SriGateway.consultarAutorizacion(SriGateway.java:100)
	at com.erp.sri_files.scheduler.RecuperarDevueltasScheduler.recuperarFacturasDevueltas(RecuperarDevueltasScheduler.java:61)
	at java.base/jdk.internal.reflect.DirectMethodHandleAccessor.invoke(DirectMethodHandleAccessor.java:103)
	at java.base/java.lang.reflect.Method.invoke(Method.java:580)
	at org.springframework.scheduling.support.ScheduledMethodRunnable.runInternal(ScheduledMethodRunnable.java:130)
	at org.springframework.scheduling.support.ScheduledMethodRunnable.lambda$run$2(ScheduledMethodRunnable.java:124)
	at io.micrometer.observation.Observation.observe(Observation.java:498)
	at org.springframework.scheduling.support.ScheduledMethodRunnable.run(ScheduledMethodRunnable.java:124)
	at org.springframework.scheduling.config.Task$OutcomeTrackingRunnable.run(Task.java:85)
	at org.springframework.scheduling.support.DelegatingErrorHandlingRunnable.run(DelegatingErrorHandlingRunnable.java:54)
	at org.springframework.scheduling.concurrent.ReschedulingRunnable.run(ReschedulingRunnable.java:96)
	at java.base/java.util.concurrent.Executors$RunnableAdapter.call(Executors.java:572)
	at java.base/java.util.concurrent.FutureTask.run(FutureTask.java:317)
	at java.base/java.util.concurrent.ScheduledThreadPoolExecutor$ScheduledFutureTask.run(ScheduledThreadPoolExecutor.java:304)
	at java.base/java.util.concurrent.ThreadPoolExecutor.runWorker(ThreadPoolExecutor.java:1144)
	at java.base/java.util.concurrent.ThreadPoolExecutor$Worker.run(ThreadPoolExecutor.java:642)
	at java.base/java.lang.Thread.run(Thread.java:1583)
Caused by: javax.net.ssl.SSLHandshakeException: No subject alternative names matching IP address 181.113.227.222 found
	at java.base/sun.security.ssl.Alert.createSSLException(Alert.java:130)
	at java.base/sun.security.ssl.TransportContext.fatal(TransportContext.java:383)
	at java.base/sun.security.ssl.TransportContext.fatal(TransportContext.java:326)
	at java.base/sun.security.ssl.TransportContext.fatal(TransportContext.java:321)
	at java.base/sun.security.ssl.CertificateMessage$T12CertificateConsumer.checkServerCerts(CertificateMessage.java:647)
	at java.base/sun.security.ssl.CertificateMessage$T12CertificateConsumer.onCertificate(CertificateMessage.java:467)
	at java.base/sun.security.ssl.CertificateMessage$T12CertificateConsumer.consume(CertificateMessage.java:363)
	at java.base/sun.security.ssl.SSLHandshake.consume(SSLHandshake.java:393)
	at java.base/sun.security.ssl.HandshakeContext.dispatch(HandshakeContext.java:477)
	at java.base/sun.security.ssl.HandshakeContext.dispatch(HandshakeContext.java:448)
	at java.base/sun.security.ssl.TransportContext.dispatch(TransportContext.java:206)
	at java.base/sun.security.ssl.SSLTransport.decode(SSLTransport.java:172)
	at java.base/sun.security.ssl.SSLSocketImpl.decode(SSLSocketImpl.java:1506)
	at java.base/sun.security.ssl.SSLSocketImpl.readHandshakeRecord(SSLSocketImpl.java:1421)
	at java.base/sun.security.ssl.SSLSocketImpl.startHandshake(SSLSocketImpl.java:455)
	at java.base/sun.security.ssl.SSLSocketImpl.startHandshake(SSLSocketImpl.java:426)
	at java.base/sun.net.www.protocol.https.HttpsClient.afterConnect(HttpsClient.java:586)
	at java.base/sun.net.www.protocol.https.AbstractDelegateHttpsURLConnection.connect(AbstractDelegateHttpsURLConnection.java:187)
	at java.base/sun.net.www.protocol.http.HttpURLConnection.followRedirect0(HttpURLConnection.java:2914)
	at java.base/sun.net.www.protocol.http.HttpURLConnection.followRedirect(HttpURLConnection.java:2834)
	at java.base/sun.net.www.protocol.http.HttpURLConnection.getInputStream0(HttpURLConnection.java:1945)
	at java.base/sun.net.www.protocol.http.HttpURLConnection.getInputStream(HttpURLConnection.java:1615)
	at java.base/java.net.HttpURLConnection.getResponseCode(HttpURLConnection.java:531)
	at java.base/sun.net.www.protocol.https.HttpsURLConnectionImpl.getResponseCode(HttpsURLConnectionImpl.java:307)
	at com.sun.xml.ws.transport.http.client.HttpClientTransport.readResponseCodeAndMessage(HttpClientTransport.java:177)
	... 33 common frames omitted
Caused by: java.security.cert.CertificateException: No subject alternative names matching IP address 181.113.227.222 found
	at java.base/sun.security.util.HostnameChecker.matchIP(HostnameChecker.java:160)
	at java.base/sun.security.util.HostnameChecker.match(HostnameChecker.java:101)
	at java.base/sun.security.ssl.X509TrustManagerImpl.checkIdentity(X509TrustManagerImpl.java:466)
	at java.base/sun.security.ssl.X509TrustManagerImpl.checkIdentity(X509TrustManagerImpl.java:432)
	at java.base/sun.security.ssl.X509TrustManagerImpl.checkTrusted(X509TrustManagerImpl.java:237)
	at java.base/sun.security.ssl.X509TrustManagerImpl.checkServerTrusted(X509TrustManagerImpl.java:132)
	at java.base/sun.security.ssl.CertificateMessage$T12CertificateConsumer.checkServerCerts(CertificateMessage.java:631)
	... 53 common frames omitted
2026-08-25 22:25:11.384 [sri-files-scheduler-1] [] INFO  c.erp.sri_files.services.SriGateway - Consultando autorización SRI: 0312202501046002881000120010110001735086241240715 [requestId=null]
2026-08-25 22:25:11.446 [sri-files-scheduler-1] [] ERROR c.erp.sri_files.services.SriGateway - Error consultando autorización [requestId=null]
jakarta.xml.ws.WebServiceException: javax.net.ssl.SSLHandshakeException: No subject alternative names matching IP address 181.113.227.222 found
	at com.sun.xml.ws.transport.http.client.HttpClientTransport.readResponseCodeAndMessage(HttpClientTransport.java:181)
	at com.sun.xml.ws.transport.http.client.HttpTransportPipe.createResponsePacket(HttpTransportPipe.java:227)
	at com.sun.xml.ws.transport.http.client.HttpTransportPipe.process(HttpTransportPipe.java:218)
	at com.sun.xml.ws.transport.http.client.HttpTransportPipe.processRequest(HttpTransportPipe.java:131)
	at com.sun.xml.ws.transport.DeferredTransportPipe.processRequest(DeferredTransportPipe.java:111)
	at com.sun.xml.ws.api.pipe.Fiber.__doRun(Fiber.java:1106)
	at com.sun.xml.ws.api.pipe.Fiber._doRun(Fiber.java:1020)
	at com.sun.xml.ws.api.pipe.Fiber.doRun(Fiber.java:989)
	at com.sun.xml.ws.api.pipe.Fiber.runSync(Fiber.java:847)
	at com.sun.xml.ws.client.Stub.process(Stub.java:431)
	at com.sun.xml.ws.client.sei.SEIStub.doProcess(SEIStub.java:160)
	at com.sun.xml.ws.client.sei.SyncMethodHandler.invoke(SyncMethodHandler.java:78)
	at com.sun.xml.ws.client.sei.SyncMethodHandler.invoke(SyncMethodHandler.java:62)
	at com.sun.xml.ws.client.sei.SEIStub.invoke(SEIStub.java:132)
	at jdk.proxy2/jdk.proxy2.$Proxy222.autorizacionComprobante(Unknown Source)
	at com.erp.sri_files.services.SendXmlToSriService.consultarAutorizacion(SendXmlToSriService.java:196)
	at com.erp.sri_files.services.SendXmlToSriService.consultarAutorizacion(SendXmlToSriService.java:180)
	at com.erp.sri_files.services.SriGateway.consultarAutorizacion(SriGateway.java:100)
	at com.erp.sri_files.scheduler.RecuperarDevueltasScheduler.recuperarFacturasDevueltas(RecuperarDevueltasScheduler.java:61)
	at java.base/jdk.internal.reflect.DirectMethodHandleAccessor.invoke(DirectMethodHandleAccessor.java:103)
	at java.base/java.lang.reflect.Method.invoke(Method.java:580)
	at org.springframework.scheduling.support.ScheduledMethodRunnable.runInternal(ScheduledMethodRunnable.java:130)
	at org.springframework.scheduling.support.ScheduledMethodRunnable.lambda$run$2(ScheduledMethodRunnable.java:124)
	at io.micrometer.observation.Observation.observe(Observation.java:498)
	at org.springframework.scheduling.support.ScheduledMethodRunnable.run(ScheduledMethodRunnable.java:124)
	at org.springframework.scheduling.config.Task$OutcomeTrackingRunnable.run(Task.java:85)
	at org.springframework.scheduling.support.DelegatingErrorHandlingRunnable.run(DelegatingErrorHandlingRunnable.java:54)
	at org.springframework.scheduling.concurrent.ReschedulingRunnable.run(ReschedulingRunnable.java:96)
	at java.base/java.util.concurrent.Executors$RunnableAdapter.call(Executors.java:572)
	at java.base/java.util.concurrent.FutureTask.run(FutureTask.java:317)
	at java.base/java.util.concurrent.ScheduledThreadPoolExecutor$ScheduledFutureTask.run(ScheduledThreadPoolExecutor.java:304)
	at java.base/java.util.concurrent.ThreadPoolExecutor.runWorker(ThreadPoolExecutor.java:1144)
	at java.base/java.util.concurrent.ThreadPoolExecutor$Worker.run(ThreadPoolExecutor.java:642)
	at java.base/java.lang.Thread.run(Thread.java:1583)
Caused by: javax.net.ssl.SSLHandshakeException: No subject alternative names matching IP address 181.113.227.222 found
	at java.base/sun.security.ssl.Alert.createSSLException(Alert.java:130)
	at java.base/sun.security.ssl.TransportContext.fatal(TransportContext.java:383)
	at java.base/sun.security.ssl.TransportContext.fatal(TransportContext.java:326)
	at java.base/sun.security.ssl.TransportContext.fatal(TransportContext.java:321)
	at java.base/sun.security.ssl.CertificateMessage$T12CertificateConsumer.checkServerCerts(CertificateMessage.java:647)
	at java.base/sun.security.ssl.CertificateMessage$T12CertificateConsumer.onCertificate(CertificateMessage.java:467)
	at java.base/sun.security.ssl.CertificateMessage$T12CertificateConsumer.consume(CertificateMessage.java:363)
	at java.base/sun.security.ssl.SSLHandshake.consume(SSLHandshake.java:393)
	at java.base/sun.security.ssl.HandshakeContext.dispatch(HandshakeContext.java:477)
	at java.base/sun.security.ssl.HandshakeContext.dispatch(HandshakeContext.java:448)
	at java.base/sun.security.ssl.TransportContext.dispatch(TransportContext.java:206)
	at java.base/sun.security.ssl.SSLTransport.decode(SSLTransport.java:172)
	at java.base/sun.security.ssl.SSLSocketImpl.decode(SSLSocketImpl.java:1506)
	at java.base/sun.security.ssl.SSLSocketImpl.readHandshakeRecord(SSLSocketImpl.java:1421)
	at java.base/sun.security.ssl.SSLSocketImpl.startHandshake(SSLSocketImpl.java:455)
	at java.base/sun.security.ssl.SSLSocketImpl.startHandshake(SSLSocketImpl.java:426)
	at java.base/sun.net.www.protocol.https.HttpsClient.afterConnect(HttpsClient.java:586)
	at java.base/sun.net.www.protocol.https.AbstractDelegateHttpsURLConnection.connect(AbstractDelegateHttpsURLConnection.java:187)
	at java.base/sun.net.www.protocol.http.HttpURLConnection.followRedirect0(HttpURLConnection.java:2914)
	at java.base/sun.net.www.protocol.http.HttpURLConnection.followRedirect(HttpURLConnection.java:2834)
	at java.base/sun.net.www.protocol.http.HttpURLConnection.getInputStream0(HttpURLConnection.java:1945)
	at java.base/sun.net.www.protocol.http.HttpURLConnection.getInputStream(HttpURLConnection.java:1615)
	at java.base/java.net.HttpURLConnection.getResponseCode(HttpURLConnection.java:531)
	at java.base/sun.net.www.protocol.https.HttpsURLConnectionImpl.getResponseCode(HttpsURLConnectionImpl.java:307)
	at com.sun.xml.ws.transport.http.client.HttpClientTransport.readResponseCodeAndMessage(HttpClientTransport.java:177)
	... 33 common frames omitted
Caused by: java.security.cert.CertificateException: No subject alternative names matching IP address 181.113.227.222 found
	at java.base/sun.security.util.HostnameChecker.matchIP(HostnameChecker.java:160)
	at java.base/sun.security.util.HostnameChecker.match(HostnameChecker.java:101)
	at java.base/sun.security.ssl.X509TrustManagerImpl.checkIdentity(X509TrustManagerImpl.java:466)
	at java.base/sun.security.ssl.X509TrustManagerImpl.checkIdentity(X509TrustManagerImpl.java:432)
	at java.base/sun.security.ssl.X509TrustManagerImpl.checkTrusted(X509TrustManagerImpl.java:237)
	at java.base/sun.security.ssl.X509TrustManagerImpl.checkServerTrusted(X509TrustManagerImpl.java:132)
	at java.base/sun.security.ssl.CertificateMessage$T12CertificateConsumer.checkServerCerts(CertificateMessage.java:631)
	... 53 common frames omitted
2026-08-25 22:25:12.180 [sri-files-scheduler-1] [] INFO  c.erp.sri_files.services.SriGateway - Consultando autorización SRI: 0903202601046002881000120010330000092869944983115 [requestId=null]
2026-08-25 22:25:12.246 [sri-files-scheduler-1] [] ERROR c.erp.sri_files.services.SriGateway - Error consultando autorización [requestId=null]
jakarta.xml.ws.WebServiceException: javax.net.ssl.SSLHandshakeException: No subject alternative names matching IP address 181.113.227.222 found
	at com.sun.xml.ws.transport.http.client.HttpClientTransport.readResponseCodeAndMessage(HttpClientTransport.java:181)
	at com.sun.xml.ws.transport.http.client.HttpTransportPipe.createResponsePacket(HttpTransportPipe.java:227)
	at com.sun.xml.ws.transport.http.client.HttpTransportPipe.process(HttpTransportPipe.java:218)
	at com.sun.xml.ws.transport.http.client.HttpTransportPipe.processRequest(HttpTransportPipe.java:131)
	at com.sun.xml.ws.transport.DeferredTransportPipe.processRequest(DeferredTransportPipe.java:111)
	at com.sun.xml.ws.api.pipe.Fiber.__doRun(Fiber.java:1106)
	at com.sun.xml.ws.api.pipe.Fiber._doRun(Fiber.java:1020)
	at com.sun.xml.ws.api.pipe.Fiber.doRun(Fiber.java:989)
	at com.sun.xml.ws.api.pipe.Fiber.runSync(Fiber.java:847)
	at com.sun.xml.ws.client.Stub.process(Stub.java:431)
	at com.sun.xml.ws.client.sei.SEIStub.doProcess(SEIStub.java:160)
	at com.sun.xml.ws.client.sei.SyncMethodHandler.invoke(SyncMethodHandler.java:78)
	at com.sun.xml.ws.client.sei.SyncMethodHandler.invoke(SyncMethodHandler.java:62)
	at com.sun.xml.ws.client.sei.SEIStub.invoke(SEIStub.java:132)
	at jdk.proxy2/jdk.proxy2.$Proxy222.autorizacionComprobante(Unknown Source)
	at com.erp.sri_files.services.SendXmlToSriService.consultarAutorizacion(SendXmlToSriService.java:196)
	at com.erp.sri_files.services.SendXmlToSriService.consultarAutorizacion(SendXmlToSriService.java:180)
	at com.erp.sri_files.services.SriGateway.consultarAutorizacion(SriGateway.java:100)
	at com.erp.sri_files.scheduler.RecuperarDevueltasScheduler.recuperarFacturasDevueltas(RecuperarDevueltasScheduler.java:61)
	at java.base/jdk.internal.reflect.DirectMethodHandleAccessor.invoke(DirectMethodHandleAccessor.java:103)
	at java.base/java.lang.reflect.Method.invoke(Method.java:580)
	at org.springframework.scheduling.support.ScheduledMethodRunnable.runInternal(ScheduledMethodRunnable.java:130)
	at org.springframework.scheduling.support.ScheduledMethodRunnable.lambda$run$2(ScheduledMethodRunnable.java:124)
	at io.micrometer.observation.Observation.observe(Observation.java:498)
	at org.springframework.scheduling.support.ScheduledMethodRunnable.run(ScheduledMethodRunnable.java:124)
	at org.springframework.scheduling.config.Task$OutcomeTrackingRunnable.run(Task.java:85)
	at org.springframework.scheduling.support.DelegatingErrorHandlingRunnable.run(DelegatingErrorHandlingRunnable.java:54)
	at org.springframework.scheduling.concurrent.ReschedulingRunnable.run(ReschedulingRunnable.java:96)
	at java.base/java.util.concurrent.Executors$RunnableAdapter.call(Executors.java:572)
	at java.base/java.util.concurrent.FutureTask.run(FutureTask.java:317)
	at java.base/java.util.concurrent.ScheduledThreadPoolExecutor$ScheduledFutureTask.run(ScheduledThreadPoolExecutor.java:304)
	at java.base/java.util.concurrent.ThreadPoolExecutor.runWorker(ThreadPoolExecutor.java:1144)
	at java.base/java.util.concurrent.ThreadPoolExecutor$Worker.run(ThreadPoolExecutor.java:642)
	at java.base/java.lang.Thread.run(Thread.java:1583)
Caused by: javax.net.ssl.SSLHandshakeException: No subject alternative names matching IP address 181.113.227.222 found
	at java.base/sun.security.ssl.Alert.createSSLException(Alert.java:130)
	at java.base/sun.security.ssl.TransportContext.fatal(TransportContext.java:383)
	at java.base/sun.security.ssl.TransportContext.fatal(TransportContext.java:326)
	at java.base/sun.security.ssl.TransportContext.fatal(TransportContext.java:321)
	at java.base/sun.security.ssl.CertificateMessage$T12CertificateConsumer.checkServerCerts(CertificateMessage.java:647)
	at java.base/sun.security.ssl.CertificateMessage$T12CertificateConsumer.onCertificate(CertificateMessage.java:467)
	at java.base/sun.security.ssl.CertificateMessage$T12CertificateConsumer.consume(CertificateMessage.java:363)
	at java.base/sun.security.ssl.SSLHandshake.consume(SSLHandshake.java:393)
	at java.base/sun.security.ssl.HandshakeContext.dispatch(HandshakeContext.java:477)
	at java.base/sun.security.ssl.HandshakeContext.dispatch(HandshakeContext.java:448)
	at java.base/sun.security.ssl.TransportContext.dispatch(TransportContext.java:206)
	at java.base/sun.security.ssl.SSLTransport.decode(SSLTransport.java:172)
	at java.base/sun.security.ssl.SSLSocketImpl.decode(SSLSocketImpl.java:1506)
	at java.base/sun.security.ssl.SSLSocketImpl.readHandshakeRecord(SSLSocketImpl.java:1421)
	at java.base/sun.security.ssl.SSLSocketImpl.startHandshake(SSLSocketImpl.java:455)
	at java.base/sun.security.ssl.SSLSocketImpl.startHandshake(SSLSocketImpl.java:426)
	at java.base/sun.net.www.protocol.https.HttpsClient.afterConnect(HttpsClient.java:586)
	at java.base/sun.net.www.protocol.https.AbstractDelegateHttpsURLConnection.connect(AbstractDelegateHttpsURLConnection.java:187)
	at java.base/sun.net.www.protocol.http.HttpURLConnection.followRedirect0(HttpURLConnection.java:2914)
	at java.base/sun.net.www.protocol.http.HttpURLConnection.followRedirect(HttpURLConnection.java:2834)
	at java.base/sun.net.www.protocol.http.HttpURLConnection.getInputStream0(HttpURLConnection.java:1945)
	at java.base/sun.net.www.protocol.http.HttpURLConnection.getInputStream(HttpURLConnection.java:1615)
	at java.base/java.net.HttpURLConnection.getResponseCode(HttpURLConnection.java:531)
	at java.base/sun.net.www.protocol.https.HttpsURLConnectionImpl.getResponseCode(HttpsURLConnectionImpl.java:307)
	at com.sun.xml.ws.transport.http.client.HttpClientTransport.readResponseCodeAndMessage(HttpClientTransport.java:177)
	... 33 common frames omitted
Caused by: java.security.cert.CertificateException: No subject alternative names matching IP address 181.113.227.222 found
	at java.base/sun.security.util.HostnameChecker.matchIP(HostnameChecker.java:160)
	at java.base/sun.security.util.HostnameChecker.match(HostnameChecker.java:101)
	at java.base/sun.security.ssl.X509TrustManagerImpl.checkIdentity(X509TrustManagerImpl.java:466)
	at java.base/sun.security.ssl.X509TrustManagerImpl.checkIdentity(X509TrustManagerImpl.java:432)
	at java.base/sun.security.ssl.X509TrustManagerImpl.checkTrusted(X509TrustManagerImpl.java:237)
	at java.base/sun.security.ssl.X509TrustManagerImpl.checkServerTrusted(X509TrustManagerImpl.java:132)
	at java.base/sun.security.ssl.CertificateMessage$T12CertificateConsumer.checkServerCerts(CertificateMessage.java:631)
	... 53 common frames omitted
2026-08-25 22:25:13.232 [sri-files-scheduler-1] [] INFO  c.erp.sri_files.services.SriGateway - Consultando autorización SRI: 0312202501046002881000120010110001735090539150910 [requestId=null]
2026-08-25 22:25:14.136 [sri-files-scheduler-1] [] INFO  c.erp.sri_files.services.SriGateway - Consultando autorización SRI: 0903202601046002881000120010330000092872447346511 [requestId=null]
2026-08-25 22:25:15.292 [sri-files-scheduler-1] [] INFO  c.erp.sri_files.services.SriGateway - Consultando autorización SRI: 0312202501046002881000120010110001735102173051211 [requestId=null]
2026-08-25 22:25:15.359 [sri-files-scheduler-1] [] ERROR c.erp.sri_files.services.SriGateway - Error consultando autorización [requestId=null]
jakarta.xml.ws.WebServiceException: javax.net.ssl.SSLHandshakeException: No subject alternative names matching IP address 181.113.227.222 found
	at com.sun.xml.ws.transport.http.client.HttpClientTransport.readResponseCodeAndMessage(HttpClientTransport.java:181)
	at com.sun.xml.ws.transport.http.client.HttpTransportPipe.createResponsePacket(HttpTransportPipe.java:227)
	at com.sun.xml.ws.transport.http.client.HttpTransportPipe.process(HttpTransportPipe.java:218)
	at com.sun.xml.ws.transport.http.client.HttpTransportPipe.processRequest(HttpTransportPipe.java:131)
	at com.sun.xml.ws.transport.DeferredTransportPipe.processRequest(DeferredTransportPipe.java:111)
	at com.sun.xml.ws.api.pipe.Fiber.__doRun(Fiber.java:1106)
	at com.sun.xml.ws.api.pipe.Fiber._doRun(Fiber.java:1020)
	at com.sun.xml.ws.api.pipe.Fiber.doRun(Fiber.java:989)
	at com.sun.xml.ws.api.pipe.Fiber.runSync(Fiber.java:847)
	at com.sun.xml.ws.client.Stub.process(Stub.java:431)
	at com.sun.xml.ws.client.sei.SEIStub.doProcess(SEIStub.java:160)
	at com.sun.xml.ws.client.sei.SyncMethodHandler.invoke(SyncMethodHandler.java:78)
	at com.sun.xml.ws.client.sei.SyncMethodHandler.invoke(SyncMethodHandler.java:62)
	at com.sun.xml.ws.client.sei.SEIStub.invoke(SEIStub.java:132)
	at jdk.proxy2/jdk.proxy2.$Proxy222.autorizacionComprobante(Unknown Source)
	at com.erp.sri_files.services.SendXmlToSriService.consultarAutorizacion(SendXmlToSriService.java:196)
	at com.erp.sri_files.services.SendXmlToSriService.consultarAutorizacion(SendXmlToSriService.java:180)
	at com.erp.sri_files.services.SriGateway.consultarAutorizacion(SriGateway.java:100)
	at com.erp.sri_files.scheduler.RecuperarDevueltasScheduler.recuperarFacturasDevueltas(RecuperarDevueltasScheduler.java:61)
	at java.base/jdk.internal.reflect.DirectMethodHandleAccessor.invoke(DirectMethodHandleAccessor.java:103)
	at java.base/java.lang.reflect.Method.invoke(Method.java:580)
	at org.springframework.scheduling.support.ScheduledMethodRunnable.runInternal(ScheduledMethodRunnable.java:130)
	at org.springframework.scheduling.support.ScheduledMethodRunnable.lambda$run$2(ScheduledMethodRunnable.java:124)
	at io.micrometer.observation.Observation.observe(Observation.java:498)
	at org.springframework.scheduling.support.ScheduledMethodRunnable.run(ScheduledMethodRunnable.java:124)
	at org.springframework.scheduling.config.Task$OutcomeTrackingRunnable.run(Task.java:85)
	at org.springframework.scheduling.support.DelegatingErrorHandlingRunnable.run(DelegatingErrorHandlingRunnable.java:54)
	at org.springframework.scheduling.concurrent.ReschedulingRunnable.run(ReschedulingRunnable.java:96)
	at java.base/java.util.concurrent.Executors$RunnableAdapter.call(Executors.java:572)
	at java.base/java.util.concurrent.FutureTask.run(FutureTask.java:317)
	at java.base/java.util.concurrent.ScheduledThreadPoolExecutor$ScheduledFutureTask.run(ScheduledThreadPoolExecutor.java:304)
	at java.base/java.util.concurrent.ThreadPoolExecutor.runWorker(ThreadPoolExecutor.java:1144)
	at java.base/java.util.concurrent.ThreadPoolExecutor$Worker.run(ThreadPoolExecutor.java:642)
	at java.base/java.lang.Thread.run(Thread.java:1583)
Caused by: javax.net.ssl.SSLHandshakeException: No subject alternative names matching IP address 181.113.227.222 found
	at java.base/sun.security.ssl.Alert.createSSLException(Alert.java:130)
	at java.base/sun.security.ssl.TransportContext.fatal(TransportContext.java:383)
	at java.base/sun.security.ssl.TransportContext.fatal(TransportContext.java:326)
	at java.base/sun.security.ssl.TransportContext.fatal(TransportContext.java:321)
	at java.base/sun.security.ssl.CertificateMessage$T12CertificateConsumer.checkServerCerts(CertificateMessage.java:647)
	at java.base/sun.security.ssl.CertificateMessage$T12CertificateConsumer.onCertificate(CertificateMessage.java:467)
	at java.base/sun.security.ssl.CertificateMessage$T12CertificateConsumer.consume(CertificateMessage.java:363)
	at java.base/sun.security.ssl.SSLHandshake.consume(SSLHandshake.java:393)
	at java.base/sun.security.ssl.HandshakeContext.dispatch(HandshakeContext.java:477)
	at java.base/sun.security.ssl.HandshakeContext.dispatch(HandshakeContext.java:448)
	at java.base/sun.security.ssl.TransportContext.dispatch(TransportContext.java:206)
	at java.base/sun.security.ssl.SSLTransport.decode(SSLTransport.java:172)
	at java.base/sun.security.ssl.SSLSocketImpl.decode(SSLSocketImpl.java:1506)
	at java.base/sun.security.ssl.SSLSocketImpl.readHandshakeRecord(SSLSocketImpl.java:1421)
	at java.base/sun.security.ssl.SSLSocketImpl.startHandshake(SSLSocketImpl.java:455)
	at java.base/sun.security.ssl.SSLSocketImpl.startHandshake(SSLSocketImpl.java:426)
	at java.base/sun.net.www.protocol.https.HttpsClient.afterConnect(HttpsClient.java:586)
	at java.base/sun.net.www.protocol.https.AbstractDelegateHttpsURLConnection.connect(AbstractDelegateHttpsURLConnection.java:187)
	at java.base/sun.net.www.protocol.http.HttpURLConnection.followRedirect0(HttpURLConnection.java:2914)
	at java.base/sun.net.www.protocol.http.HttpURLConnection.followRedirect(HttpURLConnection.java:2834)
	at java.base/sun.net.www.protocol.http.HttpURLConnection.getInputStream0(HttpURLConnection.java:1945)
	at java.base/sun.net.www.protocol.http.HttpURLConnection.getInputStream(HttpURLConnection.java:1615)
	at java.base/java.net.HttpURLConnection.getResponseCode(HttpURLConnection.java:531)
	at java.base/sun.net.www.protocol.https.HttpsURLConnectionImpl.getResponseCode(HttpsURLConnectionImpl.java:307)
	at com.sun.xml.ws.transport.http.client.HttpClientTransport.readResponseCodeAndMessage(HttpClientTransport.java:177)
	... 33 common frames omitted
Caused by: java.security.cert.CertificateException: No subject alternative names matching IP address 181.113.227.222 found
	at java.base/sun.security.util.HostnameChecker.matchIP(HostnameChecker.java:160)
	at java.base/sun.security.util.HostnameChecker.match(HostnameChecker.java:101)
	at java.base/sun.security.ssl.X509TrustManagerImpl.checkIdentity(X509TrustManagerImpl.java:466)
	at java.base/sun.security.ssl.X509TrustManagerImpl.checkIdentity(X509TrustManagerImpl.java:432)
	at java.base/sun.security.ssl.X509TrustManagerImpl.checkTrusted(X509TrustManagerImpl.java:237)
	at java.base/sun.security.ssl.X509TrustManagerImpl.checkServerTrusted(X509TrustManagerImpl.java:132)
	at java.base/sun.security.ssl.CertificateMessage$T12CertificateConsumer.checkServerCerts(CertificateMessage.java:631)
	... 53 common frames omitted
2026-08-25 22:25:15.921 [sri-files-scheduler-1] [] INFO  c.erp.sri_files.services.SriGateway - Consultando autorización SRI: 0312202501046002881000120010110001735110759061618 [requestId=null]
2026-08-25 22:25:16.008 [sri-files-scheduler-1] [] ERROR c.erp.sri_files.services.SriGateway - Error consultando autorización [requestId=null]
jakarta.xml.ws.WebServiceException: javax.net.ssl.SSLHandshakeException: No subject alternative names matching IP address 181.113.227.222 found
	at com.sun.xml.ws.transport.http.client.HttpClientTransport.readResponseCodeAndMessage(HttpClientTransport.java:181)
	at com.sun.xml.ws.transport.http.client.HttpTransportPipe.createResponsePacket(HttpTransportPipe.java:227)
	at com.sun.xml.ws.transport.http.client.HttpTransportPipe.process(HttpTransportPipe.java:218)
	at com.sun.xml.ws.transport.http.client.HttpTransportPipe.processRequest(HttpTransportPipe.java:131)
	at com.sun.xml.ws.transport.DeferredTransportPipe.processRequest(DeferredTransportPipe.java:111)
	at com.sun.xml.ws.api.pipe.Fiber.__doRun(Fiber.java:1106)
	at com.sun.xml.ws.api.pipe.Fiber._doRun(Fiber.java:1020)
	at com.sun.xml.ws.api.pipe.Fiber.doRun(Fiber.java:989)
	at com.sun.xml.ws.api.pipe.Fiber.runSync(Fiber.java:847)
	at com.sun.xml.ws.client.Stub.process(Stub.java:431)
	at com.sun.xml.ws.client.sei.SEIStub.doProcess(SEIStub.java:160)
	at com.sun.xml.ws.client.sei.SyncMethodHandler.invoke(SyncMethodHandler.java:78)
	at com.sun.xml.ws.client.sei.SyncMethodHandler.invoke(SyncMethodHandler.java:62)
	at com.sun.xml.ws.client.sei.SEIStub.invoke(SEIStub.java:132)
	at jdk.proxy2/jdk.proxy2.$Proxy222.autorizacionComprobante(Unknown Source)
	at com.erp.sri_files.services.SendXmlToSriService.consultarAutorizacion(SendXmlToSriService.java:196)
	at com.erp.sri_files.services.SendXmlToSriService.consultarAutorizacion(SendXmlToSriService.java:180)
	at com.erp.sri_files.services.SriGateway.consultarAutorizacion(SriGateway.java:100)
	at com.erp.sri_files.scheduler.RecuperarDevueltasScheduler.recuperarFacturasDevueltas(RecuperarDevueltasScheduler.java:61)
	at java.base/jdk.internal.reflect.DirectMethodHandleAccessor.invoke(DirectMethodHandleAccessor.java:103)
	at java.base/java.lang.reflect.Method.invoke(Method.java:580)
	at org.springframework.scheduling.support.ScheduledMethodRunnable.runInternal(ScheduledMethodRunnable.java:130)
	at org.springframework.scheduling.support.ScheduledMethodRunnable.lambda$run$2(ScheduledMethodRunnable.java:124)
	at io.micrometer.observation.Observation.observe(Observation.java:498)
	at org.springframework.scheduling.support.ScheduledMethodRunnable.run(ScheduledMethodRunnable.java:124)
	at org.springframework.scheduling.config.Task$OutcomeTrackingRunnable.run(Task.java:85)
	at org.springframework.scheduling.support.DelegatingErrorHandlingRunnable.run(DelegatingErrorHandlingRunnable.java:54)
	at org.springframework.scheduling.concurrent.ReschedulingRunnable.run(ReschedulingRunnable.java:96)
	at java.base/java.util.concurrent.Executors$RunnableAdapter.call(Executors.java:572)
	at java.base/java.util.concurrent.FutureTask.run(FutureTask.java:317)
	at java.base/java.util.concurrent.ScheduledThreadPoolExecutor$ScheduledFutureTask.run(ScheduledThreadPoolExecutor.java:304)
	at java.base/java.util.concurrent.ThreadPoolExecutor.runWorker(ThreadPoolExecutor.java:1144)
	at java.base/java.util.concurrent.ThreadPoolExecutor$Worker.run(ThreadPoolExecutor.java:642)
	at java.base/java.lang.Thread.run(Thread.java:1583)
Caused by: javax.net.ssl.SSLHandshakeException: No subject alternative names matching IP address 181.113.227.222 found
	at java.base/sun.security.ssl.Alert.createSSLException(Alert.java:130)
	at java.base/sun.security.ssl.TransportContext.fatal(TransportContext.java:383)
	at java.base/sun.security.ssl.TransportContext.fatal(TransportContext.java:326)
	at java.base/sun.security.ssl.TransportContext.fatal(TransportContext.java:321)
	at java.base/sun.security.ssl.CertificateMessage$T12CertificateConsumer.checkServerCerts(CertificateMessage.java:647)
	at java.base/sun.security.ssl.CertificateMessage$T12CertificateConsumer.onCertificate(CertificateMessage.java:467)
	at java.base/sun.security.ssl.CertificateMessage$T12CertificateConsumer.consume(CertificateMessage.java:363)
	at java.base/sun.security.ssl.SSLHandshake.consume(SSLHandshake.java:393)
	at java.base/sun.security.ssl.HandshakeContext.dispatch(HandshakeContext.java:477)
	at java.base/sun.security.ssl.HandshakeContext.dispatch(HandshakeContext.java:448)
	at java.base/sun.security.ssl.TransportContext.dispatch(TransportContext.java:206)
	at java.base/sun.security.ssl.SSLTransport.decode(SSLTransport.java:172)
	at java.base/sun.security.ssl.SSLSocketImpl.decode(SSLSocketImpl.java:1506)
	at java.base/sun.security.ssl.SSLSocketImpl.readHandshakeRecord(SSLSocketImpl.java:1421)
	at java.base/sun.security.ssl.SSLSocketImpl.startHandshake(SSLSocketImpl.java:455)
	at java.base/sun.security.ssl.SSLSocketImpl.startHandshake(SSLSocketImpl.java:426)
	at java.base/sun.net.www.protocol.https.HttpsClient.afterConnect(HttpsClient.java:586)
	at java.base/sun.net.www.protocol.https.AbstractDelegateHttpsURLConnection.connect(AbstractDelegateHttpsURLConnection.java:187)
	at java.base/sun.net.www.protocol.http.HttpURLConnection.followRedirect0(HttpURLConnection.java:2914)
	at java.base/sun.net.www.protocol.http.HttpURLConnection.followRedirect(HttpURLConnection.java:2834)
	at java.base/sun.net.www.protocol.http.HttpURLConnection.getInputStream0(HttpURLConnection.java:1945)
	at java.base/sun.net.www.protocol.http.HttpURLConnection.getInputStream(HttpURLConnection.java:1615)
	at java.base/java.net.HttpURLConnection.getResponseCode(HttpURLConnection.java:531)
	at java.base/sun.net.www.protocol.https.HttpsURLConnectionImpl.getResponseCode(HttpsURLConnectionImpl.java:307)
	at com.sun.xml.ws.transport.http.client.HttpClientTransport.readResponseCodeAndMessage(HttpClientTransport.java:177)
	... 33 common frames omitted
Caused by: java.security.cert.CertificateException: No subject alternative names matching IP address 181.113.227.222 found
	at java.base/sun.security.util.HostnameChecker.matchIP(HostnameChecker.java:160)
	at java.base/sun.security.util.HostnameChecker.match(HostnameChecker.java:101)
	at java.base/sun.security.ssl.X509TrustManagerImpl.checkIdentity(X509TrustManagerImpl.java:466)
	at java.base/sun.security.ssl.X509TrustManagerImpl.checkIdentity(X509TrustManagerImpl.java:432)
	at java.base/sun.security.ssl.X509TrustManagerImpl.checkTrusted(X509TrustManagerImpl.java:237)
	at java.base/sun.security.ssl.X509TrustManagerImpl.checkServerTrusted(X509TrustManagerImpl.java:132)
	at java.base/sun.security.ssl.CertificateMessage$T12CertificateConsumer.checkServerCerts(CertificateMessage.java:631)
	... 53 common frames omitted
2026-08-25 22:25:16.582 [sri-files-scheduler-1] [] INFO  c.erp.sri_files.services.SriGateway - Consultando autorización SRI: 0201202601046002881000120010250000600516749914017 [requestId=null]
2026-08-25 22:25:17.349 [sri-files-scheduler-1] [] INFO  c.erp.sri_files.services.SriGateway - Consultando autorización SRI: 0312202501046002881000120010110001735124947131616 [requestId=null]
2026-08-25 22:25:17.469 [sri-files-scheduler-1] [] ERROR c.erp.sri_files.services.SriGateway - Error consultando autorización [requestId=null]
jakarta.xml.ws.WebServiceException: javax.net.ssl.SSLHandshakeException: No subject alternative names matching IP address 181.113.227.222 found
	at com.sun.xml.ws.transport.http.client.HttpClientTransport.readResponseCodeAndMessage(HttpClientTransport.java:181)
	at com.sun.xml.ws.transport.http.client.HttpTransportPipe.createResponsePacket(HttpTransportPipe.java:227)
	at com.sun.xml.ws.transport.http.client.HttpTransportPipe.process(HttpTransportPipe.java:218)
	at com.sun.xml.ws.transport.http.client.HttpTransportPipe.processRequest(HttpTransportPipe.java:131)
	at com.sun.xml.ws.transport.DeferredTransportPipe.processRequest(DeferredTransportPipe.java:111)
	at com.sun.xml.ws.api.pipe.Fiber.__doRun(Fiber.java:1106)
	at com.sun.xml.ws.api.pipe.Fiber._doRun(Fiber.java:1020)
	at com.sun.xml.ws.api.pipe.Fiber.doRun(Fiber.java:989)
	at com.sun.xml.ws.api.pipe.Fiber.runSync(Fiber.java:847)
	at com.sun.xml.ws.client.Stub.process(Stub.java:431)
	at com.sun.xml.ws.client.sei.SEIStub.doProcess(SEIStub.java:160)
	at com.sun.xml.ws.client.sei.SyncMethodHandler.invoke(SyncMethodHandler.java:78)
	at com.sun.xml.ws.client.sei.SyncMethodHandler.invoke(SyncMethodHandler.java:62)
	at com.sun.xml.ws.client.sei.SEIStub.invoke(SEIStub.java:132)
	at jdk.proxy2/jdk.proxy2.$Proxy222.autorizacionComprobante(Unknown Source)
	at com.erp.sri_files.services.SendXmlToSriService.consultarAutorizacion(SendXmlToSriService.java:196)
	at com.erp.sri_files.services.SendXmlToSriService.consultarAutorizacion(SendXmlToSriService.java:180)
	at com.erp.sri_files.services.SriGateway.consultarAutorizacion(SriGateway.java:100)
	at com.erp.sri_files.scheduler.RecuperarDevueltasScheduler.recuperarFacturasDevueltas(RecuperarDevueltasScheduler.java:61)
	at java.base/jdk.internal.reflect.DirectMethodHandleAccessor.invoke(DirectMethodHandleAccessor.java:103)
	at java.base/java.lang.reflect.Method.invoke(Method.java:580)
	at org.springframework.scheduling.support.ScheduledMethodRunnable.runInternal(ScheduledMethodRunnable.java:130)
	at org.springframework.scheduling.support.ScheduledMethodRunnable.lambda$run$2(ScheduledMethodRunnable.java:124)
	at io.micrometer.observation.Observation.observe(Observation.java:498)
	at org.springframework.scheduling.support.ScheduledMethodRunnable.run(ScheduledMethodRunnable.java:124)
	at org.springframework.scheduling.config.Task$OutcomeTrackingRunnable.run(Task.java:85)
	at org.springframework.scheduling.support.DelegatingErrorHandlingRunnable.run(DelegatingErrorHandlingRunnable.java:54)
	at org.springframework.scheduling.concurrent.ReschedulingRunnable.run(ReschedulingRunnable.java:96)
	at java.base/java.util.concurrent.Executors$RunnableAdapter.call(Executors.java:572)
	at java.base/java.util.concurrent.FutureTask.run(FutureTask.java:317)
	at java.base/java.util.concurrent.ScheduledThreadPoolExecutor$ScheduledFutureTask.run(ScheduledThreadPoolExecutor.java:304)
	at java.base/java.util.concurrent.ThreadPoolExecutor.runWorker(ThreadPoolExecutor.java:1144)
	at java.base/java.util.concurrent.ThreadPoolExecutor$Worker.run(ThreadPoolExecutor.java:642)
	at java.base/java.lang.Thread.run(Thread.java:1583)
Caused by: javax.net.ssl.SSLHandshakeException: No subject alternative names matching IP address 181.113.227.222 found
	at java.base/sun.security.ssl.Alert.createSSLException(Alert.java:130)
	at java.base/sun.security.ssl.TransportContext.fatal(TransportContext.java:383)
	at java.base/sun.security.ssl.TransportContext.fatal(TransportContext.java:326)
	at java.base/sun.security.ssl.TransportContext.fatal(TransportContext.java:321)
	at java.base/sun.security.ssl.CertificateMessage$T12CertificateConsumer.checkServerCerts(CertificateMessage.java:647)
	at java.base/sun.security.ssl.CertificateMessage$T12CertificateConsumer.onCertificate(CertificateMessage.java:467)
	at java.base/sun.security.ssl.CertificateMessage$T12CertificateConsumer.consume(CertificateMessage.java:363)
	at java.base/sun.security.ssl.SSLHandshake.consume(SSLHandshake.java:393)
	at java.base/sun.security.ssl.HandshakeContext.dispatch(HandshakeContext.java:477)
	at java.base/sun.security.ssl.HandshakeContext.dispatch(HandshakeContext.java:448)
	at java.base/sun.security.ssl.TransportContext.dispatch(TransportContext.java:206)
	at java.base/sun.security.ssl.SSLTransport.decode(SSLTransport.java:172)
	at java.base/sun.security.ssl.SSLSocketImpl.decode(SSLSocketImpl.java:1506)
	at java.base/sun.security.ssl.SSLSocketImpl.readHandshakeRecord(SSLSocketImpl.java:1421)
	at java.base/sun.security.ssl.SSLSocketImpl.startHandshake(SSLSocketImpl.java:455)
	at java.base/sun.security.ssl.SSLSocketImpl.startHandshake(SSLSocketImpl.java:426)
	at java.base/sun.net.www.protocol.https.HttpsClient.afterConnect(HttpsClient.java:586)
	at java.base/sun.net.www.protocol.https.AbstractDelegateHttpsURLConnection.connect(AbstractDelegateHttpsURLConnection.java:187)
	at java.base/sun.net.www.protocol.http.HttpURLConnection.followRedirect0(HttpURLConnection.java:2914)
	at java.base/sun.net.www.protocol.http.HttpURLConnection.followRedirect(HttpURLConnection.java:2834)
	at java.base/sun.net.www.protocol.http.HttpURLConnection.getInputStream0(HttpURLConnection.java:1945)
	at java.base/sun.net.www.protocol.http.HttpURLConnection.getInputStream(HttpURLConnection.java:1615)
	at java.base/java.net.HttpURLConnection.getResponseCode(HttpURLConnection.java:531)
	at java.base/sun.net.www.protocol.https.HttpsURLConnectionImpl.getResponseCode(HttpsURLConnectionImpl.java:307)
	at com.sun.xml.ws.transport.http.client.HttpClientTransport.readResponseCodeAndMessage(HttpClientTransport.java:177)
	... 33 common frames omitted
Caused by: java.security.cert.CertificateException: No subject alternative names matching IP address 181.113.227.222 found
	at java.base/sun.security.util.HostnameChecker.matchIP(HostnameChecker.java:160)
	at java.base/sun.security.util.HostnameChecker.match(HostnameChecker.java:101)
	at java.base/sun.security.ssl.X509TrustManagerImpl.checkIdentity(X509TrustManagerImpl.java:466)
	at java.base/sun.security.ssl.X509TrustManagerImpl.checkIdentity(X509TrustManagerImpl.java:432)
	at java.base/sun.security.ssl.X509TrustManagerImpl.checkTrusted(X509TrustManagerImpl.java:237)
	at java.base/sun.security.ssl.X509TrustManagerImpl.checkServerTrusted(X509TrustManagerImpl.java:132)
	at java.base/sun.security.ssl.CertificateMessage$T12CertificateConsumer.checkServerCerts(CertificateMessage.java:631)
	... 53 common frames omitted
2026-08-25 22:25:17.993 [sri-files-scheduler-1] [] INFO  c.e.s.s.RecuperarDevueltasScheduler - [SCHEDULER] FIN recuperación devueltas | detectadas=20 | recuperadas=0 | pendientes=20 | fallidas=0 | duracionMs=17990
2026-08-25 22:26:00.001 [sri-files-scheduler-4] [] INFO  c.e.s.s.NuevoDocumentoScheduler - [SCHEDULER][V1] INICIO envío pendientes @ 2026-08-25T22:26:00.001515800
2026-08-25 22:26:00.001 [sri-files-scheduler-3] [] INFO  c.e.s.services.EnvioSriBatchService - [SCHEDULER][sri-files-scheduler-3] INICIO automatizacionEnvioFacturasElectonicas @ 2026-08-25T22:26:00.001515800
2026-08-25 22:26:00.001 [sri-files-scheduler-3] [] INFO  c.e.s.services.EnvioSriBatchService - Ejecutando envio de facturas at=2026-08-25T22:26:00.001515800
2026-08-25 22:26:00.003 [sri-files-scheduler-4] [] INFO  c.e.s.s.NuevoDocumentoScheduler - [SCHEDULER][V1] FIN envío | detectados=0 | exitosos=0 | fallidos=0 | duracionMs=2
2026-08-25 22:26:00.012 [sri-files-scheduler-1] [] INFO  c.e.s.batch.BatchJobScheduler - Batch automático ejecutado: tipo=ENVIAR_SRI uuid=05465e8c-0d6e-4dd9-877e-6b5e749763f1
2026-08-25 22:26:00.014 [task-41] [05465e8c-0d6e-4dd9-877e-6b5e749763f1] INFO  c.e.s.batch.BatchProcessorService - Iniciando batch job 05465e8c-0d6e-4dd9-877e-6b5e749763f1 tipo=ENVIAR_SRI [batchJob=05465e8c-0d6e-4dd9-877e-6b5e749763f1]
2026-08-25 22:26:00.015 [task-41] [05465e8c-0d6e-4dd9-877e-6b5e749763f1] INFO  c.e.s.batch.BatchProcessorService - Documentos encontrados: 0 [batchJob=05465e8c-0d6e-4dd9-877e-6b5e749763f1]
2026-08-25 22:26:00.015 [task-41] [05465e8c-0d6e-4dd9-877e-6b5e749763f1] INFO  c.e.s.batch.BatchProcessorService - Batch job 05465e8c-0d6e-4dd9-877e-6b5e749763f1 completado: Procesados: 0, Exitosos: 0, Fallidos: 0 [batchJob=05465e8c-0d6e-4dd9-877e-6b5e749763f1]
2026-08-25 22:26:01.042 [sri-files-scheduler-3] [] INFO  c.e.s.services.EnvioSriBatchService - No hay facturas pendientes estado=I
2026-08-25 22:26:01.042 [sri-files-scheduler-3] [] INFO  c.e.s.services.EnvioSriBatchService - [SCHEDULER][sri-files-scheduler-3] FIN automatizacionEnvioFacturasElectonicas | detectados=0 | exitosas=0 | fallidas=0 | duracionMs=1041
2026-08-25 22:27:00.001 [sri-files-scheduler-3] [] INFO  c.e.s.s.NuevoDocumentoScheduler - [SCHEDULER][V1] INICIO envío pendientes @ 2026-08-25T22:27:00.001167400
2026-08-25 22:27:00.001 [sri-files-scheduler-1] [] INFO  c.e.s.services.EnvioSriBatchService - [SCHEDULER][sri-files-scheduler-1] INICIO automatizacionEnvioFacturasElectonicas @ 2026-08-25T22:27:00.001167400
2026-08-25 22:27:00.001 [sri-files-scheduler-1] [] INFO  c.e.s.services.EnvioSriBatchService - Ejecutando envio de facturas at=2026-08-25T22:27:00.001167400
2026-08-25 22:27:00.002 [sri-files-scheduler-3] [] INFO  c.e.s.s.NuevoDocumentoScheduler - [SCHEDULER][V1] FIN envío | detectados=0 | exitosos=0 | fallidos=0 | duracionMs=1
2026-08-25 22:27:00.004 [sri-files-scheduler-4] [] INFO  c.e.s.batch.BatchJobScheduler - Batch automático ejecutado: tipo=CONSULTAR_AUTORIZACION uuid=0ac596ab-5fbf-465a-b404-7d6c0632bc23
2026-08-25 22:27:00.005 [task-42] [0ac596ab-5fbf-465a-b404-7d6c0632bc23] INFO  c.e.s.batch.BatchProcessorService - Iniciando batch job 0ac596ab-5fbf-465a-b404-7d6c0632bc23 tipo=CONSULTAR_AUTORIZACION [batchJob=0ac596ab-5fbf-465a-b404-7d6c0632bc23]
2026-08-25 22:27:00.007 [task-42] [0ac596ab-5fbf-465a-b404-7d6c0632bc23] INFO  c.e.s.batch.BatchProcessorService - Documentos encontrados: 0 [batchJob=0ac596ab-5fbf-465a-b404-7d6c0632bc23]
2026-08-25 22:27:00.008 [task-42] [0ac596ab-5fbf-465a-b404-7d6c0632bc23] INFO  c.e.s.batch.BatchProcessorService - Batch job 0ac596ab-5fbf-465a-b404-7d6c0632bc23 completado: Procesados: 0, Exitosos: 0, Fallidos: 0 [batchJob=0ac596ab-5fbf-465a-b404-7d6c0632bc23]
2026-08-25 22:27:01.378 [sri-files-scheduler-1] [] INFO  c.e.s.services.EnvioSriBatchService - No hay facturas pendientes estado=I
2026-08-25 22:27:01.379 [sri-files-scheduler-1] [] INFO  c.e.s.services.EnvioSriBatchService - [SCHEDULER][sri-files-scheduler-1] FIN automatizacionEnvioFacturasElectonicas | detectados=0 | exitosas=0 | fallidas=0 | duracionMs=1378
2026-08-25 22:27:30.000 [sri-files-scheduler-3] [] INFO  c.e.s.s.NuevoDocumentoScheduler - [SCHEDULER][V1] INICIO recuperación autorizaciones @ 2026-08-25T22:27:30.000446400
2026-08-25 22:27:30.002 [sri-files-scheduler-3] [] INFO  c.e.s.s.NuevoDocumentoScheduler - [SCHEDULER][V1] FIN recuperación | detectados=0 | autorizados=0 | pendientes=0 | duracionMs=2
2026-08-25 22:28:00.000 [sri-files-scheduler-1] [] INFO  c.e.s.s.NuevoDocumentoScheduler - [SCHEDULER][V1] INICIO envío pendientes @ 2026-08-25T22:28:00.000417200
2026-08-25 22:28:00.001 [sri-files-scheduler-3] [] INFO  c.e.s.services.EnvioSriBatchService - [SCHEDULER][sri-files-scheduler-3] INICIO automatizacionEnvioFacturasElectonicas @ 2026-08-25T22:28:00.001920600
2026-08-25 22:28:00.001 [sri-files-scheduler-1] [] INFO  c.e.s.s.NuevoDocumentoScheduler - [SCHEDULER][V1] FIN envío | detectados=0 | exitosos=0 | fallidos=0 | duracionMs=1
2026-08-25 22:28:00.001 [sri-files-scheduler-3] [] INFO  c.e.s.services.EnvioSriBatchService - Ejecutando envio de facturas at=2026-08-25T22:28:00.001920600
2026-08-25 22:28:00.004 [sri-files-scheduler-4] [] INFO  c.e.s.batch.BatchJobScheduler - Batch automático ejecutado: tipo=ENVIAR_CORREO uuid=1a28ed84-5085-45e5-b223-a68460db7f4a
2026-08-25 22:28:00.004 [sri-files-scheduler-1] [] INFO  c.e.s.batch.BatchJobScheduler - Batch automático ejecutado: tipo=ENVIAR_SRI uuid=0856516d-bf0a-43f6-bc89-c228c40fc9ae
2026-08-25 22:28:00.004 [task-43] [1a28ed84-5085-45e5-b223-a68460db7f4a] INFO  c.e.s.batch.BatchProcessorService - Iniciando batch job 1a28ed84-5085-45e5-b223-a68460db7f4a tipo=ENVIAR_CORREO [batchJob=1a28ed84-5085-45e5-b223-a68460db7f4a]
2026-08-25 22:28:00.004 [task-44] [0856516d-bf0a-43f6-bc89-c228c40fc9ae] INFO  c.e.s.batch.BatchProcessorService - Iniciando batch job 0856516d-bf0a-43f6-bc89-c228c40fc9ae tipo=ENVIAR_SRI [batchJob=0856516d-bf0a-43f6-bc89-c228c40fc9ae]
2026-08-25 22:28:00.006 [task-43] [1a28ed84-5085-45e5-b223-a68460db7f4a] INFO  c.e.s.batch.BatchProcessorService - Documentos encontrados: 0 [batchJob=1a28ed84-5085-45e5-b223-a68460db7f4a]
2026-08-25 22:28:00.006 [task-43] [1a28ed84-5085-45e5-b223-a68460db7f4a] INFO  c.e.s.batch.BatchProcessorService - Batch job 1a28ed84-5085-45e5-b223-a68460db7f4a completado: Procesados: 0, Exitosos: 0, Fallidos: 0 [batchJob=1a28ed84-5085-45e5-b223-a68460db7f4a]
2026-08-25 22:28:00.006 [task-44] [0856516d-bf0a-43f6-bc89-c228c40fc9ae] INFO  c.e.s.batch.BatchProcessorService - Documentos encontrados: 0 [batchJob=0856516d-bf0a-43f6-bc89-c228c40fc9ae]
2026-08-25 22:28:00.006 [task-44] [0856516d-bf0a-43f6-bc89-c228c40fc9ae] INFO  c.e.s.batch.BatchProcessorService - Batch job 0856516d-bf0a-43f6-bc89-c228c40fc9ae completado: Procesados: 0, Exitosos: 0, Fallidos: 0 [batchJob=0856516d-bf0a-43f6-bc89-c228c40fc9ae]
2026-08-25 22:28:01.304 [sri-files-scheduler-3] [] INFO  c.e.s.services.EnvioSriBatchService - No hay facturas pendientes estado=I
2026-08-25 22:28:01.305 [sri-files-scheduler-3] [] INFO  c.e.s.services.EnvioSriBatchService - [SCHEDULER][sri-files-scheduler-3] FIN automatizacionEnvioFacturasElectonicas | detectados=0 | exitosas=0 | fallidas=0 | duracionMs=1304
2026-08-25 22:29:00.000 [sri-files-scheduler-4] [] INFO  c.e.s.services.EnvioSriBatchService - [SCHEDULER][sri-files-scheduler-4] INICIO automatizacionEnvioFacturasElectonicas @ 2026-08-25T22:29:00.000271800
2026-08-25 22:29:00.000 [sri-files-scheduler-4] [] INFO  c.e.s.services.EnvioSriBatchService - Ejecutando envio de facturas at=2026-08-25T22:29:00.000271800
2026-08-25 22:29:00.002 [sri-files-scheduler-1] [] INFO  c.e.s.s.NuevoDocumentoScheduler - [SCHEDULER][V1] INICIO envío pendientes @ 2026-08-25T22:29:00.002270100
2026-08-25 22:29:00.003 [sri-files-scheduler-1] [] INFO  c.e.s.s.NuevoDocumentoScheduler - [SCHEDULER][V1] FIN envío | detectados=0 | exitosos=0 | fallidos=0 | duracionMs=1
2026-08-25 22:29:01.467 [sri-files-scheduler-4] [] INFO  c.e.s.services.EnvioSriBatchService - No hay facturas pendientes estado=I
2026-08-25 22:29:01.467 [sri-files-scheduler-4] [] INFO  c.e.s.services.EnvioSriBatchService - [SCHEDULER][sri-files-scheduler-4] FIN automatizacionEnvioFacturasElectonicas | detectados=0 | exitosas=0 | fallidas=0 | duracionMs=1467
2026-08-25 22:30:00.000 [sri-files-scheduler-1] [] INFO  c.e.s.s.RecuperarDevueltasScheduler - [SCHEDULER] INICIO recuperación facturas estado M @ 2026-08-25T22:30:00.000108
2026-08-25 22:30:00.000 [sri-files-scheduler-4] [] INFO  c.e.s.services.EnvioSriBatchService - [SCHEDULER][sri-files-scheduler-4] INICIO automatizacionEnvioFacturasElectonicas @ 2026-08-25T22:30:00.000108
2026-08-25 22:30:00.001 [sri-files-scheduler-4] [] INFO  c.e.s.services.EnvioSriBatchService - Ejecutando envio de facturas at=2026-08-25T22:30:00.001107700
2026-08-25 22:30:00.006 [sri-files-scheduler-3] [] INFO  c.e.s.batch.BatchJobScheduler - Batch automático ejecutado: tipo=ENVIAR_SRI uuid=9d31de27-cb75-4bda-ac2d-197b80c9a435
2026-08-25 22:30:00.008 [task-45] [9d31de27-cb75-4bda-ac2d-197b80c9a435] INFO  c.e.s.batch.BatchProcessorService - Iniciando batch job 9d31de27-cb75-4bda-ac2d-197b80c9a435 tipo=ENVIAR_SRI [batchJob=9d31de27-cb75-4bda-ac2d-197b80c9a435]
2026-08-25 22:30:00.010 [task-45] [9d31de27-cb75-4bda-ac2d-197b80c9a435] INFO  c.e.s.batch.BatchProcessorService - Documentos encontrados: 0 [batchJob=9d31de27-cb75-4bda-ac2d-197b80c9a435]
2026-08-25 22:30:00.010 [task-45] [9d31de27-cb75-4bda-ac2d-197b80c9a435] INFO  c.e.s.batch.BatchProcessorService - Batch job 9d31de27-cb75-4bda-ac2d-197b80c9a435 completado: Procesados: 0, Exitosos: 0, Fallidos: 0 [batchJob=9d31de27-cb75-4bda-ac2d-197b80c9a435]
2026-08-25 22:30:00.029 [sri-files-scheduler-3] [] INFO  c.e.s.batch.BatchJobScheduler - Batch automático ejecutado: tipo=CONSULTAR_AUTORIZACION uuid=d73ec937-848a-4a3b-bc84-569c781226b5
2026-08-25 22:30:00.030 [task-46] [d73ec937-848a-4a3b-bc84-569c781226b5] INFO  c.e.s.batch.BatchProcessorService - Iniciando batch job d73ec937-848a-4a3b-bc84-569c781226b5 tipo=CONSULTAR_AUTORIZACION [batchJob=d73ec937-848a-4a3b-bc84-569c781226b5]
2026-08-25 22:30:00.033 [task-46] [d73ec937-848a-4a3b-bc84-569c781226b5] INFO  c.e.s.batch.BatchProcessorService - Documentos encontrados: 0 [batchJob=d73ec937-848a-4a3b-bc84-569c781226b5]
2026-08-25 22:30:00.033 [task-46] [d73ec937-848a-4a3b-bc84-569c781226b5] INFO  c.e.s.batch.BatchProcessorService - Batch job d73ec937-848a-4a3b-bc84-569c781226b5 completado: Procesados: 0, Exitosos: 0, Fallidos: 0 [batchJob=d73ec937-848a-4a3b-bc84-569c781226b5]
2026-08-25 22:30:00.038 [sri-files-scheduler-3] [] INFO  c.e.s.batch.BatchJobScheduler - Batch automático ejecutado: tipo=REINTENTAR_FALLIDOS uuid=c0486eed-421b-4d73-bdcf-bc2ec9b62a8d
2026-08-25 22:30:00.038 [sri-files-scheduler-3] [] INFO  c.e.s.s.NuevoDocumentoScheduler - [SCHEDULER][V1] INICIO envío pendientes @ 2026-08-25T22:30:00.038394200
2026-08-25 22:30:00.039 [task-47] [c0486eed-421b-4d73-bdcf-bc2ec9b62a8d] INFO  c.e.s.batch.BatchProcessorService - Iniciando batch job c0486eed-421b-4d73-bdcf-bc2ec9b62a8d tipo=REINTENTAR_FALLIDOS [batchJob=c0486eed-421b-4d73-bdcf-bc2ec9b62a8d]
2026-08-25 22:30:00.039 [sri-files-scheduler-3] [] INFO  c.e.s.s.NuevoDocumentoScheduler - [SCHEDULER][V1] FIN envío | detectados=0 | exitosos=0 | fallidos=0 | duracionMs=1
2026-08-25 22:30:00.041 [task-47] [c0486eed-421b-4d73-bdcf-bc2ec9b62a8d] INFO  c.e.s.batch.BatchProcessorService - Documentos encontrados: 0 [batchJob=c0486eed-421b-4d73-bdcf-bc2ec9b62a8d]
2026-08-25 22:30:00.041 [task-47] [c0486eed-421b-4d73-bdcf-bc2ec9b62a8d] INFO  c.e.s.batch.BatchProcessorService - Batch job c0486eed-421b-4d73-bdcf-bc2ec9b62a8d completado: Procesados: 0, Exitosos: 0, Fallidos: 0 [batchJob=c0486eed-421b-4d73-bdcf-bc2ec9b62a8d]
2026-08-25 22:30:00.101 [sri-files-scheduler-1] [] INFO  c.erp.sri_files.services.SriGateway - Consultando autorización SRI: 2001202601046002881000120020210001675549542668510 [requestId=null]
2026-08-25 22:30:01.201 [sri-files-scheduler-1] [] WARN  c.e.s.s.RecuperarDevueltasScheduler - Factura 2298771 superó máximo de intentos (5)
2026-08-25 22:30:01.370 [sri-files-scheduler-4] [] INFO  c.e.s.services.EnvioSriBatchService - No hay facturas pendientes estado=I
2026-08-25 22:30:01.371 [sri-files-scheduler-4] [] INFO  c.e.s.services.EnvioSriBatchService - [SCHEDULER][sri-files-scheduler-4] FIN automatizacionEnvioFacturasElectonicas | detectados=0 | exitosas=0 | fallidas=0 | duracionMs=1371
2026-08-25 22:30:02.106 [sri-files-scheduler-1] [] INFO  c.erp.sri_files.services.SriGateway - Consultando autorización SRI: 1606202601046002881000120020180003433024898331616 [requestId=null]
2026-08-25 22:30:03.226 [sri-files-scheduler-1] [] WARN  c.e.s.s.RecuperarDevueltasScheduler - Factura 2304541 superó máximo de intentos (5)
2026-08-25 22:30:04.391 [sri-files-scheduler-1] [] INFO  c.erp.sri_files.services.SriGateway - Consultando autorización SRI: 1606202601046002881000120020180003433033058234813 [requestId=null]
2026-08-25 22:30:05.506 [sri-files-scheduler-1] [] WARN  c.e.s.s.RecuperarDevueltasScheduler - Factura 2321881 superó máximo de intentos (5)
2026-08-25 22:30:06.394 [sri-files-scheduler-1] [] INFO  c.erp.sri_files.services.SriGateway - Consultando autorización SRI: 1606202601046002881000120020180003433046695660014 [requestId=null]
2026-08-25 22:30:07.493 [sri-files-scheduler-1] [] WARN  c.e.s.s.RecuperarDevueltasScheduler - Factura 2339248 superó máximo de intentos (5)
2026-08-25 22:30:08.335 [sri-files-scheduler-1] [] INFO  c.erp.sri_files.services.SriGateway - Consultando autorización SRI: 1707202601046002881000120020180003467758561531013 [requestId=null]
2026-08-25 22:30:09.529 [sri-files-scheduler-1] [] WARN  c.e.s.s.RecuperarDevueltasScheduler - Factura 2356646 superó máximo de intentos (5)
2026-08-25 22:30:10.434 [sri-files-scheduler-1] [] INFO  c.erp.sri_files.services.SriGateway - Consultando autorización SRI: 1707202601046002881000120020180003467766529247411 [requestId=null]
2026-08-25 22:30:11.504 [sri-files-scheduler-1] [] WARN  c.e.s.s.RecuperarDevueltasScheduler - Factura 2374043 superó máximo de intentos (5)
2026-08-25 22:30:12.401 [sri-files-scheduler-1] [] INFO  c.erp.sri_files.services.SriGateway - Consultando autorización SRI: 0903202601046002881000120010330000092821553539013 [requestId=null]
2026-08-25 22:30:13.322 [sri-files-scheduler-1] [] WARN  c.e.s.s.RecuperarDevueltasScheduler - Factura 2374282 superó máximo de intentos (5)
2026-08-25 22:30:14.239 [sri-files-scheduler-1] [] INFO  c.erp.sri_files.services.SriGateway - Consultando autorización SRI: 0903202601046002881000120010330000092833404601715 [requestId=null]
2026-08-25 22:30:15.309 [sri-files-scheduler-1] [] WARN  c.e.s.s.RecuperarDevueltasScheduler - Factura 2391704 superó máximo de intentos (5)
2026-08-25 22:30:16.374 [sri-files-scheduler-1] [] INFO  c.erp.sri_files.services.SriGateway - Consultando autorización SRI: 0312202501046002881000120010110001735068823902714 [requestId=null]
2026-08-25 22:30:17.103 [sri-files-scheduler-1] [] WARN  c.e.s.s.RecuperarDevueltasScheduler - Factura 2407516 superó máximo de intentos (5)
2026-08-25 22:30:17.864 [sri-files-scheduler-1] [] INFO  c.erp.sri_files.services.SriGateway - Consultando autorización SRI: 0903202601046002881000120010330000092847848942412 [requestId=null]
2026-08-25 22:30:18.870 [sri-files-scheduler-1] [] WARN  c.e.s.s.RecuperarDevueltasScheduler - Factura 2409209 superó máximo de intentos (5)
2026-08-25 22:30:19.855 [sri-files-scheduler-1] [] INFO  c.erp.sri_files.services.SriGateway - Consultando autorización SRI: 0312202501046002881000120010110001735075343206013 [requestId=null]
2026-08-25 22:30:20.605 [sri-files-scheduler-1] [] WARN  c.e.s.s.RecuperarDevueltasScheduler - Factura 2424975 superó máximo de intentos (5)
2026-08-25 22:30:21.395 [sri-files-scheduler-1] [] INFO  c.erp.sri_files.services.SriGateway - Consultando autorización SRI: 0903202601046002881000120010330000092850384120717 [requestId=null]
2026-08-25 22:30:22.397 [sri-files-scheduler-1] [] WARN  c.e.s.s.RecuperarDevueltasScheduler - Factura 2426667 superó máximo de intentos (5)
2026-08-25 22:30:23.473 [sri-files-scheduler-1] [] INFO  c.erp.sri_files.services.SriGateway - Consultando autorización SRI: 0312202501046002881000120010110001735086241240715 [requestId=null]
2026-08-25 22:30:24.171 [sri-files-scheduler-1] [] WARN  c.e.s.s.RecuperarDevueltasScheduler - Factura 2442429 superó máximo de intentos (5)
2026-08-25 22:30:24.867 [sri-files-scheduler-1] [] INFO  c.erp.sri_files.services.SriGateway - Consultando autorización SRI: 0903202601046002881000120010330000092869944983115 [requestId=null]
2026-08-25 22:30:25.865 [sri-files-scheduler-1] [] WARN  c.e.s.s.RecuperarDevueltasScheduler - Factura 2444122 superó máximo de intentos (5)
2026-08-25 22:30:26.988 [sri-files-scheduler-1] [] INFO  c.erp.sri_files.services.SriGateway - Consultando autorización SRI: 0312202501046002881000120010110001735090539150910 [requestId=null]
2026-08-25 22:30:27.863 [sri-files-scheduler-1] [] WARN  c.e.s.s.RecuperarDevueltasScheduler - Factura 2459997 superó máximo de intentos (5)
2026-08-25 22:30:28.663 [sri-files-scheduler-1] [] INFO  c.erp.sri_files.services.SriGateway - Consultando autorización SRI: 0903202601046002881000120010330000092872447346511 [requestId=null]
2026-08-25 22:30:29.712 [sri-files-scheduler-1] [] WARN  c.e.s.s.RecuperarDevueltasScheduler - Factura 2461691 superó máximo de intentos (5)
2026-08-25 22:30:30.000 [sri-files-scheduler-3] [] INFO  c.e.s.s.NuevoDocumentoScheduler - [SCHEDULER][V1] INICIO recuperación autorizaciones @ 2026-08-25T22:30:30.000920
2026-08-25 22:30:30.003 [sri-files-scheduler-3] [] INFO  c.e.s.s.NuevoDocumentoScheduler - [SCHEDULER][V1] FIN recuperación | detectados=0 | autorizados=0 | pendientes=0 | duracionMs=3
2026-08-25 22:30:30.694 [sri-files-scheduler-1] [] INFO  c.erp.sri_files.services.SriGateway - Consultando autorización SRI: 0312202501046002881000120010110001735102173051211 [requestId=null]
2026-08-25 22:30:31.470 [sri-files-scheduler-1] [] WARN  c.e.s.s.RecuperarDevueltasScheduler - Factura 2477677 superó máximo de intentos (5)
2026-08-25 22:30:32.154 [sri-files-scheduler-1] [] INFO  c.erp.sri_files.services.SriGateway - Consultando autorización SRI: 0312202501046002881000120010110001735110759061618 [requestId=null]
2026-08-25 22:30:32.811 [sri-files-scheduler-1] [] WARN  c.e.s.s.RecuperarDevueltasScheduler - Factura 2495382 superó máximo de intentos (5)
2026-08-25 22:30:33.544 [sri-files-scheduler-1] [] INFO  c.erp.sri_files.services.SriGateway - Consultando autorización SRI: 0201202601046002881000120010250000600516749914017 [requestId=null]
2026-08-25 22:30:34.322 [sri-files-scheduler-1] [] WARN  c.e.s.s.RecuperarDevueltasScheduler - Factura 2507546 superó máximo de intentos (5)
2026-08-25 22:30:34.962 [sri-files-scheduler-1] [] INFO  c.erp.sri_files.services.SriGateway - Consultando autorización SRI: 0312202501046002881000120010110001735124947131616 [requestId=null]
2026-08-25 22:30:35.601 [sri-files-scheduler-1] [] WARN  c.e.s.s.RecuperarDevueltasScheduler - Factura 2510829 superó máximo de intentos (5)
2026-08-25 22:30:36.174 [sri-files-scheduler-1] [] INFO  c.e.s.s.RecuperarDevueltasScheduler - [SCHEDULER] FIN recuperación devueltas | detectadas=20 | recuperadas=0 | pendientes=20 | fallidas=0 | duracionMs=36174
2026-08-25 22:31:00.001 [sri-files-scheduler-3] [] INFO  c.e.s.s.NuevoDocumentoScheduler - [SCHEDULER][V1] INICIO envío pendientes @ 2026-08-25T22:31:00.001552100
2026-08-25 22:31:00.002 [sri-files-scheduler-4] [] INFO  c.e.s.services.EnvioSriBatchService - [SCHEDULER][sri-files-scheduler-4] INICIO automatizacionEnvioFacturasElectonicas @ 2026-08-25T22:31:00.002058200
2026-08-25 22:31:00.002 [sri-files-scheduler-4] [] INFO  c.e.s.services.EnvioSriBatchService - Ejecutando envio de facturas at=2026-08-25T22:31:00.002564100
2026-08-25 22:31:00.003 [sri-files-scheduler-3] [] INFO  c.e.s.s.NuevoDocumentoScheduler - [SCHEDULER][V1] FIN envío | detectados=0 | exitosos=0 | fallidos=0 | duracionMs=2
2026-08-25 22:31:01.352 [sri-files-scheduler-4] [] INFO  c.e.s.services.EnvioSriBatchService - No hay facturas pendientes estado=I
2026-08-25 22:31:01.353 [sri-files-scheduler-4] [] INFO  c.e.s.services.EnvioSriBatchService - [SCHEDULER][sri-files-scheduler-4] FIN automatizacionEnvioFacturasElectonicas | detectados=0 | exitosas=0 | fallidas=0 | duracionMs=1351
2026-08-25 22:32:00.001 [sri-files-scheduler-4] [] INFO  c.e.s.services.EnvioSriBatchService - [SCHEDULER][sri-files-scheduler-4] INICIO automatizacionEnvioFacturasElectonicas @ 2026-08-25T22:32:00.001401600
2026-08-25 22:32:00.002 [sri-files-scheduler-4] [] INFO  c.e.s.services.EnvioSriBatchService - Ejecutando envio de facturas at=2026-08-25T22:32:00.002400600
2026-08-25 22:32:00.006 [sri-files-scheduler-3] [] INFO  c.e.s.batch.BatchJobScheduler - Batch automático ejecutado: tipo=ENVIAR_CORREO uuid=f2fa3748-370f-42b9-a095-7e38686e2b9b
2026-08-25 22:32:00.006 [sri-files-scheduler-1] [] INFO  c.e.s.batch.BatchJobScheduler - Batch automático ejecutado: tipo=ENVIAR_SRI uuid=0ba97eff-70a5-440d-a945-5f7013eebfe9
2026-08-25 22:32:00.007 [sri-files-scheduler-3] [] INFO  c.e.s.s.NuevoDocumentoScheduler - [SCHEDULER][V1] INICIO envío pendientes @ 2026-08-25T22:32:00.007407300
2026-08-25 22:32:00.007 [task-49] [0ba97eff-70a5-440d-a945-5f7013eebfe9] INFO  c.e.s.batch.BatchProcessorService - Iniciando batch job 0ba97eff-70a5-440d-a945-5f7013eebfe9 tipo=ENVIAR_SRI [batchJob=0ba97eff-70a5-440d-a945-5f7013eebfe9]
2026-08-25 22:32:00.007 [task-48] [f2fa3748-370f-42b9-a095-7e38686e2b9b] INFO  c.e.s.batch.BatchProcessorService - Iniciando batch job f2fa3748-370f-42b9-a095-7e38686e2b9b tipo=ENVIAR_CORREO [batchJob=f2fa3748-370f-42b9-a095-7e38686e2b9b]
2026-08-25 22:32:00.008 [sri-files-scheduler-3] [] INFO  c.e.s.s.NuevoDocumentoScheduler - [SCHEDULER][V1] FIN envío | detectados=0 | exitosos=0 | fallidos=0 | duracionMs=1
2026-08-25 22:32:00.011 [task-49] [0ba97eff-70a5-440d-a945-5f7013eebfe9] INFO  c.e.s.batch.BatchProcessorService - Documentos encontrados: 0 [batchJob=0ba97eff-70a5-440d-a945-5f7013eebfe9]
2026-08-25 22:32:00.011 [task-48] [f2fa3748-370f-42b9-a095-7e38686e2b9b] INFO  c.e.s.batch.BatchProcessorService - Documentos encontrados: 0 [batchJob=f2fa3748-370f-42b9-a095-7e38686e2b9b]
2026-08-25 22:32:00.011 [task-49] [0ba97eff-70a5-440d-a945-5f7013eebfe9] INFO  c.e.s.batch.BatchProcessorService - Batch job 0ba97eff-70a5-440d-a945-5f7013eebfe9 completado: Procesados: 0, Exitosos: 0, Fallidos: 0 [batchJob=0ba97eff-70a5-440d-a945-5f7013eebfe9]
2026-08-25 22:32:00.011 [task-48] [f2fa3748-370f-42b9-a095-7e38686e2b9b] INFO  c.e.s.batch.BatchProcessorService - Batch job f2fa3748-370f-42b9-a095-7e38686e2b9b completado: Procesados: 0, Exitosos: 0, Fallidos: 0 [batchJob=f2fa3748-370f-42b9-a095-7e38686e2b9b]
2026-08-25 22:32:01.408 [sri-files-scheduler-4] [] INFO  c.e.s.services.EnvioSriBatchService - No hay facturas pendientes estado=I
2026-08-25 22:32:01.408 [sri-files-scheduler-4] [] INFO  c.e.s.services.EnvioSriBatchService - [SCHEDULER][sri-files-scheduler-4] FIN automatizacionEnvioFacturasElectonicas | detectados=0 | exitosas=0 | fallidas=0 | duracionMs=1407
2026-08-25 22:33:00.000 [sri-files-scheduler-4] [] INFO  c.e.s.services.EnvioSriBatchService - [SCHEDULER][sri-files-scheduler-4] INICIO automatizacionEnvioFacturasElectonicas @ 2026-08-25T22:33:00.000242600
2026-08-25 22:33:00.000 [sri-files-scheduler-4] [] INFO  c.e.s.services.EnvioSriBatchService - Ejecutando envio de facturas at=2026-08-25T22:33:00.000242600
2026-08-25 22:33:00.001 [sri-files-scheduler-3] [] INFO  c.e.s.s.NuevoDocumentoScheduler - [SCHEDULER][V1] INICIO envío pendientes @ 2026-08-25T22:33:00.001850500
2026-08-25 22:33:00.003 [sri-files-scheduler-3] [] INFO  c.e.s.s.NuevoDocumentoScheduler - [SCHEDULER][V1] FIN envío | detectados=0 | exitosos=0 | fallidos=0 | duracionMs=2
2026-08-25 22:33:00.004 [sri-files-scheduler-1] [] INFO  c.e.s.batch.BatchJobScheduler - Batch automático ejecutado: tipo=CONSULTAR_AUTORIZACION uuid=6979a7e3-236d-4689-bc3c-0cc607faad85
2026-08-25 22:33:00.006 [task-50] [6979a7e3-236d-4689-bc3c-0cc607faad85] INFO  c.e.s.batch.BatchProcessorService - Iniciando batch job 6979a7e3-236d-4689-bc3c-0cc607faad85 tipo=CONSULTAR_AUTORIZACION [batchJob=6979a7e3-236d-4689-bc3c-0cc607faad85]
2026-08-25 22:33:00.006 [task-50] [6979a7e3-236d-4689-bc3c-0cc607faad85] INFO  c.e.s.batch.BatchProcessorService - Documentos encontrados: 0 [batchJob=6979a7e3-236d-4689-bc3c-0cc607faad85]
2026-08-25 22:33:00.006 [task-50] [6979a7e3-236d-4689-bc3c-0cc607faad85] INFO  c.e.s.batch.BatchProcessorService - Batch job 6979a7e3-236d-4689-bc3c-0cc607faad85 completado: Procesados: 0, Exitosos: 0, Fallidos: 0 [batchJob=6979a7e3-236d-4689-bc3c-0cc607faad85]
2026-08-25 22:33:01.366 [sri-files-scheduler-4] [] INFO  c.e.s.services.EnvioSriBatchService - No hay facturas pendientes estado=I
2026-08-25 22:33:01.367 [sri-files-scheduler-4] [] INFO  c.e.s.services.EnvioSriBatchService - [SCHEDULER][sri-files-scheduler-4] FIN automatizacionEnvioFacturasElectonicas | detectados=0 | exitosas=0 | fallidas=0 | duracionMs=1367
2026-08-25 22:33:30.001 [sri-files-scheduler-3] [] INFO  c.e.s.s.NuevoDocumentoScheduler - [SCHEDULER][V1] INICIO recuperación autorizaciones @ 2026-08-25T22:33:30.001056600
2026-08-25 22:33:30.002 [sri-files-scheduler-3] [] INFO  c.e.s.s.NuevoDocumentoScheduler - [SCHEDULER][V1] FIN recuperación | detectados=0 | autorizados=0 | pendientes=0 | duracionMs=1
2026-08-25 22:34:00.000 [sri-files-scheduler-3] [] INFO  c.e.s.s.NuevoDocumentoScheduler - [SCHEDULER][V1] INICIO envío pendientes @ 2026-08-25T22:34:00.000771100
2026-08-25 22:34:00.000 [sri-files-scheduler-4] [] INFO  c.e.s.services.EnvioSriBatchService - [SCHEDULER][sri-files-scheduler-4] INICIO automatizacionEnvioFacturasElectonicas @ 2026-08-25T22:34:00.000771100
2026-08-25 22:34:00.000 [sri-files-scheduler-4] [] INFO  c.e.s.services.EnvioSriBatchService - Ejecutando envio de facturas at=2026-08-25T22:34:00.000771100
2026-08-25 22:34:00.001 [sri-files-scheduler-3] [] INFO  c.e.s.s.NuevoDocumentoScheduler - [SCHEDULER][V1] FIN envío | detectados=0 | exitosos=0 | fallidos=0 | duracionMs=1
2026-08-25 22:34:00.003 [sri-files-scheduler-1] [] INFO  c.e.s.batch.BatchJobScheduler - Batch automático ejecutado: tipo=ENVIAR_SRI uuid=3a293201-da63-447e-9b4b-84e565b4a12c
2026-08-25 22:34:00.004 [task-51] [3a293201-da63-447e-9b4b-84e565b4a12c] INFO  c.e.s.batch.BatchProcessorService - Iniciando batch job 3a293201-da63-447e-9b4b-84e565b4a12c tipo=ENVIAR_SRI [batchJob=3a293201-da63-447e-9b4b-84e565b4a12c]
2026-08-25 22:34:00.005 [task-51] [3a293201-da63-447e-9b4b-84e565b4a12c] INFO  c.e.s.batch.BatchProcessorService - Documentos encontrados: 0 [batchJob=3a293201-da63-447e-9b4b-84e565b4a12c]
2026-08-25 22:34:00.006 [task-51] [3a293201-da63-447e-9b4b-84e565b4a12c] INFO  c.e.s.batch.BatchProcessorService - Batch job 3a293201-da63-447e-9b4b-84e565b4a12c completado: Procesados: 0, Exitosos: 0, Fallidos: 0 [batchJob=3a293201-da63-447e-9b4b-84e565b4a12c]
2026-08-25 22:34:01.312 [sri-files-scheduler-4] [] INFO  c.e.s.services.EnvioSriBatchService - No hay facturas pendientes estado=I
2026-08-25 22:34:01.312 [sri-files-scheduler-4] [] INFO  c.e.s.services.EnvioSriBatchService - [SCHEDULER][sri-files-scheduler-4] FIN automatizacionEnvioFacturasElectonicas | detectados=0 | exitosas=0 | fallidas=0 | duracionMs=1312
2026-08-25 22:35:00.000 [sri-files-scheduler-3] [] INFO  c.e.s.s.NuevoDocumentoScheduler - [SCHEDULER][V1] INICIO envío pendientes @ 2026-08-25T22:35:00.000231400
2026-08-25 22:35:00.000 [sri-files-scheduler-4] [] INFO  c.e.s.services.EnvioSriBatchService - [SCHEDULER][sri-files-scheduler-4] INICIO automatizacionEnvioFacturasElectonicas @ 2026-08-25T22:35:00.000231400
2026-08-25 22:35:00.000 [sri-files-scheduler-4] [] INFO  c.e.s.services.EnvioSriBatchService - Ejecutando envio de facturas at=2026-08-25T22:35:00.000231400
2026-08-25 22:35:00.001 [sri-files-scheduler-3] [] INFO  c.e.s.s.NuevoDocumentoScheduler - [SCHEDULER][V1] FIN envío | detectados=0 | exitosos=0 | fallidos=0 | duracionMs=1
2026-08-25 22:35:00.002 [sri-files-scheduler-1] [] INFO  c.e.s.s.RecuperarDevueltasScheduler - [SCHEDULER] INICIO recuperación facturas estado M @ 2026-08-25T22:35:00.002779900
2026-08-25 22:35:00.006 [sri-files-scheduler-3] [] INFO  c.e.s.batch.BatchJobScheduler - Batch automático ejecutado: tipo=REINTENTAR_FALLIDOS uuid=4ac7e4cf-a427-4f1f-a333-dd143ad699c0
2026-08-25 22:35:00.007 [task-52] [4ac7e4cf-a427-4f1f-a333-dd143ad699c0] INFO  c.e.s.batch.BatchProcessorService - Iniciando batch job 4ac7e4cf-a427-4f1f-a333-dd143ad699c0 tipo=REINTENTAR_FALLIDOS [batchJob=4ac7e4cf-a427-4f1f-a333-dd143ad699c0]
2026-08-25 22:35:00.009 [task-52] [4ac7e4cf-a427-4f1f-a333-dd143ad699c0] INFO  c.e.s.batch.BatchProcessorService - Documentos encontrados: 0 [batchJob=4ac7e4cf-a427-4f1f-a333-dd143ad699c0]
2026-08-25 22:35:00.009 [task-52] [4ac7e4cf-a427-4f1f-a333-dd143ad699c0] INFO  c.e.s.batch.BatchProcessorService - Batch job 4ac7e4cf-a427-4f1f-a333-dd143ad699c0 completado: Procesados: 0, Exitosos: 0, Fallidos: 0 [batchJob=4ac7e4cf-a427-4f1f-a333-dd143ad699c0]
2026-08-25 22:35:00.483 [sri-files-scheduler-1] [] INFO  c.erp.sri_files.services.SriGateway - Consultando autorización SRI: 1404202601046002881000120010130004401503286052418 [requestId=null]
2026-08-25 22:35:01.308 [sri-files-scheduler-4] [] INFO  c.e.s.services.EnvioSriBatchService - No hay facturas pendientes estado=I
2026-08-25 22:35:01.308 [sri-files-scheduler-4] [] INFO  c.e.s.services.EnvioSriBatchService - [SCHEDULER][sri-files-scheduler-4] FIN automatizacionEnvioFacturasElectonicas | detectados=0 | exitosas=0 | fallidas=0 | duracionMs=1308
2026-08-25 22:35:02.604 [sri-files-scheduler-1] [] INFO  c.erp.sri_files.services.SriGateway - Consultando autorización SRI: 0106202601046002881000120010130004467655844807413 [requestId=null]
2026-08-25 22:35:02.667 [sri-files-scheduler-1] [] ERROR c.erp.sri_files.services.SriGateway - Error consultando autorización [requestId=null]
jakarta.xml.ws.WebServiceException: javax.net.ssl.SSLHandshakeException: No subject alternative names matching IP address 181.113.227.222 found
	at com.sun.xml.ws.transport.http.client.HttpClientTransport.readResponseCodeAndMessage(HttpClientTransport.java:181)
	at com.sun.xml.ws.transport.http.client.HttpTransportPipe.createResponsePacket(HttpTransportPipe.java:227)
	at com.sun.xml.ws.transport.http.client.HttpTransportPipe.process(HttpTransportPipe.java:218)
	at com.sun.xml.ws.transport.http.client.HttpTransportPipe.processRequest(HttpTransportPipe.java:131)
	at com.sun.xml.ws.transport.DeferredTransportPipe.processRequest(DeferredTransportPipe.java:111)
	at com.sun.xml.ws.api.pipe.Fiber.__doRun(Fiber.java:1106)
	at com.sun.xml.ws.api.pipe.Fiber._doRun(Fiber.java:1020)
	at com.sun.xml.ws.api.pipe.Fiber.doRun(Fiber.java:989)
	at com.sun.xml.ws.api.pipe.Fiber.runSync(Fiber.java:847)
	at com.sun.xml.ws.client.Stub.process(Stub.java:431)
	at com.sun.xml.ws.client.sei.SEIStub.doProcess(SEIStub.java:160)
	at com.sun.xml.ws.client.sei.SyncMethodHandler.invoke(SyncMethodHandler.java:78)
	at com.sun.xml.ws.client.sei.SyncMethodHandler.invoke(SyncMethodHandler.java:62)
	at com.sun.xml.ws.client.sei.SEIStub.invoke(SEIStub.java:132)
	at jdk.proxy2/jdk.proxy2.$Proxy222.autorizacionComprobante(Unknown Source)
	at com.erp.sri_files.services.SendXmlToSriService.consultarAutorizacion(SendXmlToSriService.java:196)
	at com.erp.sri_files.services.SendXmlToSriService.consultarAutorizacion(SendXmlToSriService.java:180)
	at com.erp.sri_files.services.SriGateway.consultarAutorizacion(SriGateway.java:100)
	at com.erp.sri_files.scheduler.RecuperarDevueltasScheduler.recuperarFacturasDevueltas(RecuperarDevueltasScheduler.java:61)
	at java.base/jdk.internal.reflect.DirectMethodHandleAccessor.invoke(DirectMethodHandleAccessor.java:103)
	at java.base/java.lang.reflect.Method.invoke(Method.java:580)
	at org.springframework.scheduling.support.ScheduledMethodRunnable.runInternal(ScheduledMethodRunnable.java:130)
	at org.springframework.scheduling.support.ScheduledMethodRunnable.lambda$run$2(ScheduledMethodRunnable.java:124)
	at io.micrometer.observation.Observation.observe(Observation.java:498)
	at org.springframework.scheduling.support.ScheduledMethodRunnable.run(ScheduledMethodRunnable.java:124)
	at org.springframework.scheduling.config.Task$OutcomeTrackingRunnable.run(Task.java:85)
	at org.springframework.scheduling.support.DelegatingErrorHandlingRunnable.run(DelegatingErrorHandlingRunnable.java:54)
	at org.springframework.scheduling.concurrent.ReschedulingRunnable.run(ReschedulingRunnable.java:96)
	at java.base/java.util.concurrent.Executors$RunnableAdapter.call(Executors.java:572)
	at java.base/java.util.concurrent.FutureTask.run(FutureTask.java:317)
	at java.base/java.util.concurrent.ScheduledThreadPoolExecutor$ScheduledFutureTask.run(ScheduledThreadPoolExecutor.java:304)
	at java.base/java.util.concurrent.ThreadPoolExecutor.runWorker(ThreadPoolExecutor.java:1144)
	at java.base/java.util.concurrent.ThreadPoolExecutor$Worker.run(ThreadPoolExecutor.java:642)
	at java.base/java.lang.Thread.run(Thread.java:1583)
Caused by: javax.net.ssl.SSLHandshakeException: No subject alternative names matching IP address 181.113.227.222 found
	at java.base/sun.security.ssl.Alert.createSSLException(Alert.java:130)
	at java.base/sun.security.ssl.TransportContext.fatal(TransportContext.java:383)
	at java.base/sun.security.ssl.TransportContext.fatal(TransportContext.java:326)
	at java.base/sun.security.ssl.TransportContext.fatal(TransportContext.java:321)
	at java.base/sun.security.ssl.CertificateMessage$T12CertificateConsumer.checkServerCerts(CertificateMessage.java:647)
	at java.base/sun.security.ssl.CertificateMessage$T12CertificateConsumer.onCertificate(CertificateMessage.java:467)
	at java.base/sun.security.ssl.CertificateMessage$T12CertificateConsumer.consume(CertificateMessage.java:363)
	at java.base/sun.security.ssl.SSLHandshake.consume(SSLHandshake.java:393)
	at java.base/sun.security.ssl.HandshakeContext.dispatch(HandshakeContext.java:477)
	at java.base/sun.security.ssl.HandshakeContext.dispatch(HandshakeContext.java:448)
	at java.base/sun.security.ssl.TransportContext.dispatch(TransportContext.java:206)
	at java.base/sun.security.ssl.SSLTransport.decode(SSLTransport.java:172)
	at java.base/sun.security.ssl.SSLSocketImpl.decode(SSLSocketImpl.java:1506)
	at java.base/sun.security.ssl.SSLSocketImpl.readHandshakeRecord(SSLSocketImpl.java:1421)
	at java.base/sun.security.ssl.SSLSocketImpl.startHandshake(SSLSocketImpl.java:455)
	at java.base/sun.security.ssl.SSLSocketImpl.startHandshake(SSLSocketImpl.java:426)
	at java.base/sun.net.www.protocol.https.HttpsClient.afterConnect(HttpsClient.java:586)
	at java.base/sun.net.www.protocol.https.AbstractDelegateHttpsURLConnection.connect(AbstractDelegateHttpsURLConnection.java:187)
	at java.base/sun.net.www.protocol.http.HttpURLConnection.followRedirect0(HttpURLConnection.java:2914)
	at java.base/sun.net.www.protocol.http.HttpURLConnection.followRedirect(HttpURLConnection.java:2834)
	at java.base/sun.net.www.protocol.http.HttpURLConnection.getInputStream0(HttpURLConnection.java:1945)
	at java.base/sun.net.www.protocol.http.HttpURLConnection.getInputStream(HttpURLConnection.java:1615)
	at java.base/java.net.HttpURLConnection.getResponseCode(HttpURLConnection.java:531)
	at java.base/sun.net.www.protocol.https.HttpsURLConnectionImpl.getResponseCode(HttpsURLConnectionImpl.java:307)
	at com.sun.xml.ws.transport.http.client.HttpClientTransport.readResponseCodeAndMessage(HttpClientTransport.java:177)
	... 33 common frames omitted
Caused by: java.security.cert.CertificateException: No subject alternative names matching IP address 181.113.227.222 found
	at java.base/sun.security.util.HostnameChecker.matchIP(HostnameChecker.java:160)
	at java.base/sun.security.util.HostnameChecker.match(HostnameChecker.java:101)
	at java.base/sun.security.ssl.X509TrustManagerImpl.checkIdentity(X509TrustManagerImpl.java:466)
	at java.base/sun.security.ssl.X509TrustManagerImpl.checkIdentity(X509TrustManagerImpl.java:432)
	at java.base/sun.security.ssl.X509TrustManagerImpl.checkTrusted(X509TrustManagerImpl.java:237)
	at java.base/sun.security.ssl.X509TrustManagerImpl.checkServerTrusted(X509TrustManagerImpl.java:132)
	at java.base/sun.security.ssl.CertificateMessage$T12CertificateConsumer.checkServerCerts(CertificateMessage.java:631)
	... 53 common frames omitted
2026-08-25 22:35:04.388 [sri-files-scheduler-1] [] INFO  c.erp.sri_files.services.SriGateway - Consultando autorización SRI: 0106202601046002881000120010130004467663814502319 [requestId=null]
2026-08-25 22:35:05.994 [sri-files-scheduler-1] [] INFO  c.erp.sri_files.services.SriGateway - Consultando autorización SRI: 0106202601046002881000120010130004467672487545415 [requestId=null]
2026-08-25 22:35:07.414 [sri-files-scheduler-1] [] INFO  c.erp.sri_files.services.SriGateway - Consultando autorización SRI: 0106202601046002881000120010130004467688788375616 [requestId=null]
2026-08-25 22:35:07.728 [sri-files-scheduler-1] [] ERROR c.erp.sri_files.services.SriGateway - Error consultando autorización [requestId=null]
jakarta.xml.ws.WebServiceException: javax.net.ssl.SSLHandshakeException: No subject alternative names matching IP address 181.113.227.222 found
	at com.sun.xml.ws.transport.http.client.HttpClientTransport.readResponseCodeAndMessage(HttpClientTransport.java:181)
	at com.sun.xml.ws.transport.http.client.HttpTransportPipe.createResponsePacket(HttpTransportPipe.java:227)
	at com.sun.xml.ws.transport.http.client.HttpTransportPipe.process(HttpTransportPipe.java:218)
	at com.sun.xml.ws.transport.http.client.HttpTransportPipe.processRequest(HttpTransportPipe.java:131)
	at com.sun.xml.ws.transport.DeferredTransportPipe.processRequest(DeferredTransportPipe.java:111)
	at com.sun.xml.ws.api.pipe.Fiber.__doRun(Fiber.java:1106)
	at com.sun.xml.ws.api.pipe.Fiber._doRun(Fiber.java:1020)
	at com.sun.xml.ws.api.pipe.Fiber.doRun(Fiber.java:989)
	at com.sun.xml.ws.api.pipe.Fiber.runSync(Fiber.java:847)
	at com.sun.xml.ws.client.Stub.process(Stub.java:431)
	at com.sun.xml.ws.client.sei.SEIStub.doProcess(SEIStub.java:160)
	at com.sun.xml.ws.client.sei.SyncMethodHandler.invoke(SyncMethodHandler.java:78)
	at com.sun.xml.ws.client.sei.SyncMethodHandler.invoke(SyncMethodHandler.java:62)
	at com.sun.xml.ws.client.sei.SEIStub.invoke(SEIStub.java:132)
	at jdk.proxy2/jdk.proxy2.$Proxy222.autorizacionComprobante(Unknown Source)
	at com.erp.sri_files.services.SendXmlToSriService.consultarAutorizacion(SendXmlToSriService.java:196)
	at com.erp.sri_files.services.SendXmlToSriService.consultarAutorizacion(SendXmlToSriService.java:180)
	at com.erp.sri_files.services.SriGateway.consultarAutorizacion(SriGateway.java:100)
	at com.erp.sri_files.scheduler.RecuperarDevueltasScheduler.recuperarFacturasDevueltas(RecuperarDevueltasScheduler.java:61)
	at java.base/jdk.internal.reflect.DirectMethodHandleAccessor.invoke(DirectMethodHandleAccessor.java:103)
	at java.base/java.lang.reflect.Method.invoke(Method.java:580)
	at org.springframework.scheduling.support.ScheduledMethodRunnable.runInternal(ScheduledMethodRunnable.java:130)
	at org.springframework.scheduling.support.ScheduledMethodRunnable.lambda$run$2(ScheduledMethodRunnable.java:124)
	at io.micrometer.observation.Observation.observe(Observation.java:498)
	at org.springframework.scheduling.support.ScheduledMethodRunnable.run(ScheduledMethodRunnable.java:124)
	at org.springframework.scheduling.config.Task$OutcomeTrackingRunnable.run(Task.java:85)
	at org.springframework.scheduling.support.DelegatingErrorHandlingRunnable.run(DelegatingErrorHandlingRunnable.java:54)
	at org.springframework.scheduling.concurrent.ReschedulingRunnable.run(ReschedulingRunnable.java:96)
	at java.base/java.util.concurrent.Executors$RunnableAdapter.call(Executors.java:572)
	at java.base/java.util.concurrent.FutureTask.run(FutureTask.java:317)
	at java.base/java.util.concurrent.ScheduledThreadPoolExecutor$ScheduledFutureTask.run(ScheduledThreadPoolExecutor.java:304)
	at java.base/java.util.concurrent.ThreadPoolExecutor.runWorker(ThreadPoolExecutor.java:1144)
	at java.base/java.util.concurrent.ThreadPoolExecutor$Worker.run(ThreadPoolExecutor.java:642)
	at java.base/java.lang.Thread.run(Thread.java:1583)
Caused by: javax.net.ssl.SSLHandshakeException: No subject alternative names matching IP address 181.113.227.222 found
	at java.base/sun.security.ssl.Alert.createSSLException(Alert.java:130)
	at java.base/sun.security.ssl.TransportContext.fatal(TransportContext.java:383)
	at java.base/sun.security.ssl.TransportContext.fatal(TransportContext.java:326)
	at java.base/sun.security.ssl.TransportContext.fatal(TransportContext.java:321)
	at java.base/sun.security.ssl.CertificateMessage$T12CertificateConsumer.checkServerCerts(CertificateMessage.java:647)
	at java.base/sun.security.ssl.CertificateMessage$T12CertificateConsumer.onCertificate(CertificateMessage.java:467)
	at java.base/sun.security.ssl.CertificateMessage$T12CertificateConsumer.consume(CertificateMessage.java:363)
	at java.base/sun.security.ssl.SSLHandshake.consume(SSLHandshake.java:393)
	at java.base/sun.security.ssl.HandshakeContext.dispatch(HandshakeContext.java:477)
	at java.base/sun.security.ssl.HandshakeContext.dispatch(HandshakeContext.java:448)
	at java.base/sun.security.ssl.TransportContext.dispatch(TransportContext.java:206)
	at java.base/sun.security.ssl.SSLTransport.decode(SSLTransport.java:172)
	at java.base/sun.security.ssl.SSLSocketImpl.decode(SSLSocketImpl.java:1506)
	at java.base/sun.security.ssl.SSLSocketImpl.readHandshakeRecord(SSLSocketImpl.java:1421)
	at java.base/sun.security.ssl.SSLSocketImpl.startHandshake(SSLSocketImpl.java:455)
	at java.base/sun.security.ssl.SSLSocketImpl.startHandshake(SSLSocketImpl.java:426)
	at java.base/sun.net.www.protocol.https.HttpsClient.afterConnect(HttpsClient.java:586)
	at java.base/sun.net.www.protocol.https.AbstractDelegateHttpsURLConnection.connect(AbstractDelegateHttpsURLConnection.java:187)
	at java.base/sun.net.www.protocol.http.HttpURLConnection.followRedirect0(HttpURLConnection.java:2914)
	at java.base/sun.net.www.protocol.http.HttpURLConnection.followRedirect(HttpURLConnection.java:2834)
	at java.base/sun.net.www.protocol.http.HttpURLConnection.getInputStream0(HttpURLConnection.java:1945)
	at java.base/sun.net.www.protocol.http.HttpURLConnection.getInputStream(HttpURLConnection.java:1615)
	at java.base/java.net.HttpURLConnection.getResponseCode(HttpURLConnection.java:531)
	at java.base/sun.net.www.protocol.https.HttpsURLConnectionImpl.getResponseCode(HttpsURLConnectionImpl.java:307)
	at com.sun.xml.ws.transport.http.client.HttpClientTransport.readResponseCodeAndMessage(HttpClientTransport.java:177)
	... 33 common frames omitted
Caused by: java.security.cert.CertificateException: No subject alternative names matching IP address 181.113.227.222 found
	at java.base/sun.security.util.HostnameChecker.matchIP(HostnameChecker.java:160)
	at java.base/sun.security.util.HostnameChecker.match(HostnameChecker.java:101)
	at java.base/sun.security.ssl.X509TrustManagerImpl.checkIdentity(X509TrustManagerImpl.java:466)
	at java.base/sun.security.ssl.X509TrustManagerImpl.checkIdentity(X509TrustManagerImpl.java:432)
	at java.base/sun.security.ssl.X509TrustManagerImpl.checkTrusted(X509TrustManagerImpl.java:237)
	at java.base/sun.security.ssl.X509TrustManagerImpl.checkServerTrusted(X509TrustManagerImpl.java:132)
	at java.base/sun.security.ssl.CertificateMessage$T12CertificateConsumer.checkServerCerts(CertificateMessage.java:631)
	... 53 common frames omitted
2026-08-25 22:35:09.049 [sri-files-scheduler-1] [] INFO  c.erp.sri_files.services.SriGateway - Consultando autorización SRI: 0106202601046002881000120010130004467698015158018 [requestId=null]
2026-08-25 22:35:10.376 [sri-files-scheduler-1] [] INFO  c.erp.sri_files.services.SriGateway - Consultando autorización SRI: 0106202601046002881000120010130004467702869302713 [requestId=null]
2026-08-25 22:35:11.737 [sri-files-scheduler-1] [] INFO  c.erp.sri_files.services.SriGateway - Consultando autorización SRI: 0106202601046002881000120010130004467714754173713 [requestId=null]
2026-08-25 22:35:13.133 [sri-files-scheduler-1] [] INFO  c.erp.sri_files.services.SriGateway - Consultando autorización SRI: 0106202601046002881000120010130004467724766549919 [requestId=null]
2026-08-25 22:35:14.516 [sri-files-scheduler-1] [] INFO  c.erp.sri_files.services.SriGateway - Consultando autorización SRI: 0912202501046002881000120020320000032555427589510 [requestId=null]
2026-08-25 22:35:14.580 [sri-files-scheduler-1] [] ERROR c.erp.sri_files.services.SriGateway - Error consultando autorización [requestId=null]
jakarta.xml.ws.WebServiceException: javax.net.ssl.SSLHandshakeException: No subject alternative names matching IP address 181.113.227.222 found
	at com.sun.xml.ws.transport.http.client.HttpClientTransport.readResponseCodeAndMessage(HttpClientTransport.java:181)
	at com.sun.xml.ws.transport.http.client.HttpTransportPipe.createResponsePacket(HttpTransportPipe.java:227)
	at com.sun.xml.ws.transport.http.client.HttpTransportPipe.process(HttpTransportPipe.java:218)
	at com.sun.xml.ws.transport.http.client.HttpTransportPipe.processRequest(HttpTransportPipe.java:131)
	at com.sun.xml.ws.transport.DeferredTransportPipe.processRequest(DeferredTransportPipe.java:111)
	at com.sun.xml.ws.api.pipe.Fiber.__doRun(Fiber.java:1106)
	at com.sun.xml.ws.api.pipe.Fiber._doRun(Fiber.java:1020)
	at com.sun.xml.ws.api.pipe.Fiber.doRun(Fiber.java:989)
	at com.sun.xml.ws.api.pipe.Fiber.runSync(Fiber.java:847)
	at com.sun.xml.ws.client.Stub.process(Stub.java:431)
	at com.sun.xml.ws.client.sei.SEIStub.doProcess(SEIStub.java:160)
	at com.sun.xml.ws.client.sei.SyncMethodHandler.invoke(SyncMethodHandler.java:78)
	at com.sun.xml.ws.client.sei.SyncMethodHandler.invoke(SyncMethodHandler.java:62)
	at com.sun.xml.ws.client.sei.SEIStub.invoke(SEIStub.java:132)
	at jdk.proxy2/jdk.proxy2.$Proxy222.autorizacionComprobante(Unknown Source)
	at com.erp.sri_files.services.SendXmlToSriService.consultarAutorizacion(SendXmlToSriService.java:196)
	at com.erp.sri_files.services.SendXmlToSriService.consultarAutorizacion(SendXmlToSriService.java:180)
	at com.erp.sri_files.services.SriGateway.consultarAutorizacion(SriGateway.java:100)
	at com.erp.sri_files.scheduler.RecuperarDevueltasScheduler.recuperarFacturasDevueltas(RecuperarDevueltasScheduler.java:61)
	at java.base/jdk.internal.reflect.DirectMethodHandleAccessor.invoke(DirectMethodHandleAccessor.java:103)
	at java.base/java.lang.reflect.Method.invoke(Method.java:580)
	at org.springframework.scheduling.support.ScheduledMethodRunnable.runInternal(ScheduledMethodRunnable.java:130)
	at org.springframework.scheduling.support.ScheduledMethodRunnable.lambda$run$2(ScheduledMethodRunnable.java:124)
	at io.micrometer.observation.Observation.observe(Observation.java:498)
	at org.springframework.scheduling.support.ScheduledMethodRunnable.run(ScheduledMethodRunnable.java:124)
	at org.springframework.scheduling.config.Task$OutcomeTrackingRunnable.run(Task.java:85)
	at org.springframework.scheduling.support.DelegatingErrorHandlingRunnable.run(DelegatingErrorHandlingRunnable.java:54)
	at org.springframework.scheduling.concurrent.ReschedulingRunnable.run(ReschedulingRunnable.java:96)
	at java.base/java.util.concurrent.Executors$RunnableAdapter.call(Executors.java:572)
	at java.base/java.util.concurrent.FutureTask.run(FutureTask.java:317)
	at java.base/java.util.concurrent.ScheduledThreadPoolExecutor$ScheduledFutureTask.run(ScheduledThreadPoolExecutor.java:304)
	at java.base/java.util.concurrent.ThreadPoolExecutor.runWorker(ThreadPoolExecutor.java:1144)
	at java.base/java.util.concurrent.ThreadPoolExecutor$Worker.run(ThreadPoolExecutor.java:642)
	at java.base/java.lang.Thread.run(Thread.java:1583)
Caused by: javax.net.ssl.SSLHandshakeException: No subject alternative names matching IP address 181.113.227.222 found
	at java.base/sun.security.ssl.Alert.createSSLException(Alert.java:130)
	at java.base/sun.security.ssl.TransportContext.fatal(TransportContext.java:383)
	at java.base/sun.security.ssl.TransportContext.fatal(TransportContext.java:326)
	at java.base/sun.security.ssl.TransportContext.fatal(TransportContext.java:321)
	at java.base/sun.security.ssl.CertificateMessage$T12CertificateConsumer.checkServerCerts(CertificateMessage.java:647)
	at java.base/sun.security.ssl.CertificateMessage$T12CertificateConsumer.onCertificate(CertificateMessage.java:467)
	at java.base/sun.security.ssl.CertificateMessage$T12CertificateConsumer.consume(CertificateMessage.java:363)
	at java.base/sun.security.ssl.SSLHandshake.consume(SSLHandshake.java:393)
	at java.base/sun.security.ssl.HandshakeContext.dispatch(HandshakeContext.java:477)
	at java.base/sun.security.ssl.HandshakeContext.dispatch(HandshakeContext.java:448)
	at java.base/sun.security.ssl.TransportContext.dispatch(TransportContext.java:206)
	at java.base/sun.security.ssl.SSLTransport.decode(SSLTransport.java:172)
	at java.base/sun.security.ssl.SSLSocketImpl.decode(SSLSocketImpl.java:1506)
	at java.base/sun.security.ssl.SSLSocketImpl.readHandshakeRecord(SSLSocketImpl.java:1421)
	at java.base/sun.security.ssl.SSLSocketImpl.startHandshake(SSLSocketImpl.java:455)
	at java.base/sun.security.ssl.SSLSocketImpl.startHandshake(SSLSocketImpl.java:426)
	at java.base/sun.net.www.protocol.https.HttpsClient.afterConnect(HttpsClient.java:586)
	at java.base/sun.net.www.protocol.https.AbstractDelegateHttpsURLConnection.connect(AbstractDelegateHttpsURLConnection.java:187)
	at java.base/sun.net.www.protocol.http.HttpURLConnection.followRedirect0(HttpURLConnection.java:2914)
	at java.base/sun.net.www.protocol.http.HttpURLConnection.followRedirect(HttpURLConnection.java:2834)
	at java.base/sun.net.www.protocol.http.HttpURLConnection.getInputStream0(HttpURLConnection.java:1945)
	at java.base/sun.net.www.protocol.http.HttpURLConnection.getInputStream(HttpURLConnection.java:1615)
	at java.base/java.net.HttpURLConnection.getResponseCode(HttpURLConnection.java:531)
	at java.base/sun.net.www.protocol.https.HttpsURLConnectionImpl.getResponseCode(HttpsURLConnectionImpl.java:307)
	at com.sun.xml.ws.transport.http.client.HttpClientTransport.readResponseCodeAndMessage(HttpClientTransport.java:177)
	... 33 common frames omitted
Caused by: java.security.cert.CertificateException: No subject alternative names matching IP address 181.113.227.222 found
	at java.base/sun.security.util.HostnameChecker.matchIP(HostnameChecker.java:160)
	at java.base/sun.security.util.HostnameChecker.match(HostnameChecker.java:101)
	at java.base/sun.security.ssl.X509TrustManagerImpl.checkIdentity(X509TrustManagerImpl.java:466)
	at java.base/sun.security.ssl.X509TrustManagerImpl.checkIdentity(X509TrustManagerImpl.java:432)
	at java.base/sun.security.ssl.X509TrustManagerImpl.checkTrusted(X509TrustManagerImpl.java:237)
	at java.base/sun.security.ssl.X509TrustManagerImpl.checkServerTrusted(X509TrustManagerImpl.java:132)
	at java.base/sun.security.ssl.CertificateMessage$T12CertificateConsumer.checkServerCerts(CertificateMessage.java:631)
	... 53 common frames omitted
2026-08-25 22:35:15.898 [sri-files-scheduler-1] [] INFO  c.erp.sri_files.services.SriGateway - Consultando autorización SRI: 1401202601046002881000120020140000129863025101518 [requestId=null]
2026-08-25 22:35:17.282 [sri-files-scheduler-1] [] INFO  c.erp.sri_files.services.SriGateway - Consultando autorización SRI: 0902202601046002881000120020180003288277616301811 [requestId=null]
2026-08-25 22:35:17.346 [sri-files-scheduler-1] [] ERROR c.erp.sri_files.services.SriGateway - Error consultando autorización [requestId=null]
jakarta.xml.ws.WebServiceException: javax.net.ssl.SSLHandshakeException: No subject alternative names matching IP address 181.113.227.222 found
	at com.sun.xml.ws.transport.http.client.HttpClientTransport.readResponseCodeAndMessage(HttpClientTransport.java:181)
	at com.sun.xml.ws.transport.http.client.HttpTransportPipe.createResponsePacket(HttpTransportPipe.java:227)
	at com.sun.xml.ws.transport.http.client.HttpTransportPipe.process(HttpTransportPipe.java:218)
	at com.sun.xml.ws.transport.http.client.HttpTransportPipe.processRequest(HttpTransportPipe.java:131)
	at com.sun.xml.ws.transport.DeferredTransportPipe.processRequest(DeferredTransportPipe.java:111)
	at com.sun.xml.ws.api.pipe.Fiber.__doRun(Fiber.java:1106)
	at com.sun.xml.ws.api.pipe.Fiber._doRun(Fiber.java:1020)
	at com.sun.xml.ws.api.pipe.Fiber.doRun(Fiber.java:989)
	at com.sun.xml.ws.api.pipe.Fiber.runSync(Fiber.java:847)
	at com.sun.xml.ws.client.Stub.process(Stub.java:431)
	at com.sun.xml.ws.client.sei.SEIStub.doProcess(SEIStub.java:160)
	at com.sun.xml.ws.client.sei.SyncMethodHandler.invoke(SyncMethodHandler.java:78)
	at com.sun.xml.ws.client.sei.SyncMethodHandler.invoke(SyncMethodHandler.java:62)
	at com.sun.xml.ws.client.sei.SEIStub.invoke(SEIStub.java:132)
	at jdk.proxy2/jdk.proxy2.$Proxy222.autorizacionComprobante(Unknown Source)
	at com.erp.sri_files.services.SendXmlToSriService.consultarAutorizacion(SendXmlToSriService.java:196)
	at com.erp.sri_files.services.SendXmlToSriService.consultarAutorizacion(SendXmlToSriService.java:180)
	at com.erp.sri_files.services.SriGateway.consultarAutorizacion(SriGateway.java:100)
	at com.erp.sri_files.scheduler.RecuperarDevueltasScheduler.recuperarFacturasDevueltas(RecuperarDevueltasScheduler.java:61)
	at java.base/jdk.internal.reflect.DirectMethodHandleAccessor.invoke(DirectMethodHandleAccessor.java:103)
	at java.base/java.lang.reflect.Method.invoke(Method.java:580)
	at org.springframework.scheduling.support.ScheduledMethodRunnable.runInternal(ScheduledMethodRunnable.java:130)
	at org.springframework.scheduling.support.ScheduledMethodRunnable.lambda$run$2(ScheduledMethodRunnable.java:124)
	at io.micrometer.observation.Observation.observe(Observation.java:498)
	at org.springframework.scheduling.support.ScheduledMethodRunnable.run(ScheduledMethodRunnable.java:124)
	at org.springframework.scheduling.config.Task$OutcomeTrackingRunnable.run(Task.java:85)
	at org.springframework.scheduling.support.DelegatingErrorHandlingRunnable.run(DelegatingErrorHandlingRunnable.java:54)
	at org.springframework.scheduling.concurrent.ReschedulingRunnable.run(ReschedulingRunnable.java:96)
	at java.base/java.util.concurrent.Executors$RunnableAdapter.call(Executors.java:572)
	at java.base/java.util.concurrent.FutureTask.run(FutureTask.java:317)
	at java.base/java.util.concurrent.ScheduledThreadPoolExecutor$ScheduledFutureTask.run(ScheduledThreadPoolExecutor.java:304)
	at java.base/java.util.concurrent.ThreadPoolExecutor.runWorker(ThreadPoolExecutor.java:1144)
	at java.base/java.util.concurrent.ThreadPoolExecutor$Worker.run(ThreadPoolExecutor.java:642)
	at java.base/java.lang.Thread.run(Thread.java:1583)
Caused by: javax.net.ssl.SSLHandshakeException: No subject alternative names matching IP address 181.113.227.222 found
	at java.base/sun.security.ssl.Alert.createSSLException(Alert.java:130)
	at java.base/sun.security.ssl.TransportContext.fatal(TransportContext.java:383)
	at java.base/sun.security.ssl.TransportContext.fatal(TransportContext.java:326)
	at java.base/sun.security.ssl.TransportContext.fatal(TransportContext.java:321)
	at java.base/sun.security.ssl.CertificateMessage$T12CertificateConsumer.checkServerCerts(CertificateMessage.java:647)
	at java.base/sun.security.ssl.CertificateMessage$T12CertificateConsumer.onCertificate(CertificateMessage.java:467)
	at java.base/sun.security.ssl.CertificateMessage$T12CertificateConsumer.consume(CertificateMessage.java:363)
	at java.base/sun.security.ssl.SSLHandshake.consume(SSLHandshake.java:393)
	at java.base/sun.security.ssl.HandshakeContext.dispatch(HandshakeContext.java:477)
	at java.base/sun.security.ssl.HandshakeContext.dispatch(HandshakeContext.java:448)
	at java.base/sun.security.ssl.TransportContext.dispatch(TransportContext.java:206)
	at java.base/sun.security.ssl.SSLTransport.decode(SSLTransport.java:172)
	at java.base/sun.security.ssl.SSLSocketImpl.decode(SSLSocketImpl.java:1506)
	at java.base/sun.security.ssl.SSLSocketImpl.readHandshakeRecord(SSLSocketImpl.java:1421)
	at java.base/sun.security.ssl.SSLSocketImpl.startHandshake(SSLSocketImpl.java:455)
	at java.base/sun.security.ssl.SSLSocketImpl.startHandshake(SSLSocketImpl.java:426)
	at java.base/sun.net.www.protocol.https.HttpsClient.afterConnect(HttpsClient.java:586)
	at java.base/sun.net.www.protocol.https.AbstractDelegateHttpsURLConnection.connect(AbstractDelegateHttpsURLConnection.java:187)
	at java.base/sun.net.www.protocol.http.HttpURLConnection.followRedirect0(HttpURLConnection.java:2914)
	at java.base/sun.net.www.protocol.http.HttpURLConnection.followRedirect(HttpURLConnection.java:2834)
	at java.base/sun.net.www.protocol.http.HttpURLConnection.getInputStream0(HttpURLConnection.java:1945)
	at java.base/sun.net.www.protocol.http.HttpURLConnection.getInputStream(HttpURLConnection.java:1615)
	at java.base/java.net.HttpURLConnection.getResponseCode(HttpURLConnection.java:531)
	at java.base/sun.net.www.protocol.https.HttpsURLConnectionImpl.getResponseCode(HttpsURLConnectionImpl.java:307)
	at com.sun.xml.ws.transport.http.client.HttpClientTransport.readResponseCodeAndMessage(HttpClientTransport.java:177)
	... 33 common frames omitted
Caused by: java.security.cert.CertificateException: No subject alternative names matching IP address 181.113.227.222 found
	at java.base/sun.security.util.HostnameChecker.matchIP(HostnameChecker.java:160)
	at java.base/sun.security.util.HostnameChecker.match(HostnameChecker.java:101)
	at java.base/sun.security.ssl.X509TrustManagerImpl.checkIdentity(X509TrustManagerImpl.java:466)
	at java.base/sun.security.ssl.X509TrustManagerImpl.checkIdentity(X509TrustManagerImpl.java:432)
	at java.base/sun.security.ssl.X509TrustManagerImpl.checkTrusted(X509TrustManagerImpl.java:237)
	at java.base/sun.security.ssl.X509TrustManagerImpl.checkServerTrusted(X509TrustManagerImpl.java:132)
	at java.base/sun.security.ssl.CertificateMessage$T12CertificateConsumer.checkServerCerts(CertificateMessage.java:631)
	... 53 common frames omitted
2026-08-25 22:35:18.524 [sri-files-scheduler-1] [] INFO  c.erp.sri_files.services.SriGateway - Consultando autorización SRI: 1703202601046002881000120020180003332589550583311 [requestId=null]
2026-08-25 22:35:19.887 [sri-files-scheduler-1] [] INFO  c.erp.sri_files.services.SriGateway - Consultando autorización SRI: 2307202601046002881000120020320000046298280483518 [requestId=null]
2026-08-25 22:35:20.706 [sri-files-scheduler-1] [] INFO  c.erp.sri_files.services.SriGateway - Consultando autorización SRI: 2307202601046002881000120020320000046300124979011 [requestId=null]
2026-08-25 22:35:21.333 [sri-files-scheduler-1] [] INFO  c.erp.sri_files.services.SriGateway - Consultando autorización SRI: 2304202601046002881000120010130004416106535340311 [requestId=null]
2026-08-25 22:35:21.887 [sri-files-scheduler-1] [] INFO  c.erp.sri_files.services.SriGateway - Consultando autorización SRI: 0312202501046002881000120020180003244738208475112 [requestId=null]
2026-08-25 22:35:22.023 [sri-files-scheduler-1] [] WARN  c.erp.sri_files.services.SriGateway - Comprobante NO AUTORIZADO: estado=NO AUTORIZADO
2026-08-25 22:35:22.519 [sri-files-scheduler-1] [] INFO  c.erp.sri_files.services.SriGateway - Consultando autorización SRI: 0202202601046002881000120020180003278092470755211 [requestId=null]
2026-08-25 22:35:22.632 [sri-files-scheduler-1] [] WARN  c.erp.sri_files.services.SriGateway - Comprobante NO AUTORIZADO: estado=NO AUTORIZADO
2026-08-25 22:35:23.099 [sri-files-scheduler-1] [] INFO  c.erp.sri_files.services.SriGateway - Consultando autorización SRI: 0212202501046002881000120010110001733932171946611 [requestId=null]
2026-08-25 22:35:23.718 [sri-files-scheduler-1] [] INFO  c.erp.sri_files.services.SriGateway - Consultando autorización SRI: 2602202601046002881000120010110001828140589877312 [requestId=null]
2026-08-25 22:35:24.373 [sri-files-scheduler-1] [] INFO  c.e.s.s.RecuperarDevueltasScheduler - [SCHEDULER] FIN recuperación devueltas | detectadas=20 | recuperadas=0 | pendientes=20 | fallidas=0 | duracionMs=24371
2026-08-25 22:36:00.001 [sri-files-scheduler-4] [] INFO  c.e.s.services.EnvioSriBatchService - [SCHEDULER][sri-files-scheduler-4] INICIO automatizacionEnvioFacturasElectonicas @ 2026-08-25T22:36:00.001645700
2026-08-25 22:36:00.001 [sri-files-scheduler-4] [] INFO  c.e.s.services.EnvioSriBatchService - Ejecutando envio de facturas at=2026-08-25T22:36:00.001645700
2026-08-25 22:36:00.004 [sri-files-scheduler-1] [] INFO  c.e.s.batch.BatchJobScheduler - Batch automático ejecutado: tipo=CONSULTAR_AUTORIZACION uuid=57be49e5-5692-4e95-b8ec-5c116e36c4e7
2026-08-25 22:36:00.005 [task-53] [57be49e5-5692-4e95-b8ec-5c116e36c4e7] INFO  c.e.s.batch.BatchProcessorService - Iniciando batch job 57be49e5-5692-4e95-b8ec-5c116e36c4e7 tipo=CONSULTAR_AUTORIZACION [batchJob=57be49e5-5692-4e95-b8ec-5c116e36c4e7]
2026-08-25 22:36:00.006 [sri-files-scheduler-3] [] INFO  c.e.s.batch.BatchJobScheduler - Batch automático ejecutado: tipo=ENVIAR_SRI uuid=72b0cffe-141f-411e-bd3f-42bbbe3bf338
2026-08-25 22:36:00.006 [sri-files-scheduler-3] [] INFO  c.e.s.s.NuevoDocumentoScheduler - [SCHEDULER][V1] INICIO envío pendientes @ 2026-08-25T22:36:00.006933700
2026-08-25 22:36:00.008 [sri-files-scheduler-1] [] INFO  c.e.s.batch.BatchJobScheduler - Batch automático ejecutado: tipo=ENVIAR_CORREO uuid=b565bd60-cc6b-41a7-9054-8e20f2ae8a3d
2026-08-25 22:36:00.008 [task-54] [72b0cffe-141f-411e-bd3f-42bbbe3bf338] INFO  c.e.s.batch.BatchProcessorService - Iniciando batch job 72b0cffe-141f-411e-bd3f-42bbbe3bf338 tipo=ENVIAR_SRI [batchJob=72b0cffe-141f-411e-bd3f-42bbbe3bf338]
2026-08-25 22:36:00.008 [task-53] [57be49e5-5692-4e95-b8ec-5c116e36c4e7] INFO  c.e.s.batch.BatchProcessorService - Documentos encontrados: 0 [batchJob=57be49e5-5692-4e95-b8ec-5c116e36c4e7]
2026-08-25 22:36:00.008 [task-53] [57be49e5-5692-4e95-b8ec-5c116e36c4e7] INFO  c.e.s.batch.BatchProcessorService - Batch job 57be49e5-5692-4e95-b8ec-5c116e36c4e7 completado: Procesados: 0, Exitosos: 0, Fallidos: 0 [batchJob=57be49e5-5692-4e95-b8ec-5c116e36c4e7]
2026-08-25 22:36:00.009 [task-55] [b565bd60-cc6b-41a7-9054-8e20f2ae8a3d] INFO  c.e.s.batch.BatchProcessorService - Iniciando batch job b565bd60-cc6b-41a7-9054-8e20f2ae8a3d tipo=ENVIAR_CORREO [batchJob=b565bd60-cc6b-41a7-9054-8e20f2ae8a3d]
2026-08-25 22:36:00.010 [task-55] [b565bd60-cc6b-41a7-9054-8e20f2ae8a3d] INFO  c.e.s.batch.BatchProcessorService - Documentos encontrados: 0 [batchJob=b565bd60-cc6b-41a7-9054-8e20f2ae8a3d]
2026-08-25 22:36:00.010 [task-54] [72b0cffe-141f-411e-bd3f-42bbbe3bf338] INFO  c.e.s.batch.BatchProcessorService - Documentos encontrados: 0 [batchJob=72b0cffe-141f-411e-bd3f-42bbbe3bf338]
2026-08-25 22:36:00.011 [task-54] [72b0cffe-141f-411e-bd3f-42bbbe3bf338] INFO  c.e.s.batch.BatchProcessorService - Batch job 72b0cffe-141f-411e-bd3f-42bbbe3bf338 completado: Procesados: 0, Exitosos: 0, Fallidos: 0 [batchJob=72b0cffe-141f-411e-bd3f-42bbbe3bf338]
2026-08-25 22:36:00.011 [task-55] [b565bd60-cc6b-41a7-9054-8e20f2ae8a3d] INFO  c.e.s.batch.BatchProcessorService - Batch job b565bd60-cc6b-41a7-9054-8e20f2ae8a3d completado: Procesados: 0, Exitosos: 0, Fallidos: 0 [batchJob=b565bd60-cc6b-41a7-9054-8e20f2ae8a3d]
2026-08-25 22:36:00.024 [sri-files-scheduler-3] [] INFO  c.e.s.s.NuevoDocumentoScheduler - [SCHEDULER][V1] FIN envío | detectados=0 | exitosos=0 | fallidos=0 | duracionMs=18
2026-08-25 22:36:01.108 [sri-files-scheduler-4] [] INFO  c.e.s.services.EnvioSriBatchService - No hay facturas pendientes estado=I
2026-08-25 22:36:01.108 [sri-files-scheduler-4] [] INFO  c.e.s.services.EnvioSriBatchService - [SCHEDULER][sri-files-scheduler-4] FIN automatizacionEnvioFacturasElectonicas | detectados=0 | exitosas=0 | fallidas=0 | duracionMs=1107
2026-08-25 22:36:30.000 [sri-files-scheduler-1] [] INFO  c.e.s.s.NuevoDocumentoScheduler - [SCHEDULER][V1] INICIO recuperación autorizaciones @ 2026-08-25T22:36:30.000790400
2026-08-25 22:36:30.002 [sri-files-scheduler-1] [] INFO  c.e.s.s.NuevoDocumentoScheduler - [SCHEDULER][V1] FIN recuperación | detectados=0 | autorizados=0 | pendientes=0 | duracionMs=2
2026-08-25 22:37:00.001 [sri-files-scheduler-4] [] INFO  c.e.s.s.NuevoDocumentoScheduler - [SCHEDULER][V1] INICIO envío pendientes @ 2026-08-25T22:37:00.001656900
2026-08-25 22:37:00.001 [sri-files-scheduler-3] [] INFO  c.e.s.services.EnvioSriBatchService - [SCHEDULER][sri-files-scheduler-3] INICIO automatizacionEnvioFacturasElectonicas @ 2026-08-25T22:37:00.001656900
2026-08-25 22:37:00.001 [sri-files-scheduler-3] [] INFO  c.e.s.services.EnvioSriBatchService - Ejecutando envio de facturas at=2026-08-25T22:37:00.001656900
2026-08-25 22:37:00.003 [sri-files-scheduler-4] [] INFO  c.e.s.s.NuevoDocumentoScheduler - [SCHEDULER][V1] FIN envío | detectados=0 | exitosos=0 | fallidos=0 | duracionMs=2
2026-08-25 22:37:01.420 [sri-files-scheduler-3] [] INFO  c.e.s.services.EnvioSriBatchService - No hay facturas pendientes estado=I
2026-08-25 22:37:01.420 [sri-files-scheduler-3] [] INFO  c.e.s.services.EnvioSriBatchService - [SCHEDULER][sri-files-scheduler-3] FIN automatizacionEnvioFacturasElectonicas | detectados=0 | exitosas=0 | fallidas=0 | duracionMs=1419
2026-08-25 22:38:00.001 [sri-files-scheduler-1] [] INFO  c.e.s.s.NuevoDocumentoScheduler - [SCHEDULER][V1] INICIO envío pendientes @ 2026-08-25T22:38:00.001439
2026-08-25 22:38:00.001 [sri-files-scheduler-3] [] INFO  c.e.s.services.EnvioSriBatchService - [SCHEDULER][sri-files-scheduler-3] INICIO automatizacionEnvioFacturasElectonicas @ 2026-08-25T22:38:00.001439
2026-08-25 22:38:00.001 [sri-files-scheduler-3] [] INFO  c.e.s.services.EnvioSriBatchService - Ejecutando envio de facturas at=2026-08-25T22:38:00.001439
2026-08-25 22:38:00.003 [sri-files-scheduler-1] [] INFO  c.e.s.s.NuevoDocumentoScheduler - [SCHEDULER][V1] FIN envío | detectados=0 | exitosos=0 | fallidos=0 | duracionMs=2
2026-08-25 22:38:00.007 [sri-files-scheduler-4] [] INFO  c.e.s.batch.BatchJobScheduler - Batch automático ejecutado: tipo=ENVIAR_SRI uuid=e82f9ca7-04fa-4c2b-8d3c-d41536b798f8
2026-08-25 22:38:00.013 [task-56] [e82f9ca7-04fa-4c2b-8d3c-d41536b798f8] INFO  c.e.s.batch.BatchProcessorService - Iniciando batch job e82f9ca7-04fa-4c2b-8d3c-d41536b798f8 tipo=ENVIAR_SRI [batchJob=e82f9ca7-04fa-4c2b-8d3c-d41536b798f8]
2026-08-25 22:38:00.015 [task-56] [e82f9ca7-04fa-4c2b-8d3c-d41536b798f8] INFO  c.e.s.batch.BatchProcessorService - Documentos encontrados: 0 [batchJob=e82f9ca7-04fa-4c2b-8d3c-d41536b798f8]
2026-08-25 22:38:00.015 [task-56] [e82f9ca7-04fa-4c2b-8d3c-d41536b798f8] INFO  c.e.s.batch.BatchProcessorService - Batch job e82f9ca7-04fa-4c2b-8d3c-d41536b798f8 completado: Procesados: 0, Exitosos: 0, Fallidos: 0 [batchJob=e82f9ca7-04fa-4c2b-8d3c-d41536b798f8]
2026-08-25 22:38:01.372 [sri-files-scheduler-3] [] INFO  c.e.s.services.EnvioSriBatchService - No hay facturas pendientes estado=I
2026-08-25 22:38:01.372 [sri-files-scheduler-3] [] INFO  c.e.s.services.EnvioSriBatchService - [SCHEDULER][sri-files-scheduler-3] FIN automatizacionEnvioFacturasElectonicas | detectados=0 | exitosas=0 | fallidas=0 | duracionMs=1371
2026-08-25 22:39:00.000 [sri-files-scheduler-1] [] INFO  c.e.s.s.NuevoDocumentoScheduler - [SCHEDULER][V1] INICIO envío pendientes @ 2026-08-25T22:39:00.000893900
2026-08-25 22:39:00.000 [sri-files-scheduler-3] [] INFO  c.e.s.services.EnvioSriBatchService - [SCHEDULER][sri-files-scheduler-3] INICIO automatizacionEnvioFacturasElectonicas @ 2026-08-25T22:39:00.000893900
2026-08-25 22:39:00.000 [sri-files-scheduler-3] [] INFO  c.e.s.services.EnvioSriBatchService - Ejecutando envio de facturas at=2026-08-25T22:39:00.000893900
2026-08-25 22:39:00.002 [sri-files-scheduler-1] [] INFO  c.e.s.s.NuevoDocumentoScheduler - [SCHEDULER][V1] FIN envío | detectados=0 | exitosos=0 | fallidos=0 | duracionMs=2
2026-08-25 22:39:00.004 [sri-files-scheduler-4] [] INFO  c.e.s.batch.BatchJobScheduler - Batch automático ejecutado: tipo=CONSULTAR_AUTORIZACION uuid=29df1168-574d-4d2d-91d5-93562aa3457d
2026-08-25 22:39:00.005 [task-57] [29df1168-574d-4d2d-91d5-93562aa3457d] INFO  c.e.s.batch.BatchProcessorService - Iniciando batch job 29df1168-574d-4d2d-91d5-93562aa3457d tipo=CONSULTAR_AUTORIZACION [batchJob=29df1168-574d-4d2d-91d5-93562aa3457d]
2026-08-25 22:39:00.007 [task-57] [29df1168-574d-4d2d-91d5-93562aa3457d] INFO  c.e.s.batch.BatchProcessorService - Documentos encontrados: 0 [batchJob=29df1168-574d-4d2d-91d5-93562aa3457d]
2026-08-25 22:39:00.007 [task-57] [29df1168-574d-4d2d-91d5-93562aa3457d] INFO  c.e.s.batch.BatchProcessorService - Batch job 29df1168-574d-4d2d-91d5-93562aa3457d completado: Procesados: 0, Exitosos: 0, Fallidos: 0 [batchJob=29df1168-574d-4d2d-91d5-93562aa3457d]
2026-08-25 22:39:01.126 [sri-files-scheduler-3] [] INFO  c.e.s.services.EnvioSriBatchService - No hay facturas pendientes estado=I
2026-08-25 22:39:01.126 [sri-files-scheduler-3] [] INFO  c.e.s.services.EnvioSriBatchService - [SCHEDULER][sri-files-scheduler-3] FIN automatizacionEnvioFacturasElectonicas | detectados=0 | exitosas=0 | fallidas=0 | duracionMs=1126
2026-08-25 22:39:30.002 [sri-files-scheduler-1] [] INFO  c.e.s.s.NuevoDocumentoScheduler - [SCHEDULER][V1] INICIO recuperación autorizaciones @ 2026-08-25T22:39:30.002380400
2026-08-25 22:39:30.003 [sri-files-scheduler-1] [] INFO  c.e.s.s.NuevoDocumentoScheduler - [SCHEDULER][V1] FIN recuperación | detectados=0 | autorizados=0 | pendientes=0 | duracionMs=1
2026-08-25 22:40:00.000 [sri-files-scheduler-3] [] INFO  c.e.s.services.EnvioSriBatchService - [SCHEDULER][sri-files-scheduler-3] INICIO automatizacionEnvioFacturasElectonicas @ 2026-08-25T22:40:00.000926400
2026-08-25 22:40:00.001 [sri-files-scheduler-1] [] INFO  c.e.s.s.NuevoDocumentoScheduler - [SCHEDULER][V1] INICIO envío pendientes @ 2026-08-25T22:40:00.001933400
2026-08-25 22:40:00.001 [sri-files-scheduler-3] [] INFO  c.e.s.services.EnvioSriBatchService - Ejecutando envio de facturas at=2026-08-25T22:40:00.001933400
2026-08-25 22:40:00.005 [sri-files-scheduler-1] [] INFO  c.e.s.s.NuevoDocumentoScheduler - [SCHEDULER][V1] FIN envío | detectados=0 | exitosos=0 | fallidos=0 | duracionMs=4
2026-08-25 22:40:00.006 [sri-files-scheduler-4] [] INFO  c.e.s.batch.BatchJobScheduler - Batch automático ejecutado: tipo=ENVIAR_CORREO uuid=09b05d26-9877-45b6-bd36-f411d6a02628
2026-08-25 22:40:00.006 [sri-files-scheduler-4] [] INFO  c.e.s.s.RecuperarDevueltasScheduler - [SCHEDULER] INICIO recuperación facturas estado M @ 2026-08-25T22:40:00.006707700
2026-08-25 22:40:00.008 [task-58] [09b05d26-9877-45b6-bd36-f411d6a02628] INFO  c.e.s.batch.BatchProcessorService - Iniciando batch job 09b05d26-9877-45b6-bd36-f411d6a02628 tipo=ENVIAR_CORREO [batchJob=09b05d26-9877-45b6-bd36-f411d6a02628]
2026-08-25 22:40:00.009 [task-58] [09b05d26-9877-45b6-bd36-f411d6a02628] INFO  c.e.s.batch.BatchProcessorService - Documentos encontrados: 0 [batchJob=09b05d26-9877-45b6-bd36-f411d6a02628]
2026-08-25 22:40:00.011 [task-58] [09b05d26-9877-45b6-bd36-f411d6a02628] INFO  c.e.s.batch.BatchProcessorService - Batch job 09b05d26-9877-45b6-bd36-f411d6a02628 completado: Procesados: 0, Exitosos: 0, Fallidos: 0 [batchJob=09b05d26-9877-45b6-bd36-f411d6a02628]
2026-08-25 22:40:00.013 [sri-files-scheduler-1] [] INFO  c.e.s.batch.BatchJobScheduler - Batch automático ejecutado: tipo=ENVIAR_SRI uuid=ac551004-6214-4388-a79d-55d28ddd529b
2026-08-25 22:40:00.014 [task-59] [ac551004-6214-4388-a79d-55d28ddd529b] INFO  c.e.s.batch.BatchProcessorService - Iniciando batch job ac551004-6214-4388-a79d-55d28ddd529b tipo=ENVIAR_SRI [batchJob=ac551004-6214-4388-a79d-55d28ddd529b]
2026-08-25 22:40:00.015 [sri-files-scheduler-1] [] INFO  c.e.s.batch.BatchJobScheduler - Batch automático ejecutado: tipo=REINTENTAR_FALLIDOS uuid=b8cb6097-6cc6-4e35-bfe7-44210fe1b87a
2026-08-25 22:40:00.015 [task-59] [ac551004-6214-4388-a79d-55d28ddd529b] INFO  c.e.s.batch.BatchProcessorService - Documentos encontrados: 0 [batchJob=ac551004-6214-4388-a79d-55d28ddd529b]
2026-08-25 22:40:00.015 [task-59] [ac551004-6214-4388-a79d-55d28ddd529b] INFO  c.e.s.batch.BatchProcessorService - Batch job ac551004-6214-4388-a79d-55d28ddd529b completado: Procesados: 0, Exitosos: 0, Fallidos: 0 [batchJob=ac551004-6214-4388-a79d-55d28ddd529b]
2026-08-25 22:40:00.017 [task-60] [b8cb6097-6cc6-4e35-bfe7-44210fe1b87a] INFO  c.e.s.batch.BatchProcessorService - Iniciando batch job b8cb6097-6cc6-4e35-bfe7-44210fe1b87a tipo=REINTENTAR_FALLIDOS [batchJob=b8cb6097-6cc6-4e35-bfe7-44210fe1b87a]
2026-08-25 22:40:00.019 [task-60] [b8cb6097-6cc6-4e35-bfe7-44210fe1b87a] INFO  c.e.s.batch.BatchProcessorService - Documentos encontrados: 0 [batchJob=b8cb6097-6cc6-4e35-bfe7-44210fe1b87a]
2026-08-25 22:40:00.019 [task-60] [b8cb6097-6cc6-4e35-bfe7-44210fe1b87a] INFO  c.e.s.batch.BatchProcessorService - Batch job b8cb6097-6cc6-4e35-bfe7-44210fe1b87a completado: Procesados: 0, Exitosos: 0, Fallidos: 0 [batchJob=b8cb6097-6cc6-4e35-bfe7-44210fe1b87a]
2026-08-25 22:40:00.446 [sri-files-scheduler-4] [] INFO  c.erp.sri_files.services.SriGateway - Consultando autorización SRI: 1404202601046002881000120010130004401503286052418 [requestId=null]
2026-08-25 22:40:00.535 [sri-files-scheduler-4] [] ERROR c.erp.sri_files.services.SriGateway - Error consultando autorización [requestId=null]
jakarta.xml.ws.WebServiceException: javax.net.ssl.SSLHandshakeException: No subject alternative names matching IP address 181.113.227.222 found
	at com.sun.xml.ws.transport.http.client.HttpClientTransport.readResponseCodeAndMessage(HttpClientTransport.java:181)
	at com.sun.xml.ws.transport.http.client.HttpTransportPipe.createResponsePacket(HttpTransportPipe.java:227)
	at com.sun.xml.ws.transport.http.client.HttpTransportPipe.process(HttpTransportPipe.java:218)
	at com.sun.xml.ws.transport.http.client.HttpTransportPipe.processRequest(HttpTransportPipe.java:131)
	at com.sun.xml.ws.transport.DeferredTransportPipe.processRequest(DeferredTransportPipe.java:111)
	at com.sun.xml.ws.api.pipe.Fiber.__doRun(Fiber.java:1106)
	at com.sun.xml.ws.api.pipe.Fiber._doRun(Fiber.java:1020)
	at com.sun.xml.ws.api.pipe.Fiber.doRun(Fiber.java:989)
	at com.sun.xml.ws.api.pipe.Fiber.runSync(Fiber.java:847)
	at com.sun.xml.ws.client.Stub.process(Stub.java:431)
	at com.sun.xml.ws.client.sei.SEIStub.doProcess(SEIStub.java:160)
	at com.sun.xml.ws.client.sei.SyncMethodHandler.invoke(SyncMethodHandler.java:78)
	at com.sun.xml.ws.client.sei.SyncMethodHandler.invoke(SyncMethodHandler.java:62)
	at com.sun.xml.ws.client.sei.SEIStub.invoke(SEIStub.java:132)
	at jdk.proxy2/jdk.proxy2.$Proxy222.autorizacionComprobante(Unknown Source)
	at com.erp.sri_files.services.SendXmlToSriService.consultarAutorizacion(SendXmlToSriService.java:196)
	at com.erp.sri_files.services.SendXmlToSriService.consultarAutorizacion(SendXmlToSriService.java:180)
	at com.erp.sri_files.services.SriGateway.consultarAutorizacion(SriGateway.java:100)
	at com.erp.sri_files.scheduler.RecuperarDevueltasScheduler.recuperarFacturasDevueltas(RecuperarDevueltasScheduler.java:61)
	at java.base/jdk.internal.reflect.DirectMethodHandleAccessor.invoke(DirectMethodHandleAccessor.java:103)
	at java.base/java.lang.reflect.Method.invoke(Method.java:580)
	at org.springframework.scheduling.support.ScheduledMethodRunnable.runInternal(ScheduledMethodRunnable.java:130)
	at org.springframework.scheduling.support.ScheduledMethodRunnable.lambda$run$2(ScheduledMethodRunnable.java:124)
	at io.micrometer.observation.Observation.observe(Observation.java:498)
	at org.springframework.scheduling.support.ScheduledMethodRunnable.run(ScheduledMethodRunnable.java:124)
	at org.springframework.scheduling.config.Task$OutcomeTrackingRunnable.run(Task.java:85)
	at org.springframework.scheduling.support.DelegatingErrorHandlingRunnable.run(DelegatingErrorHandlingRunnable.java:54)
	at org.springframework.scheduling.concurrent.ReschedulingRunnable.run(ReschedulingRunnable.java:96)
	at java.base/java.util.concurrent.Executors$RunnableAdapter.call(Executors.java:572)
	at java.base/java.util.concurrent.FutureTask.run(FutureTask.java:317)
	at java.base/java.util.concurrent.ScheduledThreadPoolExecutor$ScheduledFutureTask.run(ScheduledThreadPoolExecutor.java:304)
	at java.base/java.util.concurrent.ThreadPoolExecutor.runWorker(ThreadPoolExecutor.java:1144)
	at java.base/java.util.concurrent.ThreadPoolExecutor$Worker.run(ThreadPoolExecutor.java:642)
	at java.base/java.lang.Thread.run(Thread.java:1583)
Caused by: javax.net.ssl.SSLHandshakeException: No subject alternative names matching IP address 181.113.227.222 found
	at java.base/sun.security.ssl.Alert.createSSLException(Alert.java:130)
	at java.base/sun.security.ssl.TransportContext.fatal(TransportContext.java:383)
	at java.base/sun.security.ssl.TransportContext.fatal(TransportContext.java:326)
	at java.base/sun.security.ssl.TransportContext.fatal(TransportContext.java:321)
	at java.base/sun.security.ssl.CertificateMessage$T12CertificateConsumer.checkServerCerts(CertificateMessage.java:647)
	at java.base/sun.security.ssl.CertificateMessage$T12CertificateConsumer.onCertificate(CertificateMessage.java:467)
	at java.base/sun.security.ssl.CertificateMessage$T12CertificateConsumer.consume(CertificateMessage.java:363)
	at java.base/sun.security.ssl.SSLHandshake.consume(SSLHandshake.java:393)
	at java.base/sun.security.ssl.HandshakeContext.dispatch(HandshakeContext.java:477)
	at java.base/sun.security.ssl.HandshakeContext.dispatch(HandshakeContext.java:448)
	at java.base/sun.security.ssl.TransportContext.dispatch(TransportContext.java:206)
	at java.base/sun.security.ssl.SSLTransport.decode(SSLTransport.java:172)
	at java.base/sun.security.ssl.SSLSocketImpl.decode(SSLSocketImpl.java:1506)
	at java.base/sun.security.ssl.SSLSocketImpl.readHandshakeRecord(SSLSocketImpl.java:1421)
	at java.base/sun.security.ssl.SSLSocketImpl.startHandshake(SSLSocketImpl.java:455)
	at java.base/sun.security.ssl.SSLSocketImpl.startHandshake(SSLSocketImpl.java:426)
	at java.base/sun.net.www.protocol.https.HttpsClient.afterConnect(HttpsClient.java:586)
	at java.base/sun.net.www.protocol.https.AbstractDelegateHttpsURLConnection.connect(AbstractDelegateHttpsURLConnection.java:187)
	at java.base/sun.net.www.protocol.http.HttpURLConnection.followRedirect0(HttpURLConnection.java:2914)
	at java.base/sun.net.www.protocol.http.HttpURLConnection.followRedirect(HttpURLConnection.java:2834)
	at java.base/sun.net.www.protocol.http.HttpURLConnection.getInputStream0(HttpURLConnection.java:1945)
	at java.base/sun.net.www.protocol.http.HttpURLConnection.getInputStream(HttpURLConnection.java:1615)
	at java.base/java.net.HttpURLConnection.getResponseCode(HttpURLConnection.java:531)
	at java.base/sun.net.www.protocol.https.HttpsURLConnectionImpl.getResponseCode(HttpsURLConnectionImpl.java:307)
	at com.sun.xml.ws.transport.http.client.HttpClientTransport.readResponseCodeAndMessage(HttpClientTransport.java:177)
	... 33 common frames omitted
Caused by: java.security.cert.CertificateException: No subject alternative names matching IP address 181.113.227.222 found
	at java.base/sun.security.util.HostnameChecker.matchIP(HostnameChecker.java:160)
	at java.base/sun.security.util.HostnameChecker.match(HostnameChecker.java:101)
	at java.base/sun.security.ssl.X509TrustManagerImpl.checkIdentity(X509TrustManagerImpl.java:466)
	at java.base/sun.security.ssl.X509TrustManagerImpl.checkIdentity(X509TrustManagerImpl.java:432)
	at java.base/sun.security.ssl.X509TrustManagerImpl.checkTrusted(X509TrustManagerImpl.java:237)
	at java.base/sun.security.ssl.X509TrustManagerImpl.checkServerTrusted(X509TrustManagerImpl.java:132)
	at java.base/sun.security.ssl.CertificateMessage$T12CertificateConsumer.checkServerCerts(CertificateMessage.java:631)
	... 53 common frames omitted
2026-08-25 22:40:01.108 [sri-files-scheduler-3] [] INFO  c.e.s.services.EnvioSriBatchService - No hay facturas pendientes estado=I
2026-08-25 22:40:01.108 [sri-files-scheduler-3] [] INFO  c.e.s.services.EnvioSriBatchService - [SCHEDULER][sri-files-scheduler-3] FIN automatizacionEnvioFacturasElectonicas | detectados=0 | exitosas=0 | fallidas=0 | duracionMs=1108
2026-08-25 22:40:02.285 [sri-files-scheduler-4] [] INFO  c.erp.sri_files.services.SriGateway - Consultando autorización SRI: 0106202601046002881000120010130004467655844807413 [requestId=null]
2026-08-25 22:40:03.805 [sri-files-scheduler-4] [] INFO  c.erp.sri_files.services.SriGateway - Consultando autorización SRI: 0106202601046002881000120010130004467663814502319 [requestId=null]
2026-08-25 22:40:05.272 [sri-files-scheduler-4] [] INFO  c.erp.sri_files.services.SriGateway - Consultando autorización SRI: 0106202601046002881000120010130004467672487545415 [requestId=null]
2026-08-25 22:40:06.661 [sri-files-scheduler-4] [] INFO  c.erp.sri_files.services.SriGateway - Consultando autorización SRI: 0106202601046002881000120010130004467688788375616 [requestId=null]
2026-08-25 22:40:07.792 [sri-files-scheduler-4] [] INFO  c.erp.sri_files.services.SriGateway - Consultando autorización SRI: 0106202601046002881000120010130004467698015158018 [requestId=null]
2026-08-25 22:40:09.244 [sri-files-scheduler-4] [] INFO  c.erp.sri_files.services.SriGateway - Consultando autorización SRI: 0106202601046002881000120010130004467702869302713 [requestId=null]
2026-08-25 22:40:10.526 [sri-files-scheduler-4] [] INFO  c.erp.sri_files.services.SriGateway - Consultando autorización SRI: 0106202601046002881000120010130004467714754173713 [requestId=null]
2026-08-25 22:40:11.771 [sri-files-scheduler-4] [] INFO  c.erp.sri_files.services.SriGateway - Consultando autorización SRI: 0106202601046002881000120010130004467724766549919 [requestId=null]
2026-08-25 22:40:13.081 [sri-files-scheduler-4] [] INFO  c.erp.sri_files.services.SriGateway - Consultando autorización SRI: 0912202501046002881000120020320000032555427589510 [requestId=null]
2026-08-25 22:40:14.345 [sri-files-scheduler-4] [] INFO  c.erp.sri_files.services.SriGateway - Consultando autorización SRI: 1401202601046002881000120020140000129863025101518 [requestId=null]
2026-08-25 22:40:15.468 [sri-files-scheduler-4] [] INFO  c.erp.sri_files.services.SriGateway - Consultando autorización SRI: 0902202601046002881000120020180003288277616301811 [requestId=null]
2026-08-25 22:40:16.646 [sri-files-scheduler-4] [] INFO  c.erp.sri_files.services.SriGateway - Consultando autorización SRI: 1703202601046002881000120020180003332589550583311 [requestId=null]
2026-08-25 22:40:16.718 [sri-files-scheduler-4] [] ERROR c.erp.sri_files.services.SriGateway - Error consultando autorización [requestId=null]
jakarta.xml.ws.WebServiceException: javax.net.ssl.SSLHandshakeException: No subject alternative names matching IP address 181.113.227.222 found
	at com.sun.xml.ws.transport.http.client.HttpClientTransport.readResponseCodeAndMessage(HttpClientTransport.java:181)
	at com.sun.xml.ws.transport.http.client.HttpTransportPipe.createResponsePacket(HttpTransportPipe.java:227)
	at com.sun.xml.ws.transport.http.client.HttpTransportPipe.process(HttpTransportPipe.java:218)
	at com.sun.xml.ws.transport.http.client.HttpTransportPipe.processRequest(HttpTransportPipe.java:131)
	at com.sun.xml.ws.transport.DeferredTransportPipe.processRequest(DeferredTransportPipe.java:111)
	at com.sun.xml.ws.api.pipe.Fiber.__doRun(Fiber.java:1106)
	at com.sun.xml.ws.api.pipe.Fiber._doRun(Fiber.java:1020)
	at com.sun.xml.ws.api.pipe.Fiber.doRun(Fiber.java:989)
	at com.sun.xml.ws.api.pipe.Fiber.runSync(Fiber.java:847)
	at com.sun.xml.ws.client.Stub.process(Stub.java:431)
	at com.sun.xml.ws.client.sei.SEIStub.doProcess(SEIStub.java:160)
	at com.sun.xml.ws.client.sei.SyncMethodHandler.invoke(SyncMethodHandler.java:78)
	at com.sun.xml.ws.client.sei.SyncMethodHandler.invoke(SyncMethodHandler.java:62)
	at com.sun.xml.ws.client.sei.SEIStub.invoke(SEIStub.java:132)
	at jdk.proxy2/jdk.proxy2.$Proxy222.autorizacionComprobante(Unknown Source)
	at com.erp.sri_files.services.SendXmlToSriService.consultarAutorizacion(SendXmlToSriService.java:196)
	at com.erp.sri_files.services.SendXmlToSriService.consultarAutorizacion(SendXmlToSriService.java:180)
	at com.erp.sri_files.services.SriGateway.consultarAutorizacion(SriGateway.java:100)
	at com.erp.sri_files.scheduler.RecuperarDevueltasScheduler.recuperarFacturasDevueltas(RecuperarDevueltasScheduler.java:61)
	at java.base/jdk.internal.reflect.DirectMethodHandleAccessor.invoke(DirectMethodHandleAccessor.java:103)
	at java.base/java.lang.reflect.Method.invoke(Method.java:580)
	at org.springframework.scheduling.support.ScheduledMethodRunnable.runInternal(ScheduledMethodRunnable.java:130)
	at org.springframework.scheduling.support.ScheduledMethodRunnable.lambda$run$2(ScheduledMethodRunnable.java:124)
	at io.micrometer.observation.Observation.observe(Observation.java:498)
	at org.springframework.scheduling.support.ScheduledMethodRunnable.run(ScheduledMethodRunnable.java:124)
	at org.springframework.scheduling.config.Task$OutcomeTrackingRunnable.run(Task.java:85)
	at org.springframework.scheduling.support.DelegatingErrorHandlingRunnable.run(DelegatingErrorHandlingRunnable.java:54)
	at org.springframework.scheduling.concurrent.ReschedulingRunnable.run(ReschedulingRunnable.java:96)
	at java.base/java.util.concurrent.Executors$RunnableAdapter.call(Executors.java:572)
	at java.base/java.util.concurrent.FutureTask.run(FutureTask.java:317)
	at java.base/java.util.concurrent.ScheduledThreadPoolExecutor$ScheduledFutureTask.run(ScheduledThreadPoolExecutor.java:304)
	at java.base/java.util.concurrent.ThreadPoolExecutor.runWorker(ThreadPoolExecutor.java:1144)
	at java.base/java.util.concurrent.ThreadPoolExecutor$Worker.run(ThreadPoolExecutor.java:642)
	at java.base/java.lang.Thread.run(Thread.java:1583)
Caused by: javax.net.ssl.SSLHandshakeException: No subject alternative names matching IP address 181.113.227.222 found
	at java.base/sun.security.ssl.Alert.createSSLException(Alert.java:130)
	at java.base/sun.security.ssl.TransportContext.fatal(TransportContext.java:383)
	at java.base/sun.security.ssl.TransportContext.fatal(TransportContext.java:326)
	at java.base/sun.security.ssl.TransportContext.fatal(TransportContext.java:321)
	at java.base/sun.security.ssl.CertificateMessage$T12CertificateConsumer.checkServerCerts(CertificateMessage.java:647)
	at java.base/sun.security.ssl.CertificateMessage$T12CertificateConsumer.onCertificate(CertificateMessage.java:467)
	at java.base/sun.security.ssl.CertificateMessage$T12CertificateConsumer.consume(CertificateMessage.java:363)
	at java.base/sun.security.ssl.SSLHandshake.consume(SSLHandshake.java:393)
	at java.base/sun.security.ssl.HandshakeContext.dispatch(HandshakeContext.java:477)
	at java.base/sun.security.ssl.HandshakeContext.dispatch(HandshakeContext.java:448)
	at java.base/sun.security.ssl.TransportContext.dispatch(TransportContext.java:206)
	at java.base/sun.security.ssl.SSLTransport.decode(SSLTransport.java:172)
	at java.base/sun.security.ssl.SSLSocketImpl.decode(SSLSocketImpl.java:1506)
	at java.base/sun.security.ssl.SSLSocketImpl.readHandshakeRecord(SSLSocketImpl.java:1421)
	at java.base/sun.security.ssl.SSLSocketImpl.startHandshake(SSLSocketImpl.java:455)
	at java.base/sun.security.ssl.SSLSocketImpl.startHandshake(SSLSocketImpl.java:426)
	at java.base/sun.net.www.protocol.https.HttpsClient.afterConnect(HttpsClient.java:586)
	at java.base/sun.net.www.protocol.https.AbstractDelegateHttpsURLConnection.connect(AbstractDelegateHttpsURLConnection.java:187)
	at java.base/sun.net.www.protocol.http.HttpURLConnection.followRedirect0(HttpURLConnection.java:2914)
	at java.base/sun.net.www.protocol.http.HttpURLConnection.followRedirect(HttpURLConnection.java:2834)
	at java.base/sun.net.www.protocol.http.HttpURLConnection.getInputStream0(HttpURLConnection.java:1945)
	at java.base/sun.net.www.protocol.http.HttpURLConnection.getInputStream(HttpURLConnection.java:1615)
	at java.base/java.net.HttpURLConnection.getResponseCode(HttpURLConnection.java:531)
	at java.base/sun.net.www.protocol.https.HttpsURLConnectionImpl.getResponseCode(HttpsURLConnectionImpl.java:307)
	at com.sun.xml.ws.transport.http.client.HttpClientTransport.readResponseCodeAndMessage(HttpClientTransport.java:177)
	... 33 common frames omitted
Caused by: java.security.cert.CertificateException: No subject alternative names matching IP address 181.113.227.222 found
	at java.base/sun.security.util.HostnameChecker.matchIP(HostnameChecker.java:160)
	at java.base/sun.security.util.HostnameChecker.match(HostnameChecker.java:101)
	at java.base/sun.security.ssl.X509TrustManagerImpl.checkIdentity(X509TrustManagerImpl.java:466)
	at java.base/sun.security.ssl.X509TrustManagerImpl.checkIdentity(X509TrustManagerImpl.java:432)
	at java.base/sun.security.ssl.X509TrustManagerImpl.checkTrusted(X509TrustManagerImpl.java:237)
	at java.base/sun.security.ssl.X509TrustManagerImpl.checkServerTrusted(X509TrustManagerImpl.java:132)
	at java.base/sun.security.ssl.CertificateMessage$T12CertificateConsumer.checkServerCerts(CertificateMessage.java:631)
	... 53 common frames omitted
2026-08-25 22:40:17.917 [sri-files-scheduler-4] [] INFO  c.erp.sri_files.services.SriGateway - Consultando autorización SRI: 2307202601046002881000120020320000046298280483518 [requestId=null]
2026-08-25 22:40:18.431 [sri-files-scheduler-4] [] INFO  c.erp.sri_files.services.SriGateway - Consultando autorización SRI: 2307202601046002881000120020320000046300124979011 [requestId=null]
2026-08-25 22:40:19.104 [sri-files-scheduler-4] [] INFO  c.erp.sri_files.services.SriGateway - Consultando autorización SRI: 2304202601046002881000120010130004416106535340311 [requestId=null]
2026-08-25 22:40:19.166 [sri-files-scheduler-4] [] ERROR c.erp.sri_files.services.SriGateway - Error consultando autorización [requestId=null]
jakarta.xml.ws.WebServiceException: javax.net.ssl.SSLHandshakeException: No subject alternative names matching IP address 181.113.227.222 found
	at com.sun.xml.ws.transport.http.client.HttpClientTransport.readResponseCodeAndMessage(HttpClientTransport.java:181)
	at com.sun.xml.ws.transport.http.client.HttpTransportPipe.createResponsePacket(HttpTransportPipe.java:227)
	at com.sun.xml.ws.transport.http.client.HttpTransportPipe.process(HttpTransportPipe.java:218)
	at com.sun.xml.ws.transport.http.client.HttpTransportPipe.processRequest(HttpTransportPipe.java:131)
	at com.sun.xml.ws.transport.DeferredTransportPipe.processRequest(DeferredTransportPipe.java:111)
	at com.sun.xml.ws.api.pipe.Fiber.__doRun(Fiber.java:1106)
	at com.sun.xml.ws.api.pipe.Fiber._doRun(Fiber.java:1020)
	at com.sun.xml.ws.api.pipe.Fiber.doRun(Fiber.java:989)
	at com.sun.xml.ws.api.pipe.Fiber.runSync(Fiber.java:847)
	at com.sun.xml.ws.client.Stub.process(Stub.java:431)
	at com.sun.xml.ws.client.sei.SEIStub.doProcess(SEIStub.java:160)
	at com.sun.xml.ws.client.sei.SyncMethodHandler.invoke(SyncMethodHandler.java:78)
	at com.sun.xml.ws.client.sei.SyncMethodHandler.invoke(SyncMethodHandler.java:62)
	at com.sun.xml.ws.client.sei.SEIStub.invoke(SEIStub.java:132)
	at jdk.proxy2/jdk.proxy2.$Proxy222.autorizacionComprobante(Unknown Source)
	at com.erp.sri_files.services.SendXmlToSriService.consultarAutorizacion(SendXmlToSriService.java:196)
	at com.erp.sri_files.services.SendXmlToSriService.consultarAutorizacion(SendXmlToSriService.java:180)
	at com.erp.sri_files.services.SriGateway.consultarAutorizacion(SriGateway.java:100)
	at com.erp.sri_files.scheduler.RecuperarDevueltasScheduler.recuperarFacturasDevueltas(RecuperarDevueltasScheduler.java:61)
	at java.base/jdk.internal.reflect.DirectMethodHandleAccessor.invoke(DirectMethodHandleAccessor.java:103)
	at java.base/java.lang.reflect.Method.invoke(Method.java:580)
	at org.springframework.scheduling.support.ScheduledMethodRunnable.runInternal(ScheduledMethodRunnable.java:130)
	at org.springframework.scheduling.support.ScheduledMethodRunnable.lambda$run$2(ScheduledMethodRunnable.java:124)
	at io.micrometer.observation.Observation.observe(Observation.java:498)
	at org.springframework.scheduling.support.ScheduledMethodRunnable.run(ScheduledMethodRunnable.java:124)
	at org.springframework.scheduling.config.Task$OutcomeTrackingRunnable.run(Task.java:85)
	at org.springframework.scheduling.support.DelegatingErrorHandlingRunnable.run(DelegatingErrorHandlingRunnable.java:54)
	at org.springframework.scheduling.concurrent.ReschedulingRunnable.run(ReschedulingRunnable.java:96)
	at java.base/java.util.concurrent.Executors$RunnableAdapter.call(Executors.java:572)
	at java.base/java.util.concurrent.FutureTask.run(FutureTask.java:317)
	at java.base/java.util.concurrent.ScheduledThreadPoolExecutor$ScheduledFutureTask.run(ScheduledThreadPoolExecutor.java:304)
	at java.base/java.util.concurrent.ThreadPoolExecutor.runWorker(ThreadPoolExecutor.java:1144)
	at java.base/java.util.concurrent.ThreadPoolExecutor$Worker.run(ThreadPoolExecutor.java:642)
	at java.base/java.lang.Thread.run(Thread.java:1583)
Caused by: javax.net.ssl.SSLHandshakeException: No subject alternative names matching IP address 181.113.227.222 found
	at java.base/sun.security.ssl.Alert.createSSLException(Alert.java:130)
	at java.base/sun.security.ssl.TransportContext.fatal(TransportContext.java:383)
	at java.base/sun.security.ssl.TransportContext.fatal(TransportContext.java:326)
	at java.base/sun.security.ssl.TransportContext.fatal(TransportContext.java:321)
	at java.base/sun.security.ssl.CertificateMessage$T12CertificateConsumer.checkServerCerts(CertificateMessage.java:647)
	at java.base/sun.security.ssl.CertificateMessage$T12CertificateConsumer.onCertificate(CertificateMessage.java:467)
	at java.base/sun.security.ssl.CertificateMessage$T12CertificateConsumer.consume(CertificateMessage.java:363)
	at java.base/sun.security.ssl.SSLHandshake.consume(SSLHandshake.java:393)
	at java.base/sun.security.ssl.HandshakeContext.dispatch(HandshakeContext.java:477)
	at java.base/sun.security.ssl.HandshakeContext.dispatch(HandshakeContext.java:448)
	at java.base/sun.security.ssl.TransportContext.dispatch(TransportContext.java:206)
	at java.base/sun.security.ssl.SSLTransport.decode(SSLTransport.java:172)
	at java.base/sun.security.ssl.SSLSocketImpl.decode(SSLSocketImpl.java:1506)
	at java.base/sun.security.ssl.SSLSocketImpl.readHandshakeRecord(SSLSocketImpl.java:1421)
	at java.base/sun.security.ssl.SSLSocketImpl.startHandshake(SSLSocketImpl.java:455)
	at java.base/sun.security.ssl.SSLSocketImpl.startHandshake(SSLSocketImpl.java:426)
	at java.base/sun.net.www.protocol.https.HttpsClient.afterConnect(HttpsClient.java:586)
	at java.base/sun.net.www.protocol.https.AbstractDelegateHttpsURLConnection.connect(AbstractDelegateHttpsURLConnection.java:187)
	at java.base/sun.net.www.protocol.http.HttpURLConnection.followRedirect0(HttpURLConnection.java:2914)
	at java.base/sun.net.www.protocol.http.HttpURLConnection.followRedirect(HttpURLConnection.java:2834)
	at java.base/sun.net.www.protocol.http.HttpURLConnection.getInputStream0(HttpURLConnection.java:1945)
	at java.base/sun.net.www.protocol.http.HttpURLConnection.getInputStream(HttpURLConnection.java:1615)
	at java.base/java.net.HttpURLConnection.getResponseCode(HttpURLConnection.java:531)
	at java.base/sun.net.www.protocol.https.HttpsURLConnectionImpl.getResponseCode(HttpsURLConnectionImpl.java:307)
	at com.sun.xml.ws.transport.http.client.HttpClientTransport.readResponseCodeAndMessage(HttpClientTransport.java:177)
	... 33 common frames omitted
Caused by: java.security.cert.CertificateException: No subject alternative names matching IP address 181.113.227.222 found
	at java.base/sun.security.util.HostnameChecker.matchIP(HostnameChecker.java:160)
	at java.base/sun.security.util.HostnameChecker.match(HostnameChecker.java:101)
	at java.base/sun.security.ssl.X509TrustManagerImpl.checkIdentity(X509TrustManagerImpl.java:466)
	at java.base/sun.security.ssl.X509TrustManagerImpl.checkIdentity(X509TrustManagerImpl.java:432)
	at java.base/sun.security.ssl.X509TrustManagerImpl.checkTrusted(X509TrustManagerImpl.java:237)
	at java.base/sun.security.ssl.X509TrustManagerImpl.checkServerTrusted(X509TrustManagerImpl.java:132)
	at java.base/sun.security.ssl.CertificateMessage$T12CertificateConsumer.checkServerCerts(CertificateMessage.java:631)
	... 53 common frames omitted
2026-08-25 22:40:19.801 [sri-files-scheduler-4] [] INFO  c.erp.sri_files.services.SriGateway - Consultando autorización SRI: 0312202501046002881000120020180003244738208475112 [requestId=null]
2026-08-25 22:40:19.894 [sri-files-scheduler-4] [] WARN  c.erp.sri_files.services.SriGateway - Comprobante NO AUTORIZADO: estado=NO AUTORIZADO
2026-08-25 22:40:20.298 [sri-files-scheduler-4] [] INFO  c.erp.sri_files.services.SriGateway - Consultando autorización SRI: 0202202601046002881000120020180003278092470755211 [requestId=null]
2026-08-25 22:40:20.403 [sri-files-scheduler-4] [] WARN  c.erp.sri_files.services.SriGateway - Comprobante NO AUTORIZADO: estado=NO AUTORIZADO
2026-08-25 22:40:20.961 [sri-files-scheduler-4] [] INFO  c.erp.sri_files.services.SriGateway - Consultando autorización SRI: 0212202501046002881000120010110001733932171946611 [requestId=null]
2026-08-25 22:40:21.453 [sri-files-scheduler-4] [] INFO  c.erp.sri_files.services.SriGateway - Consultando autorización SRI: 2602202601046002881000120010110001828140589877312 [requestId=null]
2026-08-25 22:40:21.515 [sri-files-scheduler-4] [] ERROR c.erp.sri_files.services.SriGateway - Error consultando autorización [requestId=null]
jakarta.xml.ws.WebServiceException: javax.net.ssl.SSLHandshakeException: No subject alternative names matching IP address 181.113.227.222 found
	at com.sun.xml.ws.transport.http.client.HttpClientTransport.readResponseCodeAndMessage(HttpClientTransport.java:181)
	at com.sun.xml.ws.transport.http.client.HttpTransportPipe.createResponsePacket(HttpTransportPipe.java:227)
	at com.sun.xml.ws.transport.http.client.HttpTransportPipe.process(HttpTransportPipe.java:218)
	at com.sun.xml.ws.transport.http.client.HttpTransportPipe.processRequest(HttpTransportPipe.java:131)
	at com.sun.xml.ws.transport.DeferredTransportPipe.processRequest(DeferredTransportPipe.java:111)
	at com.sun.xml.ws.api.pipe.Fiber.__doRun(Fiber.java:1106)
	at com.sun.xml.ws.api.pipe.Fiber._doRun(Fiber.java:1020)
	at com.sun.xml.ws.api.pipe.Fiber.doRun(Fiber.java:989)
	at com.sun.xml.ws.api.pipe.Fiber.runSync(Fiber.java:847)
	at com.sun.xml.ws.client.Stub.process(Stub.java:431)
	at com.sun.xml.ws.client.sei.SEIStub.doProcess(SEIStub.java:160)
	at com.sun.xml.ws.client.sei.SyncMethodHandler.invoke(SyncMethodHandler.java:78)
	at com.sun.xml.ws.client.sei.SyncMethodHandler.invoke(SyncMethodHandler.java:62)
	at com.sun.xml.ws.client.sei.SEIStub.invoke(SEIStub.java:132)
	at jdk.proxy2/jdk.proxy2.$Proxy222.autorizacionComprobante(Unknown Source)
	at com.erp.sri_files.services.SendXmlToSriService.consultarAutorizacion(SendXmlToSriService.java:196)
	at com.erp.sri_files.services.SendXmlToSriService.consultarAutorizacion(SendXmlToSriService.java:180)
	at com.erp.sri_files.services.SriGateway.consultarAutorizacion(SriGateway.java:100)
	at com.erp.sri_files.scheduler.RecuperarDevueltasScheduler.recuperarFacturasDevueltas(RecuperarDevueltasScheduler.java:61)
	at java.base/jdk.internal.reflect.DirectMethodHandleAccessor.invoke(DirectMethodHandleAccessor.java:103)
	at java.base/java.lang.reflect.Method.invoke(Method.java:580)
	at org.springframework.scheduling.support.ScheduledMethodRunnable.runInternal(ScheduledMethodRunnable.java:130)
	at org.springframework.scheduling.support.ScheduledMethodRunnable.lambda$run$2(ScheduledMethodRunnable.java:124)
	at io.micrometer.observation.Observation.observe(Observation.java:498)
	at org.springframework.scheduling.support.ScheduledMethodRunnable.run(ScheduledMethodRunnable.java:124)
	at org.springframework.scheduling.config.Task$OutcomeTrackingRunnable.run(Task.java:85)
	at org.springframework.scheduling.support.DelegatingErrorHandlingRunnable.run(DelegatingErrorHandlingRunnable.java:54)
	at org.springframework.scheduling.concurrent.ReschedulingRunnable.run(ReschedulingRunnable.java:96)
	at java.base/java.util.concurrent.Executors$RunnableAdapter.call(Executors.java:572)
	at java.base/java.util.concurrent.FutureTask.run(FutureTask.java:317)
	at java.base/java.util.concurrent.ScheduledThreadPoolExecutor$ScheduledFutureTask.run(ScheduledThreadPoolExecutor.java:304)
	at java.base/java.util.concurrent.ThreadPoolExecutor.runWorker(ThreadPoolExecutor.java:1144)
	at java.base/java.util.concurrent.ThreadPoolExecutor$Worker.run(ThreadPoolExecutor.java:642)
	at java.base/java.lang.Thread.run(Thread.java:1583)
Caused by: javax.net.ssl.SSLHandshakeException: No subject alternative names matching IP address 181.113.227.222 found
	at java.base/sun.security.ssl.Alert.createSSLException(Alert.java:130)
	at java.base/sun.security.ssl.TransportContext.fatal(TransportContext.java:383)
	at java.base/sun.security.ssl.TransportContext.fatal(TransportContext.java:326)
	at java.base/sun.security.ssl.TransportContext.fatal(TransportContext.java:321)
	at java.base/sun.security.ssl.CertificateMessage$T12CertificateConsumer.checkServerCerts(CertificateMessage.java:647)
	at java.base/sun.security.ssl.CertificateMessage$T12CertificateConsumer.onCertificate(CertificateMessage.java:467)
	at java.base/sun.security.ssl.CertificateMessage$T12CertificateConsumer.consume(CertificateMessage.java:363)
	at java.base/sun.security.ssl.SSLHandshake.consume(SSLHandshake.java:393)
	at java.base/sun.security.ssl.HandshakeContext.dispatch(HandshakeContext.java:477)
	at java.base/sun.security.ssl.HandshakeContext.dispatch(HandshakeContext.java:448)
	at java.base/sun.security.ssl.TransportContext.dispatch(TransportContext.java:206)
	at java.base/sun.security.ssl.SSLTransport.decode(SSLTransport.java:172)
	at java.base/sun.security.ssl.SSLSocketImpl.decode(SSLSocketImpl.java:1506)
	at java.base/sun.security.ssl.SSLSocketImpl.readHandshakeRecord(SSLSocketImpl.java:1421)
	at java.base/sun.security.ssl.SSLSocketImpl.startHandshake(SSLSocketImpl.java:455)
	at java.base/sun.security.ssl.SSLSocketImpl.startHandshake(SSLSocketImpl.java:426)
	at java.base/sun.net.www.protocol.https.HttpsClient.afterConnect(HttpsClient.java:586)
	at java.base/sun.net.www.protocol.https.AbstractDelegateHttpsURLConnection.connect(AbstractDelegateHttpsURLConnection.java:187)
	at java.base/sun.net.www.protocol.http.HttpURLConnection.followRedirect0(HttpURLConnection.java:2914)
	at java.base/sun.net.www.protocol.http.HttpURLConnection.followRedirect(HttpURLConnection.java:2834)
	at java.base/sun.net.www.protocol.http.HttpURLConnection.getInputStream0(HttpURLConnection.java:1945)
	at java.base/sun.net.www.protocol.http.HttpURLConnection.getInputStream(HttpURLConnection.java:1615)
	at java.base/java.net.HttpURLConnection.getResponseCode(HttpURLConnection.java:531)
	at java.base/sun.net.www.protocol.https.HttpsURLConnectionImpl.getResponseCode(HttpsURLConnectionImpl.java:307)
	at com.sun.xml.ws.transport.http.client.HttpClientTransport.readResponseCodeAndMessage(HttpClientTransport.java:177)
	... 33 common frames omitted
Caused by: java.security.cert.CertificateException: No subject alternative names matching IP address 181.113.227.222 found
	at java.base/sun.security.util.HostnameChecker.matchIP(HostnameChecker.java:160)
	at java.base/sun.security.util.HostnameChecker.match(HostnameChecker.java:101)
	at java.base/sun.security.ssl.X509TrustManagerImpl.checkIdentity(X509TrustManagerImpl.java:466)
	at java.base/sun.security.ssl.X509TrustManagerImpl.checkIdentity(X509TrustManagerImpl.java:432)
	at java.base/sun.security.ssl.X509TrustManagerImpl.checkTrusted(X509TrustManagerImpl.java:237)
	at java.base/sun.security.ssl.X509TrustManagerImpl.checkServerTrusted(X509TrustManagerImpl.java:132)
	at java.base/sun.security.ssl.CertificateMessage$T12CertificateConsumer.checkServerCerts(CertificateMessage.java:631)
	... 53 common frames omitted
2026-08-25 22:40:22.021 [sri-files-scheduler-4] [] INFO  c.e.s.s.RecuperarDevueltasScheduler - [SCHEDULER] FIN recuperación devueltas | detectadas=20 | recuperadas=0 | pendientes=20 | fallidas=0 | duracionMs=22015
2026-08-25 22:41:00.000 [sri-files-scheduler-1] [] INFO  c.e.s.s.NuevoDocumentoScheduler - [SCHEDULER][V1] INICIO envío pendientes @ 2026-08-25T22:41:00.000741800
2026-08-25 22:41:00.000 [sri-files-scheduler-3] [] INFO  c.e.s.services.EnvioSriBatchService - [SCHEDULER][sri-files-scheduler-3] INICIO automatizacionEnvioFacturasElectonicas @ 2026-08-25T22:41:00.000741800
2026-08-25 22:41:00.001 [sri-files-scheduler-3] [] INFO  c.e.s.services.EnvioSriBatchService - Ejecutando envio de facturas at=2026-08-25T22:41:00.001750400
2026-08-25 22:41:00.002 [sri-files-scheduler-1] [] INFO  c.e.s.s.NuevoDocumentoScheduler - [SCHEDULER][V1] FIN envío | detectados=0 | exitosos=0 | fallidos=0 | duracionMs=2
2026-08-25 22:41:01.109 [sri-files-scheduler-3] [] INFO  c.e.s.services.EnvioSriBatchService - No hay facturas pendientes estado=I
2026-08-25 22:41:01.109 [sri-files-scheduler-3] [] INFO  c.e.s.services.EnvioSriBatchService - [SCHEDULER][sri-files-scheduler-3] FIN automatizacionEnvioFacturasElectonicas | detectados=0 | exitosas=0 | fallidas=0 | duracionMs=1109
2026-08-25 22:42:00.000 [sri-files-scheduler-1] [] INFO  c.e.s.services.EnvioSriBatchService - [SCHEDULER][sri-files-scheduler-1] INICIO automatizacionEnvioFacturasElectonicas @ 2026-08-25T22:42:00.000385400
2026-08-25 22:42:00.000 [sri-files-scheduler-1] [] INFO  c.e.s.services.EnvioSriBatchService - Ejecutando envio de facturas at=2026-08-25T22:42:00.000385400
2026-08-25 22:42:00.003 [sri-files-scheduler-4] [] INFO  c.e.s.batch.BatchJobScheduler - Batch automático ejecutado: tipo=CONSULTAR_AUTORIZACION uuid=318f91db-8c3a-449f-b17e-396457d7fc03
2026-08-25 22:42:00.003 [sri-files-scheduler-4] [] INFO  c.e.s.s.NuevoDocumentoScheduler - [SCHEDULER][V1] INICIO envío pendientes @ 2026-08-25T22:42:00.003625700
2026-08-25 22:42:00.005 [task-61] [318f91db-8c3a-449f-b17e-396457d7fc03] INFO  c.e.s.batch.BatchProcessorService - Iniciando batch job 318f91db-8c3a-449f-b17e-396457d7fc03 tipo=CONSULTAR_AUTORIZACION [batchJob=318f91db-8c3a-449f-b17e-396457d7fc03]
2026-08-25 22:42:00.006 [sri-files-scheduler-4] [] INFO  c.e.s.s.NuevoDocumentoScheduler - [SCHEDULER][V1] FIN envío | detectados=0 | exitosos=0 | fallidos=0 | duracionMs=3
2026-08-25 22:42:00.007 [task-61] [318f91db-8c3a-449f-b17e-396457d7fc03] INFO  c.e.s.batch.BatchProcessorService - Documentos encontrados: 0 [batchJob=318f91db-8c3a-449f-b17e-396457d7fc03]
2026-08-25 22:42:00.007 [task-61] [318f91db-8c3a-449f-b17e-396457d7fc03] INFO  c.e.s.batch.BatchProcessorService - Batch job 318f91db-8c3a-449f-b17e-396457d7fc03 completado: Procesados: 0, Exitosos: 0, Fallidos: 0 [batchJob=318f91db-8c3a-449f-b17e-396457d7fc03]
2026-08-25 22:42:00.009 [sri-files-scheduler-3] [] INFO  c.e.s.batch.BatchJobScheduler - Batch automático ejecutado: tipo=ENVIAR_SRI uuid=6ec20bed-394d-42d1-a99c-f838b27529cc
2026-08-25 22:42:00.009 [task-62] [6ec20bed-394d-42d1-a99c-f838b27529cc] INFO  c.e.s.batch.BatchProcessorService - Iniciando batch job 6ec20bed-394d-42d1-a99c-f838b27529cc tipo=ENVIAR_SRI [batchJob=6ec20bed-394d-42d1-a99c-f838b27529cc]
2026-08-25 22:42:00.012 [task-62] [6ec20bed-394d-42d1-a99c-f838b27529cc] INFO  c.e.s.batch.BatchProcessorService - Documentos encontrados: 0 [batchJob=6ec20bed-394d-42d1-a99c-f838b27529cc]
2026-08-25 22:42:00.012 [task-62] [6ec20bed-394d-42d1-a99c-f838b27529cc] INFO  c.e.s.batch.BatchProcessorService - Batch job 6ec20bed-394d-42d1-a99c-f838b27529cc completado: Procesados: 0, Exitosos: 0, Fallidos: 0 [batchJob=6ec20bed-394d-42d1-a99c-f838b27529cc]
2026-08-25 22:42:01.368 [sri-files-scheduler-1] [] INFO  c.e.s.services.EnvioSriBatchService - No hay facturas pendientes estado=I
2026-08-25 22:42:01.369 [sri-files-scheduler-1] [] INFO  c.e.s.services.EnvioSriBatchService - [SCHEDULER][sri-files-scheduler-1] FIN automatizacionEnvioFacturasElectonicas | detectados=0 | exitosas=0 | fallidas=0 | duracionMs=1369
2026-08-25 22:42:29.999 [sri-files-scheduler-4] [] INFO  c.e.s.s.NuevoDocumentoScheduler - [SCHEDULER][V1] INICIO recuperación autorizaciones @ 2026-08-25T22:42:29.999968
2026-08-25 22:42:30.003 [sri-files-scheduler-4] [] INFO  c.e.s.s.NuevoDocumentoScheduler - [SCHEDULER][V1] FIN recuperación | detectados=0 | autorizados=0 | pendientes=0 | duracionMs=4
2026-08-25 22:43:00.000 [sri-files-scheduler-3] [] INFO  c.e.s.s.NuevoDocumentoScheduler - [SCHEDULER][V1] INICIO envío pendientes @ 2026-08-25T22:43:00.000744400
2026-08-25 22:43:00.002 [sri-files-scheduler-1] [] INFO  c.e.s.services.EnvioSriBatchService - [SCHEDULER][sri-files-scheduler-1] INICIO automatizacionEnvioFacturasElectonicas @ 2026-08-25T22:43:00.002744100
2026-08-25 22:43:00.002 [sri-files-scheduler-1] [] INFO  c.e.s.services.EnvioSriBatchService - Ejecutando envio de facturas at=2026-08-25T22:43:00.002744100
2026-08-25 22:43:00.004 [sri-files-scheduler-3] [] INFO  c.e.s.s.NuevoDocumentoScheduler - [SCHEDULER][V1] FIN envío | detectados=0 | exitosos=0 | fallidos=0 | duracionMs=4
2026-08-25 22:43:01.281 [sri-files-scheduler-1] [] INFO  c.e.s.services.EnvioSriBatchService - No hay facturas pendientes estado=I
2026-08-25 22:43:01.283 [sri-files-scheduler-1] [] INFO  c.e.s.services.EnvioSriBatchService - [SCHEDULER][sri-files-scheduler-1] FIN automatizacionEnvioFacturasElectonicas | detectados=0 | exitosas=0 | fallidas=0 | duracionMs=1281
2026-08-25 22:44:00.001 [sri-files-scheduler-3] [] INFO  c.e.s.s.NuevoDocumentoScheduler - [SCHEDULER][V1] INICIO envío pendientes @ 2026-08-25T22:44:00.001304200
2026-08-25 22:44:00.001 [sri-files-scheduler-1] [] INFO  c.e.s.services.EnvioSriBatchService - [SCHEDULER][sri-files-scheduler-1] INICIO automatizacionEnvioFacturasElectonicas @ 2026-08-25T22:44:00.001304200
2026-08-25 22:44:00.001 [sri-files-scheduler-1] [] INFO  c.e.s.services.EnvioSriBatchService - Ejecutando envio de facturas at=2026-08-25T22:44:00.001304200
2026-08-25 22:44:00.003 [sri-files-scheduler-3] [] INFO  c.e.s.s.NuevoDocumentoScheduler - [SCHEDULER][V1] FIN envío | detectados=0 | exitosos=0 | fallidos=0 | duracionMs=2
2026-08-25 22:44:00.006 [sri-files-scheduler-4] [] INFO  c.e.s.batch.BatchJobScheduler - Batch automático ejecutado: tipo=ENVIAR_SRI uuid=424c3c7f-559b-4bf0-a82f-79005fa4c857
2026-08-25 22:44:00.007 [task-63] [424c3c7f-559b-4bf0-a82f-79005fa4c857] INFO  c.e.s.batch.BatchProcessorService - Iniciando batch job 424c3c7f-559b-4bf0-a82f-79005fa4c857 tipo=ENVIAR_SRI [batchJob=424c3c7f-559b-4bf0-a82f-79005fa4c857]
2026-08-25 22:44:00.008 [sri-files-scheduler-3] [] INFO  c.e.s.batch.BatchJobScheduler - Batch automático ejecutado: tipo=ENVIAR_CORREO uuid=fb39b27a-da55-4c34-a655-5e62d4b1a08c
2026-08-25 22:44:00.009 [task-64] [fb39b27a-da55-4c34-a655-5e62d4b1a08c] INFO  c.e.s.batch.BatchProcessorService - Iniciando batch job fb39b27a-da55-4c34-a655-5e62d4b1a08c tipo=ENVIAR_CORREO [batchJob=fb39b27a-da55-4c34-a655-5e62d4b1a08c]
2026-08-25 22:44:00.009 [task-63] [424c3c7f-559b-4bf0-a82f-79005fa4c857] INFO  c.e.s.batch.BatchProcessorService - Documentos encontrados: 0 [batchJob=424c3c7f-559b-4bf0-a82f-79005fa4c857]
2026-08-25 22:44:00.009 [task-63] [424c3c7f-559b-4bf0-a82f-79005fa4c857] INFO  c.e.s.batch.BatchProcessorService - Batch job 424c3c7f-559b-4bf0-a82f-79005fa4c857 completado: Procesados: 0, Exitosos: 0, Fallidos: 0 [batchJob=424c3c7f-559b-4bf0-a82f-79005fa4c857]
2026-08-25 22:44:00.010 [task-64] [fb39b27a-da55-4c34-a655-5e62d4b1a08c] INFO  c.e.s.batch.BatchProcessorService - Documentos encontrados: 0 [batchJob=fb39b27a-da55-4c34-a655-5e62d4b1a08c]
2026-08-25 22:44:00.011 [task-64] [fb39b27a-da55-4c34-a655-5e62d4b1a08c] INFO  c.e.s.batch.BatchProcessorService - Batch job fb39b27a-da55-4c34-a655-5e62d4b1a08c completado: Procesados: 0, Exitosos: 0, Fallidos: 0 [batchJob=fb39b27a-da55-4c34-a655-5e62d4b1a08c]
2026-08-25 22:44:01.358 [sri-files-scheduler-1] [] INFO  c.e.s.services.EnvioSriBatchService - No hay facturas pendientes estado=I
2026-08-25 22:44:01.358 [sri-files-scheduler-1] [] INFO  c.e.s.services.EnvioSriBatchService - [SCHEDULER][sri-files-scheduler-1] FIN automatizacionEnvioFacturasElectonicas | detectados=0 | exitosas=0 | fallidas=0 | duracionMs=1357
2026-08-25 22:45:00.000 [sri-files-scheduler-3] [] INFO  c.e.s.s.NuevoDocumentoScheduler - [SCHEDULER][V1] INICIO envío pendientes @ 2026-08-25T22:45:00.000423
2026-08-25 22:45:00.001 [sri-files-scheduler-3] [] INFO  c.e.s.s.NuevoDocumentoScheduler - [SCHEDULER][V1] FIN envío | detectados=0 | exitosos=0 | fallidos=0 | duracionMs=1
2026-08-25 22:45:00.001 [sri-files-scheduler-3] [] INFO  c.e.s.s.RecuperarDevueltasScheduler - [SCHEDULER] INICIO recuperación facturas estado M @ 2026-08-25T22:45:00.001416200
2026-08-25 22:45:00.002 [sri-files-scheduler-1] [] INFO  c.e.s.services.EnvioSriBatchService - [SCHEDULER][sri-files-scheduler-1] INICIO automatizacionEnvioFacturasElectonicas @ 2026-08-25T22:45:00.002431900
2026-08-25 22:45:00.002 [sri-files-scheduler-1] [] INFO  c.e.s.services.EnvioSriBatchService - Ejecutando envio de facturas at=2026-08-25T22:45:00.002431900
2026-08-25 22:45:00.006 [sri-files-scheduler-4] [] INFO  c.e.s.batch.BatchJobScheduler - Batch automático ejecutado: tipo=REINTENTAR_FALLIDOS uuid=3fc17b4a-f96e-4d49-8884-55a11ed5b533
2026-08-25 22:45:00.007 [task-65] [3fc17b4a-f96e-4d49-8884-55a11ed5b533] INFO  c.e.s.batch.BatchProcessorService - Iniciando batch job 3fc17b4a-f96e-4d49-8884-55a11ed5b533 tipo=REINTENTAR_FALLIDOS [batchJob=3fc17b4a-f96e-4d49-8884-55a11ed5b533]
2026-08-25 22:45:00.008 [sri-files-scheduler-4] [] INFO  c.e.s.batch.BatchJobScheduler - Batch automático ejecutado: tipo=CONSULTAR_AUTORIZACION uuid=88e7a0c0-89a7-4fec-b363-c9c59cdea24d
2026-08-25 22:45:00.008 [task-65] [3fc17b4a-f96e-4d49-8884-55a11ed5b533] INFO  c.e.s.batch.BatchProcessorService - Documentos encontrados: 0 [batchJob=3fc17b4a-f96e-4d49-8884-55a11ed5b533]
2026-08-25 22:45:00.009 [task-65] [3fc17b4a-f96e-4d49-8884-55a11ed5b533] INFO  c.e.s.batch.BatchProcessorService - Batch job 3fc17b4a-f96e-4d49-8884-55a11ed5b533 completado: Procesados: 0, Exitosos: 0, Fallidos: 0 [batchJob=3fc17b4a-f96e-4d49-8884-55a11ed5b533]
2026-08-25 22:45:00.009 [task-66] [88e7a0c0-89a7-4fec-b363-c9c59cdea24d] INFO  c.e.s.batch.BatchProcessorService - Iniciando batch job 88e7a0c0-89a7-4fec-b363-c9c59cdea24d tipo=CONSULTAR_AUTORIZACION [batchJob=88e7a0c0-89a7-4fec-b363-c9c59cdea24d]
2026-08-25 22:45:00.010 [task-66] [88e7a0c0-89a7-4fec-b363-c9c59cdea24d] INFO  c.e.s.batch.BatchProcessorService - Documentos encontrados: 0 [batchJob=88e7a0c0-89a7-4fec-b363-c9c59cdea24d]
2026-08-25 22:45:00.010 [task-66] [88e7a0c0-89a7-4fec-b363-c9c59cdea24d] INFO  c.e.s.batch.BatchProcessorService - Batch job 88e7a0c0-89a7-4fec-b363-c9c59cdea24d completado: Procesados: 0, Exitosos: 0, Fallidos: 0 [batchJob=88e7a0c0-89a7-4fec-b363-c9c59cdea24d]
2026-08-25 22:45:00.547 [sri-files-scheduler-3] [] INFO  c.erp.sri_files.services.SriGateway - Consultando autorización SRI: 1404202601046002881000120010130004401503286052418 [requestId=null]
2026-08-25 22:45:01.361 [sri-files-scheduler-1] [] INFO  c.e.s.services.EnvioSriBatchService - No hay facturas pendientes estado=I
2026-08-25 22:45:01.361 [sri-files-scheduler-1] [] INFO  c.e.s.services.EnvioSriBatchService - [SCHEDULER][sri-files-scheduler-1] FIN automatizacionEnvioFacturasElectonicas | detectados=0 | exitosas=0 | fallidas=0 | duracionMs=1359
2026-08-25 22:45:02.461 [sri-files-scheduler-3] [] INFO  c.erp.sri_files.services.SriGateway - Consultando autorización SRI: 0106202601046002881000120010130004467655844807413 [requestId=null]
2026-08-25 22:45:04.195 [sri-files-scheduler-3] [] INFO  c.erp.sri_files.services.SriGateway - Consultando autorización SRI: 0106202601046002881000120010130004467663814502319 [requestId=null]
2026-08-25 22:45:05.821 [sri-files-scheduler-3] [] INFO  c.erp.sri_files.services.SriGateway - Consultando autorización SRI: 0106202601046002881000120010130004467672487545415 [requestId=null]
2026-08-25 22:45:07.407 [sri-files-scheduler-3] [] INFO  c.erp.sri_files.services.SriGateway - Consultando autorización SRI: 0106202601046002881000120010130004467688788375616 [requestId=null]
2026-08-25 22:45:08.958 [sri-files-scheduler-3] [] INFO  c.erp.sri_files.services.SriGateway - Consultando autorización SRI: 0106202601046002881000120010130004467698015158018 [requestId=null]
2026-08-25 22:45:10.877 [sri-files-scheduler-3] [] INFO  c.erp.sri_files.services.SriGateway - Consultando autorización SRI: 0106202601046002881000120010130004467702869302713 [requestId=null]
2026-08-25 22:45:12.203 [sri-files-scheduler-3] [] INFO  c.erp.sri_files.services.SriGateway - Consultando autorización SRI: 0106202601046002881000120010130004467714754173713 [requestId=null]
2026-08-25 22:45:13.560 [sri-files-scheduler-3] [] INFO  c.erp.sri_files.services.SriGateway - Consultando autorización SRI: 0106202601046002881000120010130004467724766549919 [requestId=null]
2026-08-25 22:45:14.891 [sri-files-scheduler-3] [] INFO  c.erp.sri_files.services.SriGateway - Consultando autorización SRI: 0912202501046002881000120020320000032555427589510 [requestId=null]
2026-08-25 22:45:16.076 [sri-files-scheduler-3] [] INFO  c.erp.sri_files.services.SriGateway - Consultando autorización SRI: 1401202601046002881000120020140000129863025101518 [requestId=null]
2026-08-25 22:45:17.581 [sri-files-scheduler-3] [] INFO  c.erp.sri_files.services.SriGateway - Consultando autorización SRI: 0902202601046002881000120020180003288277616301811 [requestId=null]
2026-08-25 22:45:19.065 [sri-files-scheduler-3] [] INFO  c.erp.sri_files.services.SriGateway - Consultando autorización SRI: 1703202601046002881000120020180003332589550583311 [requestId=null]
2026-08-25 22:45:20.361 [sri-files-scheduler-3] [] INFO  c.erp.sri_files.services.SriGateway - Consultando autorización SRI: 2307202601046002881000120020320000046298280483518 [requestId=null]
2026-08-25 22:45:20.937 [sri-files-scheduler-3] [] INFO  c.erp.sri_files.services.SriGateway - Consultando autorización SRI: 2307202601046002881000120020320000046300124979011 [requestId=null]
2026-08-25 22:45:21.455 [sri-files-scheduler-3] [] INFO  c.erp.sri_files.services.SriGateway - Consultando autorización SRI: 2304202601046002881000120010130004416106535340311 [requestId=null]
2026-08-25 22:45:22.137 [sri-files-scheduler-3] [] INFO  c.erp.sri_files.services.SriGateway - Consultando autorización SRI: 0312202501046002881000120020180003244738208475112 [requestId=null]
2026-08-25 22:45:22.238 [sri-files-scheduler-3] [] WARN  c.erp.sri_files.services.SriGateway - Comprobante NO AUTORIZADO: estado=NO AUTORIZADO
2026-08-25 22:45:22.636 [sri-files-scheduler-3] [] INFO  c.erp.sri_files.services.SriGateway - Consultando autorización SRI: 0202202601046002881000120020180003278092470755211 [requestId=null]
2026-08-25 22:45:22.742 [sri-files-scheduler-3] [] WARN  c.erp.sri_files.services.SriGateway - Comprobante NO AUTORIZADO: estado=NO AUTORIZADO
2026-08-25 22:45:23.182 [sri-files-scheduler-3] [] INFO  c.erp.sri_files.services.SriGateway - Consultando autorización SRI: 0212202501046002881000120010110001733932171946611 [requestId=null]
2026-08-25 22:45:23.776 [sri-files-scheduler-3] [] INFO  c.erp.sri_files.services.SriGateway - Consultando autorización SRI: 2602202601046002881000120010110001828140589877312 [requestId=null]
2026-08-25 22:45:24.420 [sri-files-scheduler-3] [] INFO  c.e.s.s.RecuperarDevueltasScheduler - [SCHEDULER] FIN recuperación devueltas | detectadas=20 | recuperadas=0 | pendientes=20 | fallidas=0 | duracionMs=24419
2026-08-25 22:45:30.001 [sri-files-scheduler-4] [] INFO  c.e.s.s.NuevoDocumentoScheduler - [SCHEDULER][V1] INICIO recuperación autorizaciones @ 2026-08-25T22:45:30.001339200
2026-08-25 22:45:30.002 [sri-files-scheduler-4] [] INFO  c.e.s.s.NuevoDocumentoScheduler - [SCHEDULER][V1] FIN recuperación | detectados=0 | autorizados=0 | pendientes=0 | duracionMs=1
2026-08-25 22:46:00.002 [sri-files-scheduler-3] [] INFO  c.e.s.s.NuevoDocumentoScheduler - [SCHEDULER][V1] INICIO envío pendientes @ 2026-08-25T22:46:00.002029700
2026-08-25 22:46:00.002 [sri-files-scheduler-4] [] INFO  c.e.s.services.EnvioSriBatchService - [SCHEDULER][sri-files-scheduler-4] INICIO automatizacionEnvioFacturasElectonicas @ 2026-08-25T22:46:00.002029700
2026-08-25 22:46:00.002 [sri-files-scheduler-4] [] INFO  c.e.s.services.EnvioSriBatchService - Ejecutando envio de facturas at=2026-08-25T22:46:00.002029700
2026-08-25 22:46:00.003 [sri-files-scheduler-1] [] INFO  c.e.s.batch.BatchJobScheduler - Batch automático ejecutado: tipo=ENVIAR_SRI uuid=7fc3fffb-8b25-4e5d-b146-7b0d3b7f1796
2026-08-25 22:46:00.003 [sri-files-scheduler-3] [] INFO  c.e.s.s.NuevoDocumentoScheduler - [SCHEDULER][V1] FIN envío | detectados=0 | exitosos=0 | fallidos=0 | duracionMs=1
2026-08-25 22:46:00.003 [task-67] [7fc3fffb-8b25-4e5d-b146-7b0d3b7f1796] INFO  c.e.s.batch.BatchProcessorService - Iniciando batch job 7fc3fffb-8b25-4e5d-b146-7b0d3b7f1796 tipo=ENVIAR_SRI [batchJob=7fc3fffb-8b25-4e5d-b146-7b0d3b7f1796]
2026-08-25 22:46:00.004 [task-67] [7fc3fffb-8b25-4e5d-b146-7b0d3b7f1796] INFO  c.e.s.batch.BatchProcessorService - Documentos encontrados: 0 [batchJob=7fc3fffb-8b25-4e5d-b146-7b0d3b7f1796]
2026-08-25 22:46:00.004 [task-67] [7fc3fffb-8b25-4e5d-b146-7b0d3b7f1796] INFO  c.e.s.batch.BatchProcessorService - Batch job 7fc3fffb-8b25-4e5d-b146-7b0d3b7f1796 completado: Procesados: 0, Exitosos: 0, Fallidos: 0 [batchJob=7fc3fffb-8b25-4e5d-b146-7b0d3b7f1796]
2026-08-25 22:46:01.154 [sri-files-scheduler-4] [] INFO  c.e.s.services.EnvioSriBatchService - No hay facturas pendientes estado=I
2026-08-25 22:46:01.155 [sri-files-scheduler-4] [] INFO  c.e.s.services.EnvioSriBatchService - [SCHEDULER][sri-files-scheduler-4] FIN automatizacionEnvioFacturasElectonicas | detectados=0 | exitosas=0 | fallidas=0 | duracionMs=1153
2026-08-25 22:47:00.000 [sri-files-scheduler-3] [] INFO  c.e.s.s.NuevoDocumentoScheduler - [SCHEDULER][V1] INICIO envío pendientes @ 2026-08-25T22:47:00.000694600
2026-08-25 22:47:00.000 [sri-files-scheduler-1] [] INFO  c.e.s.services.EnvioSriBatchService - [SCHEDULER][sri-files-scheduler-1] INICIO automatizacionEnvioFacturasElectonicas @ 2026-08-25T22:47:00.000694600
2026-08-25 22:47:00.000 [sri-files-scheduler-1] [] INFO  c.e.s.services.EnvioSriBatchService - Ejecutando envio de facturas at=2026-08-25T22:47:00.000694600
2026-08-25 22:47:00.003 [sri-files-scheduler-3] [] INFO  c.e.s.s.NuevoDocumentoScheduler - [SCHEDULER][V1] FIN envío | detectados=0 | exitosos=0 | fallidos=0 | duracionMs=3
2026-08-25 22:47:01.148 [sri-files-scheduler-1] [] INFO  c.e.s.services.EnvioSriBatchService - No hay facturas pendientes estado=I
2026-08-25 22:47:01.148 [sri-files-scheduler-1] [] INFO  c.e.s.services.EnvioSriBatchService - [SCHEDULER][sri-files-scheduler-1] FIN automatizacionEnvioFacturasElectonicas | detectados=0 | exitosas=0 | fallidas=0 | duracionMs=1148
2026-08-25 22:48:00.002 [sri-files-scheduler-1] [] INFO  c.e.s.services.EnvioSriBatchService - [SCHEDULER][sri-files-scheduler-1] INICIO automatizacionEnvioFacturasElectonicas @ 2026-08-25T22:48:00.002639
2026-08-25 22:48:00.003 [sri-files-scheduler-1] [] INFO  c.e.s.services.EnvioSriBatchService - Ejecutando envio de facturas at=2026-08-25T22:48:00.003778900
2026-08-25 22:48:00.006 [sri-files-scheduler-4] [] INFO  c.e.s.batch.BatchJobScheduler - Batch automático ejecutado: tipo=ENVIAR_CORREO uuid=1a8f1579-f89d-495a-8f58-c3c4ac5ef598
2026-08-25 22:48:00.006 [sri-files-scheduler-3] [] INFO  c.e.s.batch.BatchJobScheduler - Batch automático ejecutado: tipo=ENVIAR_SRI uuid=d62217cf-edca-4efb-a455-b3dde67f2776
2026-08-25 22:48:00.007 [sri-files-scheduler-3] [] INFO  c.e.s.s.NuevoDocumentoScheduler - [SCHEDULER][V1] INICIO envío pendientes @ 2026-08-25T22:48:00.007161
2026-08-25 22:48:00.007 [task-68] [1a8f1579-f89d-495a-8f58-c3c4ac5ef598] INFO  c.e.s.batch.BatchProcessorService - Iniciando batch job 1a8f1579-f89d-495a-8f58-c3c4ac5ef598 tipo=ENVIAR_CORREO [batchJob=1a8f1579-f89d-495a-8f58-c3c4ac5ef598]
2026-08-25 22:48:00.008 [task-69] [d62217cf-edca-4efb-a455-b3dde67f2776] INFO  c.e.s.batch.BatchProcessorService - Iniciando batch job d62217cf-edca-4efb-a455-b3dde67f2776 tipo=ENVIAR_SRI [batchJob=d62217cf-edca-4efb-a455-b3dde67f2776]
2026-08-25 22:48:00.008 [sri-files-scheduler-3] [] INFO  c.e.s.s.NuevoDocumentoScheduler - [SCHEDULER][V1] FIN envío | detectados=0 | exitosos=0 | fallidos=0 | duracionMs=1
2026-08-25 22:48:00.009 [task-69] [d62217cf-edca-4efb-a455-b3dde67f2776] INFO  c.e.s.batch.BatchProcessorService - Documentos encontrados: 0 [batchJob=d62217cf-edca-4efb-a455-b3dde67f2776]
2026-08-25 22:48:00.009 [task-68] [1a8f1579-f89d-495a-8f58-c3c4ac5ef598] INFO  c.e.s.batch.BatchProcessorService - Documentos encontrados: 0 [batchJob=1a8f1579-f89d-495a-8f58-c3c4ac5ef598]
2026-08-25 22:48:00.009 [task-69] [d62217cf-edca-4efb-a455-b3dde67f2776] INFO  c.e.s.batch.BatchProcessorService - Batch job d62217cf-edca-4efb-a455-b3dde67f2776 completado: Procesados: 0, Exitosos: 0, Fallidos: 0 [batchJob=d62217cf-edca-4efb-a455-b3dde67f2776]
2026-08-25 22:48:00.009 [task-68] [1a8f1579-f89d-495a-8f58-c3c4ac5ef598] INFO  c.e.s.batch.BatchProcessorService - Batch job 1a8f1579-f89d-495a-8f58-c3c4ac5ef598 completado: Procesados: 0, Exitosos: 0, Fallidos: 0 [batchJob=1a8f1579-f89d-495a-8f58-c3c4ac5ef598]
2026-08-25 22:48:00.012 [sri-files-scheduler-4] [] INFO  c.e.s.batch.BatchJobScheduler - Batch automático ejecutado: tipo=CONSULTAR_AUTORIZACION uuid=e89c6018-6bd0-452c-9e02-b742577a7bdb
2026-08-25 22:48:00.013 [task-70] [e89c6018-6bd0-452c-9e02-b742577a7bdb] INFO  c.e.s.batch.BatchProcessorService - Iniciando batch job e89c6018-6bd0-452c-9e02-b742577a7bdb tipo=CONSULTAR_AUTORIZACION [batchJob=e89c6018-6bd0-452c-9e02-b742577a7bdb]
2026-08-25 22:48:00.014 [task-70] [e89c6018-6bd0-452c-9e02-b742577a7bdb] INFO  c.e.s.batch.BatchProcessorService - Documentos encontrados: 0 [batchJob=e89c6018-6bd0-452c-9e02-b742577a7bdb]
2026-08-25 22:48:00.014 [task-70] [e89c6018-6bd0-452c-9e02-b742577a7bdb] INFO  c.e.s.batch.BatchProcessorService - Batch job e89c6018-6bd0-452c-9e02-b742577a7bdb completado: Procesados: 0, Exitosos: 0, Fallidos: 0 [batchJob=e89c6018-6bd0-452c-9e02-b742577a7bdb]
2026-08-25 22:48:01.191 [sri-files-scheduler-1] [] INFO  c.e.s.services.EnvioSriBatchService - No hay facturas pendientes estado=I
2026-08-25 22:48:01.192 [sri-files-scheduler-1] [] INFO  c.e.s.services.EnvioSriBatchService - [SCHEDULER][sri-files-scheduler-1] FIN automatizacionEnvioFacturasElectonicas | detectados=0 | exitosas=0 | fallidas=0 | duracionMs=1190
2026-08-25 22:48:30.000 [sri-files-scheduler-3] [] INFO  c.e.s.s.NuevoDocumentoScheduler - [SCHEDULER][V1] INICIO recuperación autorizaciones @ 2026-08-25T22:48:30.000997600
2026-08-25 22:48:30.001 [sri-files-scheduler-3] [] INFO  c.e.s.s.NuevoDocumentoScheduler - [SCHEDULER][V1] FIN recuperación | detectados=0 | autorizados=0 | pendientes=0 | duracionMs=1
2026-08-25 22:49:00.001 [sri-files-scheduler-4] [] INFO  c.e.s.s.NuevoDocumentoScheduler - [SCHEDULER][V1] INICIO envío pendientes @ 2026-08-25T22:49:00.001138700
2026-08-25 22:49:00.001 [sri-files-scheduler-1] [] INFO  c.e.s.services.EnvioSriBatchService - [SCHEDULER][sri-files-scheduler-1] INICIO automatizacionEnvioFacturasElectonicas @ 2026-08-25T22:49:00.001138700
2026-08-25 22:49:00.001 [sri-files-scheduler-1] [] INFO  c.e.s.services.EnvioSriBatchService - Ejecutando envio de facturas at=2026-08-25T22:49:00.001138700
2026-08-25 22:49:00.002 [sri-files-scheduler-4] [] INFO  c.e.s.s.NuevoDocumentoScheduler - [SCHEDULER][V1] FIN envío | detectados=0 | exitosos=0 | fallidos=0 | duracionMs=1
2026-08-25 22:49:01.221 [sri-files-scheduler-1] [] INFO  c.e.s.services.EnvioSriBatchService - No hay facturas pendientes estado=I
2026-08-25 22:49:01.222 [sri-files-scheduler-1] [] INFO  c.e.s.services.EnvioSriBatchService - [SCHEDULER][sri-files-scheduler-1] FIN automatizacionEnvioFacturasElectonicas | detectados=0 | exitosas=0 | fallidas=0 | duracionMs=1221
2026-08-25 22:50:00.000 [sri-files-scheduler-4] [] INFO  c.e.s.s.NuevoDocumentoScheduler - [SCHEDULER][V1] INICIO envío pendientes @ 2026-08-25T22:50:00.000233900
2026-08-25 22:50:00.000 [sri-files-scheduler-1] [] INFO  c.e.s.s.RecuperarDevueltasScheduler - [SCHEDULER] INICIO recuperación facturas estado M @ 2026-08-25T22:50:00.000233900
2026-08-25 22:50:00.002 [sri-files-scheduler-4] [] INFO  c.e.s.s.NuevoDocumentoScheduler - [SCHEDULER][V1] FIN envío | detectados=0 | exitosos=0 | fallidos=0 | duracionMs=2
2026-08-25 22:50:00.002 [sri-files-scheduler-4] [] INFO  c.e.s.services.EnvioSriBatchService - [SCHEDULER][sri-files-scheduler-4] INICIO automatizacionEnvioFacturasElectonicas @ 2026-08-25T22:50:00.002235200
2026-08-25 22:50:00.002 [sri-files-scheduler-4] [] INFO  c.e.s.services.EnvioSriBatchService - Ejecutando envio de facturas at=2026-08-25T22:50:00.002235200
2026-08-25 22:50:00.004 [sri-files-scheduler-3] [] INFO  c.e.s.batch.BatchJobScheduler - Batch automático ejecutado: tipo=ENVIAR_SRI uuid=0eec8b26-c703-420a-a3d2-9ecd677fb5e7
2026-08-25 22:50:00.006 [task-71] [0eec8b26-c703-420a-a3d2-9ecd677fb5e7] INFO  c.e.s.batch.BatchProcessorService - Iniciando batch job 0eec8b26-c703-420a-a3d2-9ecd677fb5e7 tipo=ENVIAR_SRI [batchJob=0eec8b26-c703-420a-a3d2-9ecd677fb5e7]
2026-08-25 22:50:00.009 [task-71] [0eec8b26-c703-420a-a3d2-9ecd677fb5e7] INFO  c.e.s.batch.BatchProcessorService - Documentos encontrados: 0 [batchJob=0eec8b26-c703-420a-a3d2-9ecd677fb5e7]
2026-08-25 22:50:00.009 [task-71] [0eec8b26-c703-420a-a3d2-9ecd677fb5e7] INFO  c.e.s.batch.BatchProcessorService - Batch job 0eec8b26-c703-420a-a3d2-9ecd677fb5e7 completado: Procesados: 0, Exitosos: 0, Fallidos: 0 [batchJob=0eec8b26-c703-420a-a3d2-9ecd677fb5e7]
2026-08-25 22:50:00.011 [sri-files-scheduler-3] [] INFO  c.e.s.batch.BatchJobScheduler - Batch automático ejecutado: tipo=REINTENTAR_FALLIDOS uuid=f6fc0ca0-57fe-477d-b0f8-3f4ad49212c5
2026-08-25 22:50:00.012 [task-72] [f6fc0ca0-57fe-477d-b0f8-3f4ad49212c5] INFO  c.e.s.batch.BatchProcessorService - Iniciando batch job f6fc0ca0-57fe-477d-b0f8-3f4ad49212c5 tipo=REINTENTAR_FALLIDOS [batchJob=f6fc0ca0-57fe-477d-b0f8-3f4ad49212c5]
2026-08-25 22:50:00.014 [task-72] [f6fc0ca0-57fe-477d-b0f8-3f4ad49212c5] INFO  c.e.s.batch.BatchProcessorService - Documentos encontrados: 0 [batchJob=f6fc0ca0-57fe-477d-b0f8-3f4ad49212c5]
2026-08-25 22:50:00.014 [task-72] [f6fc0ca0-57fe-477d-b0f8-3f4ad49212c5] INFO  c.e.s.batch.BatchProcessorService - Batch job f6fc0ca0-57fe-477d-b0f8-3f4ad49212c5 completado: Procesados: 0, Exitosos: 0, Fallidos: 0 [batchJob=f6fc0ca0-57fe-477d-b0f8-3f4ad49212c5]
2026-08-25 22:50:00.517 [sri-files-scheduler-1] [] INFO  c.erp.sri_files.services.SriGateway - Consultando autorización SRI: 1404202601046002881000120010130004401503286052418 [requestId=null]
2026-08-25 22:50:01.254 [sri-files-scheduler-4] [] INFO  c.e.s.services.EnvioSriBatchService - No hay facturas pendientes estado=I
2026-08-25 22:50:01.255 [sri-files-scheduler-4] [] INFO  c.e.s.services.EnvioSriBatchService - [SCHEDULER][sri-files-scheduler-4] FIN automatizacionEnvioFacturasElectonicas | detectados=0 | exitosas=0 | fallidas=0 | duracionMs=1253
2026-08-25 22:50:02.328 [sri-files-scheduler-1] [] INFO  c.erp.sri_files.services.SriGateway - Consultando autorización SRI: 0106202601046002881000120010130004467655844807413 [requestId=null]
2026-08-25 22:50:04.296 [sri-files-scheduler-1] [] INFO  c.erp.sri_files.services.SriGateway - Consultando autorización SRI: 0106202601046002881000120010130004467663814502319 [requestId=null]
2026-08-25 22:50:05.894 [sri-files-scheduler-1] [] INFO  c.erp.sri_files.services.SriGateway - Consultando autorización SRI: 0106202601046002881000120010130004467672487545415 [requestId=null]
2026-08-25 22:50:07.638 [sri-files-scheduler-1] [] INFO  c.erp.sri_files.services.SriGateway - Consultando autorización SRI: 0106202601046002881000120010130004467688788375616 [requestId=null]
2026-08-25 22:50:08.942 [sri-files-scheduler-1] [] INFO  c.erp.sri_files.services.SriGateway - Consultando autorización SRI: 0106202601046002881000120010130004467698015158018 [requestId=null]
2026-08-25 22:50:10.621 [sri-files-scheduler-1] [] INFO  c.erp.sri_files.services.SriGateway - Consultando autorización SRI: 0106202601046002881000120010130004467702869302713 [requestId=null]
2026-08-25 22:50:12.041 [sri-files-scheduler-1] [] INFO  c.erp.sri_files.services.SriGateway - Consultando autorización SRI: 0106202601046002881000120010130004467714754173713 [requestId=null]
2026-08-25 22:50:13.384 [sri-files-scheduler-1] [] INFO  c.erp.sri_files.services.SriGateway - Consultando autorización SRI: 0106202601046002881000120010130004467724766549919 [requestId=null]
2026-08-25 22:50:14.671 [sri-files-scheduler-1] [] INFO  c.erp.sri_files.services.SriGateway - Consultando autorización SRI: 0912202501046002881000120020320000032555427589510 [requestId=null]
2026-08-25 22:50:16.094 [sri-files-scheduler-1] [] INFO  c.erp.sri_files.services.SriGateway - Consultando autorización SRI: 1401202601046002881000120020140000129863025101518 [requestId=null]
2026-08-25 22:50:17.224 [sri-files-scheduler-1] [] INFO  c.erp.sri_files.services.SriGateway - Consultando autorización SRI: 0902202601046002881000120020180003288277616301811 [requestId=null]
2026-08-25 22:50:18.607 [sri-files-scheduler-1] [] INFO  c.erp.sri_files.services.SriGateway - Consultando autorización SRI: 1703202601046002881000120020180003332589550583311 [requestId=null]
2026-08-25 22:50:19.887 [sri-files-scheduler-1] [] INFO  c.erp.sri_files.services.SriGateway - Consultando autorización SRI: 2307202601046002881000120020320000046298280483518 [requestId=null]
2026-08-25 22:50:20.559 [sri-files-scheduler-1] [] INFO  c.erp.sri_files.services.SriGateway - Consultando autorización SRI: 2307202601046002881000120020320000046300124979011 [requestId=null]
2026-08-25 22:50:21.065 [sri-files-scheduler-1] [] INFO  c.erp.sri_files.services.SriGateway - Consultando autorización SRI: 2304202601046002881000120010130004416106535340311 [requestId=null]
2026-08-25 22:50:21.570 [sri-files-scheduler-1] [] INFO  c.erp.sri_files.services.SriGateway - Consultando autorización SRI: 0312202501046002881000120020180003244738208475112 [requestId=null]
2026-08-25 22:50:21.657 [sri-files-scheduler-1] [] WARN  c.erp.sri_files.services.SriGateway - Comprobante NO AUTORIZADO: estado=NO AUTORIZADO
2026-08-25 22:50:22.200 [sri-files-scheduler-1] [] INFO  c.erp.sri_files.services.SriGateway - Consultando autorización SRI: 0202202601046002881000120020180003278092470755211 [requestId=null]
2026-08-25 22:50:22.343 [sri-files-scheduler-1] [] WARN  c.erp.sri_files.services.SriGateway - Comprobante NO AUTORIZADO: estado=NO AUTORIZADO
2026-08-25 22:50:22.796 [sri-files-scheduler-1] [] INFO  c.erp.sri_files.services.SriGateway - Consultando autorización SRI: 0212202501046002881000120010110001733932171946611 [requestId=null]
2026-08-25 22:50:23.393 [sri-files-scheduler-1] [] INFO  c.erp.sri_files.services.SriGateway - Consultando autorización SRI: 2602202601046002881000120010110001828140589877312 [requestId=null]
2026-08-25 22:50:23.912 [sri-files-scheduler-1] [] INFO  c.e.s.s.RecuperarDevueltasScheduler - [SCHEDULER] FIN recuperación devueltas | detectadas=20 | recuperadas=0 | pendientes=20 | fallidas=0 | duracionMs=23912
2026-08-25 22:51:00.000 [sri-files-scheduler-3] [] INFO  c.e.s.s.NuevoDocumentoScheduler - [SCHEDULER][V1] INICIO envío pendientes @ 2026-08-25T22:51:00.000291800
2026-08-25 22:51:00.000 [sri-files-scheduler-4] [] INFO  c.e.s.services.EnvioSriBatchService - [SCHEDULER][sri-files-scheduler-4] INICIO automatizacionEnvioFacturasElectonicas @ 2026-08-25T22:51:00.000291800
2026-08-25 22:51:00.000 [sri-files-scheduler-4] [] INFO  c.e.s.services.EnvioSriBatchService - Ejecutando envio de facturas at=2026-08-25T22:51:00.000291800
2026-08-25 22:51:00.001 [sri-files-scheduler-3] [] INFO  c.e.s.s.NuevoDocumentoScheduler - [SCHEDULER][V1] FIN envío | detectados=0 | exitosos=0 | fallidos=0 | duracionMs=1
2026-08-25 22:51:00.004 [sri-files-scheduler-1] [] INFO  c.e.s.batch.BatchJobScheduler - Batch automático ejecutado: tipo=CONSULTAR_AUTORIZACION uuid=65695712-c6d5-415e-a41a-ef9bc02a5bfe
2026-08-25 22:51:00.004 [task-73] [65695712-c6d5-415e-a41a-ef9bc02a5bfe] INFO  c.e.s.batch.BatchProcessorService - Iniciando batch job 65695712-c6d5-415e-a41a-ef9bc02a5bfe tipo=CONSULTAR_AUTORIZACION [batchJob=65695712-c6d5-415e-a41a-ef9bc02a5bfe]
2026-08-25 22:51:00.007 [task-73] [65695712-c6d5-415e-a41a-ef9bc02a5bfe] INFO  c.e.s.batch.BatchProcessorService - Documentos encontrados: 0 [batchJob=65695712-c6d5-415e-a41a-ef9bc02a5bfe]
2026-08-25 22:51:00.007 [task-73] [65695712-c6d5-415e-a41a-ef9bc02a5bfe] INFO  c.e.s.batch.BatchProcessorService - Batch job 65695712-c6d5-415e-a41a-ef9bc02a5bfe completado: Procesados: 0, Exitosos: 0, Fallidos: 0 [batchJob=65695712-c6d5-415e-a41a-ef9bc02a5bfe]
2026-08-25 22:51:01.034 [sri-files-scheduler-4] [] INFO  c.e.s.services.EnvioSriBatchService - No hay facturas pendientes estado=I
2026-08-25 22:51:01.034 [sri-files-scheduler-4] [] INFO  c.e.s.services.EnvioSriBatchService - [SCHEDULER][sri-files-scheduler-4] FIN automatizacionEnvioFacturasElectonicas | detectados=0 | exitosas=0 | fallidas=0 | duracionMs=1034
2026-08-25 22:51:30.001 [sri-files-scheduler-3] [] INFO  c.e.s.s.NuevoDocumentoScheduler - [SCHEDULER][V1] INICIO recuperación autorizaciones @ 2026-08-25T22:51:30.001440800
2026-08-25 22:51:30.002 [sri-files-scheduler-3] [] INFO  c.e.s.s.NuevoDocumentoScheduler - [SCHEDULER][V1] FIN recuperación | detectados=0 | autorizados=0 | pendientes=0 | duracionMs=1
2026-08-25 22:52:00.001 [sri-files-scheduler-3] [] INFO  c.e.s.s.NuevoDocumentoScheduler - [SCHEDULER][V1] INICIO envío pendientes @ 2026-08-25T22:52:00.001208200
2026-08-25 22:52:00.001 [sri-files-scheduler-4] [] INFO  c.e.s.services.EnvioSriBatchService - [SCHEDULER][sri-files-scheduler-4] INICIO automatizacionEnvioFacturasElectonicas @ 2026-08-25T22:52:00.001793500
2026-08-25 22:52:00.001 [sri-files-scheduler-4] [] INFO  c.e.s.services.EnvioSriBatchService - Ejecutando envio de facturas at=2026-08-25T22:52:00.001793500
2026-08-25 22:52:00.003 [sri-files-scheduler-3] [] INFO  c.e.s.s.NuevoDocumentoScheduler - [SCHEDULER][V1] FIN envío | detectados=0 | exitosos=0 | fallidos=0 | duracionMs=2
2026-08-25 22:52:00.004 [sri-files-scheduler-1] [] INFO  c.e.s.batch.BatchJobScheduler - Batch automático ejecutado: tipo=ENVIAR_CORREO uuid=6bcf6a97-d913-4d47-b945-6566353b85c8
2026-08-25 22:52:00.005 [task-74] [6bcf6a97-d913-4d47-b945-6566353b85c8] INFO  c.e.s.batch.BatchProcessorService - Iniciando batch job 6bcf6a97-d913-4d47-b945-6566353b85c8 tipo=ENVIAR_CORREO [batchJob=6bcf6a97-d913-4d47-b945-6566353b85c8]
2026-08-25 22:52:00.006 [sri-files-scheduler-3] [] INFO  c.e.s.batch.BatchJobScheduler - Batch automático ejecutado: tipo=ENVIAR_SRI uuid=02c55d81-ad2c-439a-8490-53f58206a2e2
2026-08-25 22:52:00.006 [task-75] [02c55d81-ad2c-439a-8490-53f58206a2e2] INFO  c.e.s.batch.BatchProcessorService - Iniciando batch job 02c55d81-ad2c-439a-8490-53f58206a2e2 tipo=ENVIAR_SRI [batchJob=02c55d81-ad2c-439a-8490-53f58206a2e2]
2026-08-25 22:52:00.006 [task-74] [6bcf6a97-d913-4d47-b945-6566353b85c8] INFO  c.e.s.batch.BatchProcessorService - Documentos encontrados: 0 [batchJob=6bcf6a97-d913-4d47-b945-6566353b85c8]
2026-08-25 22:52:00.006 [task-74] [6bcf6a97-d913-4d47-b945-6566353b85c8] INFO  c.e.s.batch.BatchProcessorService - Batch job 6bcf6a97-d913-4d47-b945-6566353b85c8 completado: Procesados: 0, Exitosos: 0, Fallidos: 0 [batchJob=6bcf6a97-d913-4d47-b945-6566353b85c8]
2026-08-25 22:52:00.007 [task-75] [02c55d81-ad2c-439a-8490-53f58206a2e2] INFO  c.e.s.batch.BatchProcessorService - Documentos encontrados: 0 [batchJob=02c55d81-ad2c-439a-8490-53f58206a2e2]
2026-08-25 22:52:00.007 [task-75] [02c55d81-ad2c-439a-8490-53f58206a2e2] INFO  c.e.s.batch.BatchProcessorService - Batch job 02c55d81-ad2c-439a-8490-53f58206a2e2 completado: Procesados: 0, Exitosos: 0, Fallidos: 0 [batchJob=02c55d81-ad2c-439a-8490-53f58206a2e2]
2026-08-25 22:52:01.096 [sri-files-scheduler-4] [] INFO  c.e.s.services.EnvioSriBatchService - No hay facturas pendientes estado=I
2026-08-25 22:52:01.097 [sri-files-scheduler-4] [] INFO  c.e.s.services.EnvioSriBatchService - [SCHEDULER][sri-files-scheduler-4] FIN automatizacionEnvioFacturasElectonicas | detectados=0 | exitosas=0 | fallidas=0 | duracionMs=1096
2026-08-25 22:53:00.000 [sri-files-scheduler-4] [] INFO  c.e.s.services.EnvioSriBatchService - [SCHEDULER][sri-files-scheduler-4] INICIO automatizacionEnvioFacturasElectonicas @ 2026-08-25T22:53:00.000892300
2026-08-25 22:53:00.001 [sri-files-scheduler-3] [] INFO  c.e.s.s.NuevoDocumentoScheduler - [SCHEDULER][V1] INICIO envío pendientes @ 2026-08-25T22:53:00.001459500
2026-08-25 22:53:00.001 [sri-files-scheduler-4] [] INFO  c.e.s.services.EnvioSriBatchService - Ejecutando envio de facturas at=2026-08-25T22:53:00.001459500
2026-08-25 22:53:00.002 [sri-files-scheduler-3] [] INFO  c.e.s.s.NuevoDocumentoScheduler - [SCHEDULER][V1] FIN envío | detectados=0 | exitosos=0 | fallidos=0 | duracionMs=1
2026-08-25 22:53:01.323 [sri-files-scheduler-4] [] INFO  c.e.s.services.EnvioSriBatchService - No hay facturas pendientes estado=I
2026-08-25 22:53:01.323 [sri-files-scheduler-4] [] INFO  c.e.s.services.EnvioSriBatchService - [SCHEDULER][sri-files-scheduler-4] FIN automatizacionEnvioFacturasElectonicas | detectados=0 | exitosas=0 | fallidas=0 | duracionMs=1323
2026-08-25 22:54:00.002 [sri-files-scheduler-4] [] INFO  c.e.s.s.NuevoDocumentoScheduler - [SCHEDULER][V1] INICIO envío pendientes @ 2026-08-25T22:54:00.002190100
2026-08-25 22:54:00.016 [sri-files-scheduler-4] [] INFO  c.e.s.s.NuevoDocumentoScheduler - [SCHEDULER][V1] FIN envío | detectados=0 | exitosos=0 | fallidos=0 | duracionMs=14
2026-08-25 22:54:00.016 [sri-files-scheduler-4] [] INFO  c.e.s.services.EnvioSriBatchService - [SCHEDULER][sri-files-scheduler-4] INICIO automatizacionEnvioFacturasElectonicas @ 2026-08-25T22:54:00.016298
2026-08-25 22:54:00.016 [sri-files-scheduler-4] [] INFO  c.e.s.services.EnvioSriBatchService - Ejecutando envio de facturas at=2026-08-25T22:54:00.016298
2026-08-25 22:54:00.029 [sri-files-scheduler-3] [] INFO  c.e.s.batch.BatchJobScheduler - Batch automático ejecutado: tipo=ENVIAR_SRI uuid=4902363d-e6d5-4b68-be8e-52b197b205b8
2026-08-25 22:54:00.030 [sri-files-scheduler-1] [] INFO  c.e.s.batch.BatchJobScheduler - Batch automático ejecutado: tipo=CONSULTAR_AUTORIZACION uuid=9cfbc68e-4e5e-4dd3-ab74-755736d41574
2026-08-25 22:54:00.030 [task-76] [4902363d-e6d5-4b68-be8e-52b197b205b8] INFO  c.e.s.batch.BatchProcessorService - Iniciando batch job 4902363d-e6d5-4b68-be8e-52b197b205b8 tipo=ENVIAR_SRI [batchJob=4902363d-e6d5-4b68-be8e-52b197b205b8]
2026-08-25 22:54:00.030 [task-77] [9cfbc68e-4e5e-4dd3-ab74-755736d41574] INFO  c.e.s.batch.BatchProcessorService - Iniciando batch job 9cfbc68e-4e5e-4dd3-ab74-755736d41574 tipo=CONSULTAR_AUTORIZACION [batchJob=9cfbc68e-4e5e-4dd3-ab74-755736d41574]
2026-08-25 22:54:00.035 [task-76] [4902363d-e6d5-4b68-be8e-52b197b205b8] INFO  c.e.s.batch.BatchProcessorService - Documentos encontrados: 0 [batchJob=4902363d-e6d5-4b68-be8e-52b197b205b8]
2026-08-25 22:54:00.035 [task-76] [4902363d-e6d5-4b68-be8e-52b197b205b8] INFO  c.e.s.batch.BatchProcessorService - Batch job 4902363d-e6d5-4b68-be8e-52b197b205b8 completado: Procesados: 0, Exitosos: 0, Fallidos: 0 [batchJob=4902363d-e6d5-4b68-be8e-52b197b205b8]
2026-08-25 22:54:00.035 [task-77] [9cfbc68e-4e5e-4dd3-ab74-755736d41574] INFO  c.e.s.batch.BatchProcessorService - Documentos encontrados: 0 [batchJob=9cfbc68e-4e5e-4dd3-ab74-755736d41574]
2026-08-25 22:54:00.036 [task-77] [9cfbc68e-4e5e-4dd3-ab74-755736d41574] INFO  c.e.s.batch.BatchProcessorService - Batch job 9cfbc68e-4e5e-4dd3-ab74-755736d41574 completado: Procesados: 0, Exitosos: 0, Fallidos: 0 [batchJob=9cfbc68e-4e5e-4dd3-ab74-755736d41574]
2026-08-25 22:54:01.410 [sri-files-scheduler-4] [] INFO  c.e.s.services.EnvioSriBatchService - No hay facturas pendientes estado=I
2026-08-25 22:54:01.411 [sri-files-scheduler-4] [] INFO  c.e.s.services.EnvioSriBatchService - [SCHEDULER][sri-files-scheduler-4] FIN automatizacionEnvioFacturasElectonicas | detectados=0 | exitosas=0 | fallidas=0 | duracionMs=1395
2026-08-25 22:54:30.001 [sri-files-scheduler-3] [] INFO  c.e.s.s.NuevoDocumentoScheduler - [SCHEDULER][V1] INICIO recuperación autorizaciones @ 2026-08-25T22:54:30.001126700
2026-08-25 22:54:30.004 [sri-files-scheduler-3] [] INFO  c.e.s.s.NuevoDocumentoScheduler - [SCHEDULER][V1] FIN recuperación | detectados=0 | autorizados=0 | pendientes=0 | duracionMs=3
2026-08-25 22:55:00.001 [sri-files-scheduler-4] [] INFO  c.e.s.s.RecuperarDevueltasScheduler - [SCHEDULER] INICIO recuperación facturas estado M @ 2026-08-25T22:55:00.001295200
2026-08-25 22:55:00.001 [sri-files-scheduler-3] [] INFO  c.e.s.s.NuevoDocumentoScheduler - [SCHEDULER][V1] INICIO envío pendientes @ 2026-08-25T22:55:00.001295200
2026-08-25 22:55:00.009 [sri-files-scheduler-1] [] INFO  c.e.s.batch.BatchJobScheduler - Batch automático ejecutado: tipo=REINTENTAR_FALLIDOS uuid=6bbe2a64-3d49-44b4-9b57-0e4900be2acc
2026-08-25 22:55:00.009 [sri-files-scheduler-1] [] INFO  c.e.s.services.EnvioSriBatchService - [SCHEDULER][sri-files-scheduler-1] INICIO automatizacionEnvioFacturasElectonicas @ 2026-08-25T22:55:00.009808
2026-08-25 22:55:00.010 [sri-files-scheduler-1] [] INFO  c.e.s.services.EnvioSriBatchService - Ejecutando envio de facturas at=2026-08-25T22:55:00.010809800
2026-08-25 22:55:00.010 [task-78] [6bbe2a64-3d49-44b4-9b57-0e4900be2acc] INFO  c.e.s.batch.BatchProcessorService - Iniciando batch job 6bbe2a64-3d49-44b4-9b57-0e4900be2acc tipo=REINTENTAR_FALLIDOS [batchJob=6bbe2a64-3d49-44b4-9b57-0e4900be2acc]
2026-08-25 22:55:00.011 [task-78] [6bbe2a64-3d49-44b4-9b57-0e4900be2acc] INFO  c.e.s.batch.BatchProcessorService - Documentos encontrados: 0 [batchJob=6bbe2a64-3d49-44b4-9b57-0e4900be2acc]
2026-08-25 22:55:00.012 [task-78] [6bbe2a64-3d49-44b4-9b57-0e4900be2acc] INFO  c.e.s.batch.BatchProcessorService - Batch job 6bbe2a64-3d49-44b4-9b57-0e4900be2acc completado: Procesados: 0, Exitosos: 0, Fallidos: 0 [batchJob=6bbe2a64-3d49-44b4-9b57-0e4900be2acc]
2026-08-25 22:55:00.016 [sri-files-scheduler-3] [] INFO  c.e.s.s.NuevoDocumentoScheduler - [SCHEDULER][V1] FIN envío | detectados=0 | exitosos=0 | fallidos=0 | duracionMs=15
2026-08-25 22:55:00.553 [sri-files-scheduler-4] [] INFO  c.erp.sri_files.services.SriGateway - Consultando autorización SRI: 1404202601046002881000120010130004401503286052418 [requestId=null]
2026-08-25 22:55:01.289 [sri-files-scheduler-1] [] INFO  c.e.s.services.EnvioSriBatchService - No hay facturas pendientes estado=I
2026-08-25 22:55:01.289 [sri-files-scheduler-1] [] INFO  c.e.s.services.EnvioSriBatchService - [SCHEDULER][sri-files-scheduler-1] FIN automatizacionEnvioFacturasElectonicas | detectados=0 | exitosas=0 | fallidas=0 | duracionMs=1280
2026-08-25 22:55:02.423 [sri-files-scheduler-4] [] WARN  c.e.s.s.RecuperarDevueltasScheduler - Factura 2560887 superó máximo de intentos (5)
2026-08-25 22:55:04.032 [sri-files-scheduler-4] [] INFO  c.erp.sri_files.services.SriGateway - Consultando autorización SRI: 0106202601046002881000120010130004467655844807413 [requestId=null]
2026-08-25 22:55:05.591 [sri-files-scheduler-4] [] WARN  c.e.s.s.RecuperarDevueltasScheduler - Factura 2560888 superó máximo de intentos (5)
2026-08-25 22:55:06.817 [sri-files-scheduler-4] [] INFO  c.erp.sri_files.services.SriGateway - Consultando autorización SRI: 0106202601046002881000120010130004467663814502319 [requestId=null]
2026-08-25 22:55:08.191 [sri-files-scheduler-4] [] WARN  c.e.s.s.RecuperarDevueltasScheduler - Factura 2560889 superó máximo de intentos (5)
2026-08-25 22:55:09.306 [sri-files-scheduler-4] [] INFO  c.erp.sri_files.services.SriGateway - Consultando autorización SRI: 0106202601046002881000120010130004467672487545415 [requestId=null]
2026-08-25 22:55:09.367 [sri-files-scheduler-4] [] ERROR c.erp.sri_files.services.SriGateway - Error consultando autorización [requestId=null]
jakarta.xml.ws.WebServiceException: javax.net.ssl.SSLHandshakeException: No subject alternative names matching IP address 181.113.227.222 found
	at com.sun.xml.ws.transport.http.client.HttpClientTransport.readResponseCodeAndMessage(HttpClientTransport.java:181)
	at com.sun.xml.ws.transport.http.client.HttpTransportPipe.createResponsePacket(HttpTransportPipe.java:227)
	at com.sun.xml.ws.transport.http.client.HttpTransportPipe.process(HttpTransportPipe.java:218)
	at com.sun.xml.ws.transport.http.client.HttpTransportPipe.processRequest(HttpTransportPipe.java:131)
	at com.sun.xml.ws.transport.DeferredTransportPipe.processRequest(DeferredTransportPipe.java:111)
	at com.sun.xml.ws.api.pipe.Fiber.__doRun(Fiber.java:1106)
	at com.sun.xml.ws.api.pipe.Fiber._doRun(Fiber.java:1020)
	at com.sun.xml.ws.api.pipe.Fiber.doRun(Fiber.java:989)
	at com.sun.xml.ws.api.pipe.Fiber.runSync(Fiber.java:847)
	at com.sun.xml.ws.client.Stub.process(Stub.java:431)
	at com.sun.xml.ws.client.sei.SEIStub.doProcess(SEIStub.java:160)
	at com.sun.xml.ws.client.sei.SyncMethodHandler.invoke(SyncMethodHandler.java:78)
	at com.sun.xml.ws.client.sei.SyncMethodHandler.invoke(SyncMethodHandler.java:62)
	at com.sun.xml.ws.client.sei.SEIStub.invoke(SEIStub.java:132)
	at jdk.proxy2/jdk.proxy2.$Proxy222.autorizacionComprobante(Unknown Source)
	at com.erp.sri_files.services.SendXmlToSriService.consultarAutorizacion(SendXmlToSriService.java:196)
	at com.erp.sri_files.services.SendXmlToSriService.consultarAutorizacion(SendXmlToSriService.java:180)
	at com.erp.sri_files.services.SriGateway.consultarAutorizacion(SriGateway.java:100)
	at com.erp.sri_files.scheduler.RecuperarDevueltasScheduler.recuperarFacturasDevueltas(RecuperarDevueltasScheduler.java:61)
	at java.base/jdk.internal.reflect.DirectMethodHandleAccessor.invoke(DirectMethodHandleAccessor.java:103)
	at java.base/java.lang.reflect.Method.invoke(Method.java:580)
	at org.springframework.scheduling.support.ScheduledMethodRunnable.runInternal(ScheduledMethodRunnable.java:130)
	at org.springframework.scheduling.support.ScheduledMethodRunnable.lambda$run$2(ScheduledMethodRunnable.java:124)
	at io.micrometer.observation.Observation.observe(Observation.java:498)
	at org.springframework.scheduling.support.ScheduledMethodRunnable.run(ScheduledMethodRunnable.java:124)
	at org.springframework.scheduling.config.Task$OutcomeTrackingRunnable.run(Task.java:85)
	at org.springframework.scheduling.support.DelegatingErrorHandlingRunnable.run(DelegatingErrorHandlingRunnable.java:54)
	at org.springframework.scheduling.concurrent.ReschedulingRunnable.run(ReschedulingRunnable.java:96)
	at java.base/java.util.concurrent.Executors$RunnableAdapter.call(Executors.java:572)
	at java.base/java.util.concurrent.FutureTask.run(FutureTask.java:317)
	at java.base/java.util.concurrent.ScheduledThreadPoolExecutor$ScheduledFutureTask.run(ScheduledThreadPoolExecutor.java:304)
	at java.base/java.util.concurrent.ThreadPoolExecutor.runWorker(ThreadPoolExecutor.java:1144)
	at java.base/java.util.concurrent.ThreadPoolExecutor$Worker.run(ThreadPoolExecutor.java:642)
	at java.base/java.lang.Thread.run(Thread.java:1583)
Caused by: javax.net.ssl.SSLHandshakeException: No subject alternative names matching IP address 181.113.227.222 found
	at java.base/sun.security.ssl.Alert.createSSLException(Alert.java:130)
	at java.base/sun.security.ssl.TransportContext.fatal(TransportContext.java:383)
	at java.base/sun.security.ssl.TransportContext.fatal(TransportContext.java:326)
	at java.base/sun.security.ssl.TransportContext.fatal(TransportContext.java:321)
	at java.base/sun.security.ssl.CertificateMessage$T12CertificateConsumer.checkServerCerts(CertificateMessage.java:647)
	at java.base/sun.security.ssl.CertificateMessage$T12CertificateConsumer.onCertificate(CertificateMessage.java:467)
	at java.base/sun.security.ssl.CertificateMessage$T12CertificateConsumer.consume(CertificateMessage.java:363)
	at java.base/sun.security.ssl.SSLHandshake.consume(SSLHandshake.java:393)
	at java.base/sun.security.ssl.HandshakeContext.dispatch(HandshakeContext.java:477)
	at java.base/sun.security.ssl.HandshakeContext.dispatch(HandshakeContext.java:448)
	at java.base/sun.security.ssl.TransportContext.dispatch(TransportContext.java:206)
	at java.base/sun.security.ssl.SSLTransport.decode(SSLTransport.java:172)
	at java.base/sun.security.ssl.SSLSocketImpl.decode(SSLSocketImpl.java:1506)
	at java.base/sun.security.ssl.SSLSocketImpl.readHandshakeRecord(SSLSocketImpl.java:1421)
	at java.base/sun.security.ssl.SSLSocketImpl.startHandshake(SSLSocketImpl.java:455)
	at java.base/sun.security.ssl.SSLSocketImpl.startHandshake(SSLSocketImpl.java:426)
	at java.base/sun.net.www.protocol.https.HttpsClient.afterConnect(HttpsClient.java:586)
	at java.base/sun.net.www.protocol.https.AbstractDelegateHttpsURLConnection.connect(AbstractDelegateHttpsURLConnection.java:187)
	at java.base/sun.net.www.protocol.http.HttpURLConnection.followRedirect0(HttpURLConnection.java:2914)
	at java.base/sun.net.www.protocol.http.HttpURLConnection.followRedirect(HttpURLConnection.java:2834)
	at java.base/sun.net.www.protocol.http.HttpURLConnection.getInputStream0(HttpURLConnection.java:1945)
	at java.base/sun.net.www.protocol.http.HttpURLConnection.getInputStream(HttpURLConnection.java:1615)
	at java.base/java.net.HttpURLConnection.getResponseCode(HttpURLConnection.java:531)
	at java.base/sun.net.www.protocol.https.HttpsURLConnectionImpl.getResponseCode(HttpsURLConnectionImpl.java:307)
	at com.sun.xml.ws.transport.http.client.HttpClientTransport.readResponseCodeAndMessage(HttpClientTransport.java:177)
	... 33 common frames omitted
Caused by: java.security.cert.CertificateException: No subject alternative names matching IP address 181.113.227.222 found
	at java.base/sun.security.util.HostnameChecker.matchIP(HostnameChecker.java:160)
	at java.base/sun.security.util.HostnameChecker.match(HostnameChecker.java:101)
	at java.base/sun.security.ssl.X509TrustManagerImpl.checkIdentity(X509TrustManagerImpl.java:466)
	at java.base/sun.security.ssl.X509TrustManagerImpl.checkIdentity(X509TrustManagerImpl.java:432)
	at java.base/sun.security.ssl.X509TrustManagerImpl.checkTrusted(X509TrustManagerImpl.java:237)
	at java.base/sun.security.ssl.X509TrustManagerImpl.checkServerTrusted(X509TrustManagerImpl.java:132)
	at java.base/sun.security.ssl.CertificateMessage$T12CertificateConsumer.checkServerCerts(CertificateMessage.java:631)
	... 53 common frames omitted
2026-08-25 22:55:10.726 [sri-files-scheduler-4] [] WARN  c.e.s.s.RecuperarDevueltasScheduler - Factura 2560890 superó máximo de intentos (5)
2026-08-25 22:55:11.952 [sri-files-scheduler-4] [] INFO  c.erp.sri_files.services.SriGateway - Consultando autorización SRI: 0106202601046002881000120010130004467688788375616 [requestId=null]
2026-08-25 22:55:12.014 [sri-files-scheduler-4] [] ERROR c.erp.sri_files.services.SriGateway - Error consultando autorización [requestId=null]
jakarta.xml.ws.WebServiceException: javax.net.ssl.SSLHandshakeException: No subject alternative names matching IP address 181.113.227.222 found
	at com.sun.xml.ws.transport.http.client.HttpClientTransport.readResponseCodeAndMessage(HttpClientTransport.java:181)
	at com.sun.xml.ws.transport.http.client.HttpTransportPipe.createResponsePacket(HttpTransportPipe.java:227)
	at com.sun.xml.ws.transport.http.client.HttpTransportPipe.process(HttpTransportPipe.java:218)
	at com.sun.xml.ws.transport.http.client.HttpTransportPipe.processRequest(HttpTransportPipe.java:131)
	at com.sun.xml.ws.transport.DeferredTransportPipe.processRequest(DeferredTransportPipe.java:111)
	at com.sun.xml.ws.api.pipe.Fiber.__doRun(Fiber.java:1106)
	at com.sun.xml.ws.api.pipe.Fiber._doRun(Fiber.java:1020)
	at com.sun.xml.ws.api.pipe.Fiber.doRun(Fiber.java:989)
	at com.sun.xml.ws.api.pipe.Fiber.runSync(Fiber.java:847)
	at com.sun.xml.ws.client.Stub.process(Stub.java:431)
	at com.sun.xml.ws.client.sei.SEIStub.doProcess(SEIStub.java:160)
	at com.sun.xml.ws.client.sei.SyncMethodHandler.invoke(SyncMethodHandler.java:78)
	at com.sun.xml.ws.client.sei.SyncMethodHandler.invoke(SyncMethodHandler.java:62)
	at com.sun.xml.ws.client.sei.SEIStub.invoke(SEIStub.java:132)
	at jdk.proxy2/jdk.proxy2.$Proxy222.autorizacionComprobante(Unknown Source)
	at com.erp.sri_files.services.SendXmlToSriService.consultarAutorizacion(SendXmlToSriService.java:196)
	at com.erp.sri_files.services.SendXmlToSriService.consultarAutorizacion(SendXmlToSriService.java:180)
	at com.erp.sri_files.services.SriGateway.consultarAutorizacion(SriGateway.java:100)
	at com.erp.sri_files.scheduler.RecuperarDevueltasScheduler.recuperarFacturasDevueltas(RecuperarDevueltasScheduler.java:61)
	at java.base/jdk.internal.reflect.DirectMethodHandleAccessor.invoke(DirectMethodHandleAccessor.java:103)
	at java.base/java.lang.reflect.Method.invoke(Method.java:580)
	at org.springframework.scheduling.support.ScheduledMethodRunnable.runInternal(ScheduledMethodRunnable.java:130)
	at org.springframework.scheduling.support.ScheduledMethodRunnable.lambda$run$2(ScheduledMethodRunnable.java:124)
	at io.micrometer.observation.Observation.observe(Observation.java:498)
	at org.springframework.scheduling.support.ScheduledMethodRunnable.run(ScheduledMethodRunnable.java:124)
	at org.springframework.scheduling.config.Task$OutcomeTrackingRunnable.run(Task.java:85)
	at org.springframework.scheduling.support.DelegatingErrorHandlingRunnable.run(DelegatingErrorHandlingRunnable.java:54)
	at org.springframework.scheduling.concurrent.ReschedulingRunnable.run(ReschedulingRunnable.java:96)
	at java.base/java.util.concurrent.Executors$RunnableAdapter.call(Executors.java:572)
	at java.base/java.util.concurrent.FutureTask.run(FutureTask.java:317)
	at java.base/java.util.concurrent.ScheduledThreadPoolExecutor$ScheduledFutureTask.run(ScheduledThreadPoolExecutor.java:304)
	at java.base/java.util.concurrent.ThreadPoolExecutor.runWorker(ThreadPoolExecutor.java:1144)
	at java.base/java.util.concurrent.ThreadPoolExecutor$Worker.run(ThreadPoolExecutor.java:642)
	at java.base/java.lang.Thread.run(Thread.java:1583)
Caused by: javax.net.ssl.SSLHandshakeException: No subject alternative names matching IP address 181.113.227.222 found
	at java.base/sun.security.ssl.Alert.createSSLException(Alert.java:130)
	at java.base/sun.security.ssl.TransportContext.fatal(TransportContext.java:383)
	at java.base/sun.security.ssl.TransportContext.fatal(TransportContext.java:326)
	at java.base/sun.security.ssl.TransportContext.fatal(TransportContext.java:321)
	at java.base/sun.security.ssl.CertificateMessage$T12CertificateConsumer.checkServerCerts(CertificateMessage.java:647)
	at java.base/sun.security.ssl.CertificateMessage$T12CertificateConsumer.onCertificate(CertificateMessage.java:467)
	at java.base/sun.security.ssl.CertificateMessage$T12CertificateConsumer.consume(CertificateMessage.java:363)
	at java.base/sun.security.ssl.SSLHandshake.consume(SSLHandshake.java:393)
	at java.base/sun.security.ssl.HandshakeContext.dispatch(HandshakeContext.java:477)
	at java.base/sun.security.ssl.HandshakeContext.dispatch(HandshakeContext.java:448)
	at java.base/sun.security.ssl.TransportContext.dispatch(TransportContext.java:206)
	at java.base/sun.security.ssl.SSLTransport.decode(SSLTransport.java:172)
	at java.base/sun.security.ssl.SSLSocketImpl.decode(SSLSocketImpl.java:1506)
	at java.base/sun.security.ssl.SSLSocketImpl.readHandshakeRecord(SSLSocketImpl.java:1421)
	at java.base/sun.security.ssl.SSLSocketImpl.startHandshake(SSLSocketImpl.java:455)
	at java.base/sun.security.ssl.SSLSocketImpl.startHandshake(SSLSocketImpl.java:426)
	at java.base/sun.net.www.protocol.https.HttpsClient.afterConnect(HttpsClient.java:586)
	at java.base/sun.net.www.protocol.https.AbstractDelegateHttpsURLConnection.connect(AbstractDelegateHttpsURLConnection.java:187)
	at java.base/sun.net.www.protocol.http.HttpURLConnection.followRedirect0(HttpURLConnection.java:2914)
	at java.base/sun.net.www.protocol.http.HttpURLConnection.followRedirect(HttpURLConnection.java:2834)
	at java.base/sun.net.www.protocol.http.HttpURLConnection.getInputStream0(HttpURLConnection.java:1945)
	at java.base/sun.net.www.protocol.http.HttpURLConnection.getInputStream(HttpURLConnection.java:1615)
	at java.base/java.net.HttpURLConnection.getResponseCode(HttpURLConnection.java:531)
	at java.base/sun.net.www.protocol.https.HttpsURLConnectionImpl.getResponseCode(HttpsURLConnectionImpl.java:307)
	at com.sun.xml.ws.transport.http.client.HttpClientTransport.readResponseCodeAndMessage(HttpClientTransport.java:177)
	... 33 common frames omitted
Caused by: java.security.cert.CertificateException: No subject alternative names matching IP address 181.113.227.222 found
	at java.base/sun.security.util.HostnameChecker.matchIP(HostnameChecker.java:160)
	at java.base/sun.security.util.HostnameChecker.match(HostnameChecker.java:101)
	at java.base/sun.security.ssl.X509TrustManagerImpl.checkIdentity(X509TrustManagerImpl.java:466)
	at java.base/sun.security.ssl.X509TrustManagerImpl.checkIdentity(X509TrustManagerImpl.java:432)
	at java.base/sun.security.ssl.X509TrustManagerImpl.checkTrusted(X509TrustManagerImpl.java:237)
	at java.base/sun.security.ssl.X509TrustManagerImpl.checkServerTrusted(X509TrustManagerImpl.java:132)
	at java.base/sun.security.ssl.CertificateMessage$T12CertificateConsumer.checkServerCerts(CertificateMessage.java:631)
	... 53 common frames omitted
2026-08-25 22:55:13.224 [sri-files-scheduler-4] [] WARN  c.e.s.s.RecuperarDevueltasScheduler - Factura 2560891 superó máximo de intentos (5)
2026-08-25 22:55:14.428 [sri-files-scheduler-4] [] INFO  c.erp.sri_files.services.SriGateway - Consultando autorización SRI: 0106202601046002881000120010130004467698015158018 [requestId=null]
2026-08-25 22:55:15.704 [sri-files-scheduler-4] [] WARN  c.e.s.s.RecuperarDevueltasScheduler - Factura 2560892 superó máximo de intentos (5)
2026-08-25 22:55:16.969 [sri-files-scheduler-4] [] INFO  c.erp.sri_files.services.SriGateway - Consultando autorización SRI: 0106202601046002881000120010130004467702869302713 [requestId=null]
2026-08-25 22:55:18.227 [sri-files-scheduler-4] [] WARN  c.e.s.s.RecuperarDevueltasScheduler - Factura 2560893 superó máximo de intentos (5)
2026-08-25 22:55:19.530 [sri-files-scheduler-4] [] INFO  c.erp.sri_files.services.SriGateway - Consultando autorización SRI: 0106202601046002881000120010130004467714754173713 [requestId=null]
2026-08-25 22:55:20.708 [sri-files-scheduler-4] [] WARN  c.e.s.s.RecuperarDevueltasScheduler - Factura 2560894 superó máximo de intentos (5)
2026-08-25 22:55:21.883 [sri-files-scheduler-4] [] INFO  c.erp.sri_files.services.SriGateway - Consultando autorización SRI: 0106202601046002881000120010130004467724766549919 [requestId=null]
2026-08-25 22:55:23.087 [sri-files-scheduler-4] [] WARN  c.e.s.s.RecuperarDevueltasScheduler - Factura 2560895 superó máximo de intentos (5)
2026-08-25 22:55:24.422 [sri-files-scheduler-4] [] INFO  c.erp.sri_files.services.SriGateway - Consultando autorización SRI: 0912202501046002881000120020320000032555427589510 [requestId=null]
2026-08-25 22:55:25.477 [sri-files-scheduler-4] [] WARN  c.e.s.s.RecuperarDevueltasScheduler - Factura 2597165 superó máximo de intentos (5)
2026-08-25 22:55:26.518 [sri-files-scheduler-4] [] INFO  c.erp.sri_files.services.SriGateway - Consultando autorización SRI: 1401202601046002881000120020140000129863025101518 [requestId=null]
2026-08-25 22:55:27.706 [sri-files-scheduler-4] [] WARN  c.e.s.s.RecuperarDevueltasScheduler - Factura 2597166 superó máximo de intentos (5)
2026-08-25 22:55:28.807 [sri-files-scheduler-4] [] INFO  c.erp.sri_files.services.SriGateway - Consultando autorización SRI: 0902202601046002881000120020180003288277616301811 [requestId=null]
2026-08-25 22:55:29.886 [sri-files-scheduler-4] [] WARN  c.e.s.s.RecuperarDevueltasScheduler - Factura 2597167 superó máximo de intentos (5)
2026-08-25 22:55:31.119 [sri-files-scheduler-4] [] INFO  c.erp.sri_files.services.SriGateway - Consultando autorización SRI: 1703202601046002881000120020180003332589550583311 [requestId=null]
2026-08-25 22:55:32.365 [sri-files-scheduler-4] [] WARN  c.e.s.s.RecuperarDevueltasScheduler - Factura 2597168 superó máximo de intentos (5)
2026-08-25 22:55:33.453 [sri-files-scheduler-4] [] INFO  c.erp.sri_files.services.SriGateway - Consultando autorización SRI: 2307202601046002881000120020320000046298280483518 [requestId=null]
2026-08-25 22:55:34.137 [sri-files-scheduler-4] [] WARN  c.e.s.s.RecuperarDevueltasScheduler - Factura 2606493 superó máximo de intentos (5)
2026-08-25 22:55:34.754 [sri-files-scheduler-4] [] INFO  c.erp.sri_files.services.SriGateway - Consultando autorización SRI: 2307202601046002881000120020320000046300124979011 [requestId=null]
2026-08-25 22:55:35.310 [sri-files-scheduler-4] [] WARN  c.e.s.s.RecuperarDevueltasScheduler - Factura 2624515 superó máximo de intentos (5)
2026-08-25 22:55:35.882 [sri-files-scheduler-4] [] INFO  c.erp.sri_files.services.SriGateway - Consultando autorización SRI: 2304202601046002881000120010130004416106535340311 [requestId=null]
2026-08-25 22:55:36.411 [sri-files-scheduler-4] [] WARN  c.e.s.s.RecuperarDevueltasScheduler - Factura 2642469 superó máximo de intentos (5)
2026-08-25 22:55:36.953 [sri-files-scheduler-4] [] INFO  c.erp.sri_files.services.SriGateway - Consultando autorización SRI: 0312202501046002881000120020180003244738208475112 [requestId=null]
2026-08-25 22:55:37.036 [sri-files-scheduler-4] [] WARN  c.erp.sri_files.services.SriGateway - Comprobante NO AUTORIZADO: estado=NO AUTORIZADO
2026-08-25 22:55:37.469 [sri-files-scheduler-4] [] WARN  c.e.s.s.RecuperarDevueltasScheduler - Factura 2669325 superó máximo de intentos (5)
2026-08-25 22:55:37.967 [sri-files-scheduler-4] [] INFO  c.erp.sri_files.services.SriGateway - Consultando autorización SRI: 0202202601046002881000120020180003278092470755211 [requestId=null]
2026-08-25 22:55:38.072 [sri-files-scheduler-4] [] WARN  c.erp.sri_files.services.SriGateway - Comprobante NO AUTORIZADO: estado=NO AUTORIZADO
2026-08-25 22:55:38.498 [sri-files-scheduler-4] [] WARN  c.e.s.s.RecuperarDevueltasScheduler - Factura 2669328 superó máximo de intentos (5)
2026-08-25 22:55:39.189 [sri-files-scheduler-4] [] INFO  c.erp.sri_files.services.SriGateway - Consultando autorización SRI: 0212202501046002881000120010110001733932171946611 [requestId=null]
2026-08-25 22:55:39.912 [sri-files-scheduler-4] [] WARN  c.e.s.s.RecuperarDevueltasScheduler - Factura 2673082 superó máximo de intentos (5)
2026-08-25 22:55:40.370 [sri-files-scheduler-4] [] INFO  c.erp.sri_files.services.SriGateway - Consultando autorización SRI: 2602202601046002881000120010110001828140589877312 [requestId=null]
2026-08-25 22:55:41.324 [sri-files-scheduler-4] [] WARN  c.e.s.s.RecuperarDevueltasScheduler - Factura 2687366 superó máximo de intentos (5)
2026-08-25 22:55:41.771 [sri-files-scheduler-4] [] INFO  c.e.s.s.RecuperarDevueltasScheduler - [SCHEDULER] FIN recuperación devueltas | detectadas=20 | recuperadas=0 | pendientes=20 | fallidas=0 | duracionMs=41770
2026-08-25 22:56:00.000 [sri-files-scheduler-1] [] INFO  c.e.s.services.EnvioSriBatchService - [SCHEDULER][sri-files-scheduler-1] INICIO automatizacionEnvioFacturasElectonicas @ 2026-08-25T22:56:00.000594300
2026-08-25 22:56:00.000 [sri-files-scheduler-1] [] INFO  c.e.s.services.EnvioSriBatchService - Ejecutando envio de facturas at=2026-08-25T22:56:00.000594300
2026-08-25 22:56:00.009 [sri-files-scheduler-4] [] INFO  c.e.s.batch.BatchJobScheduler - Batch automático ejecutado: tipo=ENVIAR_CORREO uuid=53a586b1-b04d-4313-ba4b-c43ca28da817
2026-08-25 22:56:00.010 [sri-files-scheduler-4] [] INFO  c.e.s.s.NuevoDocumentoScheduler - [SCHEDULER][V1] INICIO envío pendientes @ 2026-08-25T22:56:00.010750800
2026-08-25 22:56:00.011 [sri-files-scheduler-3] [] INFO  c.e.s.batch.BatchJobScheduler - Batch automático ejecutado: tipo=ENVIAR_SRI uuid=e2b6bbeb-ecf3-4017-913b-95278a357253
2026-08-25 22:56:00.011 [task-79] [53a586b1-b04d-4313-ba4b-c43ca28da817] INFO  c.e.s.batch.BatchProcessorService - Iniciando batch job 53a586b1-b04d-4313-ba4b-c43ca28da817 tipo=ENVIAR_CORREO [batchJob=53a586b1-b04d-4313-ba4b-c43ca28da817]
2026-08-25 22:56:00.012 [sri-files-scheduler-4] [] INFO  c.e.s.s.NuevoDocumentoScheduler - [SCHEDULER][V1] FIN envío | detectados=0 | exitosos=0 | fallidos=0 | duracionMs=2
2026-08-25 22:56:00.012 [task-80] [e2b6bbeb-ecf3-4017-913b-95278a357253] INFO  c.e.s.batch.BatchProcessorService - Iniciando batch job e2b6bbeb-ecf3-4017-913b-95278a357253 tipo=ENVIAR_SRI [batchJob=e2b6bbeb-ecf3-4017-913b-95278a357253]
2026-08-25 22:56:00.012 [task-79] [53a586b1-b04d-4313-ba4b-c43ca28da817] INFO  c.e.s.batch.BatchProcessorService - Documentos encontrados: 0 [batchJob=53a586b1-b04d-4313-ba4b-c43ca28da817]
2026-08-25 22:56:00.013 [task-79] [53a586b1-b04d-4313-ba4b-c43ca28da817] INFO  c.e.s.batch.BatchProcessorService - Batch job 53a586b1-b04d-4313-ba4b-c43ca28da817 completado: Procesados: 0, Exitosos: 0, Fallidos: 0 [batchJob=53a586b1-b04d-4313-ba4b-c43ca28da817]
2026-08-25 22:56:00.013 [task-80] [e2b6bbeb-ecf3-4017-913b-95278a357253] INFO  c.e.s.batch.BatchProcessorService - Documentos encontrados: 0 [batchJob=e2b6bbeb-ecf3-4017-913b-95278a357253]
2026-08-25 22:56:00.013 [task-80] [e2b6bbeb-ecf3-4017-913b-95278a357253] INFO  c.e.s.batch.BatchProcessorService - Batch job e2b6bbeb-ecf3-4017-913b-95278a357253 completado: Procesados: 0, Exitosos: 0, Fallidos: 0 [batchJob=e2b6bbeb-ecf3-4017-913b-95278a357253]
2026-08-25 22:56:01.298 [sri-files-scheduler-1] [] INFO  c.e.s.services.EnvioSriBatchService - No hay facturas pendientes estado=I
2026-08-25 22:56:01.298 [sri-files-scheduler-1] [] INFO  c.e.s.services.EnvioSriBatchService - [SCHEDULER][sri-files-scheduler-1] FIN automatizacionEnvioFacturasElectonicas | detectados=0 | exitosas=0 | fallidas=0 | duracionMs=1298
2026-08-25 22:57:00.001 [sri-files-scheduler-4] [] INFO  c.e.s.s.NuevoDocumentoScheduler - [SCHEDULER][V1] INICIO envío pendientes @ 2026-08-25T22:57:00.001297100
2026-08-25 22:57:00.001 [sri-files-scheduler-3] [] INFO  c.e.s.services.EnvioSriBatchService - [SCHEDULER][sri-files-scheduler-3] INICIO automatizacionEnvioFacturasElectonicas @ 2026-08-25T22:57:00.001297100
2026-08-25 22:57:00.001 [sri-files-scheduler-3] [] INFO  c.e.s.services.EnvioSriBatchService - Ejecutando envio de facturas at=2026-08-25T22:57:00.001297100
2026-08-25 22:57:00.003 [sri-files-scheduler-4] [] INFO  c.e.s.s.NuevoDocumentoScheduler - [SCHEDULER][V1] FIN envío | detectados=0 | exitosos=0 | fallidos=0 | duracionMs=2
2026-08-25 22:57:00.017 [sri-files-scheduler-1] [] INFO  c.e.s.batch.BatchJobScheduler - Batch automático ejecutado: tipo=CONSULTAR_AUTORIZACION uuid=33a6cb79-90f2-4930-bc93-1b6c9da3df70
2026-08-25 22:57:00.018 [task-81] [33a6cb79-90f2-4930-bc93-1b6c9da3df70] INFO  c.e.s.batch.BatchProcessorService - Iniciando batch job 33a6cb79-90f2-4930-bc93-1b6c9da3df70 tipo=CONSULTAR_AUTORIZACION [batchJob=33a6cb79-90f2-4930-bc93-1b6c9da3df70]
2026-08-25 22:57:00.019 [task-81] [33a6cb79-90f2-4930-bc93-1b6c9da3df70] INFO  c.e.s.batch.BatchProcessorService - Documentos encontrados: 0 [batchJob=33a6cb79-90f2-4930-bc93-1b6c9da3df70]
2026-08-25 22:57:00.019 [task-81] [33a6cb79-90f2-4930-bc93-1b6c9da3df70] INFO  c.e.s.batch.BatchProcessorService - Batch job 33a6cb79-90f2-4930-bc93-1b6c9da3df70 completado: Procesados: 0, Exitosos: 0, Fallidos: 0 [batchJob=33a6cb79-90f2-4930-bc93-1b6c9da3df70]
2026-08-25 22:57:01.452 [sri-files-scheduler-3] [] INFO  c.e.s.services.EnvioSriBatchService - No hay facturas pendientes estado=I
2026-08-25 22:57:01.452 [sri-files-scheduler-3] [] INFO  c.e.s.services.EnvioSriBatchService - [SCHEDULER][sri-files-scheduler-3] FIN automatizacionEnvioFacturasElectonicas | detectados=0 | exitosas=0 | fallidas=0 | duracionMs=1451
2026-08-25 22:57:30.001 [sri-files-scheduler-4] [] INFO  c.e.s.s.NuevoDocumentoScheduler - [SCHEDULER][V1] INICIO recuperación autorizaciones @ 2026-08-25T22:57:30.001441300
2026-08-25 22:57:30.003 [sri-files-scheduler-4] [] INFO  c.e.s.s.NuevoDocumentoScheduler - [SCHEDULER][V1] FIN recuperación | detectados=0 | autorizados=0 | pendientes=0 | duracionMs=2
2026-08-25 22:58:00.000 [sri-files-scheduler-1] [] INFO  c.e.s.s.NuevoDocumentoScheduler - [SCHEDULER][V1] INICIO envío pendientes @ 2026-08-25T22:58:00.000658300
2026-08-25 22:58:00.000 [sri-files-scheduler-4] [] INFO  c.e.s.services.EnvioSriBatchService - [SCHEDULER][sri-files-scheduler-4] INICIO automatizacionEnvioFacturasElectonicas @ 2026-08-25T22:58:00.000658300
2026-08-25 22:58:00.000 [sri-files-scheduler-4] [] INFO  c.e.s.services.EnvioSriBatchService - Ejecutando envio de facturas at=2026-08-25T22:58:00.000658300
2026-08-25 22:58:00.005 [sri-files-scheduler-3] [] INFO  c.e.s.batch.BatchJobScheduler - Batch automático ejecutado: tipo=ENVIAR_SRI uuid=01019e51-fdf2-40af-b36c-58b6ca26f720
2026-08-25 22:58:00.006 [sri-files-scheduler-1] [] INFO  c.e.s.s.NuevoDocumentoScheduler - [SCHEDULER][V1] FIN envío | detectados=0 | exitosos=0 | fallidos=0 | duracionMs=6
2026-08-25 22:58:00.006 [task-82] [01019e51-fdf2-40af-b36c-58b6ca26f720] INFO  c.e.s.batch.BatchProcessorService - Iniciando batch job 01019e51-fdf2-40af-b36c-58b6ca26f720 tipo=ENVIAR_SRI [batchJob=01019e51-fdf2-40af-b36c-58b6ca26f720]
2026-08-25 22:58:00.008 [task-82] [01019e51-fdf2-40af-b36c-58b6ca26f720] INFO  c.e.s.batch.BatchProcessorService - Documentos encontrados: 0 [batchJob=01019e51-fdf2-40af-b36c-58b6ca26f720]
2026-08-25 22:58:00.008 [task-82] [01019e51-fdf2-40af-b36c-58b6ca26f720] INFO  c.e.s.batch.BatchProcessorService - Batch job 01019e51-fdf2-40af-b36c-58b6ca26f720 completado: Procesados: 0, Exitosos: 0, Fallidos: 0 [batchJob=01019e51-fdf2-40af-b36c-58b6ca26f720]
2026-08-25 22:58:01.360 [sri-files-scheduler-4] [] INFO  c.e.s.services.EnvioSriBatchService - No hay facturas pendientes estado=I
2026-08-25 22:58:01.360 [sri-files-scheduler-4] [] INFO  c.e.s.services.EnvioSriBatchService - [SCHEDULER][sri-files-scheduler-4] FIN automatizacionEnvioFacturasElectonicas | detectados=0 | exitosas=0 | fallidas=0 | duracionMs=1360
2026-08-25 22:59:00.001 [sri-files-scheduler-1] [] INFO  c.e.s.s.NuevoDocumentoScheduler - [SCHEDULER][V1] INICIO envío pendientes @ 2026-08-25T22:59:00.001626300
2026-08-25 22:59:00.001 [sri-files-scheduler-4] [] INFO  c.e.s.services.EnvioSriBatchService - [SCHEDULER][sri-files-scheduler-4] INICIO automatizacionEnvioFacturasElectonicas @ 2026-08-25T22:59:00.001626300
2026-08-25 22:59:00.001 [sri-files-scheduler-4] [] INFO  c.e.s.services.EnvioSriBatchService - Ejecutando envio de facturas at=2026-08-25T22:59:00.001626300
2026-08-25 22:59:00.004 [sri-files-scheduler-1] [] INFO  c.e.s.s.NuevoDocumentoScheduler - [SCHEDULER][V1] FIN envío | detectados=0 | exitosos=0 | fallidos=0 | duracionMs=3
2026-08-25 22:59:01.303 [sri-files-scheduler-4] [] INFO  c.e.s.services.EnvioSriBatchService - No hay facturas pendientes estado=I
2026-08-25 22:59:01.303 [sri-files-scheduler-4] [] INFO  c.e.s.services.EnvioSriBatchService - [SCHEDULER][sri-files-scheduler-4] FIN automatizacionEnvioFacturasElectonicas | detectados=0 | exitosas=0 | fallidas=0 | duracionMs=1302
2026-08-25 23:00:00.000 [sri-files-scheduler-1] [] INFO  c.e.s.services.EnvioSriBatchService - [SCHEDULER][sri-files-scheduler-1] INICIO automatizacionEnvioFacturasElectonicas @ 2026-08-25T23:00:00.000397200
2026-08-25 23:00:00.000 [sri-files-scheduler-1] [] INFO  c.e.s.services.EnvioSriBatchService - Ejecutando envio de facturas at=2026-08-25T23:00:00.000397200
2026-08-25 23:00:00.005 [sri-files-scheduler-4] [] INFO  c.e.s.batch.BatchJobScheduler - Batch automático ejecutado: tipo=ENVIAR_CORREO uuid=338de023-d818-4b06-98ca-77fa0512eecc
2026-08-25 23:00:00.006 [sri-files-scheduler-4] [] INFO  c.e.s.s.NuevoDocumentoScheduler - [SCHEDULER][V1] INICIO envío pendientes @ 2026-08-25T23:00:00.006446400
2026-08-25 23:00:00.006 [sri-files-scheduler-3] [] INFO  c.e.s.batch.BatchJobScheduler - Batch automático ejecutado: tipo=CONSULTAR_AUTORIZACION uuid=1c5c7c60-bf47-4790-aa1c-327b36967fbe
2026-08-25 23:00:00.006 [task-83] [338de023-d818-4b06-98ca-77fa0512eecc] INFO  c.e.s.batch.BatchProcessorService - Iniciando batch job 338de023-d818-4b06-98ca-77fa0512eecc tipo=ENVIAR_CORREO [batchJob=338de023-d818-4b06-98ca-77fa0512eecc]
2026-08-25 23:00:00.006 [sri-files-scheduler-4] [] INFO  c.e.s.s.NuevoDocumentoScheduler - [SCHEDULER][V1] FIN envío | detectados=0 | exitosos=0 | fallidos=0 | duracionMs=0
2026-08-25 23:00:00.007 [task-84] [1c5c7c60-bf47-4790-aa1c-327b36967fbe] INFO  c.e.s.batch.BatchProcessorService - Iniciando batch job 1c5c7c60-bf47-4790-aa1c-327b36967fbe tipo=CONSULTAR_AUTORIZACION [batchJob=1c5c7c60-bf47-4790-aa1c-327b36967fbe]
2026-08-25 23:00:00.008 [task-83] [338de023-d818-4b06-98ca-77fa0512eecc] INFO  c.e.s.batch.BatchProcessorService - Documentos encontrados: 0 [batchJob=338de023-d818-4b06-98ca-77fa0512eecc]
2026-08-25 23:00:00.008 [task-83] [338de023-d818-4b06-98ca-77fa0512eecc] INFO  c.e.s.batch.BatchProcessorService - Batch job 338de023-d818-4b06-98ca-77fa0512eecc completado: Procesados: 0, Exitosos: 0, Fallidos: 0 [batchJob=338de023-d818-4b06-98ca-77fa0512eecc]
2026-08-25 23:00:00.008 [task-84] [1c5c7c60-bf47-4790-aa1c-327b36967fbe] INFO  c.e.s.batch.BatchProcessorService - Documentos encontrados: 0 [batchJob=1c5c7c60-bf47-4790-aa1c-327b36967fbe]
2026-08-25 23:00:00.009 [sri-files-scheduler-4] [] INFO  c.e.s.batch.BatchJobScheduler - Batch automático ejecutado: tipo=ENVIAR_SRI uuid=c83c9232-a874-479b-bd2c-3f86a4043549
2026-08-25 23:00:00.009 [task-84] [1c5c7c60-bf47-4790-aa1c-327b36967fbe] INFO  c.e.s.batch.BatchProcessorService - Batch job 1c5c7c60-bf47-4790-aa1c-327b36967fbe completado: Procesados: 0, Exitosos: 0, Fallidos: 0 [batchJob=1c5c7c60-bf47-4790-aa1c-327b36967fbe]
2026-08-25 23:00:00.009 [sri-files-scheduler-4] [] INFO  c.e.s.s.RecuperarDevueltasScheduler - [SCHEDULER] INICIO recuperación facturas estado M @ 2026-08-25T23:00:00.009950600
2026-08-25 23:00:00.010 [task-85] [c83c9232-a874-479b-bd2c-3f86a4043549] INFO  c.e.s.batch.BatchProcessorService - Iniciando batch job c83c9232-a874-479b-bd2c-3f86a4043549 tipo=ENVIAR_SRI [batchJob=c83c9232-a874-479b-bd2c-3f86a4043549]
2026-08-25 23:00:00.012 [task-85] [c83c9232-a874-479b-bd2c-3f86a4043549] INFO  c.e.s.batch.BatchProcessorService - Documentos encontrados: 0 [batchJob=c83c9232-a874-479b-bd2c-3f86a4043549]
2026-08-25 23:00:00.012 [task-85] [c83c9232-a874-479b-bd2c-3f86a4043549] INFO  c.e.s.batch.BatchProcessorService - Batch job c83c9232-a874-479b-bd2c-3f86a4043549 completado: Procesados: 0, Exitosos: 0, Fallidos: 0 [batchJob=c83c9232-a874-479b-bd2c-3f86a4043549]
2026-08-25 23:00:00.025 [sri-files-scheduler-3] [] INFO  c.e.s.batch.BatchJobScheduler - Batch automático ejecutado: tipo=REINTENTAR_FALLIDOS uuid=56309b24-7ce5-42fd-a7df-aff21f1b4992
2026-08-25 23:00:00.026 [task-86] [56309b24-7ce5-42fd-a7df-aff21f1b4992] INFO  c.e.s.batch.BatchProcessorService - Iniciando batch job 56309b24-7ce5-42fd-a7df-aff21f1b4992 tipo=REINTENTAR_FALLIDOS [batchJob=56309b24-7ce5-42fd-a7df-aff21f1b4992]
2026-08-25 23:00:00.028 [task-86] [56309b24-7ce5-42fd-a7df-aff21f1b4992] INFO  c.e.s.batch.BatchProcessorService - Documentos encontrados: 0 [batchJob=56309b24-7ce5-42fd-a7df-aff21f1b4992]
2026-08-25 23:00:00.028 [task-86] [56309b24-7ce5-42fd-a7df-aff21f1b4992] INFO  c.e.s.batch.BatchProcessorService - Batch job 56309b24-7ce5-42fd-a7df-aff21f1b4992 completado: Procesados: 0, Exitosos: 0, Fallidos: 0 [batchJob=56309b24-7ce5-42fd-a7df-aff21f1b4992]
2026-08-25 23:00:00.886 [sri-files-scheduler-4] [] INFO  c.erp.sri_files.services.SriGateway - Consultando autorización SRI: 0212202501046002881000120010110001733943855849919 [requestId=null]
2026-08-25 23:00:01.366 [sri-files-scheduler-1] [] INFO  c.e.s.services.EnvioSriBatchService - No hay facturas pendientes estado=I
2026-08-25 23:00:01.366 [sri-files-scheduler-1] [] INFO  c.e.s.services.EnvioSriBatchService - [SCHEDULER][sri-files-scheduler-1] FIN automatizacionEnvioFacturasElectonicas | detectados=0 | exitosas=0 | fallidas=0 | duracionMs=1366
2026-08-25 23:00:01.758 [sri-files-scheduler-4] [] INFO  c.erp.sri_files.services.SriGateway - Consultando autorización SRI: 2811202501046002881000120020180003239715151251712 [requestId=null]
2026-08-25 23:00:02.564 [sri-files-scheduler-4] [] INFO  c.erp.sri_files.services.SriGateway - Consultando autorización SRI: 0202202601046002881000120010110001798067373305816 [requestId=null]
2026-08-25 23:00:03.451 [sri-files-scheduler-4] [] INFO  c.erp.sri_files.services.SriGateway - Consultando autorización SRI: 1911202501046002881000120020180003230427548968012 [requestId=null]
2026-08-25 23:00:04.195 [sri-files-scheduler-4] [] INFO  c.erp.sri_files.services.SriGateway - Consultando autorización SRI: 0202202601046002881000120010110001798074950503610 [requestId=null]
2026-08-25 23:00:04.936 [sri-files-scheduler-4] [] INFO  c.erp.sri_files.services.SriGateway - Consultando autorización SRI: 0112202501046002881000120010110001732421185658519 [requestId=null]
2026-08-25 23:00:05.610 [sri-files-scheduler-4] [] INFO  c.erp.sri_files.services.SriGateway - Consultando autorización SRI: 0312202501046002881000120010380000576600992390111 [requestId=null]
2026-08-25 23:00:06.437 [sri-files-scheduler-4] [] INFO  c.erp.sri_files.services.SriGateway - Consultando autorización SRI: 0312202501046002881000120010380000575907269960117 [requestId=null]
2026-08-25 23:00:07.126 [sri-files-scheduler-4] [] INFO  c.erp.sri_files.services.SriGateway - Consultando autorización SRI: 0202202601046002881000120010110001798081590641312 [requestId=null]
2026-08-25 23:00:07.938 [sri-files-scheduler-4] [] INFO  c.erp.sri_files.services.SriGateway - Consultando autorización SRI: 1112202501046002881000120010300000033348337831812 [requestId=null]
2026-08-25 23:00:08.541 [sri-files-scheduler-4] [] INFO  c.erp.sri_files.services.SriGateway - Consultando autorización SRI: 1804202601046002881000120010250000630550568995315 [requestId=null]
2026-08-25 23:00:09.137 [sri-files-scheduler-4] [] INFO  c.erp.sri_files.services.SriGateway - Consultando autorización SRI: 0312202501046002881000120010110001736714981187618 [requestId=null]
2026-08-25 23:00:09.698 [sri-files-scheduler-4] [] INFO  c.erp.sri_files.services.SriGateway - Consultando autorización SRI: 0312202501046002881000120010380000576616469609219 [requestId=null]
2026-08-25 23:00:10.339 [sri-files-scheduler-4] [] INFO  c.erp.sri_files.services.SriGateway - Consultando autorización SRI: 1911202501046002881000120010110001722434788231315 [requestId=null]
2026-08-25 23:00:10.932 [sri-files-scheduler-4] [] INFO  c.erp.sri_files.services.SriGateway - Consultando autorización SRI: 0312202501046002881000120010380000575914834480317 [requestId=null]
2026-08-25 23:00:11.523 [sri-files-scheduler-4] [] INFO  c.erp.sri_files.services.SriGateway - Consultando autorización SRI: 0412202501046002881000120010110001737140783115816 [requestId=null]
2026-08-25 23:00:12.134 [sri-files-scheduler-4] [] INFO  c.erp.sri_files.services.SriGateway - Consultando autorización SRI: 0112202501046002881000120010380000570970737678919 [requestId=null]
2026-08-25 23:00:12.661 [sri-files-scheduler-4] [] INFO  c.erp.sri_files.services.SriGateway - Consultando autorización SRI: 0202202601046002881000120010110001798090795012813 [requestId=null]
2026-08-25 23:00:13.487 [sri-files-scheduler-4] [] INFO  c.erp.sri_files.services.SriGateway - Consultando autorización SRI: 0312202501046002881000120010130004196946311024113 [requestId=null]
2026-08-25 23:00:14.059 [sri-files-scheduler-4] [] INFO  c.erp.sri_files.services.SriGateway - Consultando autorización SRI: 0312202501046002881000120010110001735710165886411 [requestId=null]
2026-08-25 23:00:14.651 [sri-files-scheduler-4] [] INFO  c.e.s.s.RecuperarDevueltasScheduler - [SCHEDULER] FIN recuperación devueltas | detectadas=20 | recuperadas=0 | pendientes=20 | fallidas=0 | duracionMs=14642
2026-08-25 23:00:30.001 [sri-files-scheduler-3] [] INFO  c.e.s.s.NuevoDocumentoScheduler - [SCHEDULER][V1] INICIO recuperación autorizaciones @ 2026-08-25T23:00:30.001893800
2026-08-25 23:00:30.006 [sri-files-scheduler-3] [] INFO  c.e.s.s.NuevoDocumentoScheduler - [SCHEDULER][V1] FIN recuperación | detectados=0 | autorizados=0 | pendientes=0 | duracionMs=5
2026-08-25 23:01:00.000 [sri-files-scheduler-1] [] INFO  c.e.s.s.NuevoDocumentoScheduler - [SCHEDULER][V1] INICIO envío pendientes @ 2026-08-25T23:01:00.000309700
2026-08-25 23:01:00.001 [sri-files-scheduler-1] [] INFO  c.e.s.s.NuevoDocumentoScheduler - [SCHEDULER][V1] FIN envío | detectados=0 | exitosos=0 | fallidos=0 | duracionMs=1
2026-08-25 23:01:00.002 [sri-files-scheduler-4] [] INFO  c.e.s.services.EnvioSriBatchService - [SCHEDULER][sri-files-scheduler-4] INICIO automatizacionEnvioFacturasElectonicas @ 2026-08-25T23:01:00.002416200
2026-08-25 23:01:00.002 [sri-files-scheduler-4] [] INFO  c.e.s.services.EnvioSriBatchService - Ejecutando envio de facturas at=2026-08-25T23:01:00.002416200
2026-08-25 23:01:01.283 [sri-files-scheduler-4] [] INFO  c.e.s.services.EnvioSriBatchService - No hay facturas pendientes estado=I
2026-08-25 23:01:01.283 [sri-files-scheduler-4] [] INFO  c.e.s.services.EnvioSriBatchService - [SCHEDULER][sri-files-scheduler-4] FIN automatizacionEnvioFacturasElectonicas | detectados=0 | exitosas=0 | fallidas=0 | duracionMs=1281
2026-08-25 23:02:00.000 [sri-files-scheduler-3] [] INFO  c.e.s.s.NuevoDocumentoScheduler - [SCHEDULER][V1] INICIO envío pendientes @ 2026-08-25T23:02:00.000494700
2026-08-25 23:02:00.000 [sri-files-scheduler-4] [] INFO  c.e.s.services.EnvioSriBatchService - [SCHEDULER][sri-files-scheduler-4] INICIO automatizacionEnvioFacturasElectonicas @ 2026-08-25T23:02:00.000494700
2026-08-25 23:02:00.001 [sri-files-scheduler-4] [] INFO  c.e.s.services.EnvioSriBatchService - Ejecutando envio de facturas at=2026-08-25T23:02:00.001268700
2026-08-25 23:02:00.002 [sri-files-scheduler-3] [] INFO  c.e.s.s.NuevoDocumentoScheduler - [SCHEDULER][V1] FIN envío | detectados=0 | exitosos=0 | fallidos=0 | duracionMs=2
2026-08-25 23:02:00.004 [sri-files-scheduler-1] [] INFO  c.e.s.batch.BatchJobScheduler - Batch automático ejecutado: tipo=ENVIAR_SRI uuid=e7f0adca-311a-451f-8780-97ac0c71e2dd
2026-08-25 23:02:00.005 [task-87] [e7f0adca-311a-451f-8780-97ac0c71e2dd] INFO  c.e.s.batch.BatchProcessorService - Iniciando batch job e7f0adca-311a-451f-8780-97ac0c71e2dd tipo=ENVIAR_SRI [batchJob=e7f0adca-311a-451f-8780-97ac0c71e2dd]
2026-08-25 23:02:00.006 [task-87] [e7f0adca-311a-451f-8780-97ac0c71e2dd] INFO  c.e.s.batch.BatchProcessorService - Documentos encontrados: 0 [batchJob=e7f0adca-311a-451f-8780-97ac0c71e2dd]
2026-08-25 23:02:00.006 [task-87] [e7f0adca-311a-451f-8780-97ac0c71e2dd] INFO  c.e.s.batch.BatchProcessorService - Batch job e7f0adca-311a-451f-8780-97ac0c71e2dd completado: Procesados: 0, Exitosos: 0, Fallidos: 0 [batchJob=e7f0adca-311a-451f-8780-97ac0c71e2dd]
2026-08-25 23:02:01.301 [sri-files-scheduler-4] [] INFO  c.e.s.services.EnvioSriBatchService - No hay facturas pendientes estado=I
2026-08-25 23:02:01.301 [sri-files-scheduler-4] [] INFO  c.e.s.services.EnvioSriBatchService - [SCHEDULER][sri-files-scheduler-4] FIN automatizacionEnvioFacturasElectonicas | detectados=0 | exitosas=0 | fallidas=0 | duracionMs=1301
2026-08-25 23:03:00.000 [sri-files-scheduler-4] [] INFO  c.e.s.services.EnvioSriBatchService - [SCHEDULER][sri-files-scheduler-4] INICIO automatizacionEnvioFacturasElectonicas @ 2026-08-25T23:03:00.000346400
2026-08-25 23:03:00.000 [sri-files-scheduler-4] [] INFO  c.e.s.services.EnvioSriBatchService - Ejecutando envio de facturas at=2026-08-25T23:03:00.000346400
2026-08-25 23:03:00.001 [sri-files-scheduler-3] [] INFO  c.e.s.s.NuevoDocumentoScheduler - [SCHEDULER][V1] INICIO envío pendientes @ 2026-08-25T23:03:00.001346900
2026-08-25 23:03:00.002 [sri-files-scheduler-3] [] INFO  c.e.s.s.NuevoDocumentoScheduler - [SCHEDULER][V1] FIN envío | detectados=0 | exitosos=0 | fallidos=0 | duracionMs=1
2026-08-25 23:03:00.004 [sri-files-scheduler-1] [] INFO  c.e.s.batch.BatchJobScheduler - Batch automático ejecutado: tipo=CONSULTAR_AUTORIZACION uuid=03e8f828-7ae3-4fae-84df-c87350621722
2026-08-25 23:03:00.004 [task-88] [03e8f828-7ae3-4fae-84df-c87350621722] INFO  c.e.s.batch.BatchProcessorService - Iniciando batch job 03e8f828-7ae3-4fae-84df-c87350621722 tipo=CONSULTAR_AUTORIZACION [batchJob=03e8f828-7ae3-4fae-84df-c87350621722]
2026-08-25 23:03:00.006 [task-88] [03e8f828-7ae3-4fae-84df-c87350621722] INFO  c.e.s.batch.BatchProcessorService - Documentos encontrados: 0 [batchJob=03e8f828-7ae3-4fae-84df-c87350621722]
2026-08-25 23:03:00.006 [task-88] [03e8f828-7ae3-4fae-84df-c87350621722] INFO  c.e.s.batch.BatchProcessorService - Batch job 03e8f828-7ae3-4fae-84df-c87350621722 completado: Procesados: 0, Exitosos: 0, Fallidos: 0 [batchJob=03e8f828-7ae3-4fae-84df-c87350621722]
2026-08-25 23:03:01.289 [sri-files-scheduler-4] [] INFO  c.e.s.services.EnvioSriBatchService - No hay facturas pendientes estado=I
2026-08-25 23:03:01.289 [sri-files-scheduler-4] [] INFO  c.e.s.services.EnvioSriBatchService - [SCHEDULER][sri-files-scheduler-4] FIN automatizacionEnvioFacturasElectonicas | detectados=0 | exitosas=0 | fallidas=0 | duracionMs=1289
2026-08-25 23:03:30.001 [sri-files-scheduler-3] [] INFO  c.e.s.s.NuevoDocumentoScheduler - [SCHEDULER][V1] INICIO recuperación autorizaciones @ 2026-08-25T23:03:30.001257100
2026-08-25 23:03:30.002 [sri-files-scheduler-3] [] INFO  c.e.s.s.NuevoDocumentoScheduler - [SCHEDULER][V1] FIN recuperación | detectados=0 | autorizados=0 | pendientes=0 | duracionMs=1
2026-08-25 23:04:00.000 [sri-files-scheduler-4] [] INFO  c.e.s.s.NuevoDocumentoScheduler - [SCHEDULER][V1] INICIO envío pendientes @ 2026-08-25T23:04:00.000481600
2026-08-25 23:04:00.001 [sri-files-scheduler-4] [] INFO  c.e.s.s.NuevoDocumentoScheduler - [SCHEDULER][V1] FIN envío | detectados=0 | exitosos=0 | fallidos=0 | duracionMs=1
2026-08-25 23:04:00.001 [sri-files-scheduler-4] [] INFO  c.e.s.services.EnvioSriBatchService - [SCHEDULER][sri-files-scheduler-4] INICIO automatizacionEnvioFacturasElectonicas @ 2026-08-25T23:04:00.001478
2026-08-25 23:04:00.001 [sri-files-scheduler-4] [] INFO  c.e.s.services.EnvioSriBatchService - Ejecutando envio de facturas at=2026-08-25T23:04:00.001478
2026-08-25 23:04:00.003 [sri-files-scheduler-1] [] INFO  c.e.s.batch.BatchJobScheduler - Batch automático ejecutado: tipo=ENVIAR_CORREO uuid=baefaa06-2d60-4426-88ec-bf7456e31b31
2026-08-25 23:04:00.003 [sri-files-scheduler-3] [] INFO  c.e.s.batch.BatchJobScheduler - Batch automático ejecutado: tipo=ENVIAR_SRI uuid=05260e70-b696-465d-96b1-2777237dedd9
2026-08-25 23:04:00.003 [task-89] [baefaa06-2d60-4426-88ec-bf7456e31b31] INFO  c.e.s.batch.BatchProcessorService - Iniciando batch job baefaa06-2d60-4426-88ec-bf7456e31b31 tipo=ENVIAR_CORREO [batchJob=baefaa06-2d60-4426-88ec-bf7456e31b31]
2026-08-25 23:04:00.003 [task-90] [05260e70-b696-465d-96b1-2777237dedd9] INFO  c.e.s.batch.BatchProcessorService - Iniciando batch job 05260e70-b696-465d-96b1-2777237dedd9 tipo=ENVIAR_SRI [batchJob=05260e70-b696-465d-96b1-2777237dedd9]
2026-08-25 23:04:00.005 [task-89] [baefaa06-2d60-4426-88ec-bf7456e31b31] INFO  c.e.s.batch.BatchProcessorService - Documentos encontrados: 0 [batchJob=baefaa06-2d60-4426-88ec-bf7456e31b31]
2026-08-25 23:04:00.005 [task-89] [baefaa06-2d60-4426-88ec-bf7456e31b31] INFO  c.e.s.batch.BatchProcessorService - Batch job baefaa06-2d60-4426-88ec-bf7456e31b31 completado: Procesados: 0, Exitosos: 0, Fallidos: 0 [batchJob=baefaa06-2d60-4426-88ec-bf7456e31b31]
2026-08-25 23:04:00.005 [task-90] [05260e70-b696-465d-96b1-2777237dedd9] INFO  c.e.s.batch.BatchProcessorService - Documentos encontrados: 0 [batchJob=05260e70-b696-465d-96b1-2777237dedd9]
2026-08-25 23:04:00.005 [task-90] [05260e70-b696-465d-96b1-2777237dedd9] INFO  c.e.s.batch.BatchProcessorService - Batch job 05260e70-b696-465d-96b1-2777237dedd9 completado: Procesados: 0, Exitosos: 0, Fallidos: 0 [batchJob=05260e70-b696-465d-96b1-2777237dedd9]
2026-08-25 23:04:01.290 [sri-files-scheduler-4] [] INFO  c.e.s.services.EnvioSriBatchService - No hay facturas pendientes estado=I
2026-08-25 23:04:01.291 [sri-files-scheduler-4] [] INFO  c.e.s.services.EnvioSriBatchService - [SCHEDULER][sri-files-scheduler-4] FIN automatizacionEnvioFacturasElectonicas | detectados=0 | exitosas=0 | fallidas=0 | duracionMs=1290
2026-08-25 23:05:00.000 [sri-files-scheduler-1] [] INFO  c.e.s.s.NuevoDocumentoScheduler - [SCHEDULER][V1] INICIO envío pendientes @ 2026-08-25T23:05:00.000354600
2026-08-25 23:05:00.000 [sri-files-scheduler-4] [] INFO  c.e.s.services.EnvioSriBatchService - [SCHEDULER][sri-files-scheduler-4] INICIO automatizacionEnvioFacturasElectonicas @ 2026-08-25T23:05:00.000354600
2026-08-25 23:05:00.001 [sri-files-scheduler-4] [] INFO  c.e.s.services.EnvioSriBatchService - Ejecutando envio de facturas at=2026-08-25T23:05:00.001354800
2026-08-25 23:05:00.003 [sri-files-scheduler-1] [] INFO  c.e.s.s.NuevoDocumentoScheduler - [SCHEDULER][V1] FIN envío | detectados=0 | exitosos=0 | fallidos=0 | duracionMs=3
2026-08-25 23:05:00.004 [sri-files-scheduler-1] [] INFO  c.e.s.s.RecuperarDevueltasScheduler - [SCHEDULER] INICIO recuperación facturas estado M @ 2026-08-25T23:05:00.004352300
2026-08-25 23:05:00.004 [sri-files-scheduler-3] [] INFO  c.e.s.batch.BatchJobScheduler - Batch automático ejecutado: tipo=REINTENTAR_FALLIDOS uuid=6dbd710c-ad95-43e8-a40a-414f679fef77
2026-08-25 23:05:00.005 [task-91] [6dbd710c-ad95-43e8-a40a-414f679fef77] INFO  c.e.s.batch.BatchProcessorService - Iniciando batch job 6dbd710c-ad95-43e8-a40a-414f679fef77 tipo=REINTENTAR_FALLIDOS [batchJob=6dbd710c-ad95-43e8-a40a-414f679fef77]
2026-08-25 23:05:00.007 [task-91] [6dbd710c-ad95-43e8-a40a-414f679fef77] INFO  c.e.s.batch.BatchProcessorService - Documentos encontrados: 0 [batchJob=6dbd710c-ad95-43e8-a40a-414f679fef77]
2026-08-25 23:05:00.007 [task-91] [6dbd710c-ad95-43e8-a40a-414f679fef77] INFO  c.e.s.batch.BatchProcessorService - Batch job 6dbd710c-ad95-43e8-a40a-414f679fef77 completado: Procesados: 0, Exitosos: 0, Fallidos: 0 [batchJob=6dbd710c-ad95-43e8-a40a-414f679fef77]
2026-08-25 23:05:00.817 [sri-files-scheduler-1] [] INFO  c.erp.sri_files.services.SriGateway - Consultando autorización SRI: 0212202501046002881000120010110001733943855849919 [requestId=null]
2026-08-25 23:05:01.302 [sri-files-scheduler-4] [] INFO  c.e.s.services.EnvioSriBatchService - No hay facturas pendientes estado=I
2026-08-25 23:05:01.302 [sri-files-scheduler-4] [] INFO  c.e.s.services.EnvioSriBatchService - [SCHEDULER][sri-files-scheduler-4] FIN automatizacionEnvioFacturasElectonicas | detectados=0 | exitosas=0 | fallidas=0 | duracionMs=1302
2026-08-25 23:05:01.699 [sri-files-scheduler-1] [] INFO  c.erp.sri_files.services.SriGateway - Consultando autorización SRI: 2811202501046002881000120020180003239715151251712 [requestId=null]
2026-08-25 23:05:02.536 [sri-files-scheduler-1] [] INFO  c.erp.sri_files.services.SriGateway - Consultando autorización SRI: 0202202601046002881000120010110001798067373305816 [requestId=null]
2026-08-25 23:05:03.453 [sri-files-scheduler-1] [] INFO  c.erp.sri_files.services.SriGateway - Consultando autorización SRI: 1911202501046002881000120020180003230427548968012 [requestId=null]
2026-08-25 23:05:04.250 [sri-files-scheduler-1] [] INFO  c.erp.sri_files.services.SriGateway - Consultando autorización SRI: 0202202601046002881000120010110001798074950503610 [requestId=null]
2026-08-25 23:05:05.103 [sri-files-scheduler-1] [] INFO  c.erp.sri_files.services.SriGateway - Consultando autorización SRI: 0112202501046002881000120010110001732421185658519 [requestId=null]
2026-08-25 23:05:06.020 [sri-files-scheduler-1] [] INFO  c.erp.sri_files.services.SriGateway - Consultando autorización SRI: 0312202501046002881000120010380000576600992390111 [requestId=null]
2026-08-25 23:05:06.727 [sri-files-scheduler-1] [] INFO  c.erp.sri_files.services.SriGateway - Consultando autorización SRI: 0312202501046002881000120010380000575907269960117 [requestId=null]
2026-08-25 23:05:07.480 [sri-files-scheduler-1] [] INFO  c.erp.sri_files.services.SriGateway - Consultando autorización SRI: 0202202601046002881000120010110001798081590641312 [requestId=null]
2026-08-25 23:05:08.196 [sri-files-scheduler-1] [] INFO  c.erp.sri_files.services.SriGateway - Consultando autorización SRI: 1112202501046002881000120010300000033348337831812 [requestId=null]
2026-08-25 23:05:08.814 [sri-files-scheduler-1] [] INFO  c.erp.sri_files.services.SriGateway - Consultando autorización SRI: 1804202601046002881000120010250000630550568995315 [requestId=null]
2026-08-25 23:05:09.530 [sri-files-scheduler-1] [] INFO  c.erp.sri_files.services.SriGateway - Consultando autorización SRI: 0312202501046002881000120010110001736714981187618 [requestId=null]
2026-08-25 23:05:10.139 [sri-files-scheduler-1] [] INFO  c.erp.sri_files.services.SriGateway - Consultando autorización SRI: 0312202501046002881000120010380000576616469609219 [requestId=null]
2026-08-25 23:05:10.713 [sri-files-scheduler-1] [] INFO  c.erp.sri_files.services.SriGateway - Consultando autorización SRI: 1911202501046002881000120010110001722434788231315 [requestId=null]
2026-08-25 23:05:11.350 [sri-files-scheduler-1] [] INFO  c.erp.sri_files.services.SriGateway - Consultando autorización SRI: 0312202501046002881000120010380000575914834480317 [requestId=null]
2026-08-25 23:05:11.884 [sri-files-scheduler-1] [] INFO  c.erp.sri_files.services.SriGateway - Consultando autorización SRI: 0412202501046002881000120010110001737140783115816 [requestId=null]
2026-08-25 23:05:12.706 [sri-files-scheduler-1] [] INFO  c.erp.sri_files.services.SriGateway - Consultando autorización SRI: 0112202501046002881000120010380000570970737678919 [requestId=null]
2026-08-25 23:05:13.404 [sri-files-scheduler-1] [] INFO  c.erp.sri_files.services.SriGateway - Consultando autorización SRI: 0202202601046002881000120010110001798090795012813 [requestId=null]
2026-08-25 23:05:14.020 [sri-files-scheduler-1] [] INFO  c.erp.sri_files.services.SriGateway - Consultando autorización SRI: 0312202501046002881000120010130004196946311024113 [requestId=null]
2026-08-25 23:05:14.670 [sri-files-scheduler-1] [] INFO  c.erp.sri_files.services.SriGateway - Consultando autorización SRI: 0312202501046002881000120010110001735710165886411 [requestId=null]
2026-08-25 23:05:15.301 [sri-files-scheduler-1] [] INFO  c.e.s.s.RecuperarDevueltasScheduler - [SCHEDULER] FIN recuperación devueltas | detectadas=20 | recuperadas=0 | pendientes=20 | fallidas=0 | duracionMs=15297
2026-08-25 23:06:00.000 [sri-files-scheduler-1] [] INFO  c.e.s.s.NuevoDocumentoScheduler - [SCHEDULER][V1] INICIO envío pendientes @ 2026-08-25T23:06:00.000428500
2026-08-25 23:06:00.000 [sri-files-scheduler-4] [] INFO  c.e.s.services.EnvioSriBatchService - [SCHEDULER][sri-files-scheduler-4] INICIO automatizacionEnvioFacturasElectonicas @ 2026-08-25T23:06:00.000428500
2026-08-25 23:06:00.000 [sri-files-scheduler-4] [] INFO  c.e.s.services.EnvioSriBatchService - Ejecutando envio de facturas at=2026-08-25T23:06:00.000428500
2026-08-25 23:06:00.001 [sri-files-scheduler-1] [] INFO  c.e.s.s.NuevoDocumentoScheduler - [SCHEDULER][V1] FIN envío | detectados=0 | exitosos=0 | fallidos=0 | duracionMs=1
2026-08-25 23:06:00.003 [sri-files-scheduler-3] [] INFO  c.e.s.batch.BatchJobScheduler - Batch automático ejecutado: tipo=CONSULTAR_AUTORIZACION uuid=b8ddc8b7-e5e0-4d2a-8ee7-5d9849e1b854
2026-08-25 23:06:00.003 [sri-files-scheduler-1] [] INFO  c.e.s.batch.BatchJobScheduler - Batch automático ejecutado: tipo=ENVIAR_SRI uuid=233a7142-ec60-4028-a37f-84ca8f1af52f
2026-08-25 23:06:00.004 [task-92] [b8ddc8b7-e5e0-4d2a-8ee7-5d9849e1b854] INFO  c.e.s.batch.BatchProcessorService - Iniciando batch job b8ddc8b7-e5e0-4d2a-8ee7-5d9849e1b854 tipo=CONSULTAR_AUTORIZACION [batchJob=b8ddc8b7-e5e0-4d2a-8ee7-5d9849e1b854]
2026-08-25 23:06:00.004 [task-93] [233a7142-ec60-4028-a37f-84ca8f1af52f] INFO  c.e.s.batch.BatchProcessorService - Iniciando batch job 233a7142-ec60-4028-a37f-84ca8f1af52f tipo=ENVIAR_SRI [batchJob=233a7142-ec60-4028-a37f-84ca8f1af52f]
2026-08-25 23:06:00.005 [task-92] [b8ddc8b7-e5e0-4d2a-8ee7-5d9849e1b854] INFO  c.e.s.batch.BatchProcessorService - Documentos encontrados: 0 [batchJob=b8ddc8b7-e5e0-4d2a-8ee7-5d9849e1b854]
2026-08-25 23:06:00.005 [task-92] [b8ddc8b7-e5e0-4d2a-8ee7-5d9849e1b854] INFO  c.e.s.batch.BatchProcessorService - Batch job b8ddc8b7-e5e0-4d2a-8ee7-5d9849e1b854 completado: Procesados: 0, Exitosos: 0, Fallidos: 0 [batchJob=b8ddc8b7-e5e0-4d2a-8ee7-5d9849e1b854]
2026-08-25 23:06:00.005 [task-93] [233a7142-ec60-4028-a37f-84ca8f1af52f] INFO  c.e.s.batch.BatchProcessorService - Documentos encontrados: 0 [batchJob=233a7142-ec60-4028-a37f-84ca8f1af52f]
2026-08-25 23:06:00.005 [task-93] [233a7142-ec60-4028-a37f-84ca8f1af52f] INFO  c.e.s.batch.BatchProcessorService - Batch job 233a7142-ec60-4028-a37f-84ca8f1af52f completado: Procesados: 0, Exitosos: 0, Fallidos: 0 [batchJob=233a7142-ec60-4028-a37f-84ca8f1af52f]
2026-08-25 23:06:01.343 [sri-files-scheduler-4] [] INFO  c.e.s.services.EnvioSriBatchService - No hay facturas pendientes estado=I
2026-08-25 23:06:01.343 [sri-files-scheduler-4] [] INFO  c.e.s.services.EnvioSriBatchService - [SCHEDULER][sri-files-scheduler-4] FIN automatizacionEnvioFacturasElectonicas | detectados=0 | exitosas=0 | fallidas=0 | duracionMs=1343
2026-08-25 23:06:30.002 [sri-files-scheduler-3] [] INFO  c.e.s.s.NuevoDocumentoScheduler - [SCHEDULER][V1] INICIO recuperación autorizaciones @ 2026-08-25T23:06:30.002732
2026-08-25 23:06:30.004 [sri-files-scheduler-3] [] INFO  c.e.s.s.NuevoDocumentoScheduler - [SCHEDULER][V1] FIN recuperación | detectados=0 | autorizados=0 | pendientes=0 | duracionMs=2
2026-08-25 23:07:00.001 [sri-files-scheduler-1] [] INFO  c.e.s.s.NuevoDocumentoScheduler - [SCHEDULER][V1] INICIO envío pendientes @ 2026-08-25T23:07:00.001475100
2026-08-25 23:07:00.002 [sri-files-scheduler-4] [] INFO  c.e.s.services.EnvioSriBatchService - [SCHEDULER][sri-files-scheduler-4] INICIO automatizacionEnvioFacturasElectonicas @ 2026-08-25T23:07:00.002467900
2026-08-25 23:07:00.002 [sri-files-scheduler-4] [] INFO  c.e.s.services.EnvioSriBatchService - Ejecutando envio de facturas at=2026-08-25T23:07:00.002467900
2026-08-25 23:07:00.002 [sri-files-scheduler-1] [] INFO  c.e.s.s.NuevoDocumentoScheduler - [SCHEDULER][V1] FIN envío | detectados=0 | exitosos=0 | fallidos=0 | duracionMs=1
2026-08-25 23:07:01.340 [sri-files-scheduler-4] [] INFO  c.e.s.services.EnvioSriBatchService - No hay facturas pendientes estado=I
2026-08-25 23:07:01.340 [sri-files-scheduler-4] [] INFO  c.e.s.services.EnvioSriBatchService - [SCHEDULER][sri-files-scheduler-4] FIN automatizacionEnvioFacturasElectonicas | detectados=0 | exitosas=0 | fallidas=0 | duracionMs=1338
2026-08-25 23:08:00.000 [sri-files-scheduler-1] [] INFO  c.e.s.s.NuevoDocumentoScheduler - [SCHEDULER][V1] INICIO envío pendientes @ 2026-08-25T23:08:00.000890800
2026-08-25 23:08:00.000 [sri-files-scheduler-3] [] INFO  c.e.s.services.EnvioSriBatchService - [SCHEDULER][sri-files-scheduler-3] INICIO automatizacionEnvioFacturasElectonicas @ 2026-08-25T23:08:00.000890800
2026-08-25 23:08:00.000 [sri-files-scheduler-3] [] INFO  c.e.s.services.EnvioSriBatchService - Ejecutando envio de facturas at=2026-08-25T23:08:00.000890800
2026-08-25 23:08:00.000 [sri-files-scheduler-1] [] INFO  c.e.s.s.NuevoDocumentoScheduler - [SCHEDULER][V1] FIN envío | detectados=0 | exitosos=0 | fallidos=0 | duracionMs=0
2026-08-25 23:08:00.006 [sri-files-scheduler-4] [] INFO  c.e.s.batch.BatchJobScheduler - Batch automático ejecutado: tipo=ENVIAR_CORREO uuid=7b4dceb9-dca1-40c5-8848-472e4679ca20
2026-08-25 23:08:00.006 [sri-files-scheduler-1] [] INFO  c.e.s.batch.BatchJobScheduler - Batch automático ejecutado: tipo=ENVIAR_SRI uuid=142f9364-a1ed-43f3-8082-2f658a17ee6f
2026-08-25 23:08:00.008 [task-95] [142f9364-a1ed-43f3-8082-2f658a17ee6f] INFO  c.e.s.batch.BatchProcessorService - Iniciando batch job 142f9364-a1ed-43f3-8082-2f658a17ee6f tipo=ENVIAR_SRI [batchJob=142f9364-a1ed-43f3-8082-2f658a17ee6f]
2026-08-25 23:08:00.009 [task-95] [142f9364-a1ed-43f3-8082-2f658a17ee6f] INFO  c.e.s.batch.BatchProcessorService - Documentos encontrados: 0 [batchJob=142f9364-a1ed-43f3-8082-2f658a17ee6f]
2026-08-25 23:08:00.009 [task-95] [142f9364-a1ed-43f3-8082-2f658a17ee6f] INFO  c.e.s.batch.BatchProcessorService - Batch job 142f9364-a1ed-43f3-8082-2f658a17ee6f completado: Procesados: 0, Exitosos: 0, Fallidos: 0 [batchJob=142f9364-a1ed-43f3-8082-2f658a17ee6f]
2026-08-25 23:08:00.011 [task-94] [7b4dceb9-dca1-40c5-8848-472e4679ca20] INFO  c.e.s.batch.BatchProcessorService - Iniciando batch job 7b4dceb9-dca1-40c5-8848-472e4679ca20 tipo=ENVIAR_CORREO [batchJob=7b4dceb9-dca1-40c5-8848-472e4679ca20]
2026-08-25 23:08:00.012 [task-94] [7b4dceb9-dca1-40c5-8848-472e4679ca20] INFO  c.e.s.batch.BatchProcessorService - Documentos encontrados: 0 [batchJob=7b4dceb9-dca1-40c5-8848-472e4679ca20]
2026-08-25 23:08:00.012 [task-94] [7b4dceb9-dca1-40c5-8848-472e4679ca20] INFO  c.e.s.batch.BatchProcessorService - Batch job 7b4dceb9-dca1-40c5-8848-472e4679ca20 completado: Procesados: 0, Exitosos: 0, Fallidos: 0 [batchJob=7b4dceb9-dca1-40c5-8848-472e4679ca20]
2026-08-25 23:08:01.451 [sri-files-scheduler-3] [] INFO  c.e.s.services.EnvioSriBatchService - No hay facturas pendientes estado=I
2026-08-25 23:08:01.451 [sri-files-scheduler-3] [] INFO  c.e.s.services.EnvioSriBatchService - [SCHEDULER][sri-files-scheduler-3] FIN automatizacionEnvioFacturasElectonicas | detectados=0 | exitosas=0 | fallidas=0 | duracionMs=1451
2026-08-25 23:09:00.000 [sri-files-scheduler-1] [] INFO  c.e.s.services.EnvioSriBatchService - [SCHEDULER][sri-files-scheduler-1] INICIO automatizacionEnvioFacturasElectonicas @ 2026-08-25T23:09:00.000918900
2026-08-25 23:09:00.000 [sri-files-scheduler-1] [] INFO  c.e.s.services.EnvioSriBatchService - Ejecutando envio de facturas at=2026-08-25T23:09:00.000918900
2026-08-25 23:09:00.001 [sri-files-scheduler-3] [] INFO  c.e.s.s.NuevoDocumentoScheduler - [SCHEDULER][V1] INICIO envío pendientes @ 2026-08-25T23:09:00.001924200
2026-08-25 23:09:00.003 [sri-files-scheduler-3] [] INFO  c.e.s.s.NuevoDocumentoScheduler - [SCHEDULER][V1] FIN envío | detectados=0 | exitosos=0 | fallidos=0 | duracionMs=2
2026-08-25 23:09:00.004 [sri-files-scheduler-4] [] INFO  c.e.s.batch.BatchJobScheduler - Batch automático ejecutado: tipo=CONSULTAR_AUTORIZACION uuid=0c98a95d-6421-4771-9a02-a541e9997887
2026-08-25 23:09:00.005 [task-96] [0c98a95d-6421-4771-9a02-a541e9997887] INFO  c.e.s.batch.BatchProcessorService - Iniciando batch job 0c98a95d-6421-4771-9a02-a541e9997887 tipo=CONSULTAR_AUTORIZACION [batchJob=0c98a95d-6421-4771-9a02-a541e9997887]
2026-08-25 23:09:00.006 [task-96] [0c98a95d-6421-4771-9a02-a541e9997887] INFO  c.e.s.batch.BatchProcessorService - Documentos encontrados: 0 [batchJob=0c98a95d-6421-4771-9a02-a541e9997887]
2026-08-25 23:09:00.006 [task-96] [0c98a95d-6421-4771-9a02-a541e9997887] INFO  c.e.s.batch.BatchProcessorService - Batch job 0c98a95d-6421-4771-9a02-a541e9997887 completado: Procesados: 0, Exitosos: 0, Fallidos: 0 [batchJob=0c98a95d-6421-4771-9a02-a541e9997887]
2026-08-25 23:09:01.237 [sri-files-scheduler-1] [] INFO  c.e.s.services.EnvioSriBatchService - No hay facturas pendientes estado=I
2026-08-25 23:09:01.237 [sri-files-scheduler-1] [] INFO  c.e.s.services.EnvioSriBatchService - [SCHEDULER][sri-files-scheduler-1] FIN automatizacionEnvioFacturasElectonicas | detectados=0 | exitosas=0 | fallidas=0 | duracionMs=1237
2026-08-25 23:09:30.000 [sri-files-scheduler-3] [] INFO  c.e.s.s.NuevoDocumentoScheduler - [SCHEDULER][V1] INICIO recuperación autorizaciones @ 2026-08-25T23:09:30.000866100
2026-08-25 23:09:30.001 [sri-files-scheduler-3] [] INFO  c.e.s.s.NuevoDocumentoScheduler - [SCHEDULER][V1] FIN recuperación | detectados=0 | autorizados=0 | pendientes=0 | duracionMs=1
2026-08-25 23:10:00.001 [sri-files-scheduler-1] [] INFO  c.e.s.s.RecuperarDevueltasScheduler - [SCHEDULER] INICIO recuperación facturas estado M @ 2026-08-25T23:10:00.001464
2026-08-25 23:10:00.001 [sri-files-scheduler-3] [] INFO  c.e.s.s.NuevoDocumentoScheduler - [SCHEDULER][V1] INICIO envío pendientes @ 2026-08-25T23:10:00.001464
2026-08-25 23:10:00.002 [sri-files-scheduler-3] [] INFO  c.e.s.s.NuevoDocumentoScheduler - [SCHEDULER][V1] FIN envío | detectados=0 | exitosos=0 | fallidos=0 | duracionMs=1
2026-08-25 23:10:00.002 [sri-files-scheduler-3] [] INFO  c.e.s.services.EnvioSriBatchService - [SCHEDULER][sri-files-scheduler-3] INICIO automatizacionEnvioFacturasElectonicas @ 2026-08-25T23:10:00.002466900
2026-08-25 23:10:00.002 [sri-files-scheduler-3] [] INFO  c.e.s.services.EnvioSriBatchService - Ejecutando envio de facturas at=2026-08-25T23:10:00.002466900
2026-08-25 23:10:00.004 [sri-files-scheduler-4] [] INFO  c.e.s.batch.BatchJobScheduler - Batch automático ejecutado: tipo=REINTENTAR_FALLIDOS uuid=837b51e8-a3c9-46c2-b2d6-e5476a6b0da4
2026-08-25 23:10:00.005 [task-97] [837b51e8-a3c9-46c2-b2d6-e5476a6b0da4] INFO  c.e.s.batch.BatchProcessorService - Iniciando batch job 837b51e8-a3c9-46c2-b2d6-e5476a6b0da4 tipo=REINTENTAR_FALLIDOS [batchJob=837b51e8-a3c9-46c2-b2d6-e5476a6b0da4]
2026-08-25 23:10:00.006 [task-97] [837b51e8-a3c9-46c2-b2d6-e5476a6b0da4] INFO  c.e.s.batch.BatchProcessorService - Documentos encontrados: 0 [batchJob=837b51e8-a3c9-46c2-b2d6-e5476a6b0da4]
2026-08-25 23:10:00.006 [task-97] [837b51e8-a3c9-46c2-b2d6-e5476a6b0da4] INFO  c.e.s.batch.BatchProcessorService - Batch job 837b51e8-a3c9-46c2-b2d6-e5476a6b0da4 completado: Procesados: 0, Exitosos: 0, Fallidos: 0 [batchJob=837b51e8-a3c9-46c2-b2d6-e5476a6b0da4]
2026-08-25 23:10:00.008 [sri-files-scheduler-4] [] INFO  c.e.s.batch.BatchJobScheduler - Batch automático ejecutado: tipo=ENVIAR_SRI uuid=55c8eb8f-bd22-4f75-bfad-ec4fc00f8308
2026-08-25 23:10:00.009 [task-98] [55c8eb8f-bd22-4f75-bfad-ec4fc00f8308] INFO  c.e.s.batch.BatchProcessorService - Iniciando batch job 55c8eb8f-bd22-4f75-bfad-ec4fc00f8308 tipo=ENVIAR_SRI [batchJob=55c8eb8f-bd22-4f75-bfad-ec4fc00f8308]
2026-08-25 23:10:00.010 [task-98] [55c8eb8f-bd22-4f75-bfad-ec4fc00f8308] INFO  c.e.s.batch.BatchProcessorService - Documentos encontrados: 0 [batchJob=55c8eb8f-bd22-4f75-bfad-ec4fc00f8308]
2026-08-25 23:10:00.010 [task-98] [55c8eb8f-bd22-4f75-bfad-ec4fc00f8308] INFO  c.e.s.batch.BatchProcessorService - Batch job 55c8eb8f-bd22-4f75-bfad-ec4fc00f8308 completado: Procesados: 0, Exitosos: 0, Fallidos: 0 [batchJob=55c8eb8f-bd22-4f75-bfad-ec4fc00f8308]
2026-08-25 23:10:00.854 [sri-files-scheduler-1] [] INFO  c.erp.sri_files.services.SriGateway - Consultando autorización SRI: 0212202501046002881000120010110001733943855849919 [requestId=null]
2026-08-25 23:10:01.343 [sri-files-scheduler-3] [] INFO  c.e.s.services.EnvioSriBatchService - No hay facturas pendientes estado=I
2026-08-25 23:10:01.343 [sri-files-scheduler-3] [] INFO  c.e.s.services.EnvioSriBatchService - [SCHEDULER][sri-files-scheduler-3] FIN automatizacionEnvioFacturasElectonicas | detectados=0 | exitosas=0 | fallidas=0 | duracionMs=1341
2026-08-25 23:10:01.907 [sri-files-scheduler-1] [] INFO  c.erp.sri_files.services.SriGateway - Consultando autorización SRI: 2811202501046002881000120020180003239715151251712 [requestId=null]
2026-08-25 23:10:02.857 [sri-files-scheduler-1] [] INFO  c.erp.sri_files.services.SriGateway - Consultando autorización SRI: 0202202601046002881000120010110001798067373305816 [requestId=null]
2026-08-25 23:10:02.938 [sri-files-scheduler-1] [] ERROR c.erp.sri_files.services.SriGateway - Error consultando autorización [requestId=null]
jakarta.xml.ws.WebServiceException: javax.net.ssl.SSLHandshakeException: No subject alternative names matching IP address 181.113.227.222 found
	at com.sun.xml.ws.transport.http.client.HttpClientTransport.readResponseCodeAndMessage(HttpClientTransport.java:181)
	at com.sun.xml.ws.transport.http.client.HttpTransportPipe.createResponsePacket(HttpTransportPipe.java:227)
	at com.sun.xml.ws.transport.http.client.HttpTransportPipe.process(HttpTransportPipe.java:218)
	at com.sun.xml.ws.transport.http.client.HttpTransportPipe.processRequest(HttpTransportPipe.java:131)
	at com.sun.xml.ws.transport.DeferredTransportPipe.processRequest(DeferredTransportPipe.java:111)
	at com.sun.xml.ws.api.pipe.Fiber.__doRun(Fiber.java:1106)
	at com.sun.xml.ws.api.pipe.Fiber._doRun(Fiber.java:1020)
	at com.sun.xml.ws.api.pipe.Fiber.doRun(Fiber.java:989)
	at com.sun.xml.ws.api.pipe.Fiber.runSync(Fiber.java:847)
	at com.sun.xml.ws.client.Stub.process(Stub.java:431)
	at com.sun.xml.ws.client.sei.SEIStub.doProcess(SEIStub.java:160)
	at com.sun.xml.ws.client.sei.SyncMethodHandler.invoke(SyncMethodHandler.java:78)
	at com.sun.xml.ws.client.sei.SyncMethodHandler.invoke(SyncMethodHandler.java:62)
	at com.sun.xml.ws.client.sei.SEIStub.invoke(SEIStub.java:132)
	at jdk.proxy2/jdk.proxy2.$Proxy222.autorizacionComprobante(Unknown Source)
	at com.erp.sri_files.services.SendXmlToSriService.consultarAutorizacion(SendXmlToSriService.java:196)
	at com.erp.sri_files.services.SendXmlToSriService.consultarAutorizacion(SendXmlToSriService.java:180)
	at com.erp.sri_files.services.SriGateway.consultarAutorizacion(SriGateway.java:100)
	at com.erp.sri_files.scheduler.RecuperarDevueltasScheduler.recuperarFacturasDevueltas(RecuperarDevueltasScheduler.java:61)
	at java.base/jdk.internal.reflect.DirectMethodHandleAccessor.invoke(DirectMethodHandleAccessor.java:103)
	at java.base/java.lang.reflect.Method.invoke(Method.java:580)
	at org.springframework.scheduling.support.ScheduledMethodRunnable.runInternal(ScheduledMethodRunnable.java:130)
	at org.springframework.scheduling.support.ScheduledMethodRunnable.lambda$run$2(ScheduledMethodRunnable.java:124)
	at io.micrometer.observation.Observation.observe(Observation.java:498)
	at org.springframework.scheduling.support.ScheduledMethodRunnable.run(ScheduledMethodRunnable.java:124)
	at org.springframework.scheduling.config.Task$OutcomeTrackingRunnable.run(Task.java:85)
	at org.springframework.scheduling.support.DelegatingErrorHandlingRunnable.run(DelegatingErrorHandlingRunnable.java:54)
	at org.springframework.scheduling.concurrent.ReschedulingRunnable.run(ReschedulingRunnable.java:96)
	at java.base/java.util.concurrent.Executors$RunnableAdapter.call(Executors.java:572)
	at java.base/java.util.concurrent.FutureTask.run(FutureTask.java:317)
	at java.base/java.util.concurrent.ScheduledThreadPoolExecutor$ScheduledFutureTask.run(ScheduledThreadPoolExecutor.java:304)
	at java.base/java.util.concurrent.ThreadPoolExecutor.runWorker(ThreadPoolExecutor.java:1144)
	at java.base/java.util.concurrent.ThreadPoolExecutor$Worker.run(ThreadPoolExecutor.java:642)
	at java.base/java.lang.Thread.run(Thread.java:1583)
Caused by: javax.net.ssl.SSLHandshakeException: No subject alternative names matching IP address 181.113.227.222 found
	at java.base/sun.security.ssl.Alert.createSSLException(Alert.java:130)
	at java.base/sun.security.ssl.TransportContext.fatal(TransportContext.java:383)
	at java.base/sun.security.ssl.TransportContext.fatal(TransportContext.java:326)
	at java.base/sun.security.ssl.TransportContext.fatal(TransportContext.java:321)
	at java.base/sun.security.ssl.CertificateMessage$T12CertificateConsumer.checkServerCerts(CertificateMessage.java:647)
	at java.base/sun.security.ssl.CertificateMessage$T12CertificateConsumer.onCertificate(CertificateMessage.java:467)
	at java.base/sun.security.ssl.CertificateMessage$T12CertificateConsumer.consume(CertificateMessage.java:363)
	at java.base/sun.security.ssl.SSLHandshake.consume(SSLHandshake.java:393)
	at java.base/sun.security.ssl.HandshakeContext.dispatch(HandshakeContext.java:477)
	at java.base/sun.security.ssl.HandshakeContext.dispatch(HandshakeContext.java:448)
	at java.base/sun.security.ssl.TransportContext.dispatch(TransportContext.java:206)
	at java.base/sun.security.ssl.SSLTransport.decode(SSLTransport.java:172)
	at java.base/sun.security.ssl.SSLSocketImpl.decode(SSLSocketImpl.java:1506)
	at java.base/sun.security.ssl.SSLSocketImpl.readHandshakeRecord(SSLSocketImpl.java:1421)
	at java.base/sun.security.ssl.SSLSocketImpl.startHandshake(SSLSocketImpl.java:455)
	at java.base/sun.security.ssl.SSLSocketImpl.startHandshake(SSLSocketImpl.java:426)
	at java.base/sun.net.www.protocol.https.HttpsClient.afterConnect(HttpsClient.java:586)
	at java.base/sun.net.www.protocol.https.AbstractDelegateHttpsURLConnection.connect(AbstractDelegateHttpsURLConnection.java:187)
	at java.base/sun.net.www.protocol.http.HttpURLConnection.followRedirect0(HttpURLConnection.java:2914)
	at java.base/sun.net.www.protocol.http.HttpURLConnection.followRedirect(HttpURLConnection.java:2834)
	at java.base/sun.net.www.protocol.http.HttpURLConnection.getInputStream0(HttpURLConnection.java:1945)
	at java.base/sun.net.www.protocol.http.HttpURLConnection.getInputStream(HttpURLConnection.java:1615)
	at java.base/java.net.HttpURLConnection.getResponseCode(HttpURLConnection.java:531)
	at java.base/sun.net.www.protocol.https.HttpsURLConnectionImpl.getResponseCode(HttpsURLConnectionImpl.java:307)
	at com.sun.xml.ws.transport.http.client.HttpClientTransport.readResponseCodeAndMessage(HttpClientTransport.java:177)
	... 33 common frames omitted
Caused by: java.security.cert.CertificateException: No subject alternative names matching IP address 181.113.227.222 found
	at java.base/sun.security.util.HostnameChecker.matchIP(HostnameChecker.java:160)
	at java.base/sun.security.util.HostnameChecker.match(HostnameChecker.java:101)
	at java.base/sun.security.ssl.X509TrustManagerImpl.checkIdentity(X509TrustManagerImpl.java:466)
	at java.base/sun.security.ssl.X509TrustManagerImpl.checkIdentity(X509TrustManagerImpl.java:432)
	at java.base/sun.security.ssl.X509TrustManagerImpl.checkTrusted(X509TrustManagerImpl.java:237)
	at java.base/sun.security.ssl.X509TrustManagerImpl.checkServerTrusted(X509TrustManagerImpl.java:132)
	at java.base/sun.security.ssl.CertificateMessage$T12CertificateConsumer.checkServerCerts(CertificateMessage.java:631)
	... 53 common frames omitted
2026-08-25 23:10:03.780 [sri-files-scheduler-1] [] INFO  c.erp.sri_files.services.SriGateway - Consultando autorización SRI: 1911202501046002881000120020180003230427548968012 [requestId=null]
2026-08-25 23:10:04.564 [sri-files-scheduler-1] [] INFO  c.erp.sri_files.services.SriGateway - Consultando autorización SRI: 0202202601046002881000120010110001798074950503610 [requestId=null]
2026-08-25 23:10:04.626 [sri-files-scheduler-1] [] ERROR c.erp.sri_files.services.SriGateway - Error consultando autorización [requestId=null]
jakarta.xml.ws.WebServiceException: javax.net.ssl.SSLHandshakeException: No subject alternative names matching IP address 181.113.227.222 found
	at com.sun.xml.ws.transport.http.client.HttpClientTransport.readResponseCodeAndMessage(HttpClientTransport.java:181)
	at com.sun.xml.ws.transport.http.client.HttpTransportPipe.createResponsePacket(HttpTransportPipe.java:227)
	at com.sun.xml.ws.transport.http.client.HttpTransportPipe.process(HttpTransportPipe.java:218)
	at com.sun.xml.ws.transport.http.client.HttpTransportPipe.processRequest(HttpTransportPipe.java:131)
	at com.sun.xml.ws.transport.DeferredTransportPipe.processRequest(DeferredTransportPipe.java:111)
	at com.sun.xml.ws.api.pipe.Fiber.__doRun(Fiber.java:1106)
	at com.sun.xml.ws.api.pipe.Fiber._doRun(Fiber.java:1020)
	at com.sun.xml.ws.api.pipe.Fiber.doRun(Fiber.java:989)
	at com.sun.xml.ws.api.pipe.Fiber.runSync(Fiber.java:847)
	at com.sun.xml.ws.client.Stub.process(Stub.java:431)
	at com.sun.xml.ws.client.sei.SEIStub.doProcess(SEIStub.java:160)
	at com.sun.xml.ws.client.sei.SyncMethodHandler.invoke(SyncMethodHandler.java:78)
	at com.sun.xml.ws.client.sei.SyncMethodHandler.invoke(SyncMethodHandler.java:62)
	at com.sun.xml.ws.client.sei.SEIStub.invoke(SEIStub.java:132)
	at jdk.proxy2/jdk.proxy2.$Proxy222.autorizacionComprobante(Unknown Source)
	at com.erp.sri_files.services.SendXmlToSriService.consultarAutorizacion(SendXmlToSriService.java:196)
	at com.erp.sri_files.services.SendXmlToSriService.consultarAutorizacion(SendXmlToSriService.java:180)
	at com.erp.sri_files.services.SriGateway.consultarAutorizacion(SriGateway.java:100)
	at com.erp.sri_files.scheduler.RecuperarDevueltasScheduler.recuperarFacturasDevueltas(RecuperarDevueltasScheduler.java:61)
	at java.base/jdk.internal.reflect.DirectMethodHandleAccessor.invoke(DirectMethodHandleAccessor.java:103)
	at java.base/java.lang.reflect.Method.invoke(Method.java:580)
	at org.springframework.scheduling.support.ScheduledMethodRunnable.runInternal(ScheduledMethodRunnable.java:130)
	at org.springframework.scheduling.support.ScheduledMethodRunnable.lambda$run$2(ScheduledMethodRunnable.java:124)
	at io.micrometer.observation.Observation.observe(Observation.java:498)
	at org.springframework.scheduling.support.ScheduledMethodRunnable.run(ScheduledMethodRunnable.java:124)
	at org.springframework.scheduling.config.Task$OutcomeTrackingRunnable.run(Task.java:85)
	at org.springframework.scheduling.support.DelegatingErrorHandlingRunnable.run(DelegatingErrorHandlingRunnable.java:54)
	at org.springframework.scheduling.concurrent.ReschedulingRunnable.run(ReschedulingRunnable.java:96)
	at java.base/java.util.concurrent.Executors$RunnableAdapter.call(Executors.java:572)
	at java.base/java.util.concurrent.FutureTask.run(FutureTask.java:317)
	at java.base/java.util.concurrent.ScheduledThreadPoolExecutor$ScheduledFutureTask.run(ScheduledThreadPoolExecutor.java:304)
	at java.base/java.util.concurrent.ThreadPoolExecutor.runWorker(ThreadPoolExecutor.java:1144)
	at java.base/java.util.concurrent.ThreadPoolExecutor$Worker.run(ThreadPoolExecutor.java:642)
	at java.base/java.lang.Thread.run(Thread.java:1583)
Caused by: javax.net.ssl.SSLHandshakeException: No subject alternative names matching IP address 181.113.227.222 found
	at java.base/sun.security.ssl.Alert.createSSLException(Alert.java:130)
	at java.base/sun.security.ssl.TransportContext.fatal(TransportContext.java:383)
	at java.base/sun.security.ssl.TransportContext.fatal(TransportContext.java:326)
	at java.base/sun.security.ssl.TransportContext.fatal(TransportContext.java:321)
	at java.base/sun.security.ssl.CertificateMessage$T12CertificateConsumer.checkServerCerts(CertificateMessage.java:647)
	at java.base/sun.security.ssl.CertificateMessage$T12CertificateConsumer.onCertificate(CertificateMessage.java:467)
	at java.base/sun.security.ssl.CertificateMessage$T12CertificateConsumer.consume(CertificateMessage.java:363)
	at java.base/sun.security.ssl.SSLHandshake.consume(SSLHandshake.java:393)
	at java.base/sun.security.ssl.HandshakeContext.dispatch(HandshakeContext.java:477)
	at java.base/sun.security.ssl.HandshakeContext.dispatch(HandshakeContext.java:448)
	at java.base/sun.security.ssl.TransportContext.dispatch(TransportContext.java:206)
	at java.base/sun.security.ssl.SSLTransport.decode(SSLTransport.java:172)
	at java.base/sun.security.ssl.SSLSocketImpl.decode(SSLSocketImpl.java:1506)
	at java.base/sun.security.ssl.SSLSocketImpl.readHandshakeRecord(SSLSocketImpl.java:1421)
	at java.base/sun.security.ssl.SSLSocketImpl.startHandshake(SSLSocketImpl.java:455)
	at java.base/sun.security.ssl.SSLSocketImpl.startHandshake(SSLSocketImpl.java:426)
	at java.base/sun.net.www.protocol.https.HttpsClient.afterConnect(HttpsClient.java:586)
	at java.base/sun.net.www.protocol.https.AbstractDelegateHttpsURLConnection.connect(AbstractDelegateHttpsURLConnection.java:187)
	at java.base/sun.net.www.protocol.http.HttpURLConnection.followRedirect0(HttpURLConnection.java:2914)
	at java.base/sun.net.www.protocol.http.HttpURLConnection.followRedirect(HttpURLConnection.java:2834)
	at java.base/sun.net.www.protocol.http.HttpURLConnection.getInputStream0(HttpURLConnection.java:1945)
	at java.base/sun.net.www.protocol.http.HttpURLConnection.getInputStream(HttpURLConnection.java:1615)
	at java.base/java.net.HttpURLConnection.getResponseCode(HttpURLConnection.java:531)
	at java.base/sun.net.www.protocol.https.HttpsURLConnectionImpl.getResponseCode(HttpsURLConnectionImpl.java:307)
	at com.sun.xml.ws.transport.http.client.HttpClientTransport.readResponseCodeAndMessage(HttpClientTransport.java:177)
	... 33 common frames omitted
Caused by: java.security.cert.CertificateException: No subject alternative names matching IP address 181.113.227.222 found
	at java.base/sun.security.util.HostnameChecker.matchIP(HostnameChecker.java:160)
	at java.base/sun.security.util.HostnameChecker.match(HostnameChecker.java:101)
	at java.base/sun.security.ssl.X509TrustManagerImpl.checkIdentity(X509TrustManagerImpl.java:466)
	at java.base/sun.security.ssl.X509TrustManagerImpl.checkIdentity(X509TrustManagerImpl.java:432)
	at java.base/sun.security.ssl.X509TrustManagerImpl.checkTrusted(X509TrustManagerImpl.java:237)
	at java.base/sun.security.ssl.X509TrustManagerImpl.checkServerTrusted(X509TrustManagerImpl.java:132)
	at java.base/sun.security.ssl.CertificateMessage$T12CertificateConsumer.checkServerCerts(CertificateMessage.java:631)
	... 53 common frames omitted
2026-08-25 23:10:05.319 [sri-files-scheduler-1] [] INFO  c.erp.sri_files.services.SriGateway - Consultando autorización SRI: 0112202501046002881000120010110001732421185658519 [requestId=null]
2026-08-25 23:10:05.386 [sri-files-scheduler-1] [] ERROR c.erp.sri_files.services.SriGateway - Error consultando autorización [requestId=null]
jakarta.xml.ws.WebServiceException: javax.net.ssl.SSLHandshakeException: No subject alternative names matching IP address 181.113.227.222 found
	at com.sun.xml.ws.transport.http.client.HttpClientTransport.readResponseCodeAndMessage(HttpClientTransport.java:181)
	at com.sun.xml.ws.transport.http.client.HttpTransportPipe.createResponsePacket(HttpTransportPipe.java:227)
	at com.sun.xml.ws.transport.http.client.HttpTransportPipe.process(HttpTransportPipe.java:218)
	at com.sun.xml.ws.transport.http.client.HttpTransportPipe.processRequest(HttpTransportPipe.java:131)
	at com.sun.xml.ws.transport.DeferredTransportPipe.processRequest(DeferredTransportPipe.java:111)
	at com.sun.xml.ws.api.pipe.Fiber.__doRun(Fiber.java:1106)
	at com.sun.xml.ws.api.pipe.Fiber._doRun(Fiber.java:1020)
	at com.sun.xml.ws.api.pipe.Fiber.doRun(Fiber.java:989)
	at com.sun.xml.ws.api.pipe.Fiber.runSync(Fiber.java:847)
	at com.sun.xml.ws.client.Stub.process(Stub.java:431)
	at com.sun.xml.ws.client.sei.SEIStub.doProcess(SEIStub.java:160)
	at com.sun.xml.ws.client.sei.SyncMethodHandler.invoke(SyncMethodHandler.java:78)
	at com.sun.xml.ws.client.sei.SyncMethodHandler.invoke(SyncMethodHandler.java:62)
	at com.sun.xml.ws.client.sei.SEIStub.invoke(SEIStub.java:132)
	at jdk.proxy2/jdk.proxy2.$Proxy222.autorizacionComprobante(Unknown Source)
	at com.erp.sri_files.services.SendXmlToSriService.consultarAutorizacion(SendXmlToSriService.java:196)
	at com.erp.sri_files.services.SendXmlToSriService.consultarAutorizacion(SendXmlToSriService.java:180)
	at com.erp.sri_files.services.SriGateway.consultarAutorizacion(SriGateway.java:100)
	at com.erp.sri_files.scheduler.RecuperarDevueltasScheduler.recuperarFacturasDevueltas(RecuperarDevueltasScheduler.java:61)
	at java.base/jdk.internal.reflect.DirectMethodHandleAccessor.invoke(DirectMethodHandleAccessor.java:103)
	at java.base/java.lang.reflect.Method.invoke(Method.java:580)
	at org.springframework.scheduling.support.ScheduledMethodRunnable.runInternal(ScheduledMethodRunnable.java:130)
	at org.springframework.scheduling.support.ScheduledMethodRunnable.lambda$run$2(ScheduledMethodRunnable.java:124)
	at io.micrometer.observation.Observation.observe(Observation.java:498)
	at org.springframework.scheduling.support.ScheduledMethodRunnable.run(ScheduledMethodRunnable.java:124)
	at org.springframework.scheduling.config.Task$OutcomeTrackingRunnable.run(Task.java:85)
	at org.springframework.scheduling.support.DelegatingErrorHandlingRunnable.run(DelegatingErrorHandlingRunnable.java:54)
	at org.springframework.scheduling.concurrent.ReschedulingRunnable.run(ReschedulingRunnable.java:96)
	at java.base/java.util.concurrent.Executors$RunnableAdapter.call(Executors.java:572)
	at java.base/java.util.concurrent.FutureTask.run(FutureTask.java:317)
	at java.base/java.util.concurrent.ScheduledThreadPoolExecutor$ScheduledFutureTask.run(ScheduledThreadPoolExecutor.java:304)
	at java.base/java.util.concurrent.ThreadPoolExecutor.runWorker(ThreadPoolExecutor.java:1144)
	at java.base/java.util.concurrent.ThreadPoolExecutor$Worker.run(ThreadPoolExecutor.java:642)
	at java.base/java.lang.Thread.run(Thread.java:1583)
Caused by: javax.net.ssl.SSLHandshakeException: No subject alternative names matching IP address 181.113.227.222 found
	at java.base/sun.security.ssl.Alert.createSSLException(Alert.java:130)
	at java.base/sun.security.ssl.TransportContext.fatal(TransportContext.java:383)
	at java.base/sun.security.ssl.TransportContext.fatal(TransportContext.java:326)
	at java.base/sun.security.ssl.TransportContext.fatal(TransportContext.java:321)
	at java.base/sun.security.ssl.CertificateMessage$T12CertificateConsumer.checkServerCerts(CertificateMessage.java:647)
	at java.base/sun.security.ssl.CertificateMessage$T12CertificateConsumer.onCertificate(CertificateMessage.java:467)
	at java.base/sun.security.ssl.CertificateMessage$T12CertificateConsumer.consume(CertificateMessage.java:363)
	at java.base/sun.security.ssl.SSLHandshake.consume(SSLHandshake.java:393)
	at java.base/sun.security.ssl.HandshakeContext.dispatch(HandshakeContext.java:477)
	at java.base/sun.security.ssl.HandshakeContext.dispatch(HandshakeContext.java:448)
	at java.base/sun.security.ssl.TransportContext.dispatch(TransportContext.java:206)
	at java.base/sun.security.ssl.SSLTransport.decode(SSLTransport.java:172)
	at java.base/sun.security.ssl.SSLSocketImpl.decode(SSLSocketImpl.java:1506)
	at java.base/sun.security.ssl.SSLSocketImpl.readHandshakeRecord(SSLSocketImpl.java:1421)
	at java.base/sun.security.ssl.SSLSocketImpl.startHandshake(SSLSocketImpl.java:455)
	at java.base/sun.security.ssl.SSLSocketImpl.startHandshake(SSLSocketImpl.java:426)
	at java.base/sun.net.www.protocol.https.HttpsClient.afterConnect(HttpsClient.java:586)
	at java.base/sun.net.www.protocol.https.AbstractDelegateHttpsURLConnection.connect(AbstractDelegateHttpsURLConnection.java:187)
	at java.base/sun.net.www.protocol.http.HttpURLConnection.followRedirect0(HttpURLConnection.java:2914)
	at java.base/sun.net.www.protocol.http.HttpURLConnection.followRedirect(HttpURLConnection.java:2834)
	at java.base/sun.net.www.protocol.http.HttpURLConnection.getInputStream0(HttpURLConnection.java:1945)
	at java.base/sun.net.www.protocol.http.HttpURLConnection.getInputStream(HttpURLConnection.java:1615)
	at java.base/java.net.HttpURLConnection.getResponseCode(HttpURLConnection.java:531)
	at java.base/sun.net.www.protocol.https.HttpsURLConnectionImpl.getResponseCode(HttpsURLConnectionImpl.java:307)
	at com.sun.xml.ws.transport.http.client.HttpClientTransport.readResponseCodeAndMessage(HttpClientTransport.java:177)
	... 33 common frames omitted
Caused by: java.security.cert.CertificateException: No subject alternative names matching IP address 181.113.227.222 found
	at java.base/sun.security.util.HostnameChecker.matchIP(HostnameChecker.java:160)
	at java.base/sun.security.util.HostnameChecker.match(HostnameChecker.java:101)
	at java.base/sun.security.ssl.X509TrustManagerImpl.checkIdentity(X509TrustManagerImpl.java:466)
	at java.base/sun.security.ssl.X509TrustManagerImpl.checkIdentity(X509TrustManagerImpl.java:432)
	at java.base/sun.security.ssl.X509TrustManagerImpl.checkTrusted(X509TrustManagerImpl.java:237)
	at java.base/sun.security.ssl.X509TrustManagerImpl.checkServerTrusted(X509TrustManagerImpl.java:132)
	at java.base/sun.security.ssl.CertificateMessage$T12CertificateConsumer.checkServerCerts(CertificateMessage.java:631)
	... 53 common frames omitted
2026-08-25 23:10:06.063 [sri-files-scheduler-1] [] INFO  c.erp.sri_files.services.SriGateway - Consultando autorización SRI: 0312202501046002881000120010380000576600992390111 [requestId=null]
2026-08-25 23:10:06.122 [sri-files-scheduler-1] [] ERROR c.erp.sri_files.services.SriGateway - Error consultando autorización [requestId=null]
jakarta.xml.ws.WebServiceException: javax.net.ssl.SSLHandshakeException: No subject alternative names matching IP address 181.113.227.222 found
	at com.sun.xml.ws.transport.http.client.HttpClientTransport.readResponseCodeAndMessage(HttpClientTransport.java:181)
	at com.sun.xml.ws.transport.http.client.HttpTransportPipe.createResponsePacket(HttpTransportPipe.java:227)
	at com.sun.xml.ws.transport.http.client.HttpTransportPipe.process(HttpTransportPipe.java:218)
	at com.sun.xml.ws.transport.http.client.HttpTransportPipe.processRequest(HttpTransportPipe.java:131)
	at com.sun.xml.ws.transport.DeferredTransportPipe.processRequest(DeferredTransportPipe.java:111)
	at com.sun.xml.ws.api.pipe.Fiber.__doRun(Fiber.java:1106)
	at com.sun.xml.ws.api.pipe.Fiber._doRun(Fiber.java:1020)
	at com.sun.xml.ws.api.pipe.Fiber.doRun(Fiber.java:989)
	at com.sun.xml.ws.api.pipe.Fiber.runSync(Fiber.java:847)
	at com.sun.xml.ws.client.Stub.process(Stub.java:431)
	at com.sun.xml.ws.client.sei.SEIStub.doProcess(SEIStub.java:160)
	at com.sun.xml.ws.client.sei.SyncMethodHandler.invoke(SyncMethodHandler.java:78)
	at com.sun.xml.ws.client.sei.SyncMethodHandler.invoke(SyncMethodHandler.java:62)
	at com.sun.xml.ws.client.sei.SEIStub.invoke(SEIStub.java:132)
	at jdk.proxy2/jdk.proxy2.$Proxy222.autorizacionComprobante(Unknown Source)
	at com.erp.sri_files.services.SendXmlToSriService.consultarAutorizacion(SendXmlToSriService.java:196)
	at com.erp.sri_files.services.SendXmlToSriService.consultarAutorizacion(SendXmlToSriService.java:180)
	at com.erp.sri_files.services.SriGateway.consultarAutorizacion(SriGateway.java:100)
	at com.erp.sri_files.scheduler.RecuperarDevueltasScheduler.recuperarFacturasDevueltas(RecuperarDevueltasScheduler.java:61)
	at java.base/jdk.internal.reflect.DirectMethodHandleAccessor.invoke(DirectMethodHandleAccessor.java:103)
	at java.base/java.lang.reflect.Method.invoke(Method.java:580)
	at org.springframework.scheduling.support.ScheduledMethodRunnable.runInternal(ScheduledMethodRunnable.java:130)
	at org.springframework.scheduling.support.ScheduledMethodRunnable.lambda$run$2(ScheduledMethodRunnable.java:124)
	at io.micrometer.observation.Observation.observe(Observation.java:498)
	at org.springframework.scheduling.support.ScheduledMethodRunnable.run(ScheduledMethodRunnable.java:124)
	at org.springframework.scheduling.config.Task$OutcomeTrackingRunnable.run(Task.java:85)
	at org.springframework.scheduling.support.DelegatingErrorHandlingRunnable.run(DelegatingErrorHandlingRunnable.java:54)
	at org.springframework.scheduling.concurrent.ReschedulingRunnable.run(ReschedulingRunnable.java:96)
	at java.base/java.util.concurrent.Executors$RunnableAdapter.call(Executors.java:572)
	at java.base/java.util.concurrent.FutureTask.run(FutureTask.java:317)
	at java.base/java.util.concurrent.ScheduledThreadPoolExecutor$ScheduledFutureTask.run(ScheduledThreadPoolExecutor.java:304)
	at java.base/java.util.concurrent.ThreadPoolExecutor.runWorker(ThreadPoolExecutor.java:1144)
	at java.base/java.util.concurrent.ThreadPoolExecutor$Worker.run(ThreadPoolExecutor.java:642)
	at java.base/java.lang.Thread.run(Thread.java:1583)
Caused by: javax.net.ssl.SSLHandshakeException: No subject alternative names matching IP address 181.113.227.222 found
	at java.base/sun.security.ssl.Alert.createSSLException(Alert.java:130)
	at java.base/sun.security.ssl.TransportContext.fatal(TransportContext.java:383)
	at java.base/sun.security.ssl.TransportContext.fatal(TransportContext.java:326)
	at java.base/sun.security.ssl.TransportContext.fatal(TransportContext.java:321)
	at java.base/sun.security.ssl.CertificateMessage$T12CertificateConsumer.checkServerCerts(CertificateMessage.java:647)
	at java.base/sun.security.ssl.CertificateMessage$T12CertificateConsumer.onCertificate(CertificateMessage.java:467)
	at java.base/sun.security.ssl.CertificateMessage$T12CertificateConsumer.consume(CertificateMessage.java:363)
	at java.base/sun.security.ssl.SSLHandshake.consume(SSLHandshake.java:393)
	at java.base/sun.security.ssl.HandshakeContext.dispatch(HandshakeContext.java:477)
	at java.base/sun.security.ssl.HandshakeContext.dispatch(HandshakeContext.java:448)
	at java.base/sun.security.ssl.TransportContext.dispatch(TransportContext.java:206)
	at java.base/sun.security.ssl.SSLTransport.decode(SSLTransport.java:172)
	at java.base/sun.security.ssl.SSLSocketImpl.decode(SSLSocketImpl.java:1506)
	at java.base/sun.security.ssl.SSLSocketImpl.readHandshakeRecord(SSLSocketImpl.java:1421)
	at java.base/sun.security.ssl.SSLSocketImpl.startHandshake(SSLSocketImpl.java:455)
	at java.base/sun.security.ssl.SSLSocketImpl.startHandshake(SSLSocketImpl.java:426)
	at java.base/sun.net.www.protocol.https.HttpsClient.afterConnect(HttpsClient.java:586)
	at java.base/sun.net.www.protocol.https.AbstractDelegateHttpsURLConnection.connect(AbstractDelegateHttpsURLConnection.java:187)
	at java.base/sun.net.www.protocol.http.HttpURLConnection.followRedirect0(HttpURLConnection.java:2914)
	at java.base/sun.net.www.protocol.http.HttpURLConnection.followRedirect(HttpURLConnection.java:2834)
	at java.base/sun.net.www.protocol.http.HttpURLConnection.getInputStream0(HttpURLConnection.java:1945)
	at java.base/sun.net.www.protocol.http.HttpURLConnection.getInputStream(HttpURLConnection.java:1615)
	at java.base/java.net.HttpURLConnection.getResponseCode(HttpURLConnection.java:531)
	at java.base/sun.net.www.protocol.https.HttpsURLConnectionImpl.getResponseCode(HttpsURLConnectionImpl.java:307)
	at com.sun.xml.ws.transport.http.client.HttpClientTransport.readResponseCodeAndMessage(HttpClientTransport.java:177)
	... 33 common frames omitted
Caused by: java.security.cert.CertificateException: No subject alternative names matching IP address 181.113.227.222 found
	at java.base/sun.security.util.HostnameChecker.matchIP(HostnameChecker.java:160)
	at java.base/sun.security.util.HostnameChecker.match(HostnameChecker.java:101)
	at java.base/sun.security.ssl.X509TrustManagerImpl.checkIdentity(X509TrustManagerImpl.java:466)
	at java.base/sun.security.ssl.X509TrustManagerImpl.checkIdentity(X509TrustManagerImpl.java:432)
	at java.base/sun.security.ssl.X509TrustManagerImpl.checkTrusted(X509TrustManagerImpl.java:237)
	at java.base/sun.security.ssl.X509TrustManagerImpl.checkServerTrusted(X509TrustManagerImpl.java:132)
	at java.base/sun.security.ssl.CertificateMessage$T12CertificateConsumer.checkServerCerts(CertificateMessage.java:631)
	... 53 common frames omitted
2026-08-25 23:10:06.783 [sri-files-scheduler-1] [] INFO  c.erp.sri_files.services.SriGateway - Consultando autorización SRI: 0312202501046002881000120010380000575907269960117 [requestId=null]
2026-08-25 23:10:06.843 [sri-files-scheduler-1] [] ERROR c.erp.sri_files.services.SriGateway - Error consultando autorización [requestId=null]
jakarta.xml.ws.WebServiceException: javax.net.ssl.SSLHandshakeException: No subject alternative names matching IP address 181.113.227.222 found
	at com.sun.xml.ws.transport.http.client.HttpClientTransport.readResponseCodeAndMessage(HttpClientTransport.java:181)
	at com.sun.xml.ws.transport.http.client.HttpTransportPipe.createResponsePacket(HttpTransportPipe.java:227)
	at com.sun.xml.ws.transport.http.client.HttpTransportPipe.process(HttpTransportPipe.java:218)
	at com.sun.xml.ws.transport.http.client.HttpTransportPipe.processRequest(HttpTransportPipe.java:131)
	at com.sun.xml.ws.transport.DeferredTransportPipe.processRequest(DeferredTransportPipe.java:111)
	at com.sun.xml.ws.api.pipe.Fiber.__doRun(Fiber.java:1106)
	at com.sun.xml.ws.api.pipe.Fiber._doRun(Fiber.java:1020)
	at com.sun.xml.ws.api.pipe.Fiber.doRun(Fiber.java:989)
	at com.sun.xml.ws.api.pipe.Fiber.runSync(Fiber.java:847)
	at com.sun.xml.ws.client.Stub.process(Stub.java:431)
	at com.sun.xml.ws.client.sei.SEIStub.doProcess(SEIStub.java:160)
	at com.sun.xml.ws.client.sei.SyncMethodHandler.invoke(SyncMethodHandler.java:78)
	at com.sun.xml.ws.client.sei.SyncMethodHandler.invoke(SyncMethodHandler.java:62)
	at com.sun.xml.ws.client.sei.SEIStub.invoke(SEIStub.java:132)
	at jdk.proxy2/jdk.proxy2.$Proxy222.autorizacionComprobante(Unknown Source)
	at com.erp.sri_files.services.SendXmlToSriService.consultarAutorizacion(SendXmlToSriService.java:196)
	at com.erp.sri_files.services.SendXmlToSriService.consultarAutorizacion(SendXmlToSriService.java:180)
	at com.erp.sri_files.services.SriGateway.consultarAutorizacion(SriGateway.java:100)
	at com.erp.sri_files.scheduler.RecuperarDevueltasScheduler.recuperarFacturasDevueltas(RecuperarDevueltasScheduler.java:61)
	at java.base/jdk.internal.reflect.DirectMethodHandleAccessor.invoke(DirectMethodHandleAccessor.java:103)
	at java.base/java.lang.reflect.Method.invoke(Method.java:580)
	at org.springframework.scheduling.support.ScheduledMethodRunnable.runInternal(ScheduledMethodRunnable.java:130)
	at org.springframework.scheduling.support.ScheduledMethodRunnable.lambda$run$2(ScheduledMethodRunnable.java:124)
	at io.micrometer.observation.Observation.observe(Observation.java:498)
	at org.springframework.scheduling.support.ScheduledMethodRunnable.run(ScheduledMethodRunnable.java:124)
	at org.springframework.scheduling.config.Task$OutcomeTrackingRunnable.run(Task.java:85)
	at org.springframework.scheduling.support.DelegatingErrorHandlingRunnable.run(DelegatingErrorHandlingRunnable.java:54)
	at org.springframework.scheduling.concurrent.ReschedulingRunnable.run(ReschedulingRunnable.java:96)
	at java.base/java.util.concurrent.Executors$RunnableAdapter.call(Executors.java:572)
	at java.base/java.util.concurrent.FutureTask.run(FutureTask.java:317)
	at java.base/java.util.concurrent.ScheduledThreadPoolExecutor$ScheduledFutureTask.run(ScheduledThreadPoolExecutor.java:304)
	at java.base/java.util.concurrent.ThreadPoolExecutor.runWorker(ThreadPoolExecutor.java:1144)
	at java.base/java.util.concurrent.ThreadPoolExecutor$Worker.run(ThreadPoolExecutor.java:642)
	at java.base/java.lang.Thread.run(Thread.java:1583)
Caused by: javax.net.ssl.SSLHandshakeException: No subject alternative names matching IP address 181.113.227.222 found
	at java.base/sun.security.ssl.Alert.createSSLException(Alert.java:130)
	at java.base/sun.security.ssl.TransportContext.fatal(TransportContext.java:383)
	at java.base/sun.security.ssl.TransportContext.fatal(TransportContext.java:326)
	at java.base/sun.security.ssl.TransportContext.fatal(TransportContext.java:321)
	at java.base/sun.security.ssl.CertificateMessage$T12CertificateConsumer.checkServerCerts(CertificateMessage.java:647)
	at java.base/sun.security.ssl.CertificateMessage$T12CertificateConsumer.onCertificate(CertificateMessage.java:467)
	at java.base/sun.security.ssl.CertificateMessage$T12CertificateConsumer.consume(CertificateMessage.java:363)
	at java.base/sun.security.ssl.SSLHandshake.consume(SSLHandshake.java:393)
	at java.base/sun.security.ssl.HandshakeContext.dispatch(HandshakeContext.java:477)
	at java.base/sun.security.ssl.HandshakeContext.dispatch(HandshakeContext.java:448)
	at java.base/sun.security.ssl.TransportContext.dispatch(TransportContext.java:206)
	at java.base/sun.security.ssl.SSLTransport.decode(SSLTransport.java:172)
	at java.base/sun.security.ssl.SSLSocketImpl.decode(SSLSocketImpl.java:1506)
	at java.base/sun.security.ssl.SSLSocketImpl.readHandshakeRecord(SSLSocketImpl.java:1421)
	at java.base/sun.security.ssl.SSLSocketImpl.startHandshake(SSLSocketImpl.java:455)
	at java.base/sun.security.ssl.SSLSocketImpl.startHandshake(SSLSocketImpl.java:426)
	at java.base/sun.net.www.protocol.https.HttpsClient.afterConnect(HttpsClient.java:586)
	at java.base/sun.net.www.protocol.https.AbstractDelegateHttpsURLConnection.connect(AbstractDelegateHttpsURLConnection.java:187)
	at java.base/sun.net.www.protocol.http.HttpURLConnection.followRedirect0(HttpURLConnection.java:2914)
	at java.base/sun.net.www.protocol.http.HttpURLConnection.followRedirect(HttpURLConnection.java:2834)
	at java.base/sun.net.www.protocol.http.HttpURLConnection.getInputStream0(HttpURLConnection.java:1945)
	at java.base/sun.net.www.protocol.http.HttpURLConnection.getInputStream(HttpURLConnection.java:1615)
	at java.base/java.net.HttpURLConnection.getResponseCode(HttpURLConnection.java:531)
	at java.base/sun.net.www.protocol.https.HttpsURLConnectionImpl.getResponseCode(HttpsURLConnectionImpl.java:307)
	at com.sun.xml.ws.transport.http.client.HttpClientTransport.readResponseCodeAndMessage(HttpClientTransport.java:177)
	... 33 common frames omitted
Caused by: java.security.cert.CertificateException: No subject alternative names matching IP address 181.113.227.222 found
	at java.base/sun.security.util.HostnameChecker.matchIP(HostnameChecker.java:160)
	at java.base/sun.security.util.HostnameChecker.match(HostnameChecker.java:101)
	at java.base/sun.security.ssl.X509TrustManagerImpl.checkIdentity(X509TrustManagerImpl.java:466)
	at java.base/sun.security.ssl.X509TrustManagerImpl.checkIdentity(X509TrustManagerImpl.java:432)
	at java.base/sun.security.ssl.X509TrustManagerImpl.checkTrusted(X509TrustManagerImpl.java:237)
	at java.base/sun.security.ssl.X509TrustManagerImpl.checkServerTrusted(X509TrustManagerImpl.java:132)
	at java.base/sun.security.ssl.CertificateMessage$T12CertificateConsumer.checkServerCerts(CertificateMessage.java:631)
	... 53 common frames omitted
2026-08-25 23:10:07.423 [sri-files-scheduler-1] [] INFO  c.erp.sri_files.services.SriGateway - Consultando autorización SRI: 0202202601046002881000120010110001798081590641312 [requestId=null]
2026-08-25 23:10:08.124 [sri-files-scheduler-1] [] INFO  c.erp.sri_files.services.SriGateway - Consultando autorización SRI: 1112202501046002881000120010300000033348337831812 [requestId=null]
2026-08-25 23:10:08.867 [sri-files-scheduler-1] [] INFO  c.erp.sri_files.services.SriGateway - Consultando autorización SRI: 1804202601046002881000120010250000630550568995315 [requestId=null]
2026-08-25 23:10:09.432 [sri-files-scheduler-1] [] INFO  c.erp.sri_files.services.SriGateway - Consultando autorización SRI: 0312202501046002881000120010110001736714981187618 [requestId=null]
2026-08-25 23:10:10.052 [sri-files-scheduler-1] [] INFO  c.erp.sri_files.services.SriGateway - Consultando autorización SRI: 0312202501046002881000120010380000576616469609219 [requestId=null]
2026-08-25 23:10:10.696 [sri-files-scheduler-1] [] INFO  c.erp.sri_files.services.SriGateway - Consultando autorización SRI: 1911202501046002881000120010110001722434788231315 [requestId=null]
2026-08-25 23:10:11.213 [sri-files-scheduler-1] [] INFO  c.erp.sri_files.services.SriGateway - Consultando autorización SRI: 0312202501046002881000120010380000575914834480317 [requestId=null]
2026-08-25 23:10:11.798 [sri-files-scheduler-1] [] INFO  c.erp.sri_files.services.SriGateway - Consultando autorización SRI: 0412202501046002881000120010110001737140783115816 [requestId=null]
2026-08-25 23:10:12.336 [sri-files-scheduler-1] [] INFO  c.erp.sri_files.services.SriGateway - Consultando autorización SRI: 0112202501046002881000120010380000570970737678919 [requestId=null]
2026-08-25 23:10:12.933 [sri-files-scheduler-1] [] INFO  c.erp.sri_files.services.SriGateway - Consultando autorización SRI: 0202202601046002881000120010110001798090795012813 [requestId=null]
2026-08-25 23:10:13.516 [sri-files-scheduler-1] [] INFO  c.erp.sri_files.services.SriGateway - Consultando autorización SRI: 0312202501046002881000120010130004196946311024113 [requestId=null]
2026-08-25 23:10:14.186 [sri-files-scheduler-1] [] INFO  c.erp.sri_files.services.SriGateway - Consultando autorización SRI: 0312202501046002881000120010110001735710165886411 [requestId=null]
2026-08-25 23:10:14.248 [sri-files-scheduler-1] [] ERROR c.erp.sri_files.services.SriGateway - Error consultando autorización [requestId=null]
jakarta.xml.ws.WebServiceException: javax.net.ssl.SSLHandshakeException: No subject alternative names matching IP address 181.113.227.222 found
	at com.sun.xml.ws.transport.http.client.HttpClientTransport.readResponseCodeAndMessage(HttpClientTransport.java:181)
	at com.sun.xml.ws.transport.http.client.HttpTransportPipe.createResponsePacket(HttpTransportPipe.java:227)
	at com.sun.xml.ws.transport.http.client.HttpTransportPipe.process(HttpTransportPipe.java:218)
	at com.sun.xml.ws.transport.http.client.HttpTransportPipe.processRequest(HttpTransportPipe.java:131)
	at com.sun.xml.ws.transport.DeferredTransportPipe.processRequest(DeferredTransportPipe.java:111)
	at com.sun.xml.ws.api.pipe.Fiber.__doRun(Fiber.java:1106)
	at com.sun.xml.ws.api.pipe.Fiber._doRun(Fiber.java:1020)
	at com.sun.xml.ws.api.pipe.Fiber.doRun(Fiber.java:989)
	at com.sun.xml.ws.api.pipe.Fiber.runSync(Fiber.java:847)
	at com.sun.xml.ws.client.Stub.process(Stub.java:431)
	at com.sun.xml.ws.client.sei.SEIStub.doProcess(SEIStub.java:160)
	at com.sun.xml.ws.client.sei.SyncMethodHandler.invoke(SyncMethodHandler.java:78)
	at com.sun.xml.ws.client.sei.SyncMethodHandler.invoke(SyncMethodHandler.java:62)
	at com.sun.xml.ws.client.sei.SEIStub.invoke(SEIStub.java:132)
	at jdk.proxy2/jdk.proxy2.$Proxy222.autorizacionComprobante(Unknown Source)
	at com.erp.sri_files.services.SendXmlToSriService.consultarAutorizacion(SendXmlToSriService.java:196)
	at com.erp.sri_files.services.SendXmlToSriService.consultarAutorizacion(SendXmlToSriService.java:180)
	at com.erp.sri_files.services.SriGateway.consultarAutorizacion(SriGateway.java:100)
	at com.erp.sri_files.scheduler.RecuperarDevueltasScheduler.recuperarFacturasDevueltas(RecuperarDevueltasScheduler.java:61)
	at java.base/jdk.internal.reflect.DirectMethodHandleAccessor.invoke(DirectMethodHandleAccessor.java:103)
	at java.base/java.lang.reflect.Method.invoke(Method.java:580)
	at org.springframework.scheduling.support.ScheduledMethodRunnable.runInternal(ScheduledMethodRunnable.java:130)
	at org.springframework.scheduling.support.ScheduledMethodRunnable.lambda$run$2(ScheduledMethodRunnable.java:124)
	at io.micrometer.observation.Observation.observe(Observation.java:498)
	at org.springframework.scheduling.support.ScheduledMethodRunnable.run(ScheduledMethodRunnable.java:124)
	at org.springframework.scheduling.config.Task$OutcomeTrackingRunnable.run(Task.java:85)
	at org.springframework.scheduling.support.DelegatingErrorHandlingRunnable.run(DelegatingErrorHandlingRunnable.java:54)
	at org.springframework.scheduling.concurrent.ReschedulingRunnable.run(ReschedulingRunnable.java:96)
	at java.base/java.util.concurrent.Executors$RunnableAdapter.call(Executors.java:572)
	at java.base/java.util.concurrent.FutureTask.run(FutureTask.java:317)
	at java.base/java.util.concurrent.ScheduledThreadPoolExecutor$ScheduledFutureTask.run(ScheduledThreadPoolExecutor.java:304)
	at java.base/java.util.concurrent.ThreadPoolExecutor.runWorker(ThreadPoolExecutor.java:1144)
	at java.base/java.util.concurrent.ThreadPoolExecutor$Worker.run(ThreadPoolExecutor.java:642)
	at java.base/java.lang.Thread.run(Thread.java:1583)
Caused by: javax.net.ssl.SSLHandshakeException: No subject alternative names matching IP address 181.113.227.222 found
	at java.base/sun.security.ssl.Alert.createSSLException(Alert.java:130)
	at java.base/sun.security.ssl.TransportContext.fatal(TransportContext.java:383)
	at java.base/sun.security.ssl.TransportContext.fatal(TransportContext.java:326)
	at java.base/sun.security.ssl.TransportContext.fatal(TransportContext.java:321)
	at java.base/sun.security.ssl.CertificateMessage$T12CertificateConsumer.checkServerCerts(CertificateMessage.java:647)
	at java.base/sun.security.ssl.CertificateMessage$T12CertificateConsumer.onCertificate(CertificateMessage.java:467)
	at java.base/sun.security.ssl.CertificateMessage$T12CertificateConsumer.consume(CertificateMessage.java:363)
	at java.base/sun.security.ssl.SSLHandshake.consume(SSLHandshake.java:393)
	at java.base/sun.security.ssl.HandshakeContext.dispatch(HandshakeContext.java:477)
	at java.base/sun.security.ssl.HandshakeContext.dispatch(HandshakeContext.java:448)
	at java.base/sun.security.ssl.TransportContext.dispatch(TransportContext.java:206)
	at java.base/sun.security.ssl.SSLTransport.decode(SSLTransport.java:172)
	at java.base/sun.security.ssl.SSLSocketImpl.decode(SSLSocketImpl.java:1506)
	at java.base/sun.security.ssl.SSLSocketImpl.readHandshakeRecord(SSLSocketImpl.java:1421)
	at java.base/sun.security.ssl.SSLSocketImpl.startHandshake(SSLSocketImpl.java:455)
	at java.base/sun.security.ssl.SSLSocketImpl.startHandshake(SSLSocketImpl.java:426)
	at java.base/sun.net.www.protocol.https.HttpsClient.afterConnect(HttpsClient.java:586)
	at java.base/sun.net.www.protocol.https.AbstractDelegateHttpsURLConnection.connect(AbstractDelegateHttpsURLConnection.java:187)
	at java.base/sun.net.www.protocol.http.HttpURLConnection.followRedirect0(HttpURLConnection.java:2914)
	at java.base/sun.net.www.protocol.http.HttpURLConnection.followRedirect(HttpURLConnection.java:2834)
	at java.base/sun.net.www.protocol.http.HttpURLConnection.getInputStream0(HttpURLConnection.java:1945)
	at java.base/sun.net.www.protocol.http.HttpURLConnection.getInputStream(HttpURLConnection.java:1615)
	at java.base/java.net.HttpURLConnection.getResponseCode(HttpURLConnection.java:531)
	at java.base/sun.net.www.protocol.https.HttpsURLConnectionImpl.getResponseCode(HttpsURLConnectionImpl.java:307)
	at com.sun.xml.ws.transport.http.client.HttpClientTransport.readResponseCodeAndMessage(HttpClientTransport.java:177)
	... 33 common frames omitted
Caused by: java.security.cert.CertificateException: No subject alternative names matching IP address 181.113.227.222 found
	at java.base/sun.security.util.HostnameChecker.matchIP(HostnameChecker.java:160)
	at java.base/sun.security.util.HostnameChecker.match(HostnameChecker.java:101)
	at java.base/sun.security.ssl.X509TrustManagerImpl.checkIdentity(X509TrustManagerImpl.java:466)
	at java.base/sun.security.ssl.X509TrustManagerImpl.checkIdentity(X509TrustManagerImpl.java:432)
	at java.base/sun.security.ssl.X509TrustManagerImpl.checkTrusted(X509TrustManagerImpl.java:237)
	at java.base/sun.security.ssl.X509TrustManagerImpl.checkServerTrusted(X509TrustManagerImpl.java:132)
	at java.base/sun.security.ssl.CertificateMessage$T12CertificateConsumer.checkServerCerts(CertificateMessage.java:631)
	... 53 common frames omitted
2026-08-25 23:10:14.807 [sri-files-scheduler-1] [] INFO  c.e.s.s.RecuperarDevueltasScheduler - [SCHEDULER] FIN recuperación devueltas | detectadas=20 | recuperadas=0 | pendientes=20 | fallidas=0 | duracionMs=14806
2026-08-25 23:11:00.000 [sri-files-scheduler-4] [] INFO  c.e.s.s.NuevoDocumentoScheduler - [SCHEDULER][V1] INICIO envío pendientes @ 2026-08-25T23:11:00.000500400
2026-08-25 23:11:00.000 [sri-files-scheduler-3] [] INFO  c.e.s.services.EnvioSriBatchService - [SCHEDULER][sri-files-scheduler-3] INICIO automatizacionEnvioFacturasElectonicas @ 2026-08-25T23:11:00.000500400
2026-08-25 23:11:00.001 [sri-files-scheduler-3] [] INFO  c.e.s.services.EnvioSriBatchService - Ejecutando envio de facturas at=2026-08-25T23:11:00.001506700
2026-08-25 23:11:00.002 [sri-files-scheduler-4] [] INFO  c.e.s.s.NuevoDocumentoScheduler - [SCHEDULER][V1] FIN envío | detectados=0 | exitosos=0 | fallidos=0 | duracionMs=2
2026-08-25 23:11:01.351 [sri-files-scheduler-3] [] INFO  c.e.s.services.EnvioSriBatchService - No hay facturas pendientes estado=I
2026-08-25 23:11:01.351 [sri-files-scheduler-3] [] INFO  c.e.s.services.EnvioSriBatchService - [SCHEDULER][sri-files-scheduler-3] FIN automatizacionEnvioFacturasElectonicas | detectados=0 | exitosas=0 | fallidas=0 | duracionMs=1351
2026-08-25 23:12:00.000 [sri-files-scheduler-4] [] INFO  c.e.s.s.NuevoDocumentoScheduler - [SCHEDULER][V1] INICIO envío pendientes @ 2026-08-25T23:12:00.000901400
2026-08-25 23:12:00.000 [sri-files-scheduler-1] [] INFO  c.e.s.services.EnvioSriBatchService - [SCHEDULER][sri-files-scheduler-1] INICIO automatizacionEnvioFacturasElectonicas @ 2026-08-25T23:12:00.000901400
2026-08-25 23:12:00.000 [sri-files-scheduler-1] [] INFO  c.e.s.services.EnvioSriBatchService - Ejecutando envio de facturas at=2026-08-25T23:12:00.000901400
2026-08-25 23:12:00.002 [sri-files-scheduler-4] [] INFO  c.e.s.s.NuevoDocumentoScheduler - [SCHEDULER][V1] FIN envío | detectados=0 | exitosos=0 | fallidos=0 | duracionMs=2
2026-08-25 23:12:00.005 [sri-files-scheduler-4] [] INFO  c.e.s.batch.BatchJobScheduler - Batch automático ejecutado: tipo=ENVIAR_SRI uuid=127b4642-8352-40e1-bf83-11c17cd217a8
2026-08-25 23:12:00.005 [sri-files-scheduler-3] [] INFO  c.e.s.batch.BatchJobScheduler - Batch automático ejecutado: tipo=CONSULTAR_AUTORIZACION uuid=928bfa5f-508c-4924-89b5-d892998b782e
2026-08-25 23:12:00.006 [task-99] [127b4642-8352-40e1-bf83-11c17cd217a8] INFO  c.e.s.batch.BatchProcessorService - Iniciando batch job 127b4642-8352-40e1-bf83-11c17cd217a8 tipo=ENVIAR_SRI [batchJob=127b4642-8352-40e1-bf83-11c17cd217a8]
2026-08-25 23:12:00.007 [task-99] [127b4642-8352-40e1-bf83-11c17cd217a8] INFO  c.e.s.batch.BatchProcessorService - Documentos encontrados: 0 [batchJob=127b4642-8352-40e1-bf83-11c17cd217a8]
2026-08-25 23:12:00.007 [task-99] [127b4642-8352-40e1-bf83-11c17cd217a8] INFO  c.e.s.batch.BatchProcessorService - Batch job 127b4642-8352-40e1-bf83-11c17cd217a8 completado: Procesados: 0, Exitosos: 0, Fallidos: 0 [batchJob=127b4642-8352-40e1-bf83-11c17cd217a8]
2026-08-25 23:12:00.008 [sri-files-scheduler-4] [] INFO  c.e.s.batch.BatchJobScheduler - Batch automático ejecutado: tipo=ENVIAR_CORREO uuid=c826e1a6-5765-4ba8-870d-79ee974e75b9
2026-08-25 23:12:00.008 [task-100] [928bfa5f-508c-4924-89b5-d892998b782e] INFO  c.e.s.batch.BatchProcessorService - Iniciando batch job 928bfa5f-508c-4924-89b5-d892998b782e tipo=CONSULTAR_AUTORIZACION [batchJob=928bfa5f-508c-4924-89b5-d892998b782e]
2026-08-25 23:12:00.008 [task-101] [c826e1a6-5765-4ba8-870d-79ee974e75b9] INFO  c.e.s.batch.BatchProcessorService - Iniciando batch job c826e1a6-5765-4ba8-870d-79ee974e75b9 tipo=ENVIAR_CORREO [batchJob=c826e1a6-5765-4ba8-870d-79ee974e75b9]
2026-08-25 23:12:00.010 [task-101] [c826e1a6-5765-4ba8-870d-79ee974e75b9] INFO  c.e.s.batch.BatchProcessorService - Documentos encontrados: 0 [batchJob=c826e1a6-5765-4ba8-870d-79ee974e75b9]
2026-08-25 23:12:00.010 [task-100] [928bfa5f-508c-4924-89b5-d892998b782e] INFO  c.e.s.batch.BatchProcessorService - Documentos encontrados: 0 [batchJob=928bfa5f-508c-4924-89b5-d892998b782e]
2026-08-25 23:12:00.010 [task-101] [c826e1a6-5765-4ba8-870d-79ee974e75b9] INFO  c.e.s.batch.BatchProcessorService - Batch job c826e1a6-5765-4ba8-870d-79ee974e75b9 completado: Procesados: 0, Exitosos: 0, Fallidos: 0 [batchJob=c826e1a6-5765-4ba8-870d-79ee974e75b9]
2026-08-25 23:12:00.010 [task-100] [928bfa5f-508c-4924-89b5-d892998b782e] INFO  c.e.s.batch.BatchProcessorService - Batch job 928bfa5f-508c-4924-89b5-d892998b782e completado: Procesados: 0, Exitosos: 0, Fallidos: 0 [batchJob=928bfa5f-508c-4924-89b5-d892998b782e]
2026-08-25 23:12:01.252 [sri-files-scheduler-1] [] INFO  c.e.s.services.EnvioSriBatchService - No hay facturas pendientes estado=I
2026-08-25 23:12:01.253 [sri-files-scheduler-1] [] INFO  c.e.s.services.EnvioSriBatchService - [SCHEDULER][sri-files-scheduler-1] FIN automatizacionEnvioFacturasElectonicas | detectados=0 | exitosas=0 | fallidas=0 | duracionMs=1253
2026-08-25 23:12:30.000 [sri-files-scheduler-3] [] INFO  c.e.s.s.NuevoDocumentoScheduler - [SCHEDULER][V1] INICIO recuperación autorizaciones @ 2026-08-25T23:12:30.000999500
2026-08-25 23:12:30.001 [sri-files-scheduler-3] [] INFO  c.e.s.s.NuevoDocumentoScheduler - [SCHEDULER][V1] FIN recuperación | detectados=0 | autorizados=0 | pendientes=0 | duracionMs=1
2026-08-25 23:13:00.000 [sri-files-scheduler-4] [] INFO  c.e.s.s.NuevoDocumentoScheduler - [SCHEDULER][V1] INICIO envío pendientes @ 2026-08-25T23:13:00.000636300
2026-08-25 23:13:00.000 [sri-files-scheduler-1] [] INFO  c.e.s.services.EnvioSriBatchService - [SCHEDULER][sri-files-scheduler-1] INICIO automatizacionEnvioFacturasElectonicas @ 2026-08-25T23:13:00.000636300
2026-08-25 23:13:00.000 [sri-files-scheduler-1] [] INFO  c.e.s.services.EnvioSriBatchService - Ejecutando envio de facturas at=2026-08-25T23:13:00.000636300
2026-08-25 23:13:00.001 [sri-files-scheduler-4] [] INFO  c.e.s.s.NuevoDocumentoScheduler - [SCHEDULER][V1] FIN envío | detectados=0 | exitosos=0 | fallidos=0 | duracionMs=1
2026-08-25 23:13:01.332 [sri-files-scheduler-1] [] INFO  c.e.s.services.EnvioSriBatchService - No hay facturas pendientes estado=I
2026-08-25 23:13:01.332 [sri-files-scheduler-1] [] INFO  c.e.s.services.EnvioSriBatchService - [SCHEDULER][sri-files-scheduler-1] FIN automatizacionEnvioFacturasElectonicas | detectados=0 | exitosas=0 | fallidas=0 | duracionMs=1332
2026-08-25 23:14:00.000 [sri-files-scheduler-4] [] INFO  c.e.s.s.NuevoDocumentoScheduler - [SCHEDULER][V1] INICIO envío pendientes @ 2026-08-25T23:14:00.000947500
2026-08-25 23:14:00.000 [sri-files-scheduler-1] [] INFO  c.e.s.services.EnvioSriBatchService - [SCHEDULER][sri-files-scheduler-1] INICIO automatizacionEnvioFacturasElectonicas @ 2026-08-25T23:14:00.000947500
2026-08-25 23:14:00.000 [sri-files-scheduler-1] [] INFO  c.e.s.services.EnvioSriBatchService - Ejecutando envio de facturas at=2026-08-25T23:14:00.000947500
2026-08-25 23:14:00.001 [sri-files-scheduler-4] [] INFO  c.e.s.s.NuevoDocumentoScheduler - [SCHEDULER][V1] FIN envío | detectados=0 | exitosos=0 | fallidos=0 | duracionMs=1
2026-08-25 23:14:00.003 [sri-files-scheduler-3] [] INFO  c.e.s.batch.BatchJobScheduler - Batch automático ejecutado: tipo=ENVIAR_SRI uuid=af18b275-4296-4d6d-bb08-053463ed9d62
2026-08-25 23:14:00.004 [task-102] [af18b275-4296-4d6d-bb08-053463ed9d62] INFO  c.e.s.batch.BatchProcessorService - Iniciando batch job af18b275-4296-4d6d-bb08-053463ed9d62 tipo=ENVIAR_SRI [batchJob=af18b275-4296-4d6d-bb08-053463ed9d62]
2026-08-25 23:14:00.005 [task-102] [af18b275-4296-4d6d-bb08-053463ed9d62] INFO  c.e.s.batch.BatchProcessorService - Documentos encontrados: 0 [batchJob=af18b275-4296-4d6d-bb08-053463ed9d62]
2026-08-25 23:14:00.005 [task-102] [af18b275-4296-4d6d-bb08-053463ed9d62] INFO  c.e.s.batch.BatchProcessorService - Batch job af18b275-4296-4d6d-bb08-053463ed9d62 completado: Procesados: 0, Exitosos: 0, Fallidos: 0 [batchJob=af18b275-4296-4d6d-bb08-053463ed9d62]
2026-08-25 23:14:01.319 [sri-files-scheduler-1] [] INFO  c.e.s.services.EnvioSriBatchService - No hay facturas pendientes estado=I
2026-08-25 23:14:01.320 [sri-files-scheduler-1] [] INFO  c.e.s.services.EnvioSriBatchService - [SCHEDULER][sri-files-scheduler-1] FIN automatizacionEnvioFacturasElectonicas | detectados=0 | exitosas=0 | fallidas=0 | duracionMs=1320
2026-08-25 23:15:00.000 [sri-files-scheduler-4] [] INFO  c.e.s.s.RecuperarDevueltasScheduler - [SCHEDULER] INICIO recuperación facturas estado M @ 2026-08-25T23:15:00.000771
2026-08-25 23:15:00.000 [sri-files-scheduler-1] [] INFO  c.e.s.s.NuevoDocumentoScheduler - [SCHEDULER][V1] INICIO envío pendientes @ 2026-08-25T23:15:00.000771
2026-08-25 23:15:00.000 [sri-files-scheduler-3] [] INFO  c.e.s.services.EnvioSriBatchService - [SCHEDULER][sri-files-scheduler-3] INICIO automatizacionEnvioFacturasElectonicas @ 2026-08-25T23:15:00.000771
2026-08-25 23:15:00.000 [sri-files-scheduler-3] [] INFO  c.e.s.services.EnvioSriBatchService - Ejecutando envio de facturas at=2026-08-25T23:15:00.000771
2026-08-25 23:15:00.002 [sri-files-scheduler-1] [] INFO  c.e.s.s.NuevoDocumentoScheduler - [SCHEDULER][V1] FIN envío | detectados=0 | exitosos=0 | fallidos=0 | duracionMs=2
2026-08-25 23:15:00.007 [sri-files-scheduler-1] [] INFO  c.e.s.batch.BatchJobScheduler - Batch automático ejecutado: tipo=REINTENTAR_FALLIDOS uuid=3fb1b372-2670-458d-9a42-02b6409042f2
2026-08-25 23:15:00.008 [task-103] [3fb1b372-2670-458d-9a42-02b6409042f2] INFO  c.e.s.batch.BatchProcessorService - Iniciando batch job 3fb1b372-2670-458d-9a42-02b6409042f2 tipo=REINTENTAR_FALLIDOS [batchJob=3fb1b372-2670-458d-9a42-02b6409042f2]
2026-08-25 23:15:00.009 [task-103] [3fb1b372-2670-458d-9a42-02b6409042f2] INFO  c.e.s.batch.BatchProcessorService - Documentos encontrados: 0 [batchJob=3fb1b372-2670-458d-9a42-02b6409042f2]
2026-08-25 23:15:00.009 [task-103] [3fb1b372-2670-458d-9a42-02b6409042f2] INFO  c.e.s.batch.BatchProcessorService - Batch job 3fb1b372-2670-458d-9a42-02b6409042f2 completado: Procesados: 0, Exitosos: 0, Fallidos: 0 [batchJob=3fb1b372-2670-458d-9a42-02b6409042f2]
2026-08-25 23:15:00.009 [sri-files-scheduler-1] [] INFO  c.e.s.batch.BatchJobScheduler - Batch automático ejecutado: tipo=CONSULTAR_AUTORIZACION uuid=65937031-ba83-4725-a502-3d4c936931f0
2026-08-25 23:15:00.011 [task-104] [65937031-ba83-4725-a502-3d4c936931f0] INFO  c.e.s.batch.BatchProcessorService - Iniciando batch job 65937031-ba83-4725-a502-3d4c936931f0 tipo=CONSULTAR_AUTORIZACION [batchJob=65937031-ba83-4725-a502-3d4c936931f0]
2026-08-25 23:15:00.012 [task-104] [65937031-ba83-4725-a502-3d4c936931f0] INFO  c.e.s.batch.BatchProcessorService - Documentos encontrados: 0 [batchJob=65937031-ba83-4725-a502-3d4c936931f0]
2026-08-25 23:15:00.012 [task-104] [65937031-ba83-4725-a502-3d4c936931f0] INFO  c.e.s.batch.BatchProcessorService - Batch job 65937031-ba83-4725-a502-3d4c936931f0 completado: Procesados: 0, Exitosos: 0, Fallidos: 0 [batchJob=65937031-ba83-4725-a502-3d4c936931f0]
2026-08-25 23:15:00.856 [sri-files-scheduler-4] [] INFO  c.erp.sri_files.services.SriGateway - Consultando autorización SRI: 0212202501046002881000120010110001733943855849919 [requestId=null]
2026-08-25 23:15:01.343 [sri-files-scheduler-3] [] INFO  c.e.s.services.EnvioSriBatchService - No hay facturas pendientes estado=I
2026-08-25 23:15:01.344 [sri-files-scheduler-3] [] INFO  c.e.s.services.EnvioSriBatchService - [SCHEDULER][sri-files-scheduler-3] FIN automatizacionEnvioFacturasElectonicas | detectados=0 | exitosas=0 | fallidas=0 | duracionMs=1343
2026-08-25 23:15:01.713 [sri-files-scheduler-4] [] INFO  c.erp.sri_files.services.SriGateway - Consultando autorización SRI: 2811202501046002881000120020180003239715151251712 [requestId=null]
2026-08-25 23:15:02.517 [sri-files-scheduler-4] [] INFO  c.erp.sri_files.services.SriGateway - Consultando autorización SRI: 0202202601046002881000120010110001798067373305816 [requestId=null]
2026-08-25 23:15:03.408 [sri-files-scheduler-4] [] INFO  c.erp.sri_files.services.SriGateway - Consultando autorización SRI: 1911202501046002881000120020180003230427548968012 [requestId=null]
2026-08-25 23:15:04.154 [sri-files-scheduler-4] [] INFO  c.erp.sri_files.services.SriGateway - Consultando autorización SRI: 0202202601046002881000120010110001798074950503610 [requestId=null]
2026-08-25 23:15:04.215 [sri-files-scheduler-4] [] ERROR c.erp.sri_files.services.SriGateway - Error consultando autorización [requestId=null]
jakarta.xml.ws.WebServiceException: javax.net.ssl.SSLHandshakeException: No subject alternative names matching IP address 181.113.227.222 found
	at com.sun.xml.ws.transport.http.client.HttpClientTransport.readResponseCodeAndMessage(HttpClientTransport.java:181)
	at com.sun.xml.ws.transport.http.client.HttpTransportPipe.createResponsePacket(HttpTransportPipe.java:227)
	at com.sun.xml.ws.transport.http.client.HttpTransportPipe.process(HttpTransportPipe.java:218)
	at com.sun.xml.ws.transport.http.client.HttpTransportPipe.processRequest(HttpTransportPipe.java:131)
	at com.sun.xml.ws.transport.DeferredTransportPipe.processRequest(DeferredTransportPipe.java:111)
	at com.sun.xml.ws.api.pipe.Fiber.__doRun(Fiber.java:1106)
	at com.sun.xml.ws.api.pipe.Fiber._doRun(Fiber.java:1020)
	at com.sun.xml.ws.api.pipe.Fiber.doRun(Fiber.java:989)
	at com.sun.xml.ws.api.pipe.Fiber.runSync(Fiber.java:847)
	at com.sun.xml.ws.client.Stub.process(Stub.java:431)
	at com.sun.xml.ws.client.sei.SEIStub.doProcess(SEIStub.java:160)
	at com.sun.xml.ws.client.sei.SyncMethodHandler.invoke(SyncMethodHandler.java:78)
	at com.sun.xml.ws.client.sei.SyncMethodHandler.invoke(SyncMethodHandler.java:62)
	at com.sun.xml.ws.client.sei.SEIStub.invoke(SEIStub.java:132)
	at jdk.proxy2/jdk.proxy2.$Proxy222.autorizacionComprobante(Unknown Source)
	at com.erp.sri_files.services.SendXmlToSriService.consultarAutorizacion(SendXmlToSriService.java:196)
	at com.erp.sri_files.services.SendXmlToSriService.consultarAutorizacion(SendXmlToSriService.java:180)
	at com.erp.sri_files.services.SriGateway.consultarAutorizacion(SriGateway.java:100)
	at com.erp.sri_files.scheduler.RecuperarDevueltasScheduler.recuperarFacturasDevueltas(RecuperarDevueltasScheduler.java:61)
	at java.base/jdk.internal.reflect.DirectMethodHandleAccessor.invoke(DirectMethodHandleAccessor.java:103)
	at java.base/java.lang.reflect.Method.invoke(Method.java:580)
	at org.springframework.scheduling.support.ScheduledMethodRunnable.runInternal(ScheduledMethodRunnable.java:130)
	at org.springframework.scheduling.support.ScheduledMethodRunnable.lambda$run$2(ScheduledMethodRunnable.java:124)
	at io.micrometer.observation.Observation.observe(Observation.java:498)
	at org.springframework.scheduling.support.ScheduledMethodRunnable.run(ScheduledMethodRunnable.java:124)
	at org.springframework.scheduling.config.Task$OutcomeTrackingRunnable.run(Task.java:85)
	at org.springframework.scheduling.support.DelegatingErrorHandlingRunnable.run(DelegatingErrorHandlingRunnable.java:54)
	at org.springframework.scheduling.concurrent.ReschedulingRunnable.run(ReschedulingRunnable.java:96)
	at java.base/java.util.concurrent.Executors$RunnableAdapter.call(Executors.java:572)
	at java.base/java.util.concurrent.FutureTask.run(FutureTask.java:317)
	at java.base/java.util.concurrent.ScheduledThreadPoolExecutor$ScheduledFutureTask.run(ScheduledThreadPoolExecutor.java:304)
	at java.base/java.util.concurrent.ThreadPoolExecutor.runWorker(ThreadPoolExecutor.java:1144)
	at java.base/java.util.concurrent.ThreadPoolExecutor$Worker.run(ThreadPoolExecutor.java:642)
	at java.base/java.lang.Thread.run(Thread.java:1583)
Caused by: javax.net.ssl.SSLHandshakeException: No subject alternative names matching IP address 181.113.227.222 found
	at java.base/sun.security.ssl.Alert.createSSLException(Alert.java:130)
	at java.base/sun.security.ssl.TransportContext.fatal(TransportContext.java:383)
	at java.base/sun.security.ssl.TransportContext.fatal(TransportContext.java:326)
	at java.base/sun.security.ssl.TransportContext.fatal(TransportContext.java:321)
	at java.base/sun.security.ssl.CertificateMessage$T12CertificateConsumer.checkServerCerts(CertificateMessage.java:647)
	at java.base/sun.security.ssl.CertificateMessage$T12CertificateConsumer.onCertificate(CertificateMessage.java:467)
	at java.base/sun.security.ssl.CertificateMessage$T12CertificateConsumer.consume(CertificateMessage.java:363)
	at java.base/sun.security.ssl.SSLHandshake.consume(SSLHandshake.java:393)
	at java.base/sun.security.ssl.HandshakeContext.dispatch(HandshakeContext.java:477)
	at java.base/sun.security.ssl.HandshakeContext.dispatch(HandshakeContext.java:448)
	at java.base/sun.security.ssl.TransportContext.dispatch(TransportContext.java:206)
	at java.base/sun.security.ssl.SSLTransport.decode(SSLTransport.java:172)
	at java.base/sun.security.ssl.SSLSocketImpl.decode(SSLSocketImpl.java:1506)
	at java.base/sun.security.ssl.SSLSocketImpl.readHandshakeRecord(SSLSocketImpl.java:1421)
	at java.base/sun.security.ssl.SSLSocketImpl.startHandshake(SSLSocketImpl.java:455)
	at java.base/sun.security.ssl.SSLSocketImpl.startHandshake(SSLSocketImpl.java:426)
	at java.base/sun.net.www.protocol.https.HttpsClient.afterConnect(HttpsClient.java:586)
	at java.base/sun.net.www.protocol.https.AbstractDelegateHttpsURLConnection.connect(AbstractDelegateHttpsURLConnection.java:187)
	at java.base/sun.net.www.protocol.http.HttpURLConnection.followRedirect0(HttpURLConnection.java:2914)
	at java.base/sun.net.www.protocol.http.HttpURLConnection.followRedirect(HttpURLConnection.java:2834)
	at java.base/sun.net.www.protocol.http.HttpURLConnection.getInputStream0(HttpURLConnection.java:1945)
	at java.base/sun.net.www.protocol.http.HttpURLConnection.getInputStream(HttpURLConnection.java:1615)
	at java.base/java.net.HttpURLConnection.getResponseCode(HttpURLConnection.java:531)
	at java.base/sun.net.www.protocol.https.HttpsURLConnectionImpl.getResponseCode(HttpsURLConnectionImpl.java:307)
	at com.sun.xml.ws.transport.http.client.HttpClientTransport.readResponseCodeAndMessage(HttpClientTransport.java:177)
	... 33 common frames omitted
Caused by: java.security.cert.CertificateException: No subject alternative names matching IP address 181.113.227.222 found
	at java.base/sun.security.util.HostnameChecker.matchIP(HostnameChecker.java:160)
	at java.base/sun.security.util.HostnameChecker.match(HostnameChecker.java:101)
	at java.base/sun.security.ssl.X509TrustManagerImpl.checkIdentity(X509TrustManagerImpl.java:466)
	at java.base/sun.security.ssl.X509TrustManagerImpl.checkIdentity(X509TrustManagerImpl.java:432)
	at java.base/sun.security.ssl.X509TrustManagerImpl.checkTrusted(X509TrustManagerImpl.java:237)
	at java.base/sun.security.ssl.X509TrustManagerImpl.checkServerTrusted(X509TrustManagerImpl.java:132)
	at java.base/sun.security.ssl.CertificateMessage$T12CertificateConsumer.checkServerCerts(CertificateMessage.java:631)
	... 53 common frames omitted
2026-08-25 23:15:04.893 [sri-files-scheduler-4] [] INFO  c.erp.sri_files.services.SriGateway - Consultando autorización SRI: 0112202501046002881000120010110001732421185658519 [requestId=null]
2026-08-25 23:15:04.952 [sri-files-scheduler-4] [] ERROR c.erp.sri_files.services.SriGateway - Error consultando autorización [requestId=null]
jakarta.xml.ws.WebServiceException: javax.net.ssl.SSLHandshakeException: No subject alternative names matching IP address 181.113.227.222 found
	at com.sun.xml.ws.transport.http.client.HttpClientTransport.readResponseCodeAndMessage(HttpClientTransport.java:181)
	at com.sun.xml.ws.transport.http.client.HttpTransportPipe.createResponsePacket(HttpTransportPipe.java:227)
	at com.sun.xml.ws.transport.http.client.HttpTransportPipe.process(HttpTransportPipe.java:218)
	at com.sun.xml.ws.transport.http.client.HttpTransportPipe.processRequest(HttpTransportPipe.java:131)
	at com.sun.xml.ws.transport.DeferredTransportPipe.processRequest(DeferredTransportPipe.java:111)
	at com.sun.xml.ws.api.pipe.Fiber.__doRun(Fiber.java:1106)
	at com.sun.xml.ws.api.pipe.Fiber._doRun(Fiber.java:1020)
	at com.sun.xml.ws.api.pipe.Fiber.doRun(Fiber.java:989)
	at com.sun.xml.ws.api.pipe.Fiber.runSync(Fiber.java:847)
	at com.sun.xml.ws.client.Stub.process(Stub.java:431)
	at com.sun.xml.ws.client.sei.SEIStub.doProcess(SEIStub.java:160)
	at com.sun.xml.ws.client.sei.SyncMethodHandler.invoke(SyncMethodHandler.java:78)
	at com.sun.xml.ws.client.sei.SyncMethodHandler.invoke(SyncMethodHandler.java:62)
	at com.sun.xml.ws.client.sei.SEIStub.invoke(SEIStub.java:132)
	at jdk.proxy2/jdk.proxy2.$Proxy222.autorizacionComprobante(Unknown Source)
	at com.erp.sri_files.services.SendXmlToSriService.consultarAutorizacion(SendXmlToSriService.java:196)
	at com.erp.sri_files.services.SendXmlToSriService.consultarAutorizacion(SendXmlToSriService.java:180)
	at com.erp.sri_files.services.SriGateway.consultarAutorizacion(SriGateway.java:100)
	at com.erp.sri_files.scheduler.RecuperarDevueltasScheduler.recuperarFacturasDevueltas(RecuperarDevueltasScheduler.java:61)
	at java.base/jdk.internal.reflect.DirectMethodHandleAccessor.invoke(DirectMethodHandleAccessor.java:103)
	at java.base/java.lang.reflect.Method.invoke(Method.java:580)
	at org.springframework.scheduling.support.ScheduledMethodRunnable.runInternal(ScheduledMethodRunnable.java:130)
	at org.springframework.scheduling.support.ScheduledMethodRunnable.lambda$run$2(ScheduledMethodRunnable.java:124)
	at io.micrometer.observation.Observation.observe(Observation.java:498)
	at org.springframework.scheduling.support.ScheduledMethodRunnable.run(ScheduledMethodRunnable.java:124)
	at org.springframework.scheduling.config.Task$OutcomeTrackingRunnable.run(Task.java:85)
	at org.springframework.scheduling.support.DelegatingErrorHandlingRunnable.run(DelegatingErrorHandlingRunnable.java:54)
	at org.springframework.scheduling.concurrent.ReschedulingRunnable.run(ReschedulingRunnable.java:96)
	at java.base/java.util.concurrent.Executors$RunnableAdapter.call(Executors.java:572)
	at java.base/java.util.concurrent.FutureTask.run(FutureTask.java:317)
	at java.base/java.util.concurrent.ScheduledThreadPoolExecutor$ScheduledFutureTask.run(ScheduledThreadPoolExecutor.java:304)
	at java.base/java.util.concurrent.ThreadPoolExecutor.runWorker(ThreadPoolExecutor.java:1144)
	at java.base/java.util.concurrent.ThreadPoolExecutor$Worker.run(ThreadPoolExecutor.java:642)
	at java.base/java.lang.Thread.run(Thread.java:1583)
Caused by: javax.net.ssl.SSLHandshakeException: No subject alternative names matching IP address 181.113.227.222 found
	at java.base/sun.security.ssl.Alert.createSSLException(Alert.java:130)
	at java.base/sun.security.ssl.TransportContext.fatal(TransportContext.java:383)
	at java.base/sun.security.ssl.TransportContext.fatal(TransportContext.java:326)
	at java.base/sun.security.ssl.TransportContext.fatal(TransportContext.java:321)
	at java.base/sun.security.ssl.CertificateMessage$T12CertificateConsumer.checkServerCerts(CertificateMessage.java:647)
	at java.base/sun.security.ssl.CertificateMessage$T12CertificateConsumer.onCertificate(CertificateMessage.java:467)
	at java.base/sun.security.ssl.CertificateMessage$T12CertificateConsumer.consume(CertificateMessage.java:363)
	at java.base/sun.security.ssl.SSLHandshake.consume(SSLHandshake.java:393)
	at java.base/sun.security.ssl.HandshakeContext.dispatch(HandshakeContext.java:477)
	at java.base/sun.security.ssl.HandshakeContext.dispatch(HandshakeContext.java:448)
	at java.base/sun.security.ssl.TransportContext.dispatch(TransportContext.java:206)
	at java.base/sun.security.ssl.SSLTransport.decode(SSLTransport.java:172)
	at java.base/sun.security.ssl.SSLSocketImpl.decode(SSLSocketImpl.java:1506)
	at java.base/sun.security.ssl.SSLSocketImpl.readHandshakeRecord(SSLSocketImpl.java:1421)
	at java.base/sun.security.ssl.SSLSocketImpl.startHandshake(SSLSocketImpl.java:455)
	at java.base/sun.security.ssl.SSLSocketImpl.startHandshake(SSLSocketImpl.java:426)
	at java.base/sun.net.www.protocol.https.HttpsClient.afterConnect(HttpsClient.java:586)
	at java.base/sun.net.www.protocol.https.AbstractDelegateHttpsURLConnection.connect(AbstractDelegateHttpsURLConnection.java:187)
	at java.base/sun.net.www.protocol.http.HttpURLConnection.followRedirect0(HttpURLConnection.java:2914)
	at java.base/sun.net.www.protocol.http.HttpURLConnection.followRedirect(HttpURLConnection.java:2834)
	at java.base/sun.net.www.protocol.http.HttpURLConnection.getInputStream0(HttpURLConnection.java:1945)
	at java.base/sun.net.www.protocol.http.HttpURLConnection.getInputStream(HttpURLConnection.java:1615)
	at java.base/java.net.HttpURLConnection.getResponseCode(HttpURLConnection.java:531)
	at java.base/sun.net.www.protocol.https.HttpsURLConnectionImpl.getResponseCode(HttpsURLConnectionImpl.java:307)
	at com.sun.xml.ws.transport.http.client.HttpClientTransport.readResponseCodeAndMessage(HttpClientTransport.java:177)
	... 33 common frames omitted
Caused by: java.security.cert.CertificateException: No subject alternative names matching IP address 181.113.227.222 found
	at java.base/sun.security.util.HostnameChecker.matchIP(HostnameChecker.java:160)
	at java.base/sun.security.util.HostnameChecker.match(HostnameChecker.java:101)
	at java.base/sun.security.ssl.X509TrustManagerImpl.checkIdentity(X509TrustManagerImpl.java:466)
	at java.base/sun.security.ssl.X509TrustManagerImpl.checkIdentity(X509TrustManagerImpl.java:432)
	at java.base/sun.security.ssl.X509TrustManagerImpl.checkTrusted(X509TrustManagerImpl.java:237)
	at java.base/sun.security.ssl.X509TrustManagerImpl.checkServerTrusted(X509TrustManagerImpl.java:132)
	at java.base/sun.security.ssl.CertificateMessage$T12CertificateConsumer.checkServerCerts(CertificateMessage.java:631)
	... 53 common frames omitted
2026-08-25 23:15:05.729 [sri-files-scheduler-4] [] INFO  c.erp.sri_files.services.SriGateway - Consultando autorización SRI: 0312202501046002881000120010380000576600992390111 [requestId=null]
2026-08-25 23:15:06.375 [sri-files-scheduler-4] [] INFO  c.erp.sri_files.services.SriGateway - Consultando autorización SRI: 0312202501046002881000120010380000575907269960117 [requestId=null]
2026-08-25 23:15:07.158 [sri-files-scheduler-4] [] INFO  c.erp.sri_files.services.SriGateway - Consultando autorización SRI: 0202202601046002881000120010110001798081590641312 [requestId=null]
2026-08-25 23:15:07.223 [sri-files-scheduler-4] [] ERROR c.erp.sri_files.services.SriGateway - Error consultando autorización [requestId=null]
jakarta.xml.ws.WebServiceException: javax.net.ssl.SSLHandshakeException: No subject alternative names matching IP address 181.113.227.222 found
	at com.sun.xml.ws.transport.http.client.HttpClientTransport.readResponseCodeAndMessage(HttpClientTransport.java:181)
	at com.sun.xml.ws.transport.http.client.HttpTransportPipe.createResponsePacket(HttpTransportPipe.java:227)
	at com.sun.xml.ws.transport.http.client.HttpTransportPipe.process(HttpTransportPipe.java:218)
	at com.sun.xml.ws.transport.http.client.HttpTransportPipe.processRequest(HttpTransportPipe.java:131)
	at com.sun.xml.ws.transport.DeferredTransportPipe.processRequest(DeferredTransportPipe.java:111)
	at com.sun.xml.ws.api.pipe.Fiber.__doRun(Fiber.java:1106)
	at com.sun.xml.ws.api.pipe.Fiber._doRun(Fiber.java:1020)
	at com.sun.xml.ws.api.pipe.Fiber.doRun(Fiber.java:989)
	at com.sun.xml.ws.api.pipe.Fiber.runSync(Fiber.java:847)
	at com.sun.xml.ws.client.Stub.process(Stub.java:431)
	at com.sun.xml.ws.client.sei.SEIStub.doProcess(SEIStub.java:160)
	at com.sun.xml.ws.client.sei.SyncMethodHandler.invoke(SyncMethodHandler.java:78)
	at com.sun.xml.ws.client.sei.SyncMethodHandler.invoke(SyncMethodHandler.java:62)
	at com.sun.xml.ws.client.sei.SEIStub.invoke(SEIStub.java:132)
	at jdk.proxy2/jdk.proxy2.$Proxy222.autorizacionComprobante(Unknown Source)
	at com.erp.sri_files.services.SendXmlToSriService.consultarAutorizacion(SendXmlToSriService.java:196)
	at com.erp.sri_files.services.SendXmlToSriService.consultarAutorizacion(SendXmlToSriService.java:180)
	at com.erp.sri_files.services.SriGateway.consultarAutorizacion(SriGateway.java:100)
	at com.erp.sri_files.scheduler.RecuperarDevueltasScheduler.recuperarFacturasDevueltas(RecuperarDevueltasScheduler.java:61)
	at java.base/jdk.internal.reflect.DirectMethodHandleAccessor.invoke(DirectMethodHandleAccessor.java:103)
	at java.base/java.lang.reflect.Method.invoke(Method.java:580)
	at org.springframework.scheduling.support.ScheduledMethodRunnable.runInternal(ScheduledMethodRunnable.java:130)
	at org.springframework.scheduling.support.ScheduledMethodRunnable.lambda$run$2(ScheduledMethodRunnable.java:124)
	at io.micrometer.observation.Observation.observe(Observation.java:498)
	at org.springframework.scheduling.support.ScheduledMethodRunnable.run(ScheduledMethodRunnable.java:124)
	at org.springframework.scheduling.config.Task$OutcomeTrackingRunnable.run(Task.java:85)
	at org.springframework.scheduling.support.DelegatingErrorHandlingRunnable.run(DelegatingErrorHandlingRunnable.java:54)
	at org.springframework.scheduling.concurrent.ReschedulingRunnable.run(ReschedulingRunnable.java:96)
	at java.base/java.util.concurrent.Executors$RunnableAdapter.call(Executors.java:572)
	at java.base/java.util.concurrent.FutureTask.run(FutureTask.java:317)
	at java.base/java.util.concurrent.ScheduledThreadPoolExecutor$ScheduledFutureTask.run(ScheduledThreadPoolExecutor.java:304)
	at java.base/java.util.concurrent.ThreadPoolExecutor.runWorker(ThreadPoolExecutor.java:1144)
	at java.base/java.util.concurrent.ThreadPoolExecutor$Worker.run(ThreadPoolExecutor.java:642)
	at java.base/java.lang.Thread.run(Thread.java:1583)
Caused by: javax.net.ssl.SSLHandshakeException: No subject alternative names matching IP address 181.113.227.222 found
	at java.base/sun.security.ssl.Alert.createSSLException(Alert.java:130)
	at java.base/sun.security.ssl.TransportContext.fatal(TransportContext.java:383)
	at java.base/sun.security.ssl.TransportContext.fatal(TransportContext.java:326)
	at java.base/sun.security.ssl.TransportContext.fatal(TransportContext.java:321)
	at java.base/sun.security.ssl.CertificateMessage$T12CertificateConsumer.checkServerCerts(CertificateMessage.java:647)
	at java.base/sun.security.ssl.CertificateMessage$T12CertificateConsumer.onCertificate(CertificateMessage.java:467)
	at java.base/sun.security.ssl.CertificateMessage$T12CertificateConsumer.consume(CertificateMessage.java:363)
	at java.base/sun.security.ssl.SSLHandshake.consume(SSLHandshake.java:393)
	at java.base/sun.security.ssl.HandshakeContext.dispatch(HandshakeContext.java:477)
	at java.base/sun.security.ssl.HandshakeContext.dispatch(HandshakeContext.java:448)
	at java.base/sun.security.ssl.TransportContext.dispatch(TransportContext.java:206)
	at java.base/sun.security.ssl.SSLTransport.decode(SSLTransport.java:172)
	at java.base/sun.security.ssl.SSLSocketImpl.decode(SSLSocketImpl.java:1506)
	at java.base/sun.security.ssl.SSLSocketImpl.readHandshakeRecord(SSLSocketImpl.java:1421)
	at java.base/sun.security.ssl.SSLSocketImpl.startHandshake(SSLSocketImpl.java:455)
	at java.base/sun.security.ssl.SSLSocketImpl.startHandshake(SSLSocketImpl.java:426)
	at java.base/sun.net.www.protocol.https.HttpsClient.afterConnect(HttpsClient.java:586)
	at java.base/sun.net.www.protocol.https.AbstractDelegateHttpsURLConnection.connect(AbstractDelegateHttpsURLConnection.java:187)
	at java.base/sun.net.www.protocol.http.HttpURLConnection.followRedirect0(HttpURLConnection.java:2914)
	at java.base/sun.net.www.protocol.http.HttpURLConnection.followRedirect(HttpURLConnection.java:2834)
	at java.base/sun.net.www.protocol.http.HttpURLConnection.getInputStream0(HttpURLConnection.java:1945)
	at java.base/sun.net.www.protocol.http.HttpURLConnection.getInputStream(HttpURLConnection.java:1615)
	at java.base/java.net.HttpURLConnection.getResponseCode(HttpURLConnection.java:531)
	at java.base/sun.net.www.protocol.https.HttpsURLConnectionImpl.getResponseCode(HttpsURLConnectionImpl.java:307)
	at com.sun.xml.ws.transport.http.client.HttpClientTransport.readResponseCodeAndMessage(HttpClientTransport.java:177)
	... 33 common frames omitted
Caused by: java.security.cert.CertificateException: No subject alternative names matching IP address 181.113.227.222 found
	at java.base/sun.security.util.HostnameChecker.matchIP(HostnameChecker.java:160)
	at java.base/sun.security.util.HostnameChecker.match(HostnameChecker.java:101)
	at java.base/sun.security.ssl.X509TrustManagerImpl.checkIdentity(X509TrustManagerImpl.java:466)
	at java.base/sun.security.ssl.X509TrustManagerImpl.checkIdentity(X509TrustManagerImpl.java:432)
	at java.base/sun.security.ssl.X509TrustManagerImpl.checkTrusted(X509TrustManagerImpl.java:237)
	at java.base/sun.security.ssl.X509TrustManagerImpl.checkServerTrusted(X509TrustManagerImpl.java:132)
	at java.base/sun.security.ssl.CertificateMessage$T12CertificateConsumer.checkServerCerts(CertificateMessage.java:631)
	... 53 common frames omitted
2026-08-25 23:15:07.869 [sri-files-scheduler-4] [] INFO  c.erp.sri_files.services.SriGateway - Consultando autorización SRI: 1112202501046002881000120010300000033348337831812 [requestId=null]
2026-08-25 23:15:08.587 [sri-files-scheduler-4] [] INFO  c.erp.sri_files.services.SriGateway - Consultando autorización SRI: 1804202601046002881000120010250000630550568995315 [requestId=null]
2026-08-25 23:15:09.158 [sri-files-scheduler-4] [] INFO  c.erp.sri_files.services.SriGateway - Consultando autorización SRI: 0312202501046002881000120010110001736714981187618 [requestId=null]
2026-08-25 23:15:09.957 [sri-files-scheduler-4] [] INFO  c.erp.sri_files.services.SriGateway - Consultando autorización SRI: 0312202501046002881000120010380000576616469609219 [requestId=null]
2026-08-25 23:15:10.494 [sri-files-scheduler-4] [] INFO  c.erp.sri_files.services.SriGateway - Consultando autorización SRI: 1911202501046002881000120010110001722434788231315 [requestId=null]
2026-08-25 23:15:11.018 [sri-files-scheduler-4] [] INFO  c.erp.sri_files.services.SriGateway - Consultando autorización SRI: 0312202501046002881000120010380000575914834480317 [requestId=null]
2026-08-25 23:15:11.830 [sri-files-scheduler-4] [] INFO  c.erp.sri_files.services.SriGateway - Consultando autorización SRI: 0412202501046002881000120010110001737140783115816 [requestId=null]
2026-08-25 23:15:12.421 [sri-files-scheduler-4] [] INFO  c.erp.sri_files.services.SriGateway - Consultando autorización SRI: 0112202501046002881000120010380000570970737678919 [requestId=null]
2026-08-25 23:15:13.019 [sri-files-scheduler-4] [] INFO  c.erp.sri_files.services.SriGateway - Consultando autorización SRI: 0202202601046002881000120010110001798090795012813 [requestId=null]
2026-08-25 23:15:13.757 [sri-files-scheduler-4] [] INFO  c.erp.sri_files.services.SriGateway - Consultando autorización SRI: 0312202501046002881000120010130004196946311024113 [requestId=null]
2026-08-25 23:15:14.315 [sri-files-scheduler-4] [] INFO  c.erp.sri_files.services.SriGateway - Consultando autorización SRI: 0312202501046002881000120010110001735710165886411 [requestId=null]
2026-08-25 23:15:14.901 [sri-files-scheduler-4] [] INFO  c.e.s.s.RecuperarDevueltasScheduler - [SCHEDULER] FIN recuperación devueltas | detectadas=20 | recuperadas=0 | pendientes=20 | fallidas=0 | duracionMs=14901
2026-08-25 23:15:30.000 [sri-files-scheduler-1] [] INFO  c.e.s.s.NuevoDocumentoScheduler - [SCHEDULER][V1] INICIO recuperación autorizaciones @ 2026-08-25T23:15:30.000984400
2026-08-25 23:15:30.002 [sri-files-scheduler-1] [] INFO  c.e.s.s.NuevoDocumentoScheduler - [SCHEDULER][V1] FIN recuperación | detectados=0 | autorizados=0 | pendientes=0 | duracionMs=2
2026-08-25 23:16:00.000 [sri-files-scheduler-1] [] INFO  c.e.s.s.NuevoDocumentoScheduler - [SCHEDULER][V1] INICIO envío pendientes @ 2026-08-25T23:16:00.000340400
2026-08-25 23:16:00.000 [sri-files-scheduler-3] [] INFO  c.e.s.services.EnvioSriBatchService - [SCHEDULER][sri-files-scheduler-3] INICIO automatizacionEnvioFacturasElectonicas @ 2026-08-25T23:16:00.000340400
2026-08-25 23:16:00.000 [sri-files-scheduler-3] [] INFO  c.e.s.services.EnvioSriBatchService - Ejecutando envio de facturas at=2026-08-25T23:16:00.000340400
2026-08-25 23:16:00.001 [sri-files-scheduler-1] [] INFO  c.e.s.s.NuevoDocumentoScheduler - [SCHEDULER][V1] FIN envío | detectados=0 | exitosos=0 | fallidos=0 | duracionMs=1
2026-08-25 23:16:00.004 [sri-files-scheduler-4] [] INFO  c.e.s.batch.BatchJobScheduler - Batch automático ejecutado: tipo=ENVIAR_CORREO uuid=84ca2d14-5b9e-4dea-bd3b-0e43aaa6eca2
2026-08-25 23:16:00.004 [task-105] [84ca2d14-5b9e-4dea-bd3b-0e43aaa6eca2] INFO  c.e.s.batch.BatchProcessorService - Iniciando batch job 84ca2d14-5b9e-4dea-bd3b-0e43aaa6eca2 tipo=ENVIAR_CORREO [batchJob=84ca2d14-5b9e-4dea-bd3b-0e43aaa6eca2]
2026-08-25 23:16:00.004 [sri-files-scheduler-1] [] INFO  c.e.s.batch.BatchJobScheduler - Batch automático ejecutado: tipo=ENVIAR_SRI uuid=c41a2a74-e525-4d49-8a8d-05d9cf89b399
2026-08-25 23:16:00.005 [task-106] [c41a2a74-e525-4d49-8a8d-05d9cf89b399] INFO  c.e.s.batch.BatchProcessorService - Iniciando batch job c41a2a74-e525-4d49-8a8d-05d9cf89b399 tipo=ENVIAR_SRI [batchJob=c41a2a74-e525-4d49-8a8d-05d9cf89b399]
2026-08-25 23:16:00.006 [task-105] [84ca2d14-5b9e-4dea-bd3b-0e43aaa6eca2] INFO  c.e.s.batch.BatchProcessorService - Documentos encontrados: 0 [batchJob=84ca2d14-5b9e-4dea-bd3b-0e43aaa6eca2]
2026-08-25 23:16:00.006 [task-105] [84ca2d14-5b9e-4dea-bd3b-0e43aaa6eca2] INFO  c.e.s.batch.BatchProcessorService - Batch job 84ca2d14-5b9e-4dea-bd3b-0e43aaa6eca2 completado: Procesados: 0, Exitosos: 0, Fallidos: 0 [batchJob=84ca2d14-5b9e-4dea-bd3b-0e43aaa6eca2]
2026-08-25 23:16:00.006 [task-106] [c41a2a74-e525-4d49-8a8d-05d9cf89b399] INFO  c.e.s.batch.BatchProcessorService - Documentos encontrados: 0 [batchJob=c41a2a74-e525-4d49-8a8d-05d9cf89b399]
2026-08-25 23:16:00.007 [task-106] [c41a2a74-e525-4d49-8a8d-05d9cf89b399] INFO  c.e.s.batch.BatchProcessorService - Batch job c41a2a74-e525-4d49-8a8d-05d9cf89b399 completado: Procesados: 0, Exitosos: 0, Fallidos: 0 [batchJob=c41a2a74-e525-4d49-8a8d-05d9cf89b399]
2026-08-25 23:16:01.298 [sri-files-scheduler-3] [] INFO  c.e.s.services.EnvioSriBatchService - No hay facturas pendientes estado=I
2026-08-25 23:16:01.298 [sri-files-scheduler-3] [] INFO  c.e.s.services.EnvioSriBatchService - [SCHEDULER][sri-files-scheduler-3] FIN automatizacionEnvioFacturasElectonicas | detectados=0 | exitosas=0 | fallidas=0 | duracionMs=1298
2026-08-25 23:17:00.000 [sri-files-scheduler-1] [] INFO  c.e.s.s.NuevoDocumentoScheduler - [SCHEDULER][V1] INICIO envío pendientes @ 2026-08-25T23:17:00.000338300
2026-08-25 23:17:00.000 [sri-files-scheduler-3] [] INFO  c.e.s.services.EnvioSriBatchService - [SCHEDULER][sri-files-scheduler-3] INICIO automatizacionEnvioFacturasElectonicas @ 2026-08-25T23:17:00.000338300
2026-08-25 23:17:00.000 [sri-files-scheduler-3] [] INFO  c.e.s.services.EnvioSriBatchService - Ejecutando envio de facturas at=2026-08-25T23:17:00.000338300
2026-08-25 23:17:00.001 [sri-files-scheduler-1] [] INFO  c.e.s.s.NuevoDocumentoScheduler - [SCHEDULER][V1] FIN envío | detectados=0 | exitosos=0 | fallidos=0 | duracionMs=1
2026-08-25 23:17:01.286 [sri-files-scheduler-3] [] INFO  c.e.s.services.EnvioSriBatchService - No hay facturas pendientes estado=I
2026-08-25 23:17:01.287 [sri-files-scheduler-3] [] INFO  c.e.s.services.EnvioSriBatchService - [SCHEDULER][sri-files-scheduler-3] FIN automatizacionEnvioFacturasElectonicas | detectados=0 | exitosas=0 | fallidas=0 | duracionMs=1287
2026-08-25 23:18:00.000 [sri-files-scheduler-4] [] INFO  c.e.s.s.NuevoDocumentoScheduler - [SCHEDULER][V1] INICIO envío pendientes @ 2026-08-25T23:18:00.000921400
2026-08-25 23:18:00.000 [sri-files-scheduler-3] [] INFO  c.e.s.services.EnvioSriBatchService - [SCHEDULER][sri-files-scheduler-3] INICIO automatizacionEnvioFacturasElectonicas @ 2026-08-25T23:18:00.000921400
2026-08-25 23:18:00.000 [sri-files-scheduler-3] [] INFO  c.e.s.services.EnvioSriBatchService - Ejecutando envio de facturas at=2026-08-25T23:18:00.000921400
2026-08-25 23:18:00.002 [sri-files-scheduler-4] [] INFO  c.e.s.s.NuevoDocumentoScheduler - [SCHEDULER][V1] FIN envío | detectados=0 | exitosos=0 | fallidos=0 | duracionMs=2
2026-08-25 23:18:00.004 [sri-files-scheduler-1] [] INFO  c.e.s.batch.BatchJobScheduler - Batch automático ejecutado: tipo=ENVIAR_SRI uuid=ea5c5055-b0de-47ba-a683-6ff593bd3cf1
2026-08-25 23:18:00.004 [sri-files-scheduler-4] [] INFO  c.e.s.batch.BatchJobScheduler - Batch automático ejecutado: tipo=CONSULTAR_AUTORIZACION uuid=c617439d-7d15-426e-8516-763815eadeba
2026-08-25 23:18:00.005 [task-107] [ea5c5055-b0de-47ba-a683-6ff593bd3cf1] INFO  c.e.s.batch.BatchProcessorService - Iniciando batch job ea5c5055-b0de-47ba-a683-6ff593bd3cf1 tipo=ENVIAR_SRI [batchJob=ea5c5055-b0de-47ba-a683-6ff593bd3cf1]
2026-08-25 23:18:00.005 [task-108] [c617439d-7d15-426e-8516-763815eadeba] INFO  c.e.s.batch.BatchProcessorService - Iniciando batch job c617439d-7d15-426e-8516-763815eadeba tipo=CONSULTAR_AUTORIZACION [batchJob=c617439d-7d15-426e-8516-763815eadeba]
2026-08-25 23:18:00.006 [task-107] [ea5c5055-b0de-47ba-a683-6ff593bd3cf1] INFO  c.e.s.batch.BatchProcessorService - Documentos encontrados: 0 [batchJob=ea5c5055-b0de-47ba-a683-6ff593bd3cf1]
2026-08-25 23:18:00.006 [task-107] [ea5c5055-b0de-47ba-a683-6ff593bd3cf1] INFO  c.e.s.batch.BatchProcessorService - Batch job ea5c5055-b0de-47ba-a683-6ff593bd3cf1 completado: Procesados: 0, Exitosos: 0, Fallidos: 0 [batchJob=ea5c5055-b0de-47ba-a683-6ff593bd3cf1]
2026-08-25 23:18:00.006 [task-108] [c617439d-7d15-426e-8516-763815eadeba] INFO  c.e.s.batch.BatchProcessorService - Documentos encontrados: 0 [batchJob=c617439d-7d15-426e-8516-763815eadeba]
2026-08-25 23:18:00.007 [task-108] [c617439d-7d15-426e-8516-763815eadeba] INFO  c.e.s.batch.BatchProcessorService - Batch job c617439d-7d15-426e-8516-763815eadeba completado: Procesados: 0, Exitosos: 0, Fallidos: 0 [batchJob=c617439d-7d15-426e-8516-763815eadeba]
2026-08-25 23:18:01.308 [sri-files-scheduler-3] [] INFO  c.e.s.services.EnvioSriBatchService - No hay facturas pendientes estado=I
2026-08-25 23:18:01.309 [sri-files-scheduler-3] [] INFO  c.e.s.services.EnvioSriBatchService - [SCHEDULER][sri-files-scheduler-3] FIN automatizacionEnvioFacturasElectonicas | detectados=0 | exitosas=0 | fallidas=0 | duracionMs=1309
2026-08-25 23:18:30.000 [sri-files-scheduler-1] [] INFO  c.e.s.s.NuevoDocumentoScheduler - [SCHEDULER][V1] INICIO recuperación autorizaciones @ 2026-08-25T23:18:30.000451500
2026-08-25 23:18:30.001 [sri-files-scheduler-1] [] INFO  c.e.s.s.NuevoDocumentoScheduler - [SCHEDULER][V1] FIN recuperación | detectados=0 | autorizados=0 | pendientes=0 | duracionMs=1
2026-08-25 23:19:00.001 [sri-files-scheduler-4] [] INFO  c.e.s.s.NuevoDocumentoScheduler - [SCHEDULER][V1] INICIO envío pendientes @ 2026-08-25T23:19:00.001643100
2026-08-25 23:19:00.002 [sri-files-scheduler-3] [] INFO  c.e.s.services.EnvioSriBatchService - [SCHEDULER][sri-files-scheduler-3] INICIO automatizacionEnvioFacturasElectonicas @ 2026-08-25T23:19:00.002636600
2026-08-25 23:19:00.002 [sri-files-scheduler-3] [] INFO  c.e.s.services.EnvioSriBatchService - Ejecutando envio de facturas at=2026-08-25T23:19:00.002636600
2026-08-25 23:19:00.002 [sri-files-scheduler-4] [] INFO  c.e.s.s.NuevoDocumentoScheduler - [SCHEDULER][V1] FIN envío | detectados=0 | exitosos=0 | fallidos=0 | duracionMs=1
2026-08-25 23:19:01.321 [sri-files-scheduler-3] [] INFO  c.e.s.services.EnvioSriBatchService - No hay facturas pendientes estado=I
2026-08-25 23:19:01.321 [sri-files-scheduler-3] [] INFO  c.e.s.services.EnvioSriBatchService - [SCHEDULER][sri-files-scheduler-3] FIN automatizacionEnvioFacturasElectonicas | detectados=0 | exitosas=0 | fallidas=0 | duracionMs=1319
2026-08-25 23:20:00.007 [sri-files-scheduler-4] [] INFO  c.e.s.batch.BatchJobScheduler - Batch automático ejecutado: tipo=ENVIAR_SRI uuid=b716e255-9ae6-4c22-b1df-6461b2d7ee69
2026-08-25 23:20:00.007 [sri-files-scheduler-1] [] INFO  c.e.s.batch.BatchJobScheduler - Batch automático ejecutado: tipo=ENVIAR_CORREO uuid=b82a09ae-dcd7-4435-b617-8daf7ca832a1
2026-08-25 23:20:00.007 [sri-files-scheduler-3] [] INFO  c.e.s.batch.BatchJobScheduler - Batch automático ejecutado: tipo=REINTENTAR_FALLIDOS uuid=af515e7d-a856-4c9b-8be5-07b51d4bcc85
2026-08-25 23:20:00.007 [sri-files-scheduler-4] [] INFO  c.e.s.s.RecuperarDevueltasScheduler - [SCHEDULER] INICIO recuperación facturas estado M @ 2026-08-25T23:20:00.007407700
2026-08-25 23:20:00.007 [sri-files-scheduler-1] [] INFO  c.e.s.services.EnvioSriBatchService - [SCHEDULER][sri-files-scheduler-1] INICIO automatizacionEnvioFacturasElectonicas @ 2026-08-25T23:20:00.007407700
2026-08-25 23:20:00.007 [sri-files-scheduler-1] [] INFO  c.e.s.services.EnvioSriBatchService - Ejecutando envio de facturas at=2026-08-25T23:20:00.007407700
2026-08-25 23:20:00.007 [sri-files-scheduler-3] [] INFO  c.e.s.s.NuevoDocumentoScheduler - [SCHEDULER][V1] INICIO envío pendientes @ 2026-08-25T23:20:00.007407700
2026-08-25 23:20:00.007 [task-109] [b716e255-9ae6-4c22-b1df-6461b2d7ee69] INFO  c.e.s.batch.BatchProcessorService - Iniciando batch job b716e255-9ae6-4c22-b1df-6461b2d7ee69 tipo=ENVIAR_SRI [batchJob=b716e255-9ae6-4c22-b1df-6461b2d7ee69]
2026-08-25 23:20:00.007 [task-111] [af515e7d-a856-4c9b-8be5-07b51d4bcc85] INFO  c.e.s.batch.BatchProcessorService - Iniciando batch job af515e7d-a856-4c9b-8be5-07b51d4bcc85 tipo=REINTENTAR_FALLIDOS [batchJob=af515e7d-a856-4c9b-8be5-07b51d4bcc85]
2026-08-25 23:20:00.008 [task-110] [b82a09ae-dcd7-4435-b617-8daf7ca832a1] INFO  c.e.s.batch.BatchProcessorService - Iniciando batch job b82a09ae-dcd7-4435-b617-8daf7ca832a1 tipo=ENVIAR_CORREO [batchJob=b82a09ae-dcd7-4435-b617-8daf7ca832a1]
2026-08-25 23:20:00.009 [task-109] [b716e255-9ae6-4c22-b1df-6461b2d7ee69] INFO  c.e.s.batch.BatchProcessorService - Documentos encontrados: 0 [batchJob=b716e255-9ae6-4c22-b1df-6461b2d7ee69]
2026-08-25 23:20:00.009 [task-111] [af515e7d-a856-4c9b-8be5-07b51d4bcc85] INFO  c.e.s.batch.BatchProcessorService - Documentos encontrados: 0 [batchJob=af515e7d-a856-4c9b-8be5-07b51d4bcc85]
2026-08-25 23:20:00.009 [task-109] [b716e255-9ae6-4c22-b1df-6461b2d7ee69] INFO  c.e.s.batch.BatchProcessorService - Batch job b716e255-9ae6-4c22-b1df-6461b2d7ee69 completado: Procesados: 0, Exitosos: 0, Fallidos: 0 [batchJob=b716e255-9ae6-4c22-b1df-6461b2d7ee69]
2026-08-25 23:20:00.009 [task-111] [af515e7d-a856-4c9b-8be5-07b51d4bcc85] INFO  c.e.s.batch.BatchProcessorService - Batch job af515e7d-a856-4c9b-8be5-07b51d4bcc85 completado: Procesados: 0, Exitosos: 0, Fallidos: 0 [batchJob=af515e7d-a856-4c9b-8be5-07b51d4bcc85]
2026-08-25 23:20:00.009 [task-110] [b82a09ae-dcd7-4435-b617-8daf7ca832a1] INFO  c.e.s.batch.BatchProcessorService - Documentos encontrados: 0 [batchJob=b82a09ae-dcd7-4435-b617-8daf7ca832a1]
2026-08-25 23:20:00.009 [task-110] [b82a09ae-dcd7-4435-b617-8daf7ca832a1] INFO  c.e.s.batch.BatchProcessorService - Batch job b82a09ae-dcd7-4435-b617-8daf7ca832a1 completado: Procesados: 0, Exitosos: 0, Fallidos: 0 [batchJob=b82a09ae-dcd7-4435-b617-8daf7ca832a1]
2026-08-25 23:20:00.024 [sri-files-scheduler-3] [] INFO  c.e.s.s.NuevoDocumentoScheduler - [SCHEDULER][V1] FIN envío | detectados=0 | exitosos=0 | fallidos=0 | duracionMs=17
2026-08-25 23:20:00.847 [sri-files-scheduler-4] [] INFO  c.erp.sri_files.services.SriGateway - Consultando autorización SRI: 0212202501046002881000120010110001733943855849919 [requestId=null]
2026-08-25 23:20:01.321 [sri-files-scheduler-1] [] INFO  c.e.s.services.EnvioSriBatchService - No hay facturas pendientes estado=I
2026-08-25 23:20:01.321 [sri-files-scheduler-1] [] INFO  c.e.s.services.EnvioSriBatchService - [SCHEDULER][sri-files-scheduler-1] FIN automatizacionEnvioFacturasElectonicas | detectados=0 | exitosas=0 | fallidas=0 | duracionMs=1314
2026-08-25 23:20:01.709 [sri-files-scheduler-4] [] WARN  c.e.s.s.RecuperarDevueltasScheduler - Factura 2691061 superó máximo de intentos (5)
2026-08-25 23:20:02.566 [sri-files-scheduler-4] [] INFO  c.erp.sri_files.services.SriGateway - Consultando autorización SRI: 2811202501046002881000120020180003239715151251712 [requestId=null]
2026-08-25 23:20:03.404 [sri-files-scheduler-4] [] WARN  c.e.s.s.RecuperarDevueltasScheduler - Factura 2722835 superó máximo de intentos (5)
2026-08-25 23:20:04.109 [sri-files-scheduler-4] [] INFO  c.erp.sri_files.services.SriGateway - Consultando autorización SRI: 0202202601046002881000120010110001798067373305816 [requestId=null]
2026-08-25 23:20:04.919 [sri-files-scheduler-4] [] WARN  c.e.s.s.RecuperarDevueltasScheduler - Factura 2723495 superó máximo de intentos (5)
2026-08-25 23:20:05.718 [sri-files-scheduler-4] [] INFO  c.erp.sri_files.services.SriGateway - Consultando autorización SRI: 1911202501046002881000120020180003230427548968012 [requestId=null]
2026-08-25 23:20:06.359 [sri-files-scheduler-4] [] WARN  c.e.s.s.RecuperarDevueltasScheduler - Factura 2734061 superó máximo de intentos (5)
2026-08-25 23:20:06.940 [sri-files-scheduler-4] [] INFO  c.erp.sri_files.services.SriGateway - Consultando autorización SRI: 0202202601046002881000120010110001798074950503610 [requestId=null]
2026-08-25 23:20:07.644 [sri-files-scheduler-4] [] WARN  c.e.s.s.RecuperarDevueltasScheduler - Factura 2741551 superó máximo de intentos (5)
2026-08-25 23:20:08.194 [sri-files-scheduler-4] [] INFO  c.erp.sri_files.services.SriGateway - Consultando autorización SRI: 0112202501046002881000120010110001732421185658519 [requestId=null]
2026-08-25 23:20:08.906 [sri-files-scheduler-4] [] WARN  c.e.s.s.RecuperarDevueltasScheduler - Factura 2744539 superó máximo de intentos (5)
2026-08-25 23:20:09.552 [sri-files-scheduler-4] [] INFO  c.erp.sri_files.services.SriGateway - Consultando autorización SRI: 0312202501046002881000120010380000576600992390111 [requestId=null]
2026-08-25 23:20:10.101 [sri-files-scheduler-4] [] WARN  c.e.s.s.RecuperarDevueltasScheduler - Factura 2750028 superó máximo de intentos (5)
2026-08-25 23:20:10.660 [sri-files-scheduler-4] [] INFO  c.erp.sri_files.services.SriGateway - Consultando autorización SRI: 0312202501046002881000120010380000575907269960117 [requestId=null]
2026-08-25 23:20:11.275 [sri-files-scheduler-4] [] WARN  c.e.s.s.RecuperarDevueltasScheduler - Factura 2755563 superó máximo de intentos (5)
2026-08-25 23:20:11.756 [sri-files-scheduler-4] [] INFO  c.erp.sri_files.services.SriGateway - Consultando autorización SRI: 0202202601046002881000120010110001798081590641312 [requestId=null]
2026-08-25 23:20:12.341 [sri-files-scheduler-4] [] WARN  c.e.s.s.RecuperarDevueltasScheduler - Factura 2759609 superó máximo de intentos (5)
2026-08-25 23:20:12.967 [sri-files-scheduler-4] [] INFO  c.erp.sri_files.services.SriGateway - Consultando autorización SRI: 1112202501046002881000120010300000033348337831812 [requestId=null]
2026-08-25 23:20:13.661 [sri-files-scheduler-4] [] WARN  c.e.s.s.RecuperarDevueltasScheduler - Factura 2759841 superó máximo de intentos (5)
2026-08-25 23:20:14.217 [sri-files-scheduler-4] [] INFO  c.erp.sri_files.services.SriGateway - Consultando autorización SRI: 1804202601046002881000120010250000630550568995315 [requestId=null]
2026-08-25 23:20:14.836 [sri-files-scheduler-4] [] WARN  c.e.s.s.RecuperarDevueltasScheduler - Factura 2760131 superó máximo de intentos (5)
2026-08-25 23:20:15.328 [sri-files-scheduler-4] [] INFO  c.erp.sri_files.services.SriGateway - Consultando autorización SRI: 0312202501046002881000120010110001736714981187618 [requestId=null]
2026-08-25 23:20:15.939 [sri-files-scheduler-4] [] WARN  c.e.s.s.RecuperarDevueltasScheduler - Factura 2764382 superó máximo de intentos (5)
2026-08-25 23:20:16.487 [sri-files-scheduler-4] [] INFO  c.erp.sri_files.services.SriGateway - Consultando autorización SRI: 0312202501046002881000120010380000576616469609219 [requestId=null]
2026-08-25 23:20:17.082 [sri-files-scheduler-4] [] WARN  c.e.s.s.RecuperarDevueltasScheduler - Factura 2768103 superó máximo de intentos (5)
2026-08-25 23:20:17.704 [sri-files-scheduler-4] [] INFO  c.erp.sri_files.services.SriGateway - Consultando autorización SRI: 1911202501046002881000120010110001722434788231315 [requestId=null]
2026-08-25 23:20:18.315 [sri-files-scheduler-4] [] WARN  c.e.s.s.RecuperarDevueltasScheduler - Factura 2769437 superó máximo de intentos (5)
2026-08-25 23:20:18.882 [sri-files-scheduler-4] [] INFO  c.erp.sri_files.services.SriGateway - Consultando autorización SRI: 0312202501046002881000120010380000575914834480317 [requestId=null]
2026-08-25 23:20:19.525 [sri-files-scheduler-4] [] WARN  c.e.s.s.RecuperarDevueltasScheduler - Factura 2773635 superó máximo de intentos (5)
2026-08-25 23:20:20.086 [sri-files-scheduler-4] [] INFO  c.erp.sri_files.services.SriGateway - Consultando autorización SRI: 0412202501046002881000120010110001737140783115816 [requestId=null]
2026-08-25 23:20:20.686 [sri-files-scheduler-4] [] WARN  c.e.s.s.RecuperarDevueltasScheduler - Factura 2774859 superó máximo de intentos (5)
2026-08-25 23:20:21.176 [sri-files-scheduler-4] [] INFO  c.erp.sri_files.services.SriGateway - Consultando autorización SRI: 0112202501046002881000120010380000570970737678919 [requestId=null]
2026-08-25 23:20:21.835 [sri-files-scheduler-4] [] WARN  c.e.s.s.RecuperarDevueltasScheduler - Factura 2777134 superó máximo de intentos (5)
2026-08-25 23:20:22.458 [sri-files-scheduler-4] [] INFO  c.erp.sri_files.services.SriGateway - Consultando autorización SRI: 0202202601046002881000120010110001798090795012813 [requestId=null]
2026-08-25 23:20:23.122 [sri-files-scheduler-4] [] WARN  c.e.s.s.RecuperarDevueltasScheduler - Factura 2777684 superó máximo de intentos (5)
2026-08-25 23:20:23.951 [sri-files-scheduler-4] [] INFO  c.erp.sri_files.services.SriGateway - Consultando autorización SRI: 0312202501046002881000120010130004196946311024113 [requestId=null]
2026-08-25 23:20:24.469 [sri-files-scheduler-4] [] WARN  c.e.s.s.RecuperarDevueltasScheduler - Factura 2779430 superó máximo de intentos (5)
2026-08-25 23:20:24.953 [sri-files-scheduler-4] [] INFO  c.erp.sri_files.services.SriGateway - Consultando autorización SRI: 0312202501046002881000120010110001735710165886411 [requestId=null]
2026-08-25 23:20:25.643 [sri-files-scheduler-4] [] WARN  c.e.s.s.RecuperarDevueltasScheduler - Factura 2780917 superó máximo de intentos (5)
2026-08-25 23:20:26.127 [sri-files-scheduler-4] [] INFO  c.e.s.s.RecuperarDevueltasScheduler - [SCHEDULER] FIN recuperación devueltas | detectadas=20 | recuperadas=0 | pendientes=20 | fallidas=0 | duracionMs=26120
2026-08-25 23:21:00.000 [sri-files-scheduler-4] [] INFO  c.e.s.s.NuevoDocumentoScheduler - [SCHEDULER][V1] INICIO envío pendientes @ 2026-08-25T23:21:00.000945800
2026-08-25 23:21:00.000 [sri-files-scheduler-1] [] INFO  c.e.s.services.EnvioSriBatchService - [SCHEDULER][sri-files-scheduler-1] INICIO automatizacionEnvioFacturasElectonicas @ 2026-08-25T23:21:00.000945800
2026-08-25 23:21:00.000 [sri-files-scheduler-1] [] INFO  c.e.s.services.EnvioSriBatchService - Ejecutando envio de facturas at=2026-08-25T23:21:00.000945800
2026-08-25 23:21:00.002 [sri-files-scheduler-4] [] INFO  c.e.s.s.NuevoDocumentoScheduler - [SCHEDULER][V1] FIN envío | detectados=0 | exitosos=0 | fallidos=0 | duracionMs=2
2026-08-25 23:21:00.012 [sri-files-scheduler-3] [] INFO  c.e.s.batch.BatchJobScheduler - Batch automático ejecutado: tipo=CONSULTAR_AUTORIZACION uuid=75c69773-fa83-41c7-9268-50ca603bb262
2026-08-25 23:21:00.014 [task-112] [75c69773-fa83-41c7-9268-50ca603bb262] INFO  c.e.s.batch.BatchProcessorService - Iniciando batch job 75c69773-fa83-41c7-9268-50ca603bb262 tipo=CONSULTAR_AUTORIZACION [batchJob=75c69773-fa83-41c7-9268-50ca603bb262]
2026-08-25 23:21:00.015 [task-112] [75c69773-fa83-41c7-9268-50ca603bb262] INFO  c.e.s.batch.BatchProcessorService - Documentos encontrados: 0 [batchJob=75c69773-fa83-41c7-9268-50ca603bb262]
2026-08-25 23:21:00.015 [task-112] [75c69773-fa83-41c7-9268-50ca603bb262] INFO  c.e.s.batch.BatchProcessorService - Batch job 75c69773-fa83-41c7-9268-50ca603bb262 completado: Procesados: 0, Exitosos: 0, Fallidos: 0 [batchJob=75c69773-fa83-41c7-9268-50ca603bb262]
2026-08-25 23:21:01.324 [sri-files-scheduler-1] [] INFO  c.e.s.services.EnvioSriBatchService - No hay facturas pendientes estado=I
2026-08-25 23:21:01.324 [sri-files-scheduler-1] [] INFO  c.e.s.services.EnvioSriBatchService - [SCHEDULER][sri-files-scheduler-1] FIN automatizacionEnvioFacturasElectonicas | detectados=0 | exitosas=0 | fallidas=0 | duracionMs=1324
2026-08-25 23:21:30.001 [sri-files-scheduler-4] [] INFO  c.e.s.s.NuevoDocumentoScheduler - [SCHEDULER][V1] INICIO recuperación autorizaciones @ 2026-08-25T23:21:30.001411500
2026-08-25 23:21:30.002 [sri-files-scheduler-4] [] INFO  c.e.s.s.NuevoDocumentoScheduler - [SCHEDULER][V1] FIN recuperación | detectados=0 | autorizados=0 | pendientes=0 | duracionMs=1
2026-08-25 23:22:00.000 [sri-files-scheduler-1] [] INFO  c.e.s.services.EnvioSriBatchService - [SCHEDULER][sri-files-scheduler-1] INICIO automatizacionEnvioFacturasElectonicas @ 2026-08-25T23:22:00.000229
2026-08-25 23:22:00.000 [sri-files-scheduler-1] [] INFO  c.e.s.services.EnvioSriBatchService - Ejecutando envio de facturas at=2026-08-25T23:22:00.000229
2026-08-25 23:22:00.002 [sri-files-scheduler-4] [] INFO  c.e.s.s.NuevoDocumentoScheduler - [SCHEDULER][V1] INICIO envío pendientes @ 2026-08-25T23:22:00.002228200
2026-08-25 23:22:00.003 [sri-files-scheduler-4] [] INFO  c.e.s.s.NuevoDocumentoScheduler - [SCHEDULER][V1] FIN envío | detectados=0 | exitosos=0 | fallidos=0 | duracionMs=1
2026-08-25 23:22:00.004 [sri-files-scheduler-3] [] INFO  c.e.s.batch.BatchJobScheduler - Batch automático ejecutado: tipo=ENVIAR_SRI uuid=bf3037e6-f106-4c52-9bb6-2006a730eb8d
2026-08-25 23:22:00.004 [task-113] [bf3037e6-f106-4c52-9bb6-2006a730eb8d] INFO  c.e.s.batch.BatchProcessorService - Iniciando batch job bf3037e6-f106-4c52-9bb6-2006a730eb8d tipo=ENVIAR_SRI [batchJob=bf3037e6-f106-4c52-9bb6-2006a730eb8d]
2026-08-25 23:22:00.005 [task-113] [bf3037e6-f106-4c52-9bb6-2006a730eb8d] INFO  c.e.s.batch.BatchProcessorService - Documentos encontrados: 0 [batchJob=bf3037e6-f106-4c52-9bb6-2006a730eb8d]
2026-08-25 23:22:00.005 [task-113] [bf3037e6-f106-4c52-9bb6-2006a730eb8d] INFO  c.e.s.batch.BatchProcessorService - Batch job bf3037e6-f106-4c52-9bb6-2006a730eb8d completado: Procesados: 0, Exitosos: 0, Fallidos: 0 [batchJob=bf3037e6-f106-4c52-9bb6-2006a730eb8d]
2026-08-25 23:22:01.316 [sri-files-scheduler-1] [] INFO  c.e.s.services.EnvioSriBatchService - No hay facturas pendientes estado=I
2026-08-25 23:22:01.316 [sri-files-scheduler-1] [] INFO  c.e.s.services.EnvioSriBatchService - [SCHEDULER][sri-files-scheduler-1] FIN automatizacionEnvioFacturasElectonicas | detectados=0 | exitosas=0 | fallidas=0 | duracionMs=1316
2026-08-25 23:23:00.001 [sri-files-scheduler-4] [] INFO  c.e.s.s.NuevoDocumentoScheduler - [SCHEDULER][V1] INICIO envío pendientes @ 2026-08-25T23:23:00.001556300
2026-08-25 23:23:00.001 [sri-files-scheduler-3] [] INFO  c.e.s.services.EnvioSriBatchService - [SCHEDULER][sri-files-scheduler-3] INICIO automatizacionEnvioFacturasElectonicas @ 2026-08-25T23:23:00.001556300
2026-08-25 23:23:00.002 [sri-files-scheduler-3] [] INFO  c.e.s.services.EnvioSriBatchService - Ejecutando envio de facturas at=2026-08-25T23:23:00.002561900
2026-08-25 23:23:00.004 [sri-files-scheduler-4] [] INFO  c.e.s.s.NuevoDocumentoScheduler - [SCHEDULER][V1] FIN envío | detectados=0 | exitosos=0 | fallidos=0 | duracionMs=3
2026-08-25 23:23:01.327 [sri-files-scheduler-3] [] INFO  c.e.s.services.EnvioSriBatchService - No hay facturas pendientes estado=I
2026-08-25 23:23:01.327 [sri-files-scheduler-3] [] INFO  c.e.s.services.EnvioSriBatchService - [SCHEDULER][sri-files-scheduler-3] FIN automatizacionEnvioFacturasElectonicas | detectados=0 | exitosas=0 | fallidas=0 | duracionMs=1326
2026-08-25 23:24:00.000 [sri-files-scheduler-4] [] INFO  c.e.s.s.NuevoDocumentoScheduler - [SCHEDULER][V1] INICIO envío pendientes @ 2026-08-25T23:24:00.000101900
2026-08-25 23:24:00.000 [sri-files-scheduler-1] [] INFO  c.e.s.services.EnvioSriBatchService - [SCHEDULER][sri-files-scheduler-1] INICIO automatizacionEnvioFacturasElectonicas @ 2026-08-25T23:24:00.000101900
2026-08-25 23:24:00.001 [sri-files-scheduler-1] [] INFO  c.e.s.services.EnvioSriBatchService - Ejecutando envio de facturas at=2026-08-25T23:24:00.001203100
2026-08-25 23:24:00.012 [sri-files-scheduler-4] [] INFO  c.e.s.s.NuevoDocumentoScheduler - [SCHEDULER][V1] FIN envío | detectados=0 | exitosos=0 | fallidos=0 | duracionMs=12
2026-08-25 23:24:00.018 [sri-files-scheduler-3] [] INFO  c.e.s.batch.BatchJobScheduler - Batch automático ejecutado: tipo=ENVIAR_SRI uuid=871858d7-c2c9-41be-9157-b1b5087b22bb
2026-08-25 23:24:00.018 [sri-files-scheduler-4] [] INFO  c.e.s.batch.BatchJobScheduler - Batch automático ejecutado: tipo=ENVIAR_CORREO uuid=f6fcb318-1023-4359-ae39-26ae2424eb60
2026-08-25 23:24:00.018 [task-114] [871858d7-c2c9-41be-9157-b1b5087b22bb] INFO  c.e.s.batch.BatchProcessorService - Iniciando batch job 871858d7-c2c9-41be-9157-b1b5087b22bb tipo=ENVIAR_SRI [batchJob=871858d7-c2c9-41be-9157-b1b5087b22bb]
2026-08-25 23:24:00.019 [sri-files-scheduler-3] [] INFO  c.e.s.batch.BatchJobScheduler - Batch automático ejecutado: tipo=CONSULTAR_AUTORIZACION uuid=3c051c8d-9e2e-49ea-8a14-1f2371c9fce3
2026-08-25 23:24:00.019 [task-116] [3c051c8d-9e2e-49ea-8a14-1f2371c9fce3] INFO  c.e.s.batch.BatchProcessorService - Iniciando batch job 3c051c8d-9e2e-49ea-8a14-1f2371c9fce3 tipo=CONSULTAR_AUTORIZACION [batchJob=3c051c8d-9e2e-49ea-8a14-1f2371c9fce3]
2026-08-25 23:24:00.020 [task-116] [3c051c8d-9e2e-49ea-8a14-1f2371c9fce3] INFO  c.e.s.batch.BatchProcessorService - Documentos encontrados: 0 [batchJob=3c051c8d-9e2e-49ea-8a14-1f2371c9fce3]
2026-08-25 23:24:00.020 [task-115] [f6fcb318-1023-4359-ae39-26ae2424eb60] INFO  c.e.s.batch.BatchProcessorService - Iniciando batch job f6fcb318-1023-4359-ae39-26ae2424eb60 tipo=ENVIAR_CORREO [batchJob=f6fcb318-1023-4359-ae39-26ae2424eb60]
2026-08-25 23:24:00.020 [task-116] [3c051c8d-9e2e-49ea-8a14-1f2371c9fce3] INFO  c.e.s.batch.BatchProcessorService - Batch job 3c051c8d-9e2e-49ea-8a14-1f2371c9fce3 completado: Procesados: 0, Exitosos: 0, Fallidos: 0 [batchJob=3c051c8d-9e2e-49ea-8a14-1f2371c9fce3]
2026-08-25 23:24:00.022 [task-114] [871858d7-c2c9-41be-9157-b1b5087b22bb] INFO  c.e.s.batch.BatchProcessorService - Documentos encontrados: 0 [batchJob=871858d7-c2c9-41be-9157-b1b5087b22bb]
2026-08-25 23:24:00.022 [task-114] [871858d7-c2c9-41be-9157-b1b5087b22bb] INFO  c.e.s.batch.BatchProcessorService - Batch job 871858d7-c2c9-41be-9157-b1b5087b22bb completado: Procesados: 0, Exitosos: 0, Fallidos: 0 [batchJob=871858d7-c2c9-41be-9157-b1b5087b22bb]
2026-08-25 23:24:00.026 [task-115] [f6fcb318-1023-4359-ae39-26ae2424eb60] INFO  c.e.s.batch.BatchProcessorService - Documentos encontrados: 0 [batchJob=f6fcb318-1023-4359-ae39-26ae2424eb60]
2026-08-25 23:24:00.026 [task-115] [f6fcb318-1023-4359-ae39-26ae2424eb60] INFO  c.e.s.batch.BatchProcessorService - Batch job f6fcb318-1023-4359-ae39-26ae2424eb60 completado: Procesados: 0, Exitosos: 0, Fallidos: 0 [batchJob=f6fcb318-1023-4359-ae39-26ae2424eb60]
2026-08-25 23:24:01.464 [sri-files-scheduler-1] [] INFO  c.e.s.services.EnvioSriBatchService - No hay facturas pendientes estado=I
2026-08-25 23:24:01.464 [sri-files-scheduler-1] [] INFO  c.e.s.services.EnvioSriBatchService - [SCHEDULER][sri-files-scheduler-1] FIN automatizacionEnvioFacturasElectonicas | detectados=0 | exitosas=0 | fallidas=0 | duracionMs=1464
2026-08-25 23:24:30.000 [sri-files-scheduler-4] [] INFO  c.e.s.s.NuevoDocumentoScheduler - [SCHEDULER][V1] INICIO recuperación autorizaciones @ 2026-08-25T23:24:30.000882400
2026-08-25 23:24:30.002 [sri-files-scheduler-4] [] INFO  c.e.s.s.NuevoDocumentoScheduler - [SCHEDULER][V1] FIN recuperación | detectados=0 | autorizados=0 | pendientes=0 | duracionMs=2
2026-08-25 23:25:00.000 [sri-files-scheduler-3] [] INFO  c.e.s.s.NuevoDocumentoScheduler - [SCHEDULER][V1] INICIO envío pendientes @ 2026-08-25T23:25:00.000450200
2026-08-25 23:25:00.000 [sri-files-scheduler-1] [] INFO  c.e.s.services.EnvioSriBatchService - [SCHEDULER][sri-files-scheduler-1] INICIO automatizacionEnvioFacturasElectonicas @ 2026-08-25T23:25:00.000450200
2026-08-25 23:25:00.000 [sri-files-scheduler-1] [] INFO  c.e.s.services.EnvioSriBatchService - Ejecutando envio de facturas at=2026-08-25T23:25:00.000450200
2026-08-25 23:25:00.002 [sri-files-scheduler-3] [] INFO  c.e.s.s.NuevoDocumentoScheduler - [SCHEDULER][V1] FIN envío | detectados=0 | exitosos=0 | fallidos=0 | duracionMs=2
2026-08-25 23:25:00.003 [sri-files-scheduler-3] [] INFO  c.e.s.s.RecuperarDevueltasScheduler - [SCHEDULER] INICIO recuperación facturas estado M @ 2026-08-25T23:25:00.003459700
2026-08-25 23:25:00.005 [sri-files-scheduler-4] [] INFO  c.e.s.batch.BatchJobScheduler - Batch automático ejecutado: tipo=REINTENTAR_FALLIDOS uuid=1098ceb8-5b64-41fe-9a4e-18c32f9a6aa3
2026-08-25 23:25:00.006 [task-117] [1098ceb8-5b64-41fe-9a4e-18c32f9a6aa3] INFO  c.e.s.batch.BatchProcessorService - Iniciando batch job 1098ceb8-5b64-41fe-9a4e-18c32f9a6aa3 tipo=REINTENTAR_FALLIDOS [batchJob=1098ceb8-5b64-41fe-9a4e-18c32f9a6aa3]
2026-08-25 23:25:00.007 [task-117] [1098ceb8-5b64-41fe-9a4e-18c32f9a6aa3] INFO  c.e.s.batch.BatchProcessorService - Documentos encontrados: 0 [batchJob=1098ceb8-5b64-41fe-9a4e-18c32f9a6aa3]
2026-08-25 23:25:00.007 [task-117] [1098ceb8-5b64-41fe-9a4e-18c32f9a6aa3] INFO  c.e.s.batch.BatchProcessorService - Batch job 1098ceb8-5b64-41fe-9a4e-18c32f9a6aa3 completado: Procesados: 0, Exitosos: 0, Fallidos: 0 [batchJob=1098ceb8-5b64-41fe-9a4e-18c32f9a6aa3]
2026-08-25 23:25:00.912 [sri-files-scheduler-3] [] INFO  c.erp.sri_files.services.SriGateway - Consultando autorización SRI: 0312202501046002881000120010110001735214014047516 [requestId=null]
2026-08-25 23:25:01.339 [sri-files-scheduler-1] [] INFO  c.e.s.services.EnvioSriBatchService - No hay facturas pendientes estado=I
2026-08-25 23:25:01.340 [sri-files-scheduler-1] [] INFO  c.e.s.services.EnvioSriBatchService - [SCHEDULER][sri-files-scheduler-1] FIN automatizacionEnvioFacturasElectonicas | detectados=0 | exitosas=0 | fallidas=0 | duracionMs=1340
2026-08-25 23:25:01.791 [sri-files-scheduler-3] [] INFO  c.erp.sri_files.services.SriGateway - Consultando autorización SRI: 0112202501046002881000120020180003242138254549712 [requestId=null]
2026-08-25 23:25:02.620 [sri-files-scheduler-3] [] INFO  c.erp.sri_files.services.SriGateway - Consultando autorización SRI: 0212202501046002881000120010130004194454654490118 [requestId=null]
2026-08-25 23:25:03.439 [sri-files-scheduler-3] [] INFO  c.erp.sri_files.services.SriGateway - Consultando autorización SRI: 0312202501046002881000120010380000576620908695817 [requestId=null]
2026-08-25 23:25:04.352 [sri-files-scheduler-3] [] INFO  c.erp.sri_files.services.SriGateway - Consultando autorización SRI: 0212202501046002881000120010380000572374581652612 [requestId=null]
2026-08-25 23:25:05.075 [sri-files-scheduler-3] [] INFO  c.erp.sri_files.services.SriGateway - Consultando autorización SRI: 2711202501046002881000120020180003238742994842010 [requestId=null]
2026-08-25 23:25:05.908 [sri-files-scheduler-3] [] INFO  c.erp.sri_files.services.SriGateway - Consultando autorización SRI: 0412202501046002881000120020180003246795838132316 [requestId=null]
2026-08-25 23:25:06.649 [sri-files-scheduler-3] [] INFO  c.erp.sri_files.services.SriGateway - Consultando autorización SRI: 1901202601046002881000120020320000034059854428011 [requestId=null]
2026-08-25 23:25:07.349 [sri-files-scheduler-3] [] INFO  c.erp.sri_files.services.SriGateway - Consultando autorización SRI: 0312202501046002881000120020180003244879765497210 [requestId=null]
2026-08-25 23:25:08.176 [sri-files-scheduler-3] [] INFO  c.erp.sri_files.services.SriGateway - Consultando autorización SRI: 0412202501046002881000120020180003246341703692612 [requestId=null]
2026-08-25 23:25:08.953 [sri-files-scheduler-3] [] INFO  c.erp.sri_files.services.SriGateway - Consultando autorización SRI: 0212202501046002881000120020180003243331987216410 [requestId=null]
2026-08-25 23:25:09.759 [sri-files-scheduler-3] [] INFO  c.erp.sri_files.services.SriGateway - Consultando autorización SRI: 0301202601046002881000120010250000600630892565513 [requestId=null]
2026-08-25 23:25:10.737 [sri-files-scheduler-3] [] INFO  c.erp.sri_files.services.SriGateway - Consultando autorización SRI: 0301202601046002881000120010250000600641155196010 [requestId=null]
2026-08-25 23:25:11.666 [sri-files-scheduler-3] [] INFO  c.erp.sri_files.services.SriGateway - Consultando autorización SRI: 0202202601046002881000120010110001798107314478814 [requestId=null]
2026-08-25 23:25:12.183 [sri-files-scheduler-3] [] INFO  c.erp.sri_files.services.SriGateway - Consultando autorización SRI: 0212202501046002881000120010110001733989096324911 [requestId=null]
2026-08-25 23:25:12.783 [sri-files-scheduler-3] [] INFO  c.erp.sri_files.services.SriGateway - Consultando autorización SRI: 0312202501046002881000120010130004196925590843611 [requestId=null]
2026-08-25 23:25:13.481 [sri-files-scheduler-3] [] INFO  c.erp.sri_files.services.SriGateway - Consultando autorización SRI: 0412202501046002881000120010130004201601529713614 [requestId=null]
2026-08-25 23:25:14.085 [sri-files-scheduler-3] [] INFO  c.erp.sri_files.services.SriGateway - Consultando autorización SRI: 0312202501046002881000120010110001735130874509313 [requestId=null]
2026-08-25 23:25:14.678 [sri-files-scheduler-3] [] INFO  c.erp.sri_files.services.SriGateway - Consultando autorización SRI: 0312202501046002881000120010110001736732767509411 [requestId=null]
2026-08-25 23:25:15.310 [sri-files-scheduler-3] [] INFO  c.erp.sri_files.services.SriGateway - Consultando autorización SRI: 0312202501046002881000120010110001735227727483515 [requestId=null]
2026-08-25 23:25:15.961 [sri-files-scheduler-3] [] INFO  c.e.s.s.RecuperarDevueltasScheduler - [SCHEDULER] FIN recuperación devueltas | detectadas=20 | recuperadas=0 | pendientes=20 | fallidas=0 | duracionMs=15958
2026-08-25 23:26:00.001 [sri-files-scheduler-4] [] INFO  c.e.s.s.NuevoDocumentoScheduler - [SCHEDULER][V1] INICIO envío pendientes @ 2026-08-25T23:26:00.001188400
2026-08-25 23:26:00.001 [sri-files-scheduler-3] [] INFO  c.e.s.services.EnvioSriBatchService - [SCHEDULER][sri-files-scheduler-3] INICIO automatizacionEnvioFacturasElectonicas @ 2026-08-25T23:26:00.001188400
2026-08-25 23:26:00.001 [sri-files-scheduler-3] [] INFO  c.e.s.services.EnvioSriBatchService - Ejecutando envio de facturas at=2026-08-25T23:26:00.001188400
2026-08-25 23:26:00.006 [sri-files-scheduler-4] [] INFO  c.e.s.s.NuevoDocumentoScheduler - [SCHEDULER][V1] FIN envío | detectados=0 | exitosos=0 | fallidos=0 | duracionMs=5
2026-08-25 23:26:00.012 [sri-files-scheduler-1] [] INFO  c.e.s.batch.BatchJobScheduler - Batch automático ejecutado: tipo=ENVIAR_SRI uuid=68949fb4-65c2-4088-b014-d6f47502cc7d
2026-08-25 23:26:00.013 [task-118] [68949fb4-65c2-4088-b014-d6f47502cc7d] INFO  c.e.s.batch.BatchProcessorService - Iniciando batch job 68949fb4-65c2-4088-b014-d6f47502cc7d tipo=ENVIAR_SRI [batchJob=68949fb4-65c2-4088-b014-d6f47502cc7d]
2026-08-25 23:26:00.018 [task-118] [68949fb4-65c2-4088-b014-d6f47502cc7d] INFO  c.e.s.batch.BatchProcessorService - Documentos encontrados: 0 [batchJob=68949fb4-65c2-4088-b014-d6f47502cc7d]
2026-08-25 23:26:00.019 [task-118] [68949fb4-65c2-4088-b014-d6f47502cc7d] INFO  c.e.s.batch.BatchProcessorService - Batch job 68949fb4-65c2-4088-b014-d6f47502cc7d completado: Procesados: 0, Exitosos: 0, Fallidos: 0 [batchJob=68949fb4-65c2-4088-b014-d6f47502cc7d]
2026-08-25 23:26:01.330 [sri-files-scheduler-3] [] INFO  c.e.s.services.EnvioSriBatchService - No hay facturas pendientes estado=I
2026-08-25 23:26:01.332 [sri-files-scheduler-3] [] INFO  c.e.s.services.EnvioSriBatchService - [SCHEDULER][sri-files-scheduler-3] FIN automatizacionEnvioFacturasElectonicas | detectados=0 | exitosas=0 | fallidas=0 | duracionMs=1331
2026-08-25 23:27:00.000 [sri-files-scheduler-4] [] INFO  c.e.s.s.NuevoDocumentoScheduler - [SCHEDULER][V1] INICIO envío pendientes @ 2026-08-25T23:27:00.000427200
2026-08-25 23:27:00.000 [sri-files-scheduler-3] [] INFO  c.e.s.services.EnvioSriBatchService - [SCHEDULER][sri-files-scheduler-3] INICIO automatizacionEnvioFacturasElectonicas @ 2026-08-25T23:27:00.000427200
2026-08-25 23:27:00.001 [sri-files-scheduler-3] [] INFO  c.e.s.services.EnvioSriBatchService - Ejecutando envio de facturas at=2026-08-25T23:27:00.001449700
2026-08-25 23:27:00.001 [sri-files-scheduler-4] [] INFO  c.e.s.s.NuevoDocumentoScheduler - [SCHEDULER][V1] FIN envío | detectados=0 | exitosos=0 | fallidos=0 | duracionMs=1
2026-08-25 23:27:00.005 [sri-files-scheduler-1] [] INFO  c.e.s.batch.BatchJobScheduler - Batch automático ejecutado: tipo=CONSULTAR_AUTORIZACION uuid=24a41e2c-ea7d-4be5-abe4-52936f63e116
2026-08-25 23:27:00.005 [task-119] [24a41e2c-ea7d-4be5-abe4-52936f63e116] INFO  c.e.s.batch.BatchProcessorService - Iniciando batch job 24a41e2c-ea7d-4be5-abe4-52936f63e116 tipo=CONSULTAR_AUTORIZACION [batchJob=24a41e2c-ea7d-4be5-abe4-52936f63e116]
2026-08-25 23:27:00.007 [task-119] [24a41e2c-ea7d-4be5-abe4-52936f63e116] INFO  c.e.s.batch.BatchProcessorService - Documentos encontrados: 0 [batchJob=24a41e2c-ea7d-4be5-abe4-52936f63e116]
2026-08-25 23:27:00.007 [task-119] [24a41e2c-ea7d-4be5-abe4-52936f63e116] INFO  c.e.s.batch.BatchProcessorService - Batch job 24a41e2c-ea7d-4be5-abe4-52936f63e116 completado: Procesados: 0, Exitosos: 0, Fallidos: 0 [batchJob=24a41e2c-ea7d-4be5-abe4-52936f63e116]
2026-08-25 23:27:01.329 [sri-files-scheduler-3] [] INFO  c.e.s.services.EnvioSriBatchService - No hay facturas pendientes estado=I
2026-08-25 23:27:01.329 [sri-files-scheduler-3] [] INFO  c.e.s.services.EnvioSriBatchService - [SCHEDULER][sri-files-scheduler-3] FIN automatizacionEnvioFacturasElectonicas | detectados=0 | exitosas=0 | fallidas=0 | duracionMs=1329
2026-08-25 23:27:30.000 [sri-files-scheduler-4] [] INFO  c.e.s.s.NuevoDocumentoScheduler - [SCHEDULER][V1] INICIO recuperación autorizaciones @ 2026-08-25T23:27:30.000568500
2026-08-25 23:27:30.001 [sri-files-scheduler-4] [] INFO  c.e.s.s.NuevoDocumentoScheduler - [SCHEDULER][V1] FIN recuperación | detectados=0 | autorizados=0 | pendientes=0 | duracionMs=1
2026-08-25 23:28:00.001 [sri-files-scheduler-4] [] INFO  c.e.s.s.NuevoDocumentoScheduler - [SCHEDULER][V1] INICIO envío pendientes @ 2026-08-25T23:28:00.001252900
2026-08-25 23:28:00.002 [sri-files-scheduler-4] [] INFO  c.e.s.s.NuevoDocumentoScheduler - [SCHEDULER][V1] FIN envío | detectados=0 | exitosos=0 | fallidos=0 | duracionMs=1
2026-08-25 23:28:00.002 [sri-files-scheduler-4] [] INFO  c.e.s.services.EnvioSriBatchService - [SCHEDULER][sri-files-scheduler-4] INICIO automatizacionEnvioFacturasElectonicas @ 2026-08-25T23:28:00.002253
2026-08-25 23:28:00.002 [sri-files-scheduler-4] [] INFO  c.e.s.services.EnvioSriBatchService - Ejecutando envio de facturas at=2026-08-25T23:28:00.002253
2026-08-25 23:28:00.004 [sri-files-scheduler-3] [] INFO  c.e.s.batch.BatchJobScheduler - Batch automático ejecutado: tipo=ENVIAR_SRI uuid=f02838d9-4c27-4e03-bcc9-93b5172640dc
2026-08-25 23:28:00.004 [sri-files-scheduler-1] [] INFO  c.e.s.batch.BatchJobScheduler - Batch automático ejecutado: tipo=ENVIAR_CORREO uuid=92a39c6b-6d6f-4eb6-9ebe-18f6e03e7a36
2026-08-25 23:28:00.005 [task-120] [f02838d9-4c27-4e03-bcc9-93b5172640dc] INFO  c.e.s.batch.BatchProcessorService - Iniciando batch job f02838d9-4c27-4e03-bcc9-93b5172640dc tipo=ENVIAR_SRI [batchJob=f02838d9-4c27-4e03-bcc9-93b5172640dc]
2026-08-25 23:28:00.006 [task-121] [92a39c6b-6d6f-4eb6-9ebe-18f6e03e7a36] INFO  c.e.s.batch.BatchProcessorService - Iniciando batch job 92a39c6b-6d6f-4eb6-9ebe-18f6e03e7a36 tipo=ENVIAR_CORREO [batchJob=92a39c6b-6d6f-4eb6-9ebe-18f6e03e7a36]
2026-08-25 23:28:00.006 [task-120] [f02838d9-4c27-4e03-bcc9-93b5172640dc] INFO  c.e.s.batch.BatchProcessorService - Documentos encontrados: 0 [batchJob=f02838d9-4c27-4e03-bcc9-93b5172640dc]
2026-08-25 23:28:00.006 [task-120] [f02838d9-4c27-4e03-bcc9-93b5172640dc] INFO  c.e.s.batch.BatchProcessorService - Batch job f02838d9-4c27-4e03-bcc9-93b5172640dc completado: Procesados: 0, Exitosos: 0, Fallidos: 0 [batchJob=f02838d9-4c27-4e03-bcc9-93b5172640dc]
2026-08-25 23:28:00.007 [task-121] [92a39c6b-6d6f-4eb6-9ebe-18f6e03e7a36] INFO  c.e.s.batch.BatchProcessorService - Documentos encontrados: 0 [batchJob=92a39c6b-6d6f-4eb6-9ebe-18f6e03e7a36]
2026-08-25 23:28:00.007 [task-121] [92a39c6b-6d6f-4eb6-9ebe-18f6e03e7a36] INFO  c.e.s.batch.BatchProcessorService - Batch job 92a39c6b-6d6f-4eb6-9ebe-18f6e03e7a36 completado: Procesados: 0, Exitosos: 0, Fallidos: 0 [batchJob=92a39c6b-6d6f-4eb6-9ebe-18f6e03e7a36]
2026-08-25 23:28:01.418 [sri-files-scheduler-4] [] INFO  c.e.s.services.EnvioSriBatchService - No hay facturas pendientes estado=I
2026-08-25 23:28:01.418 [sri-files-scheduler-4] [] INFO  c.e.s.services.EnvioSriBatchService - [SCHEDULER][sri-files-scheduler-4] FIN automatizacionEnvioFacturasElectonicas | detectados=0 | exitosas=0 | fallidas=0 | duracionMs=1416
2026-08-25 23:29:00.000 [sri-files-scheduler-4] [] INFO  c.e.s.services.EnvioSriBatchService - [SCHEDULER][sri-files-scheduler-4] INICIO automatizacionEnvioFacturasElectonicas @ 2026-08-25T23:29:00.000193600
2026-08-25 23:29:00.000 [sri-files-scheduler-4] [] INFO  c.e.s.services.EnvioSriBatchService - Ejecutando envio de facturas at=2026-08-25T23:29:00.000193600
2026-08-25 23:29:00.002 [sri-files-scheduler-1] [] INFO  c.e.s.s.NuevoDocumentoScheduler - [SCHEDULER][V1] INICIO envío pendientes @ 2026-08-25T23:29:00.002191200
2026-08-25 23:29:00.003 [sri-files-scheduler-1] [] INFO  c.e.s.s.NuevoDocumentoScheduler - [SCHEDULER][V1] FIN envío | detectados=0 | exitosos=0 | fallidos=0 | duracionMs=1
2026-08-25 23:29:01.323 [sri-files-scheduler-4] [] INFO  c.e.s.services.EnvioSriBatchService - No hay facturas pendientes estado=I
2026-08-25 23:29:01.323 [sri-files-scheduler-4] [] INFO  c.e.s.services.EnvioSriBatchService - [SCHEDULER][sri-files-scheduler-4] FIN automatizacionEnvioFacturasElectonicas | detectados=0 | exitosas=0 | fallidas=0 | duracionMs=1323
2026-08-25 23:30:00.000 [sri-files-scheduler-3] [] INFO  c.e.s.s.RecuperarDevueltasScheduler - [SCHEDULER] INICIO recuperación facturas estado M @ 2026-08-25T23:30:00.000533400
2026-08-25 23:30:00.000 [sri-files-scheduler-1] [] INFO  c.e.s.s.NuevoDocumentoScheduler - [SCHEDULER][V1] INICIO envío pendientes @ 2026-08-25T23:30:00.000533400
2026-08-25 23:30:00.001 [sri-files-scheduler-1] [] INFO  c.e.s.s.NuevoDocumentoScheduler - [SCHEDULER][V1] FIN envío | detectados=0 | exitosos=0 | fallidos=0 | duracionMs=1
2026-08-25 23:30:00.001 [sri-files-scheduler-1] [] INFO  c.e.s.services.EnvioSriBatchService - [SCHEDULER][sri-files-scheduler-1] INICIO automatizacionEnvioFacturasElectonicas @ 2026-08-25T23:30:00.001906800
2026-08-25 23:30:00.001 [sri-files-scheduler-1] [] INFO  c.e.s.services.EnvioSriBatchService - Ejecutando envio de facturas at=2026-08-25T23:30:00.001906800
2026-08-25 23:30:00.006 [sri-files-scheduler-4] [] INFO  c.e.s.batch.BatchJobScheduler - Batch automático ejecutado: tipo=CONSULTAR_AUTORIZACION uuid=7f50a624-34fb-495e-bf3c-31bcf3ce5e12
2026-08-25 23:30:00.007 [task-122] [7f50a624-34fb-495e-bf3c-31bcf3ce5e12] INFO  c.e.s.batch.BatchProcessorService - Iniciando batch job 7f50a624-34fb-495e-bf3c-31bcf3ce5e12 tipo=CONSULTAR_AUTORIZACION [batchJob=7f50a624-34fb-495e-bf3c-31bcf3ce5e12]
2026-08-25 23:30:00.007 [sri-files-scheduler-4] [] INFO  c.e.s.batch.BatchJobScheduler - Batch automático ejecutado: tipo=REINTENTAR_FALLIDOS uuid=17d97a53-052d-484c-a21f-863c656e0f0f
2026-08-25 23:30:00.007 [task-123] [17d97a53-052d-484c-a21f-863c656e0f0f] INFO  c.e.s.batch.BatchProcessorService - Iniciando batch job 17d97a53-052d-484c-a21f-863c656e0f0f tipo=REINTENTAR_FALLIDOS [batchJob=17d97a53-052d-484c-a21f-863c656e0f0f]
2026-08-25 23:30:00.008 [task-122] [7f50a624-34fb-495e-bf3c-31bcf3ce5e12] INFO  c.e.s.batch.BatchProcessorService - Documentos encontrados: 0 [batchJob=7f50a624-34fb-495e-bf3c-31bcf3ce5e12]
2026-08-25 23:30:00.008 [task-122] [7f50a624-34fb-495e-bf3c-31bcf3ce5e12] INFO  c.e.s.batch.BatchProcessorService - Batch job 7f50a624-34fb-495e-bf3c-31bcf3ce5e12 completado: Procesados: 0, Exitosos: 0, Fallidos: 0 [batchJob=7f50a624-34fb-495e-bf3c-31bcf3ce5e12]
2026-08-25 23:30:00.008 [task-123] [17d97a53-052d-484c-a21f-863c656e0f0f] INFO  c.e.s.batch.BatchProcessorService - Documentos encontrados: 0 [batchJob=17d97a53-052d-484c-a21f-863c656e0f0f]
2026-08-25 23:30:00.008 [task-123] [17d97a53-052d-484c-a21f-863c656e0f0f] INFO  c.e.s.batch.BatchProcessorService - Batch job 17d97a53-052d-484c-a21f-863c656e0f0f completado: Procesados: 0, Exitosos: 0, Fallidos: 0 [batchJob=17d97a53-052d-484c-a21f-863c656e0f0f]
2026-08-25 23:30:00.022 [sri-files-scheduler-4] [] INFO  c.e.s.batch.BatchJobScheduler - Batch automático ejecutado: tipo=ENVIAR_SRI uuid=9a919b29-e1b2-4111-9b38-22ff1387f64b
2026-08-25 23:30:00.023 [task-124] [9a919b29-e1b2-4111-9b38-22ff1387f64b] INFO  c.e.s.batch.BatchProcessorService - Iniciando batch job 9a919b29-e1b2-4111-9b38-22ff1387f64b tipo=ENVIAR_SRI [batchJob=9a919b29-e1b2-4111-9b38-22ff1387f64b]
2026-08-25 23:30:00.024 [task-124] [9a919b29-e1b2-4111-9b38-22ff1387f64b] INFO  c.e.s.batch.BatchProcessorService - Documentos encontrados: 0 [batchJob=9a919b29-e1b2-4111-9b38-22ff1387f64b]
2026-08-25 23:30:00.025 [task-124] [9a919b29-e1b2-4111-9b38-22ff1387f64b] INFO  c.e.s.batch.BatchProcessorService - Batch job 9a919b29-e1b2-4111-9b38-22ff1387f64b completado: Procesados: 0, Exitosos: 0, Fallidos: 0 [batchJob=9a919b29-e1b2-4111-9b38-22ff1387f64b]
2026-08-25 23:30:00.915 [sri-files-scheduler-3] [] INFO  c.erp.sri_files.services.SriGateway - Consultando autorización SRI: 0312202501046002881000120010110001735214014047516 [requestId=null]
2026-08-25 23:30:01.346 [sri-files-scheduler-1] [] INFO  c.e.s.services.EnvioSriBatchService - No hay facturas pendientes estado=I
2026-08-25 23:30:01.346 [sri-files-scheduler-1] [] INFO  c.e.s.services.EnvioSriBatchService - [SCHEDULER][sri-files-scheduler-1] FIN automatizacionEnvioFacturasElectonicas | detectados=0 | exitosas=0 | fallidas=0 | duracionMs=1345
2026-08-25 23:30:01.791 [sri-files-scheduler-3] [] INFO  c.erp.sri_files.services.SriGateway - Consultando autorización SRI: 0112202501046002881000120020180003242138254549712 [requestId=null]
2026-08-25 23:30:02.594 [sri-files-scheduler-3] [] INFO  c.erp.sri_files.services.SriGateway - Consultando autorización SRI: 0212202501046002881000120010130004194454654490118 [requestId=null]
2026-08-25 23:30:03.357 [sri-files-scheduler-3] [] INFO  c.erp.sri_files.services.SriGateway - Consultando autorización SRI: 0312202501046002881000120010380000576620908695817 [requestId=null]
2026-08-25 23:30:04.145 [sri-files-scheduler-3] [] INFO  c.erp.sri_files.services.SriGateway - Consultando autorización SRI: 0212202501046002881000120010380000572374581652612 [requestId=null]
2026-08-25 23:30:04.933 [sri-files-scheduler-3] [] INFO  c.erp.sri_files.services.SriGateway - Consultando autorización SRI: 2711202501046002881000120020180003238742994842010 [requestId=null]
2026-08-25 23:30:05.648 [sri-files-scheduler-3] [] INFO  c.erp.sri_files.services.SriGateway - Consultando autorización SRI: 0412202501046002881000120020180003246795838132316 [requestId=null]
2026-08-25 23:30:06.486 [sri-files-scheduler-3] [] INFO  c.erp.sri_files.services.SriGateway - Consultando autorización SRI: 1901202601046002881000120020320000034059854428011 [requestId=null]
2026-08-25 23:30:07.233 [sri-files-scheduler-3] [] INFO  c.erp.sri_files.services.SriGateway - Consultando autorización SRI: 0312202501046002881000120020180003244879765497210 [requestId=null]
2026-08-25 23:30:07.862 [sri-files-scheduler-3] [] INFO  c.erp.sri_files.services.SriGateway - Consultando autorización SRI: 0412202501046002881000120020180003246341703692612 [requestId=null]
2026-08-25 23:30:08.561 [sri-files-scheduler-3] [] INFO  c.erp.sri_files.services.SriGateway - Consultando autorización SRI: 0212202501046002881000120020180003243331987216410 [requestId=null]
2026-08-25 23:30:09.316 [sri-files-scheduler-3] [] INFO  c.erp.sri_files.services.SriGateway - Consultando autorización SRI: 0301202601046002881000120010250000600630892565513 [requestId=null]
2026-08-25 23:30:10.458 [sri-files-scheduler-3] [] INFO  c.erp.sri_files.services.SriGateway - Consultando autorización SRI: 0301202601046002881000120010250000600641155196010 [requestId=null]
2026-08-25 23:30:11.565 [sri-files-scheduler-3] [] INFO  c.erp.sri_files.services.SriGateway - Consultando autorización SRI: 0202202601046002881000120010110001798107314478814 [requestId=null]
2026-08-25 23:30:12.186 [sri-files-scheduler-3] [] INFO  c.erp.sri_files.services.SriGateway - Consultando autorización SRI: 0212202501046002881000120010110001733989096324911 [requestId=null]
2026-08-25 23:30:12.712 [sri-files-scheduler-3] [] INFO  c.erp.sri_files.services.SriGateway - Consultando autorización SRI: 0312202501046002881000120010130004196925590843611 [requestId=null]
2026-08-25 23:30:13.337 [sri-files-scheduler-3] [] INFO  c.erp.sri_files.services.SriGateway - Consultando autorización SRI: 0412202501046002881000120010130004201601529713614 [requestId=null]
2026-08-25 23:30:13.921 [sri-files-scheduler-3] [] INFO  c.erp.sri_files.services.SriGateway - Consultando autorización SRI: 0312202501046002881000120010110001735130874509313 [requestId=null]
2026-08-25 23:30:14.854 [sri-files-scheduler-3] [] INFO  c.erp.sri_files.services.SriGateway - Consultando autorización SRI: 0312202501046002881000120010110001736732767509411 [requestId=null]
2026-08-25 23:30:15.514 [sri-files-scheduler-3] [] INFO  c.erp.sri_files.services.SriGateway - Consultando autorización SRI: 0312202501046002881000120010110001735227727483515 [requestId=null]
2026-08-25 23:30:16.031 [sri-files-scheduler-3] [] INFO  c.e.s.s.RecuperarDevueltasScheduler - [SCHEDULER] FIN recuperación devueltas | detectadas=20 | recuperadas=0 | pendientes=20 | fallidas=0 | duracionMs=16031
2026-08-25 23:30:30.001 [sri-files-scheduler-4] [] INFO  c.e.s.s.NuevoDocumentoScheduler - [SCHEDULER][V1] INICIO recuperación autorizaciones @ 2026-08-25T23:30:30.001217200
2026-08-25 23:30:30.002 [sri-files-scheduler-4] [] INFO  c.e.s.s.NuevoDocumentoScheduler - [SCHEDULER][V1] FIN recuperación | detectados=0 | autorizados=0 | pendientes=0 | duracionMs=1
2026-08-25 23:31:00.000 [sri-files-scheduler-3] [] INFO  c.e.s.s.NuevoDocumentoScheduler - [SCHEDULER][V1] INICIO envío pendientes @ 2026-08-25T23:31:00.000399400
2026-08-25 23:31:00.000 [sri-files-scheduler-1] [] INFO  c.e.s.services.EnvioSriBatchService - [SCHEDULER][sri-files-scheduler-1] INICIO automatizacionEnvioFacturasElectonicas @ 2026-08-25T23:31:00.000399400
2026-08-25 23:31:00.000 [sri-files-scheduler-1] [] INFO  c.e.s.services.EnvioSriBatchService - Ejecutando envio de facturas at=2026-08-25T23:31:00.000399400
2026-08-25 23:31:00.001 [sri-files-scheduler-3] [] INFO  c.e.s.s.NuevoDocumentoScheduler - [SCHEDULER][V1] FIN envío | detectados=0 | exitosos=0 | fallidos=0 | duracionMs=1
2026-08-25 23:31:01.310 [sri-files-scheduler-1] [] INFO  c.e.s.services.EnvioSriBatchService - No hay facturas pendientes estado=I
2026-08-25 23:31:01.311 [sri-files-scheduler-1] [] INFO  c.e.s.services.EnvioSriBatchService - [SCHEDULER][sri-files-scheduler-1] FIN automatizacionEnvioFacturasElectonicas | detectados=0 | exitosas=0 | fallidas=0 | duracionMs=1311
2026-08-25 23:32:00.001 [sri-files-scheduler-1] [] INFO  c.e.s.s.NuevoDocumentoScheduler - [SCHEDULER][V1] INICIO envío pendientes @ 2026-08-25T23:32:00.001784500
2026-08-25 23:32:00.001 [sri-files-scheduler-3] [] INFO  c.e.s.services.EnvioSriBatchService - [SCHEDULER][sri-files-scheduler-3] INICIO automatizacionEnvioFacturasElectonicas @ 2026-08-25T23:32:00.001784500
2026-08-25 23:32:00.001 [sri-files-scheduler-3] [] INFO  c.e.s.services.EnvioSriBatchService - Ejecutando envio de facturas at=2026-08-25T23:32:00.001784500
2026-08-25 23:32:00.002 [sri-files-scheduler-1] [] INFO  c.e.s.s.NuevoDocumentoScheduler - [SCHEDULER][V1] FIN envío | detectados=0 | exitosos=0 | fallidos=0 | duracionMs=1
2026-08-25 23:32:00.005 [sri-files-scheduler-4] [] INFO  c.e.s.batch.BatchJobScheduler - Batch automático ejecutado: tipo=ENVIAR_CORREO uuid=01db09c0-25ea-4928-9a75-7ce13dd02990
2026-08-25 23:32:00.005 [sri-files-scheduler-1] [] INFO  c.e.s.batch.BatchJobScheduler - Batch automático ejecutado: tipo=ENVIAR_SRI uuid=ce13b52e-f060-4967-bc78-f04ca199194a
2026-08-25 23:32:00.006 [task-125] [01db09c0-25ea-4928-9a75-7ce13dd02990] INFO  c.e.s.batch.BatchProcessorService - Iniciando batch job 01db09c0-25ea-4928-9a75-7ce13dd02990 tipo=ENVIAR_CORREO [batchJob=01db09c0-25ea-4928-9a75-7ce13dd02990]
2026-08-25 23:32:00.006 [task-126] [ce13b52e-f060-4967-bc78-f04ca199194a] INFO  c.e.s.batch.BatchProcessorService - Iniciando batch job ce13b52e-f060-4967-bc78-f04ca199194a tipo=ENVIAR_SRI [batchJob=ce13b52e-f060-4967-bc78-f04ca199194a]
2026-08-25 23:32:00.006 [task-125] [01db09c0-25ea-4928-9a75-7ce13dd02990] INFO  c.e.s.batch.BatchProcessorService - Documentos encontrados: 0 [batchJob=01db09c0-25ea-4928-9a75-7ce13dd02990]
2026-08-25 23:32:00.006 [task-125] [01db09c0-25ea-4928-9a75-7ce13dd02990] INFO  c.e.s.batch.BatchProcessorService - Batch job 01db09c0-25ea-4928-9a75-7ce13dd02990 completado: Procesados: 0, Exitosos: 0, Fallidos: 0 [batchJob=01db09c0-25ea-4928-9a75-7ce13dd02990]
2026-08-25 23:32:00.008 [task-126] [ce13b52e-f060-4967-bc78-f04ca199194a] INFO  c.e.s.batch.BatchProcessorService - Documentos encontrados: 0 [batchJob=ce13b52e-f060-4967-bc78-f04ca199194a]
2026-08-25 23:32:00.008 [task-126] [ce13b52e-f060-4967-bc78-f04ca199194a] INFO  c.e.s.batch.BatchProcessorService - Batch job ce13b52e-f060-4967-bc78-f04ca199194a completado: Procesados: 0, Exitosos: 0, Fallidos: 0 [batchJob=ce13b52e-f060-4967-bc78-f04ca199194a]
2026-08-25 23:32:01.294 [sri-files-scheduler-3] [] INFO  c.e.s.services.EnvioSriBatchService - No hay facturas pendientes estado=I
2026-08-25 23:32:01.294 [sri-files-scheduler-3] [] INFO  c.e.s.services.EnvioSriBatchService - [SCHEDULER][sri-files-scheduler-3] FIN automatizacionEnvioFacturasElectonicas | detectados=0 | exitosas=0 | fallidas=0 | duracionMs=1293
2026-08-25 23:32:59.999 [sri-files-scheduler-3] [] INFO  c.e.s.services.EnvioSriBatchService - [SCHEDULER][sri-files-scheduler-3] INICIO automatizacionEnvioFacturasElectonicas @ 2026-08-25T23:32:59.999954800
2026-08-25 23:32:59.999 [sri-files-scheduler-3] [] INFO  c.e.s.services.EnvioSriBatchService - Ejecutando envio de facturas at=2026-08-25T23:32:59.999954800
2026-08-25 23:33:00.000 [sri-files-scheduler-1] [] INFO  c.e.s.s.NuevoDocumentoScheduler - [SCHEDULER][V1] INICIO envío pendientes @ 2026-08-25T23:33:00.000955600
2026-08-25 23:33:00.001 [sri-files-scheduler-1] [] INFO  c.e.s.s.NuevoDocumentoScheduler - [SCHEDULER][V1] FIN envío | detectados=0 | exitosos=0 | fallidos=0 | duracionMs=1
2026-08-25 23:33:00.005 [sri-files-scheduler-4] [] INFO  c.e.s.batch.BatchJobScheduler - Batch automático ejecutado: tipo=CONSULTAR_AUTORIZACION uuid=8bfcf2a6-1f22-4ad9-a766-f0de71f5cbe9
2026-08-25 23:33:00.006 [task-127] [8bfcf2a6-1f22-4ad9-a766-f0de71f5cbe9] INFO  c.e.s.batch.BatchProcessorService - Iniciando batch job 8bfcf2a6-1f22-4ad9-a766-f0de71f5cbe9 tipo=CONSULTAR_AUTORIZACION [batchJob=8bfcf2a6-1f22-4ad9-a766-f0de71f5cbe9]
2026-08-25 23:33:00.007 [task-127] [8bfcf2a6-1f22-4ad9-a766-f0de71f5cbe9] INFO  c.e.s.batch.BatchProcessorService - Documentos encontrados: 0 [batchJob=8bfcf2a6-1f22-4ad9-a766-f0de71f5cbe9]
2026-08-25 23:33:00.007 [task-127] [8bfcf2a6-1f22-4ad9-a766-f0de71f5cbe9] INFO  c.e.s.batch.BatchProcessorService - Batch job 8bfcf2a6-1f22-4ad9-a766-f0de71f5cbe9 completado: Procesados: 0, Exitosos: 0, Fallidos: 0 [batchJob=8bfcf2a6-1f22-4ad9-a766-f0de71f5cbe9]
2026-08-25 23:33:01.292 [sri-files-scheduler-3] [] INFO  c.e.s.services.EnvioSriBatchService - No hay facturas pendientes estado=I
2026-08-25 23:33:01.293 [sri-files-scheduler-3] [] INFO  c.e.s.services.EnvioSriBatchService - [SCHEDULER][sri-files-scheduler-3] FIN automatizacionEnvioFacturasElectonicas | detectados=0 | exitosas=0 | fallidas=0 | duracionMs=1294
2026-08-25 23:33:30.000 [sri-files-scheduler-1] [] INFO  c.e.s.s.NuevoDocumentoScheduler - [SCHEDULER][V1] INICIO recuperación autorizaciones @ 2026-08-25T23:33:30.000728300
2026-08-25 23:33:30.002 [sri-files-scheduler-1] [] INFO  c.e.s.s.NuevoDocumentoScheduler - [SCHEDULER][V1] FIN recuperación | detectados=0 | autorizados=0 | pendientes=0 | duracionMs=2
2026-08-25 23:34:00.000 [sri-files-scheduler-1] [] INFO  c.e.s.s.NuevoDocumentoScheduler - [SCHEDULER][V1] INICIO envío pendientes @ 2026-08-25T23:34:00.000554600
2026-08-25 23:34:00.000 [sri-files-scheduler-4] [] INFO  c.e.s.services.EnvioSriBatchService - [SCHEDULER][sri-files-scheduler-4] INICIO automatizacionEnvioFacturasElectonicas @ 2026-08-25T23:34:00.000554600
2026-08-25 23:34:00.001 [sri-files-scheduler-4] [] INFO  c.e.s.services.EnvioSriBatchService - Ejecutando envio de facturas at=2026-08-25T23:34:00.001555700
2026-08-25 23:34:00.002 [sri-files-scheduler-1] [] INFO  c.e.s.s.NuevoDocumentoScheduler - [SCHEDULER][V1] FIN envío | detectados=0 | exitosos=0 | fallidos=0 | duracionMs=2
2026-08-25 23:34:00.005 [sri-files-scheduler-3] [] INFO  c.e.s.batch.BatchJobScheduler - Batch automático ejecutado: tipo=ENVIAR_SRI uuid=00e7346c-9409-4251-bb0f-10a9513533c7
2026-08-25 23:34:00.005 [task-128] [00e7346c-9409-4251-bb0f-10a9513533c7] INFO  c.e.s.batch.BatchProcessorService - Iniciando batch job 00e7346c-9409-4251-bb0f-10a9513533c7 tipo=ENVIAR_SRI [batchJob=00e7346c-9409-4251-bb0f-10a9513533c7]
2026-08-25 23:34:00.007 [task-128] [00e7346c-9409-4251-bb0f-10a9513533c7] INFO  c.e.s.batch.BatchProcessorService - Documentos encontrados: 0 [batchJob=00e7346c-9409-4251-bb0f-10a9513533c7]
2026-08-25 23:34:00.007 [task-128] [00e7346c-9409-4251-bb0f-10a9513533c7] INFO  c.e.s.batch.BatchProcessorService - Batch job 00e7346c-9409-4251-bb0f-10a9513533c7 completado: Procesados: 0, Exitosos: 0, Fallidos: 0 [batchJob=00e7346c-9409-4251-bb0f-10a9513533c7]
2026-08-25 23:34:01.318 [sri-files-scheduler-4] [] INFO  c.e.s.services.EnvioSriBatchService - No hay facturas pendientes estado=I
2026-08-25 23:34:01.318 [sri-files-scheduler-4] [] INFO  c.e.s.services.EnvioSriBatchService - [SCHEDULER][sri-files-scheduler-4] FIN automatizacionEnvioFacturasElectonicas | detectados=0 | exitosas=0 | fallidas=0 | duracionMs=1318
2026-08-25 23:35:00.000 [sri-files-scheduler-1] [] INFO  c.e.s.s.NuevoDocumentoScheduler - [SCHEDULER][V1] INICIO envío pendientes @ 2026-08-25T23:35:00.000975100
2026-08-25 23:35:00.000 [sri-files-scheduler-4] [] INFO  c.e.s.services.EnvioSriBatchService - [SCHEDULER][sri-files-scheduler-4] INICIO automatizacionEnvioFacturasElectonicas @ 2026-08-25T23:35:00.000975100
2026-08-25 23:35:00.000 [sri-files-scheduler-4] [] INFO  c.e.s.services.EnvioSriBatchService - Ejecutando envio de facturas at=2026-08-25T23:35:00.000975100
2026-08-25 23:35:00.002 [sri-files-scheduler-1] [] INFO  c.e.s.s.NuevoDocumentoScheduler - [SCHEDULER][V1] FIN envío | detectados=0 | exitosos=0 | fallidos=0 | duracionMs=2
2026-08-25 23:35:00.002 [sri-files-scheduler-1] [] INFO  c.e.s.s.RecuperarDevueltasScheduler - [SCHEDULER] INICIO recuperación facturas estado M @ 2026-08-25T23:35:00.002323600
2026-08-25 23:35:00.006 [sri-files-scheduler-3] [] INFO  c.e.s.batch.BatchJobScheduler - Batch automático ejecutado: tipo=REINTENTAR_FALLIDOS uuid=e46270e3-49a8-40af-9c55-8eae95be1504
2026-08-25 23:35:00.008 [task-129] [e46270e3-49a8-40af-9c55-8eae95be1504] INFO  c.e.s.batch.BatchProcessorService - Iniciando batch job e46270e3-49a8-40af-9c55-8eae95be1504 tipo=REINTENTAR_FALLIDOS [batchJob=e46270e3-49a8-40af-9c55-8eae95be1504]
2026-08-25 23:35:00.009 [task-129] [e46270e3-49a8-40af-9c55-8eae95be1504] INFO  c.e.s.batch.BatchProcessorService - Documentos encontrados: 0 [batchJob=e46270e3-49a8-40af-9c55-8eae95be1504]
2026-08-25 23:35:00.009 [task-129] [e46270e3-49a8-40af-9c55-8eae95be1504] INFO  c.e.s.batch.BatchProcessorService - Batch job e46270e3-49a8-40af-9c55-8eae95be1504 completado: Procesados: 0, Exitosos: 0, Fallidos: 0 [batchJob=e46270e3-49a8-40af-9c55-8eae95be1504]
2026-08-25 23:35:00.874 [sri-files-scheduler-1] [] INFO  c.erp.sri_files.services.SriGateway - Consultando autorización SRI: 0312202501046002881000120010110001735214014047516 [requestId=null]
2026-08-25 23:35:01.312 [sri-files-scheduler-4] [] INFO  c.e.s.services.EnvioSriBatchService - No hay facturas pendientes estado=I
2026-08-25 23:35:01.313 [sri-files-scheduler-4] [] INFO  c.e.s.services.EnvioSriBatchService - [SCHEDULER][sri-files-scheduler-4] FIN automatizacionEnvioFacturasElectonicas | detectados=0 | exitosas=0 | fallidas=0 | duracionMs=1313
2026-08-25 23:35:01.879 [sri-files-scheduler-1] [] INFO  c.erp.sri_files.services.SriGateway - Consultando autorización SRI: 0112202501046002881000120020180003242138254549712 [requestId=null]
2026-08-25 23:35:02.697 [sri-files-scheduler-1] [] INFO  c.erp.sri_files.services.SriGateway - Consultando autorización SRI: 0212202501046002881000120010130004194454654490118 [requestId=null]
2026-08-25 23:35:03.592 [sri-files-scheduler-1] [] INFO  c.erp.sri_files.services.SriGateway - Consultando autorización SRI: 0312202501046002881000120010380000576620908695817 [requestId=null]
2026-08-25 23:35:04.434 [sri-files-scheduler-1] [] INFO  c.erp.sri_files.services.SriGateway - Consultando autorización SRI: 0212202501046002881000120010380000572374581652612 [requestId=null]
2026-08-25 23:35:04.523 [sri-files-scheduler-1] [] ERROR c.erp.sri_files.services.SriGateway - Error consultando autorización [requestId=null]
jakarta.xml.ws.WebServiceException: javax.net.ssl.SSLHandshakeException: No subject alternative names matching IP address 181.113.227.222 found
	at com.sun.xml.ws.transport.http.client.HttpClientTransport.readResponseCodeAndMessage(HttpClientTransport.java:181)
	at com.sun.xml.ws.transport.http.client.HttpTransportPipe.createResponsePacket(HttpTransportPipe.java:227)
	at com.sun.xml.ws.transport.http.client.HttpTransportPipe.process(HttpTransportPipe.java:218)
	at com.sun.xml.ws.transport.http.client.HttpTransportPipe.processRequest(HttpTransportPipe.java:131)
	at com.sun.xml.ws.transport.DeferredTransportPipe.processRequest(DeferredTransportPipe.java:111)
	at com.sun.xml.ws.api.pipe.Fiber.__doRun(Fiber.java:1106)
	at com.sun.xml.ws.api.pipe.Fiber._doRun(Fiber.java:1020)
	at com.sun.xml.ws.api.pipe.Fiber.doRun(Fiber.java:989)
	at com.sun.xml.ws.api.pipe.Fiber.runSync(Fiber.java:847)
	at com.sun.xml.ws.client.Stub.process(Stub.java:431)
	at com.sun.xml.ws.client.sei.SEIStub.doProcess(SEIStub.java:160)
	at com.sun.xml.ws.client.sei.SyncMethodHandler.invoke(SyncMethodHandler.java:78)
	at com.sun.xml.ws.client.sei.SyncMethodHandler.invoke(SyncMethodHandler.java:62)
	at com.sun.xml.ws.client.sei.SEIStub.invoke(SEIStub.java:132)
	at jdk.proxy2/jdk.proxy2.$Proxy222.autorizacionComprobante(Unknown Source)
	at com.erp.sri_files.services.SendXmlToSriService.consultarAutorizacion(SendXmlToSriService.java:196)
	at com.erp.sri_files.services.SendXmlToSriService.consultarAutorizacion(SendXmlToSriService.java:180)
	at com.erp.sri_files.services.SriGateway.consultarAutorizacion(SriGateway.java:100)
	at com.erp.sri_files.scheduler.RecuperarDevueltasScheduler.recuperarFacturasDevueltas(RecuperarDevueltasScheduler.java:61)
	at java.base/jdk.internal.reflect.DirectMethodHandleAccessor.invoke(DirectMethodHandleAccessor.java:103)
	at java.base/java.lang.reflect.Method.invoke(Method.java:580)
	at org.springframework.scheduling.support.ScheduledMethodRunnable.runInternal(ScheduledMethodRunnable.java:130)
	at org.springframework.scheduling.support.ScheduledMethodRunnable.lambda$run$2(ScheduledMethodRunnable.java:124)
	at io.micrometer.observation.Observation.observe(Observation.java:498)
	at org.springframework.scheduling.support.ScheduledMethodRunnable.run(ScheduledMethodRunnable.java:124)
	at org.springframework.scheduling.config.Task$OutcomeTrackingRunnable.run(Task.java:85)
	at org.springframework.scheduling.support.DelegatingErrorHandlingRunnable.run(DelegatingErrorHandlingRunnable.java:54)
	at org.springframework.scheduling.concurrent.ReschedulingRunnable.run(ReschedulingRunnable.java:96)
	at java.base/java.util.concurrent.Executors$RunnableAdapter.call(Executors.java:572)
	at java.base/java.util.concurrent.FutureTask.run(FutureTask.java:317)
	at java.base/java.util.concurrent.ScheduledThreadPoolExecutor$ScheduledFutureTask.run(ScheduledThreadPoolExecutor.java:304)
	at java.base/java.util.concurrent.ThreadPoolExecutor.runWorker(ThreadPoolExecutor.java:1144)
	at java.base/java.util.concurrent.ThreadPoolExecutor$Worker.run(ThreadPoolExecutor.java:642)
	at java.base/java.lang.Thread.run(Thread.java:1583)
Caused by: javax.net.ssl.SSLHandshakeException: No subject alternative names matching IP address 181.113.227.222 found
	at java.base/sun.security.ssl.Alert.createSSLException(Alert.java:130)
	at java.base/sun.security.ssl.TransportContext.fatal(TransportContext.java:383)
	at java.base/sun.security.ssl.TransportContext.fatal(TransportContext.java:326)
	at java.base/sun.security.ssl.TransportContext.fatal(TransportContext.java:321)
	at java.base/sun.security.ssl.CertificateMessage$T12CertificateConsumer.checkServerCerts(CertificateMessage.java:647)
	at java.base/sun.security.ssl.CertificateMessage$T12CertificateConsumer.onCertificate(CertificateMessage.java:467)
	at java.base/sun.security.ssl.CertificateMessage$T12CertificateConsumer.consume(CertificateMessage.java:363)
	at java.base/sun.security.ssl.SSLHandshake.consume(SSLHandshake.java:393)
	at java.base/sun.security.ssl.HandshakeContext.dispatch(HandshakeContext.java:477)
	at java.base/sun.security.ssl.HandshakeContext.dispatch(HandshakeContext.java:448)
	at java.base/sun.security.ssl.TransportContext.dispatch(TransportContext.java:206)
	at java.base/sun.security.ssl.SSLTransport.decode(SSLTransport.java:172)
	at java.base/sun.security.ssl.SSLSocketImpl.decode(SSLSocketImpl.java:1506)
	at java.base/sun.security.ssl.SSLSocketImpl.readHandshakeRecord(SSLSocketImpl.java:1421)
	at java.base/sun.security.ssl.SSLSocketImpl.startHandshake(SSLSocketImpl.java:455)
	at java.base/sun.security.ssl.SSLSocketImpl.startHandshake(SSLSocketImpl.java:426)
	at java.base/sun.net.www.protocol.https.HttpsClient.afterConnect(HttpsClient.java:586)
	at java.base/sun.net.www.protocol.https.AbstractDelegateHttpsURLConnection.connect(AbstractDelegateHttpsURLConnection.java:187)
	at java.base/sun.net.www.protocol.http.HttpURLConnection.followRedirect0(HttpURLConnection.java:2914)
	at java.base/sun.net.www.protocol.http.HttpURLConnection.followRedirect(HttpURLConnection.java:2834)
	at java.base/sun.net.www.protocol.http.HttpURLConnection.getInputStream0(HttpURLConnection.java:1945)
	at java.base/sun.net.www.protocol.http.HttpURLConnection.getInputStream(HttpURLConnection.java:1615)
	at java.base/java.net.HttpURLConnection.getResponseCode(HttpURLConnection.java:531)
	at java.base/sun.net.www.protocol.https.HttpsURLConnectionImpl.getResponseCode(HttpsURLConnectionImpl.java:307)
	at com.sun.xml.ws.transport.http.client.HttpClientTransport.readResponseCodeAndMessage(HttpClientTransport.java:177)
	... 33 common frames omitted
Caused by: java.security.cert.CertificateException: No subject alternative names matching IP address 181.113.227.222 found
	at java.base/sun.security.util.HostnameChecker.matchIP(HostnameChecker.java:160)
	at java.base/sun.security.util.HostnameChecker.match(HostnameChecker.java:101)
	at java.base/sun.security.ssl.X509TrustManagerImpl.checkIdentity(X509TrustManagerImpl.java:466)
	at java.base/sun.security.ssl.X509TrustManagerImpl.checkIdentity(X509TrustManagerImpl.java:432)
	at java.base/sun.security.ssl.X509TrustManagerImpl.checkTrusted(X509TrustManagerImpl.java:237)
	at java.base/sun.security.ssl.X509TrustManagerImpl.checkServerTrusted(X509TrustManagerImpl.java:132)
	at java.base/sun.security.ssl.CertificateMessage$T12CertificateConsumer.checkServerCerts(CertificateMessage.java:631)
	... 53 common frames omitted
2026-08-25 23:35:05.275 [sri-files-scheduler-1] [] INFO  c.erp.sri_files.services.SriGateway - Consultando autorización SRI: 2711202501046002881000120020180003238742994842010 [requestId=null]
2026-08-25 23:35:05.951 [sri-files-scheduler-1] [] INFO  c.erp.sri_files.services.SriGateway - Consultando autorización SRI: 0412202501046002881000120020180003246795838132316 [requestId=null]
2026-08-25 23:35:06.015 [sri-files-scheduler-1] [] ERROR c.erp.sri_files.services.SriGateway - Error consultando autorización [requestId=null]
jakarta.xml.ws.WebServiceException: javax.net.ssl.SSLHandshakeException: No subject alternative names matching IP address 181.113.227.222 found
	at com.sun.xml.ws.transport.http.client.HttpClientTransport.readResponseCodeAndMessage(HttpClientTransport.java:181)
	at com.sun.xml.ws.transport.http.client.HttpTransportPipe.createResponsePacket(HttpTransportPipe.java:227)
	at com.sun.xml.ws.transport.http.client.HttpTransportPipe.process(HttpTransportPipe.java:218)
	at com.sun.xml.ws.transport.http.client.HttpTransportPipe.processRequest(HttpTransportPipe.java:131)
	at com.sun.xml.ws.transport.DeferredTransportPipe.processRequest(DeferredTransportPipe.java:111)
	at com.sun.xml.ws.api.pipe.Fiber.__doRun(Fiber.java:1106)
	at com.sun.xml.ws.api.pipe.Fiber._doRun(Fiber.java:1020)
	at com.sun.xml.ws.api.pipe.Fiber.doRun(Fiber.java:989)
	at com.sun.xml.ws.api.pipe.Fiber.runSync(Fiber.java:847)
	at com.sun.xml.ws.client.Stub.process(Stub.java:431)
	at com.sun.xml.ws.client.sei.SEIStub.doProcess(SEIStub.java:160)
	at com.sun.xml.ws.client.sei.SyncMethodHandler.invoke(SyncMethodHandler.java:78)
	at com.sun.xml.ws.client.sei.SyncMethodHandler.invoke(SyncMethodHandler.java:62)
	at com.sun.xml.ws.client.sei.SEIStub.invoke(SEIStub.java:132)
	at jdk.proxy2/jdk.proxy2.$Proxy222.autorizacionComprobante(Unknown Source)
	at com.erp.sri_files.services.SendXmlToSriService.consultarAutorizacion(SendXmlToSriService.java:196)
	at com.erp.sri_files.services.SendXmlToSriService.consultarAutorizacion(SendXmlToSriService.java:180)
	at com.erp.sri_files.services.SriGateway.consultarAutorizacion(SriGateway.java:100)
	at com.erp.sri_files.scheduler.RecuperarDevueltasScheduler.recuperarFacturasDevueltas(RecuperarDevueltasScheduler.java:61)
	at java.base/jdk.internal.reflect.DirectMethodHandleAccessor.invoke(DirectMethodHandleAccessor.java:103)
	at java.base/java.lang.reflect.Method.invoke(Method.java:580)
	at org.springframework.scheduling.support.ScheduledMethodRunnable.runInternal(ScheduledMethodRunnable.java:130)
	at org.springframework.scheduling.support.ScheduledMethodRunnable.lambda$run$2(ScheduledMethodRunnable.java:124)
	at io.micrometer.observation.Observation.observe(Observation.java:498)
	at org.springframework.scheduling.support.ScheduledMethodRunnable.run(ScheduledMethodRunnable.java:124)
	at org.springframework.scheduling.config.Task$OutcomeTrackingRunnable.run(Task.java:85)
	at org.springframework.scheduling.support.DelegatingErrorHandlingRunnable.run(DelegatingErrorHandlingRunnable.java:54)
	at org.springframework.scheduling.concurrent.ReschedulingRunnable.run(ReschedulingRunnable.java:96)
	at java.base/java.util.concurrent.Executors$RunnableAdapter.call(Executors.java:572)
	at java.base/java.util.concurrent.FutureTask.run(FutureTask.java:317)
	at java.base/java.util.concurrent.ScheduledThreadPoolExecutor$ScheduledFutureTask.run(ScheduledThreadPoolExecutor.java:304)
	at java.base/java.util.concurrent.ThreadPoolExecutor.runWorker(ThreadPoolExecutor.java:1144)
	at java.base/java.util.concurrent.ThreadPoolExecutor$Worker.run(ThreadPoolExecutor.java:642)
	at java.base/java.lang.Thread.run(Thread.java:1583)
Caused by: javax.net.ssl.SSLHandshakeException: No subject alternative names matching IP address 181.113.227.222 found
	at java.base/sun.security.ssl.Alert.createSSLException(Alert.java:130)
	at java.base/sun.security.ssl.TransportContext.fatal(TransportContext.java:383)
	at java.base/sun.security.ssl.TransportContext.fatal(TransportContext.java:326)
	at java.base/sun.security.ssl.TransportContext.fatal(TransportContext.java:321)
	at java.base/sun.security.ssl.CertificateMessage$T12CertificateConsumer.checkServerCerts(CertificateMessage.java:647)
	at java.base/sun.security.ssl.CertificateMessage$T12CertificateConsumer.onCertificate(CertificateMessage.java:467)
	at java.base/sun.security.ssl.CertificateMessage$T12CertificateConsumer.consume(CertificateMessage.java:363)
	at java.base/sun.security.ssl.SSLHandshake.consume(SSLHandshake.java:393)
	at java.base/sun.security.ssl.HandshakeContext.dispatch(HandshakeContext.java:477)
	at java.base/sun.security.ssl.HandshakeContext.dispatch(HandshakeContext.java:448)
	at java.base/sun.security.ssl.TransportContext.dispatch(TransportContext.java:206)
	at java.base/sun.security.ssl.SSLTransport.decode(SSLTransport.java:172)
	at java.base/sun.security.ssl.SSLSocketImpl.decode(SSLSocketImpl.java:1506)
	at java.base/sun.security.ssl.SSLSocketImpl.readHandshakeRecord(SSLSocketImpl.java:1421)
	at java.base/sun.security.ssl.SSLSocketImpl.startHandshake(SSLSocketImpl.java:455)
	at java.base/sun.security.ssl.SSLSocketImpl.startHandshake(SSLSocketImpl.java:426)
	at java.base/sun.net.www.protocol.https.HttpsClient.afterConnect(HttpsClient.java:586)
	at java.base/sun.net.www.protocol.https.AbstractDelegateHttpsURLConnection.connect(AbstractDelegateHttpsURLConnection.java:187)
	at java.base/sun.net.www.protocol.http.HttpURLConnection.followRedirect0(HttpURLConnection.java:2914)
	at java.base/sun.net.www.protocol.http.HttpURLConnection.followRedirect(HttpURLConnection.java:2834)
	at java.base/sun.net.www.protocol.http.HttpURLConnection.getInputStream0(HttpURLConnection.java:1945)
	at java.base/sun.net.www.protocol.http.HttpURLConnection.getInputStream(HttpURLConnection.java:1615)
	at java.base/java.net.HttpURLConnection.getResponseCode(HttpURLConnection.java:531)
	at java.base/sun.net.www.protocol.https.HttpsURLConnectionImpl.getResponseCode(HttpsURLConnectionImpl.java:307)
	at com.sun.xml.ws.transport.http.client.HttpClientTransport.readResponseCodeAndMessage(HttpClientTransport.java:177)
	... 33 common frames omitted
Caused by: java.security.cert.CertificateException: No subject alternative names matching IP address 181.113.227.222 found
	at java.base/sun.security.util.HostnameChecker.matchIP(HostnameChecker.java:160)
	at java.base/sun.security.util.HostnameChecker.match(HostnameChecker.java:101)
	at java.base/sun.security.ssl.X509TrustManagerImpl.checkIdentity(X509TrustManagerImpl.java:466)
	at java.base/sun.security.ssl.X509TrustManagerImpl.checkIdentity(X509TrustManagerImpl.java:432)
	at java.base/sun.security.ssl.X509TrustManagerImpl.checkTrusted(X509TrustManagerImpl.java:237)
	at java.base/sun.security.ssl.X509TrustManagerImpl.checkServerTrusted(X509TrustManagerImpl.java:132)
	at java.base/sun.security.ssl.CertificateMessage$T12CertificateConsumer.checkServerCerts(CertificateMessage.java:631)
	... 53 common frames omitted
2026-08-25 23:35:06.689 [sri-files-scheduler-1] [] INFO  c.erp.sri_files.services.SriGateway - Consultando autorización SRI: 1901202601046002881000120020320000034059854428011 [requestId=null]
2026-08-25 23:35:06.756 [sri-files-scheduler-1] [] ERROR c.erp.sri_files.services.SriGateway - Error consultando autorización [requestId=null]
jakarta.xml.ws.WebServiceException: javax.net.ssl.SSLHandshakeException: No subject alternative names matching IP address 181.113.227.222 found
	at com.sun.xml.ws.transport.http.client.HttpClientTransport.readResponseCodeAndMessage(HttpClientTransport.java:181)
	at com.sun.xml.ws.transport.http.client.HttpTransportPipe.createResponsePacket(HttpTransportPipe.java:227)
	at com.sun.xml.ws.transport.http.client.HttpTransportPipe.process(HttpTransportPipe.java:218)
	at com.sun.xml.ws.transport.http.client.HttpTransportPipe.processRequest(HttpTransportPipe.java:131)
	at com.sun.xml.ws.transport.DeferredTransportPipe.processRequest(DeferredTransportPipe.java:111)
	at com.sun.xml.ws.api.pipe.Fiber.__doRun(Fiber.java:1106)
	at com.sun.xml.ws.api.pipe.Fiber._doRun(Fiber.java:1020)
	at com.sun.xml.ws.api.pipe.Fiber.doRun(Fiber.java:989)
	at com.sun.xml.ws.api.pipe.Fiber.runSync(Fiber.java:847)
	at com.sun.xml.ws.client.Stub.process(Stub.java:431)
	at com.sun.xml.ws.client.sei.SEIStub.doProcess(SEIStub.java:160)
	at com.sun.xml.ws.client.sei.SyncMethodHandler.invoke(SyncMethodHandler.java:78)
	at com.sun.xml.ws.client.sei.SyncMethodHandler.invoke(SyncMethodHandler.java:62)
	at com.sun.xml.ws.client.sei.SEIStub.invoke(SEIStub.java:132)
	at jdk.proxy2/jdk.proxy2.$Proxy222.autorizacionComprobante(Unknown Source)
	at com.erp.sri_files.services.SendXmlToSriService.consultarAutorizacion(SendXmlToSriService.java:196)
	at com.erp.sri_files.services.SendXmlToSriService.consultarAutorizacion(SendXmlToSriService.java:180)
	at com.erp.sri_files.services.SriGateway.consultarAutorizacion(SriGateway.java:100)
	at com.erp.sri_files.scheduler.RecuperarDevueltasScheduler.recuperarFacturasDevueltas(RecuperarDevueltasScheduler.java:61)
	at java.base/jdk.internal.reflect.DirectMethodHandleAccessor.invoke(DirectMethodHandleAccessor.java:103)
	at java.base/java.lang.reflect.Method.invoke(Method.java:580)
	at org.springframework.scheduling.support.ScheduledMethodRunnable.runInternal(ScheduledMethodRunnable.java:130)
	at org.springframework.scheduling.support.ScheduledMethodRunnable.lambda$run$2(ScheduledMethodRunnable.java:124)
	at io.micrometer.observation.Observation.observe(Observation.java:498)
	at org.springframework.scheduling.support.ScheduledMethodRunnable.run(ScheduledMethodRunnable.java:124)
	at org.springframework.scheduling.config.Task$OutcomeTrackingRunnable.run(Task.java:85)
	at org.springframework.scheduling.support.DelegatingErrorHandlingRunnable.run(DelegatingErrorHandlingRunnable.java:54)
	at org.springframework.scheduling.concurrent.ReschedulingRunnable.run(ReschedulingRunnable.java:96)
	at java.base/java.util.concurrent.Executors$RunnableAdapter.call(Executors.java:572)
	at java.base/java.util.concurrent.FutureTask.run(FutureTask.java:317)
	at java.base/java.util.concurrent.ScheduledThreadPoolExecutor$ScheduledFutureTask.run(ScheduledThreadPoolExecutor.java:304)
	at java.base/java.util.concurrent.ThreadPoolExecutor.runWorker(ThreadPoolExecutor.java:1144)
	at java.base/java.util.concurrent.ThreadPoolExecutor$Worker.run(ThreadPoolExecutor.java:642)
	at java.base/java.lang.Thread.run(Thread.java:1583)
Caused by: javax.net.ssl.SSLHandshakeException: No subject alternative names matching IP address 181.113.227.222 found
	at java.base/sun.security.ssl.Alert.createSSLException(Alert.java:130)
	at java.base/sun.security.ssl.TransportContext.fatal(TransportContext.java:383)
	at java.base/sun.security.ssl.TransportContext.fatal(TransportContext.java:326)
	at java.base/sun.security.ssl.TransportContext.fatal(TransportContext.java:321)
	at java.base/sun.security.ssl.CertificateMessage$T12CertificateConsumer.checkServerCerts(CertificateMessage.java:647)
	at java.base/sun.security.ssl.CertificateMessage$T12CertificateConsumer.onCertificate(CertificateMessage.java:467)
	at java.base/sun.security.ssl.CertificateMessage$T12CertificateConsumer.consume(CertificateMessage.java:363)
	at java.base/sun.security.ssl.SSLHandshake.consume(SSLHandshake.java:393)
	at java.base/sun.security.ssl.HandshakeContext.dispatch(HandshakeContext.java:477)
	at java.base/sun.security.ssl.HandshakeContext.dispatch(HandshakeContext.java:448)
	at java.base/sun.security.ssl.TransportContext.dispatch(TransportContext.java:206)
	at java.base/sun.security.ssl.SSLTransport.decode(SSLTransport.java:172)
	at java.base/sun.security.ssl.SSLSocketImpl.decode(SSLSocketImpl.java:1506)
	at java.base/sun.security.ssl.SSLSocketImpl.readHandshakeRecord(SSLSocketImpl.java:1421)
	at java.base/sun.security.ssl.SSLSocketImpl.startHandshake(SSLSocketImpl.java:455)
	at java.base/sun.security.ssl.SSLSocketImpl.startHandshake(SSLSocketImpl.java:426)
	at java.base/sun.net.www.protocol.https.HttpsClient.afterConnect(HttpsClient.java:586)
	at java.base/sun.net.www.protocol.https.AbstractDelegateHttpsURLConnection.connect(AbstractDelegateHttpsURLConnection.java:187)
	at java.base/sun.net.www.protocol.http.HttpURLConnection.followRedirect0(HttpURLConnection.java:2914)
	at java.base/sun.net.www.protocol.http.HttpURLConnection.followRedirect(HttpURLConnection.java:2834)
	at java.base/sun.net.www.protocol.http.HttpURLConnection.getInputStream0(HttpURLConnection.java:1945)
	at java.base/sun.net.www.protocol.http.HttpURLConnection.getInputStream(HttpURLConnection.java:1615)
	at java.base/java.net.HttpURLConnection.getResponseCode(HttpURLConnection.java:531)
	at java.base/sun.net.www.protocol.https.HttpsURLConnectionImpl.getResponseCode(HttpsURLConnectionImpl.java:307)
	at com.sun.xml.ws.transport.http.client.HttpClientTransport.readResponseCodeAndMessage(HttpClientTransport.java:177)
	... 33 common frames omitted
Caused by: java.security.cert.CertificateException: No subject alternative names matching IP address 181.113.227.222 found
	at java.base/sun.security.util.HostnameChecker.matchIP(HostnameChecker.java:160)
	at java.base/sun.security.util.HostnameChecker.match(HostnameChecker.java:101)
	at java.base/sun.security.ssl.X509TrustManagerImpl.checkIdentity(X509TrustManagerImpl.java:466)
	at java.base/sun.security.ssl.X509TrustManagerImpl.checkIdentity(X509TrustManagerImpl.java:432)
	at java.base/sun.security.ssl.X509TrustManagerImpl.checkTrusted(X509TrustManagerImpl.java:237)
	at java.base/sun.security.ssl.X509TrustManagerImpl.checkServerTrusted(X509TrustManagerImpl.java:132)
	at java.base/sun.security.ssl.CertificateMessage$T12CertificateConsumer.checkServerCerts(CertificateMessage.java:631)
	... 53 common frames omitted
2026-08-25 23:35:07.337 [sri-files-scheduler-1] [] INFO  c.erp.sri_files.services.SriGateway - Consultando autorización SRI: 0312202501046002881000120020180003244879765497210 [requestId=null]
2026-08-25 23:35:07.987 [sri-files-scheduler-1] [] INFO  c.erp.sri_files.services.SriGateway - Consultando autorización SRI: 0412202501046002881000120020180003246341703692612 [requestId=null]
2026-08-25 23:35:08.820 [sri-files-scheduler-1] [] INFO  c.erp.sri_files.services.SriGateway - Consultando autorización SRI: 0212202501046002881000120020180003243331987216410 [requestId=null]
2026-08-25 23:35:09.444 [sri-files-scheduler-1] [] INFO  c.erp.sri_files.services.SriGateway - Consultando autorización SRI: 0301202601046002881000120010250000600630892565513 [requestId=null]
2026-08-25 23:35:10.508 [sri-files-scheduler-1] [] INFO  c.erp.sri_files.services.SriGateway - Consultando autorización SRI: 0301202601046002881000120010250000600641155196010 [requestId=null]
2026-08-25 23:35:10.570 [sri-files-scheduler-1] [] ERROR c.erp.sri_files.services.SriGateway - Error consultando autorización [requestId=null]
jakarta.xml.ws.WebServiceException: javax.net.ssl.SSLHandshakeException: No subject alternative names matching IP address 181.113.227.222 found
	at com.sun.xml.ws.transport.http.client.HttpClientTransport.readResponseCodeAndMessage(HttpClientTransport.java:181)
	at com.sun.xml.ws.transport.http.client.HttpTransportPipe.createResponsePacket(HttpTransportPipe.java:227)
	at com.sun.xml.ws.transport.http.client.HttpTransportPipe.process(HttpTransportPipe.java:218)
	at com.sun.xml.ws.transport.http.client.HttpTransportPipe.processRequest(HttpTransportPipe.java:131)
	at com.sun.xml.ws.transport.DeferredTransportPipe.processRequest(DeferredTransportPipe.java:111)
	at com.sun.xml.ws.api.pipe.Fiber.__doRun(Fiber.java:1106)
	at com.sun.xml.ws.api.pipe.Fiber._doRun(Fiber.java:1020)
	at com.sun.xml.ws.api.pipe.Fiber.doRun(Fiber.java:989)
	at com.sun.xml.ws.api.pipe.Fiber.runSync(Fiber.java:847)
	at com.sun.xml.ws.client.Stub.process(Stub.java:431)
	at com.sun.xml.ws.client.sei.SEIStub.doProcess(SEIStub.java:160)
	at com.sun.xml.ws.client.sei.SyncMethodHandler.invoke(SyncMethodHandler.java:78)
	at com.sun.xml.ws.client.sei.SyncMethodHandler.invoke(SyncMethodHandler.java:62)
	at com.sun.xml.ws.client.sei.SEIStub.invoke(SEIStub.java:132)
	at jdk.proxy2/jdk.proxy2.$Proxy222.autorizacionComprobante(Unknown Source)
	at com.erp.sri_files.services.SendXmlToSriService.consultarAutorizacion(SendXmlToSriService.java:196)
	at com.erp.sri_files.services.SendXmlToSriService.consultarAutorizacion(SendXmlToSriService.java:180)
	at com.erp.sri_files.services.SriGateway.consultarAutorizacion(SriGateway.java:100)
	at com.erp.sri_files.scheduler.RecuperarDevueltasScheduler.recuperarFacturasDevueltas(RecuperarDevueltasScheduler.java:61)
	at java.base/jdk.internal.reflect.DirectMethodHandleAccessor.invoke(DirectMethodHandleAccessor.java:103)
	at java.base/java.lang.reflect.Method.invoke(Method.java:580)
	at org.springframework.scheduling.support.ScheduledMethodRunnable.runInternal(ScheduledMethodRunnable.java:130)
	at org.springframework.scheduling.support.ScheduledMethodRunnable.lambda$run$2(ScheduledMethodRunnable.java:124)
	at io.micrometer.observation.Observation.observe(Observation.java:498)
	at org.springframework.scheduling.support.ScheduledMethodRunnable.run(ScheduledMethodRunnable.java:124)
	at org.springframework.scheduling.config.Task$OutcomeTrackingRunnable.run(Task.java:85)
	at org.springframework.scheduling.support.DelegatingErrorHandlingRunnable.run(DelegatingErrorHandlingRunnable.java:54)
	at org.springframework.scheduling.concurrent.ReschedulingRunnable.run(ReschedulingRunnable.java:96)
	at java.base/java.util.concurrent.Executors$RunnableAdapter.call(Executors.java:572)
	at java.base/java.util.concurrent.FutureTask.run(FutureTask.java:317)
	at java.base/java.util.concurrent.ScheduledThreadPoolExecutor$ScheduledFutureTask.run(ScheduledThreadPoolExecutor.java:304)
	at java.base/java.util.concurrent.ThreadPoolExecutor.runWorker(ThreadPoolExecutor.java:1144)
	at java.base/java.util.concurrent.ThreadPoolExecutor$Worker.run(ThreadPoolExecutor.java:642)
	at java.base/java.lang.Thread.run(Thread.java:1583)
Caused by: javax.net.ssl.SSLHandshakeException: No subject alternative names matching IP address 181.113.227.222 found
	at java.base/sun.security.ssl.Alert.createSSLException(Alert.java:130)
	at java.base/sun.security.ssl.TransportContext.fatal(TransportContext.java:383)
	at java.base/sun.security.ssl.TransportContext.fatal(TransportContext.java:326)
	at java.base/sun.security.ssl.TransportContext.fatal(TransportContext.java:321)
	at java.base/sun.security.ssl.CertificateMessage$T12CertificateConsumer.checkServerCerts(CertificateMessage.java:647)
	at java.base/sun.security.ssl.CertificateMessage$T12CertificateConsumer.onCertificate(CertificateMessage.java:467)
	at java.base/sun.security.ssl.CertificateMessage$T12CertificateConsumer.consume(CertificateMessage.java:363)
	at java.base/sun.security.ssl.SSLHandshake.consume(SSLHandshake.java:393)
	at java.base/sun.security.ssl.HandshakeContext.dispatch(HandshakeContext.java:477)
	at java.base/sun.security.ssl.HandshakeContext.dispatch(HandshakeContext.java:448)
	at java.base/sun.security.ssl.TransportContext.dispatch(TransportContext.java:206)
	at java.base/sun.security.ssl.SSLTransport.decode(SSLTransport.java:172)
	at java.base/sun.security.ssl.SSLSocketImpl.decode(SSLSocketImpl.java:1506)
	at java.base/sun.security.ssl.SSLSocketImpl.readHandshakeRecord(SSLSocketImpl.java:1421)
	at java.base/sun.security.ssl.SSLSocketImpl.startHandshake(SSLSocketImpl.java:455)
	at java.base/sun.security.ssl.SSLSocketImpl.startHandshake(SSLSocketImpl.java:426)
	at java.base/sun.net.www.protocol.https.HttpsClient.afterConnect(HttpsClient.java:586)
	at java.base/sun.net.www.protocol.https.AbstractDelegateHttpsURLConnection.connect(AbstractDelegateHttpsURLConnection.java:187)
	at java.base/sun.net.www.protocol.http.HttpURLConnection.followRedirect0(HttpURLConnection.java:2914)
	at java.base/sun.net.www.protocol.http.HttpURLConnection.followRedirect(HttpURLConnection.java:2834)
	at java.base/sun.net.www.protocol.http.HttpURLConnection.getInputStream0(HttpURLConnection.java:1945)
	at java.base/sun.net.www.protocol.http.HttpURLConnection.getInputStream(HttpURLConnection.java:1615)
	at java.base/java.net.HttpURLConnection.getResponseCode(HttpURLConnection.java:531)
	at java.base/sun.net.www.protocol.https.HttpsURLConnectionImpl.getResponseCode(HttpsURLConnectionImpl.java:307)
	at com.sun.xml.ws.transport.http.client.HttpClientTransport.readResponseCodeAndMessage(HttpClientTransport.java:177)
	... 33 common frames omitted
Caused by: java.security.cert.CertificateException: No subject alternative names matching IP address 181.113.227.222 found
	at java.base/sun.security.util.HostnameChecker.matchIP(HostnameChecker.java:160)
	at java.base/sun.security.util.HostnameChecker.match(HostnameChecker.java:101)
	at java.base/sun.security.ssl.X509TrustManagerImpl.checkIdentity(X509TrustManagerImpl.java:466)
	at java.base/sun.security.ssl.X509TrustManagerImpl.checkIdentity(X509TrustManagerImpl.java:432)
	at java.base/sun.security.ssl.X509TrustManagerImpl.checkTrusted(X509TrustManagerImpl.java:237)
	at java.base/sun.security.ssl.X509TrustManagerImpl.checkServerTrusted(X509TrustManagerImpl.java:132)
	at java.base/sun.security.ssl.CertificateMessage$T12CertificateConsumer.checkServerCerts(CertificateMessage.java:631)
	... 53 common frames omitted
2026-08-25 23:35:11.485 [sri-files-scheduler-1] [] INFO  c.erp.sri_files.services.SriGateway - Consultando autorización SRI: 0202202601046002881000120010110001798107314478814 [requestId=null]
2026-08-25 23:35:12.131 [sri-files-scheduler-1] [] INFO  c.erp.sri_files.services.SriGateway - Consultando autorización SRI: 0212202501046002881000120010110001733989096324911 [requestId=null]
2026-08-25 23:35:12.718 [sri-files-scheduler-1] [] INFO  c.erp.sri_files.services.SriGateway - Consultando autorización SRI: 0312202501046002881000120010130004196925590843611 [requestId=null]
2026-08-25 23:35:12.775 [sri-files-scheduler-1] [] ERROR c.erp.sri_files.services.SriGateway - Error consultando autorización [requestId=null]
jakarta.xml.ws.WebServiceException: javax.net.ssl.SSLHandshakeException: No subject alternative names matching IP address 181.113.227.222 found
	at com.sun.xml.ws.transport.http.client.HttpClientTransport.readResponseCodeAndMessage(HttpClientTransport.java:181)
	at com.sun.xml.ws.transport.http.client.HttpTransportPipe.createResponsePacket(HttpTransportPipe.java:227)
	at com.sun.xml.ws.transport.http.client.HttpTransportPipe.process(HttpTransportPipe.java:218)
	at com.sun.xml.ws.transport.http.client.HttpTransportPipe.processRequest(HttpTransportPipe.java:131)
	at com.sun.xml.ws.transport.DeferredTransportPipe.processRequest(DeferredTransportPipe.java:111)
	at com.sun.xml.ws.api.pipe.Fiber.__doRun(Fiber.java:1106)
	at com.sun.xml.ws.api.pipe.Fiber._doRun(Fiber.java:1020)
	at com.sun.xml.ws.api.pipe.Fiber.doRun(Fiber.java:989)
	at com.sun.xml.ws.api.pipe.Fiber.runSync(Fiber.java:847)
	at com.sun.xml.ws.client.Stub.process(Stub.java:431)
	at com.sun.xml.ws.client.sei.SEIStub.doProcess(SEIStub.java:160)
	at com.sun.xml.ws.client.sei.SyncMethodHandler.invoke(SyncMethodHandler.java:78)
	at com.sun.xml.ws.client.sei.SyncMethodHandler.invoke(SyncMethodHandler.java:62)
	at com.sun.xml.ws.client.sei.SEIStub.invoke(SEIStub.java:132)
	at jdk.proxy2/jdk.proxy2.$Proxy222.autorizacionComprobante(Unknown Source)
	at com.erp.sri_files.services.SendXmlToSriService.consultarAutorizacion(SendXmlToSriService.java:196)
	at com.erp.sri_files.services.SendXmlToSriService.consultarAutorizacion(SendXmlToSriService.java:180)
	at com.erp.sri_files.services.SriGateway.consultarAutorizacion(SriGateway.java:100)
	at com.erp.sri_files.scheduler.RecuperarDevueltasScheduler.recuperarFacturasDevueltas(RecuperarDevueltasScheduler.java:61)
	at java.base/jdk.internal.reflect.DirectMethodHandleAccessor.invoke(DirectMethodHandleAccessor.java:103)
	at java.base/java.lang.reflect.Method.invoke(Method.java:580)
	at org.springframework.scheduling.support.ScheduledMethodRunnable.runInternal(ScheduledMethodRunnable.java:130)
	at org.springframework.scheduling.support.ScheduledMethodRunnable.lambda$run$2(ScheduledMethodRunnable.java:124)
	at io.micrometer.observation.Observation.observe(Observation.java:498)
	at org.springframework.scheduling.support.ScheduledMethodRunnable.run(ScheduledMethodRunnable.java:124)
	at org.springframework.scheduling.config.Task$OutcomeTrackingRunnable.run(Task.java:85)
	at org.springframework.scheduling.support.DelegatingErrorHandlingRunnable.run(DelegatingErrorHandlingRunnable.java:54)
	at org.springframework.scheduling.concurrent.ReschedulingRunnable.run(ReschedulingRunnable.java:96)
	at java.base/java.util.concurrent.Executors$RunnableAdapter.call(Executors.java:572)
	at java.base/java.util.concurrent.FutureTask.run(FutureTask.java:317)
	at java.base/java.util.concurrent.ScheduledThreadPoolExecutor$ScheduledFutureTask.run(ScheduledThreadPoolExecutor.java:304)
	at java.base/java.util.concurrent.ThreadPoolExecutor.runWorker(ThreadPoolExecutor.java:1144)
	at java.base/java.util.concurrent.ThreadPoolExecutor$Worker.run(ThreadPoolExecutor.java:642)
	at java.base/java.lang.Thread.run(Thread.java:1583)
Caused by: javax.net.ssl.SSLHandshakeException: No subject alternative names matching IP address 181.113.227.222 found
	at java.base/sun.security.ssl.Alert.createSSLException(Alert.java:130)
	at java.base/sun.security.ssl.TransportContext.fatal(TransportContext.java:383)
	at java.base/sun.security.ssl.TransportContext.fatal(TransportContext.java:326)
	at java.base/sun.security.ssl.TransportContext.fatal(TransportContext.java:321)
	at java.base/sun.security.ssl.CertificateMessage$T12CertificateConsumer.checkServerCerts(CertificateMessage.java:647)
	at java.base/sun.security.ssl.CertificateMessage$T12CertificateConsumer.onCertificate(CertificateMessage.java:467)
	at java.base/sun.security.ssl.CertificateMessage$T12CertificateConsumer.consume(CertificateMessage.java:363)
	at java.base/sun.security.ssl.SSLHandshake.consume(SSLHandshake.java:393)
	at java.base/sun.security.ssl.HandshakeContext.dispatch(HandshakeContext.java:477)
	at java.base/sun.security.ssl.HandshakeContext.dispatch(HandshakeContext.java:448)
	at java.base/sun.security.ssl.TransportContext.dispatch(TransportContext.java:206)
	at java.base/sun.security.ssl.SSLTransport.decode(SSLTransport.java:172)
	at java.base/sun.security.ssl.SSLSocketImpl.decode(SSLSocketImpl.java:1506)
	at java.base/sun.security.ssl.SSLSocketImpl.readHandshakeRecord(SSLSocketImpl.java:1421)
	at java.base/sun.security.ssl.SSLSocketImpl.startHandshake(SSLSocketImpl.java:455)
	at java.base/sun.security.ssl.SSLSocketImpl.startHandshake(SSLSocketImpl.java:426)
	at java.base/sun.net.www.protocol.https.HttpsClient.afterConnect(HttpsClient.java:586)
	at java.base/sun.net.www.protocol.https.AbstractDelegateHttpsURLConnection.connect(AbstractDelegateHttpsURLConnection.java:187)
	at java.base/sun.net.www.protocol.http.HttpURLConnection.followRedirect0(HttpURLConnection.java:2914)
	at java.base/sun.net.www.protocol.http.HttpURLConnection.followRedirect(HttpURLConnection.java:2834)
	at java.base/sun.net.www.protocol.http.HttpURLConnection.getInputStream0(HttpURLConnection.java:1945)
	at java.base/sun.net.www.protocol.http.HttpURLConnection.getInputStream(HttpURLConnection.java:1615)
	at java.base/java.net.HttpURLConnection.getResponseCode(HttpURLConnection.java:531)
	at java.base/sun.net.www.protocol.https.HttpsURLConnectionImpl.getResponseCode(HttpsURLConnectionImpl.java:307)
	at com.sun.xml.ws.transport.http.client.HttpClientTransport.readResponseCodeAndMessage(HttpClientTransport.java:177)
	... 33 common frames omitted
Caused by: java.security.cert.CertificateException: No subject alternative names matching IP address 181.113.227.222 found
	at java.base/sun.security.util.HostnameChecker.matchIP(HostnameChecker.java:160)
	at java.base/sun.security.util.HostnameChecker.match(HostnameChecker.java:101)
	at java.base/sun.security.ssl.X509TrustManagerImpl.checkIdentity(X509TrustManagerImpl.java:466)
	at java.base/sun.security.ssl.X509TrustManagerImpl.checkIdentity(X509TrustManagerImpl.java:432)
	at java.base/sun.security.ssl.X509TrustManagerImpl.checkTrusted(X509TrustManagerImpl.java:237)
	at java.base/sun.security.ssl.X509TrustManagerImpl.checkServerTrusted(X509TrustManagerImpl.java:132)
	at java.base/sun.security.ssl.CertificateMessage$T12CertificateConsumer.checkServerCerts(CertificateMessage.java:631)
	... 53 common frames omitted
2026-08-25 23:35:13.313 [sri-files-scheduler-1] [] INFO  c.erp.sri_files.services.SriGateway - Consultando autorización SRI: 0412202501046002881000120010130004201601529713614 [requestId=null]
2026-08-25 23:35:13.378 [sri-files-scheduler-1] [] ERROR c.erp.sri_files.services.SriGateway - Error consultando autorización [requestId=null]
jakarta.xml.ws.WebServiceException: javax.net.ssl.SSLHandshakeException: No subject alternative names matching IP address 181.113.227.222 found
	at com.sun.xml.ws.transport.http.client.HttpClientTransport.readResponseCodeAndMessage(HttpClientTransport.java:181)
	at com.sun.xml.ws.transport.http.client.HttpTransportPipe.createResponsePacket(HttpTransportPipe.java:227)
	at com.sun.xml.ws.transport.http.client.HttpTransportPipe.process(HttpTransportPipe.java:218)
	at com.sun.xml.ws.transport.http.client.HttpTransportPipe.processRequest(HttpTransportPipe.java:131)
	at com.sun.xml.ws.transport.DeferredTransportPipe.processRequest(DeferredTransportPipe.java:111)
	at com.sun.xml.ws.api.pipe.Fiber.__doRun(Fiber.java:1106)
	at com.sun.xml.ws.api.pipe.Fiber._doRun(Fiber.java:1020)
	at com.sun.xml.ws.api.pipe.Fiber.doRun(Fiber.java:989)
	at com.sun.xml.ws.api.pipe.Fiber.runSync(Fiber.java:847)
	at com.sun.xml.ws.client.Stub.process(Stub.java:431)
	at com.sun.xml.ws.client.sei.SEIStub.doProcess(SEIStub.java:160)
	at com.sun.xml.ws.client.sei.SyncMethodHandler.invoke(SyncMethodHandler.java:78)
	at com.sun.xml.ws.client.sei.SyncMethodHandler.invoke(SyncMethodHandler.java:62)
	at com.sun.xml.ws.client.sei.SEIStub.invoke(SEIStub.java:132)
	at jdk.proxy2/jdk.proxy2.$Proxy222.autorizacionComprobante(Unknown Source)
	at com.erp.sri_files.services.SendXmlToSriService.consultarAutorizacion(SendXmlToSriService.java:196)
	at com.erp.sri_files.services.SendXmlToSriService.consultarAutorizacion(SendXmlToSriService.java:180)
	at com.erp.sri_files.services.SriGateway.consultarAutorizacion(SriGateway.java:100)
	at com.erp.sri_files.scheduler.RecuperarDevueltasScheduler.recuperarFacturasDevueltas(RecuperarDevueltasScheduler.java:61)
	at java.base/jdk.internal.reflect.DirectMethodHandleAccessor.invoke(DirectMethodHandleAccessor.java:103)
	at java.base/java.lang.reflect.Method.invoke(Method.java:580)
	at org.springframework.scheduling.support.ScheduledMethodRunnable.runInternal(ScheduledMethodRunnable.java:130)
	at org.springframework.scheduling.support.ScheduledMethodRunnable.lambda$run$2(ScheduledMethodRunnable.java:124)
	at io.micrometer.observation.Observation.observe(Observation.java:498)
	at org.springframework.scheduling.support.ScheduledMethodRunnable.run(ScheduledMethodRunnable.java:124)
	at org.springframework.scheduling.config.Task$OutcomeTrackingRunnable.run(Task.java:85)
	at org.springframework.scheduling.support.DelegatingErrorHandlingRunnable.run(DelegatingErrorHandlingRunnable.java:54)
	at org.springframework.scheduling.concurrent.ReschedulingRunnable.run(ReschedulingRunnable.java:96)
	at java.base/java.util.concurrent.Executors$RunnableAdapter.call(Executors.java:572)
	at java.base/java.util.concurrent.FutureTask.run(FutureTask.java:317)
	at java.base/java.util.concurrent.ScheduledThreadPoolExecutor$ScheduledFutureTask.run(ScheduledThreadPoolExecutor.java:304)
	at java.base/java.util.concurrent.ThreadPoolExecutor.runWorker(ThreadPoolExecutor.java:1144)
	at java.base/java.util.concurrent.ThreadPoolExecutor$Worker.run(ThreadPoolExecutor.java:642)
	at java.base/java.lang.Thread.run(Thread.java:1583)
Caused by: javax.net.ssl.SSLHandshakeException: No subject alternative names matching IP address 181.113.227.222 found
	at java.base/sun.security.ssl.Alert.createSSLException(Alert.java:130)
	at java.base/sun.security.ssl.TransportContext.fatal(TransportContext.java:383)
	at java.base/sun.security.ssl.TransportContext.fatal(TransportContext.java:326)
	at java.base/sun.security.ssl.TransportContext.fatal(TransportContext.java:321)
	at java.base/sun.security.ssl.CertificateMessage$T12CertificateConsumer.checkServerCerts(CertificateMessage.java:647)
	at java.base/sun.security.ssl.CertificateMessage$T12CertificateConsumer.onCertificate(CertificateMessage.java:467)
	at java.base/sun.security.ssl.CertificateMessage$T12CertificateConsumer.consume(CertificateMessage.java:363)
	at java.base/sun.security.ssl.SSLHandshake.consume(SSLHandshake.java:393)
	at java.base/sun.security.ssl.HandshakeContext.dispatch(HandshakeContext.java:477)
	at java.base/sun.security.ssl.HandshakeContext.dispatch(HandshakeContext.java:448)
	at java.base/sun.security.ssl.TransportContext.dispatch(TransportContext.java:206)
	at java.base/sun.security.ssl.SSLTransport.decode(SSLTransport.java:172)
	at java.base/sun.security.ssl.SSLSocketImpl.decode(SSLSocketImpl.java:1506)
	at java.base/sun.security.ssl.SSLSocketImpl.readHandshakeRecord(SSLSocketImpl.java:1421)
	at java.base/sun.security.ssl.SSLSocketImpl.startHandshake(SSLSocketImpl.java:455)
	at java.base/sun.security.ssl.SSLSocketImpl.startHandshake(SSLSocketImpl.java:426)
	at java.base/sun.net.www.protocol.https.HttpsClient.afterConnect(HttpsClient.java:586)
	at java.base/sun.net.www.protocol.https.AbstractDelegateHttpsURLConnection.connect(AbstractDelegateHttpsURLConnection.java:187)
	at java.base/sun.net.www.protocol.http.HttpURLConnection.followRedirect0(HttpURLConnection.java:2914)
	at java.base/sun.net.www.protocol.http.HttpURLConnection.followRedirect(HttpURLConnection.java:2834)
	at java.base/sun.net.www.protocol.http.HttpURLConnection.getInputStream0(HttpURLConnection.java:1945)
	at java.base/sun.net.www.protocol.http.HttpURLConnection.getInputStream(HttpURLConnection.java:1615)
	at java.base/java.net.HttpURLConnection.getResponseCode(HttpURLConnection.java:531)
	at java.base/sun.net.www.protocol.https.HttpsURLConnectionImpl.getResponseCode(HttpsURLConnectionImpl.java:307)
	at com.sun.xml.ws.transport.http.client.HttpClientTransport.readResponseCodeAndMessage(HttpClientTransport.java:177)
	... 33 common frames omitted
Caused by: java.security.cert.CertificateException: No subject alternative names matching IP address 181.113.227.222 found
	at java.base/sun.security.util.HostnameChecker.matchIP(HostnameChecker.java:160)
	at java.base/sun.security.util.HostnameChecker.match(HostnameChecker.java:101)
	at java.base/sun.security.ssl.X509TrustManagerImpl.checkIdentity(X509TrustManagerImpl.java:466)
	at java.base/sun.security.ssl.X509TrustManagerImpl.checkIdentity(X509TrustManagerImpl.java:432)
	at java.base/sun.security.ssl.X509TrustManagerImpl.checkTrusted(X509TrustManagerImpl.java:237)
	at java.base/sun.security.ssl.X509TrustManagerImpl.checkServerTrusted(X509TrustManagerImpl.java:132)
	at java.base/sun.security.ssl.CertificateMessage$T12CertificateConsumer.checkServerCerts(CertificateMessage.java:631)
	... 53 common frames omitted
2026-08-25 23:35:13.950 [sri-files-scheduler-1] [] INFO  c.erp.sri_files.services.SriGateway - Consultando autorización SRI: 0312202501046002881000120010110001735130874509313 [requestId=null]
2026-08-25 23:35:14.573 [sri-files-scheduler-1] [] INFO  c.erp.sri_files.services.SriGateway - Consultando autorización SRI: 0312202501046002881000120010110001736732767509411 [requestId=null]
2026-08-25 23:35:14.641 [sri-files-scheduler-1] [] ERROR c.erp.sri_files.services.SriGateway - Error consultando autorización [requestId=null]
jakarta.xml.ws.WebServiceException: javax.net.ssl.SSLHandshakeException: No subject alternative names matching IP address 181.113.227.222 found
	at com.sun.xml.ws.transport.http.client.HttpClientTransport.readResponseCodeAndMessage(HttpClientTransport.java:181)
	at com.sun.xml.ws.transport.http.client.HttpTransportPipe.createResponsePacket(HttpTransportPipe.java:227)
	at com.sun.xml.ws.transport.http.client.HttpTransportPipe.process(HttpTransportPipe.java:218)
	at com.sun.xml.ws.transport.http.client.HttpTransportPipe.processRequest(HttpTransportPipe.java:131)
	at com.sun.xml.ws.transport.DeferredTransportPipe.processRequest(DeferredTransportPipe.java:111)
	at com.sun.xml.ws.api.pipe.Fiber.__doRun(Fiber.java:1106)
	at com.sun.xml.ws.api.pipe.Fiber._doRun(Fiber.java:1020)
	at com.sun.xml.ws.api.pipe.Fiber.doRun(Fiber.java:989)
	at com.sun.xml.ws.api.pipe.Fiber.runSync(Fiber.java:847)
	at com.sun.xml.ws.client.Stub.process(Stub.java:431)
	at com.sun.xml.ws.client.sei.SEIStub.doProcess(SEIStub.java:160)
	at com.sun.xml.ws.client.sei.SyncMethodHandler.invoke(SyncMethodHandler.java:78)
	at com.sun.xml.ws.client.sei.SyncMethodHandler.invoke(SyncMethodHandler.java:62)
	at com.sun.xml.ws.client.sei.SEIStub.invoke(SEIStub.java:132)
	at jdk.proxy2/jdk.proxy2.$Proxy222.autorizacionComprobante(Unknown Source)
	at com.erp.sri_files.services.SendXmlToSriService.consultarAutorizacion(SendXmlToSriService.java:196)
	at com.erp.sri_files.services.SendXmlToSriService.consultarAutorizacion(SendXmlToSriService.java:180)
	at com.erp.sri_files.services.SriGateway.consultarAutorizacion(SriGateway.java:100)
	at com.erp.sri_files.scheduler.RecuperarDevueltasScheduler.recuperarFacturasDevueltas(RecuperarDevueltasScheduler.java:61)
	at java.base/jdk.internal.reflect.DirectMethodHandleAccessor.invoke(DirectMethodHandleAccessor.java:103)
	at java.base/java.lang.reflect.Method.invoke(Method.java:580)
	at org.springframework.scheduling.support.ScheduledMethodRunnable.runInternal(ScheduledMethodRunnable.java:130)
	at org.springframework.scheduling.support.ScheduledMethodRunnable.lambda$run$2(ScheduledMethodRunnable.java:124)
	at io.micrometer.observation.Observation.observe(Observation.java:498)
	at org.springframework.scheduling.support.ScheduledMethodRunnable.run(ScheduledMethodRunnable.java:124)
	at org.springframework.scheduling.config.Task$OutcomeTrackingRunnable.run(Task.java:85)
	at org.springframework.scheduling.support.DelegatingErrorHandlingRunnable.run(DelegatingErrorHandlingRunnable.java:54)
	at org.springframework.scheduling.concurrent.ReschedulingRunnable.run(ReschedulingRunnable.java:96)
	at java.base/java.util.concurrent.Executors$RunnableAdapter.call(Executors.java:572)
	at java.base/java.util.concurrent.FutureTask.run(FutureTask.java:317)
	at java.base/java.util.concurrent.ScheduledThreadPoolExecutor$ScheduledFutureTask.run(ScheduledThreadPoolExecutor.java:304)
	at java.base/java.util.concurrent.ThreadPoolExecutor.runWorker(ThreadPoolExecutor.java:1144)
	at java.base/java.util.concurrent.ThreadPoolExecutor$Worker.run(ThreadPoolExecutor.java:642)
	at java.base/java.lang.Thread.run(Thread.java:1583)
Caused by: javax.net.ssl.SSLHandshakeException: No subject alternative names matching IP address 181.113.227.222 found
	at java.base/sun.security.ssl.Alert.createSSLException(Alert.java:130)
	at java.base/sun.security.ssl.TransportContext.fatal(TransportContext.java:383)
	at java.base/sun.security.ssl.TransportContext.fatal(TransportContext.java:326)
	at java.base/sun.security.ssl.TransportContext.fatal(TransportContext.java:321)
	at java.base/sun.security.ssl.CertificateMessage$T12CertificateConsumer.checkServerCerts(CertificateMessage.java:647)
	at java.base/sun.security.ssl.CertificateMessage$T12CertificateConsumer.onCertificate(CertificateMessage.java:467)
	at java.base/sun.security.ssl.CertificateMessage$T12CertificateConsumer.consume(CertificateMessage.java:363)
	at java.base/sun.security.ssl.SSLHandshake.consume(SSLHandshake.java:393)
	at java.base/sun.security.ssl.HandshakeContext.dispatch(HandshakeContext.java:477)
	at java.base/sun.security.ssl.HandshakeContext.dispatch(HandshakeContext.java:448)
	at java.base/sun.security.ssl.TransportContext.dispatch(TransportContext.java:206)
	at java.base/sun.security.ssl.SSLTransport.decode(SSLTransport.java:172)
	at java.base/sun.security.ssl.SSLSocketImpl.decode(SSLSocketImpl.java:1506)
	at java.base/sun.security.ssl.SSLSocketImpl.readHandshakeRecord(SSLSocketImpl.java:1421)
	at java.base/sun.security.ssl.SSLSocketImpl.startHandshake(SSLSocketImpl.java:455)
	at java.base/sun.security.ssl.SSLSocketImpl.startHandshake(SSLSocketImpl.java:426)
	at java.base/sun.net.www.protocol.https.HttpsClient.afterConnect(HttpsClient.java:586)
	at java.base/sun.net.www.protocol.https.AbstractDelegateHttpsURLConnection.connect(AbstractDelegateHttpsURLConnection.java:187)
	at java.base/sun.net.www.protocol.http.HttpURLConnection.followRedirect0(HttpURLConnection.java:2914)
	at java.base/sun.net.www.protocol.http.HttpURLConnection.followRedirect(HttpURLConnection.java:2834)
	at java.base/sun.net.www.protocol.http.HttpURLConnection.getInputStream0(HttpURLConnection.java:1945)
	at java.base/sun.net.www.protocol.http.HttpURLConnection.getInputStream(HttpURLConnection.java:1615)
	at java.base/java.net.HttpURLConnection.getResponseCode(HttpURLConnection.java:531)
	at java.base/sun.net.www.protocol.https.HttpsURLConnectionImpl.getResponseCode(HttpsURLConnectionImpl.java:307)
	at com.sun.xml.ws.transport.http.client.HttpClientTransport.readResponseCodeAndMessage(HttpClientTransport.java:177)
	... 33 common frames omitted
Caused by: java.security.cert.CertificateException: No subject alternative names matching IP address 181.113.227.222 found
	at java.base/sun.security.util.HostnameChecker.matchIP(HostnameChecker.java:160)
	at java.base/sun.security.util.HostnameChecker.match(HostnameChecker.java:101)
	at java.base/sun.security.ssl.X509TrustManagerImpl.checkIdentity(X509TrustManagerImpl.java:466)
	at java.base/sun.security.ssl.X509TrustManagerImpl.checkIdentity(X509TrustManagerImpl.java:432)
	at java.base/sun.security.ssl.X509TrustManagerImpl.checkTrusted(X509TrustManagerImpl.java:237)
	at java.base/sun.security.ssl.X509TrustManagerImpl.checkServerTrusted(X509TrustManagerImpl.java:132)
	at java.base/sun.security.ssl.CertificateMessage$T12CertificateConsumer.checkServerCerts(CertificateMessage.java:631)
	... 53 common frames omitted
2026-08-25 23:35:15.188 [sri-files-scheduler-1] [] INFO  c.erp.sri_files.services.SriGateway - Consultando autorización SRI: 0312202501046002881000120010110001735227727483515 [requestId=null]
2026-08-25 23:35:15.797 [sri-files-scheduler-1] [] INFO  c.e.s.s.RecuperarDevueltasScheduler - [SCHEDULER] FIN recuperación devueltas | detectadas=20 | recuperadas=0 | pendientes=20 | fallidas=0 | duracionMs=15795
2026-08-25 23:36:00.000 [sri-files-scheduler-1] [] INFO  c.e.s.s.NuevoDocumentoScheduler - [SCHEDULER][V1] INICIO envío pendientes @ 2026-08-25T23:36:00.000992800
2026-08-25 23:36:00.000 [sri-files-scheduler-1] [] INFO  c.e.s.s.NuevoDocumentoScheduler - [SCHEDULER][V1] FIN envío | detectados=0 | exitosos=0 | fallidos=0 | duracionMs=0
2026-08-25 23:36:00.000 [sri-files-scheduler-1] [] INFO  c.e.s.services.EnvioSriBatchService - [SCHEDULER][sri-files-scheduler-1] INICIO automatizacionEnvioFacturasElectonicas @ 2026-08-25T23:36:00.000992800
2026-08-25 23:36:00.000 [sri-files-scheduler-1] [] INFO  c.e.s.services.EnvioSriBatchService - Ejecutando envio de facturas at=2026-08-25T23:36:00.000992800
2026-08-25 23:36:00.005 [sri-files-scheduler-4] [] INFO  c.e.s.batch.BatchJobScheduler - Batch automático ejecutado: tipo=CONSULTAR_AUTORIZACION uuid=787ef866-6b3e-4209-9b6c-f19ff21c01ab
2026-08-25 23:36:00.005 [sri-files-scheduler-3] [] INFO  c.e.s.batch.BatchJobScheduler - Batch automático ejecutado: tipo=ENVIAR_SRI uuid=3798ae0a-b1af-43bb-a838-be50b808bff3
2026-08-25 23:36:00.006 [task-131] [3798ae0a-b1af-43bb-a838-be50b808bff3] INFO  c.e.s.batch.BatchProcessorService - Iniciando batch job 3798ae0a-b1af-43bb-a838-be50b808bff3 tipo=ENVIAR_SRI [batchJob=3798ae0a-b1af-43bb-a838-be50b808bff3]
2026-08-25 23:36:00.006 [task-130] [787ef866-6b3e-4209-9b6c-f19ff21c01ab] INFO  c.e.s.batch.BatchProcessorService - Iniciando batch job 787ef866-6b3e-4209-9b6c-f19ff21c01ab tipo=CONSULTAR_AUTORIZACION [batchJob=787ef866-6b3e-4209-9b6c-f19ff21c01ab]
2026-08-25 23:36:00.007 [sri-files-scheduler-4] [] INFO  c.e.s.batch.BatchJobScheduler - Batch automático ejecutado: tipo=ENVIAR_CORREO uuid=aba4a798-a546-4731-99a7-7a86aa598262
2026-08-25 23:36:00.007 [task-130] [787ef866-6b3e-4209-9b6c-f19ff21c01ab] INFO  c.e.s.batch.BatchProcessorService - Documentos encontrados: 0 [batchJob=787ef866-6b3e-4209-9b6c-f19ff21c01ab]
2026-08-25 23:36:00.007 [task-131] [3798ae0a-b1af-43bb-a838-be50b808bff3] INFO  c.e.s.batch.BatchProcessorService - Documentos encontrados: 0 [batchJob=3798ae0a-b1af-43bb-a838-be50b808bff3]
2026-08-25 23:36:00.007 [task-130] [787ef866-6b3e-4209-9b6c-f19ff21c01ab] INFO  c.e.s.batch.BatchProcessorService - Batch job 787ef866-6b3e-4209-9b6c-f19ff21c01ab completado: Procesados: 0, Exitosos: 0, Fallidos: 0 [batchJob=787ef866-6b3e-4209-9b6c-f19ff21c01ab]
2026-08-25 23:36:00.007 [task-131] [3798ae0a-b1af-43bb-a838-be50b808bff3] INFO  c.e.s.batch.BatchProcessorService - Batch job 3798ae0a-b1af-43bb-a838-be50b808bff3 completado: Procesados: 0, Exitosos: 0, Fallidos: 0 [batchJob=3798ae0a-b1af-43bb-a838-be50b808bff3]
2026-08-25 23:36:00.008 [task-132] [aba4a798-a546-4731-99a7-7a86aa598262] INFO  c.e.s.batch.BatchProcessorService - Iniciando batch job aba4a798-a546-4731-99a7-7a86aa598262 tipo=ENVIAR_CORREO [batchJob=aba4a798-a546-4731-99a7-7a86aa598262]
2026-08-25 23:36:00.009 [task-132] [aba4a798-a546-4731-99a7-7a86aa598262] INFO  c.e.s.batch.BatchProcessorService - Documentos encontrados: 0 [batchJob=aba4a798-a546-4731-99a7-7a86aa598262]
2026-08-25 23:36:00.009 [task-132] [aba4a798-a546-4731-99a7-7a86aa598262] INFO  c.e.s.batch.BatchProcessorService - Batch job aba4a798-a546-4731-99a7-7a86aa598262 completado: Procesados: 0, Exitosos: 0, Fallidos: 0 [batchJob=aba4a798-a546-4731-99a7-7a86aa598262]
2026-08-25 23:36:01.321 [sri-files-scheduler-1] [] INFO  c.e.s.services.EnvioSriBatchService - No hay facturas pendientes estado=I
2026-08-25 23:36:01.321 [sri-files-scheduler-1] [] INFO  c.e.s.services.EnvioSriBatchService - [SCHEDULER][sri-files-scheduler-1] FIN automatizacionEnvioFacturasElectonicas | detectados=0 | exitosas=0 | fallidas=0 | duracionMs=1321
2026-08-25 23:36:30.001 [sri-files-scheduler-3] [] INFO  c.e.s.s.NuevoDocumentoScheduler - [SCHEDULER][V1] INICIO recuperación autorizaciones @ 2026-08-25T23:36:30.001619600
2026-08-25 23:36:30.002 [sri-files-scheduler-3] [] INFO  c.e.s.s.NuevoDocumentoScheduler - [SCHEDULER][V1] FIN recuperación | detectados=0 | autorizados=0 | pendientes=0 | duracionMs=1
2026-08-25 23:37:00.001 [sri-files-scheduler-1] [] INFO  c.e.s.s.NuevoDocumentoScheduler - [SCHEDULER][V1] INICIO envío pendientes @ 2026-08-25T23:37:00.001644500
2026-08-25 23:37:00.001 [sri-files-scheduler-4] [] INFO  c.e.s.services.EnvioSriBatchService - [SCHEDULER][sri-files-scheduler-4] INICIO automatizacionEnvioFacturasElectonicas @ 2026-08-25T23:37:00.001644500
2026-08-25 23:37:00.001 [sri-files-scheduler-4] [] INFO  c.e.s.services.EnvioSriBatchService - Ejecutando envio de facturas at=2026-08-25T23:37:00.001644500
2026-08-25 23:37:00.002 [sri-files-scheduler-1] [] INFO  c.e.s.s.NuevoDocumentoScheduler - [SCHEDULER][V1] FIN envío | detectados=0 | exitosos=0 | fallidos=0 | duracionMs=1
2026-08-25 23:37:01.233 [sri-files-scheduler-4] [] INFO  c.e.s.services.EnvioSriBatchService - No hay facturas pendientes estado=I
2026-08-25 23:37:01.233 [sri-files-scheduler-4] [] INFO  c.e.s.services.EnvioSriBatchService - [SCHEDULER][sri-files-scheduler-4] FIN automatizacionEnvioFacturasElectonicas | detectados=0 | exitosas=0 | fallidas=0 | duracionMs=1232
2026-08-25 23:38:00.001 [sri-files-scheduler-1] [] INFO  c.e.s.s.NuevoDocumentoScheduler - [SCHEDULER][V1] INICIO envío pendientes @ 2026-08-25T23:38:00.001454600
2026-08-25 23:38:00.001 [sri-files-scheduler-4] [] INFO  c.e.s.services.EnvioSriBatchService - [SCHEDULER][sri-files-scheduler-4] INICIO automatizacionEnvioFacturasElectonicas @ 2026-08-25T23:38:00.001454600
2026-08-25 23:38:00.001 [sri-files-scheduler-4] [] INFO  c.e.s.services.EnvioSriBatchService - Ejecutando envio de facturas at=2026-08-25T23:38:00.001454600
2026-08-25 23:38:00.002 [sri-files-scheduler-1] [] INFO  c.e.s.s.NuevoDocumentoScheduler - [SCHEDULER][V1] FIN envío | detectados=0 | exitosos=0 | fallidos=0 | duracionMs=1
2026-08-25 23:38:00.004 [sri-files-scheduler-3] [] INFO  c.e.s.batch.BatchJobScheduler - Batch automático ejecutado: tipo=ENVIAR_SRI uuid=91494666-9b3d-4e7b-8d0f-5fff0a8ab880
2026-08-25 23:38:00.006 [task-133] [91494666-9b3d-4e7b-8d0f-5fff0a8ab880] INFO  c.e.s.batch.BatchProcessorService - Iniciando batch job 91494666-9b3d-4e7b-8d0f-5fff0a8ab880 tipo=ENVIAR_SRI [batchJob=91494666-9b3d-4e7b-8d0f-5fff0a8ab880]
2026-08-25 23:38:00.007 [task-133] [91494666-9b3d-4e7b-8d0f-5fff0a8ab880] INFO  c.e.s.batch.BatchProcessorService - Documentos encontrados: 0 [batchJob=91494666-9b3d-4e7b-8d0f-5fff0a8ab880]
2026-08-25 23:38:00.007 [task-133] [91494666-9b3d-4e7b-8d0f-5fff0a8ab880] INFO  c.e.s.batch.BatchProcessorService - Batch job 91494666-9b3d-4e7b-8d0f-5fff0a8ab880 completado: Procesados: 0, Exitosos: 0, Fallidos: 0 [batchJob=91494666-9b3d-4e7b-8d0f-5fff0a8ab880]
2026-08-25 23:38:01.345 [sri-files-scheduler-4] [] INFO  c.e.s.services.EnvioSriBatchService - No hay facturas pendientes estado=I
2026-08-25 23:38:01.345 [sri-files-scheduler-4] [] INFO  c.e.s.services.EnvioSriBatchService - [SCHEDULER][sri-files-scheduler-4] FIN automatizacionEnvioFacturasElectonicas | detectados=0 | exitosas=0 | fallidas=0 | duracionMs=1344
2026-08-25 23:39:00.000 [sri-files-scheduler-1] [] INFO  c.e.s.s.NuevoDocumentoScheduler - [SCHEDULER][V1] INICIO envío pendientes @ 2026-08-25T23:39:00.000208300
2026-08-25 23:39:00.000 [sri-files-scheduler-1] [] INFO  c.e.s.s.NuevoDocumentoScheduler - [SCHEDULER][V1] FIN envío | detectados=0 | exitosos=0 | fallidos=0 | duracionMs=0
2026-08-25 23:39:00.001 [sri-files-scheduler-3] [] INFO  c.e.s.services.EnvioSriBatchService - [SCHEDULER][sri-files-scheduler-3] INICIO automatizacionEnvioFacturasElectonicas @ 2026-08-25T23:39:00.001613900
2026-08-25 23:39:00.001 [sri-files-scheduler-3] [] INFO  c.e.s.services.EnvioSriBatchService - Ejecutando envio de facturas at=2026-08-25T23:39:00.001613900
2026-08-25 23:39:00.004 [sri-files-scheduler-1] [] INFO  c.e.s.batch.BatchJobScheduler - Batch automático ejecutado: tipo=CONSULTAR_AUTORIZACION uuid=aefb6f90-1cd5-4d58-9131-8654dc8de231
2026-08-25 23:39:00.005 [task-134] [aefb6f90-1cd5-4d58-9131-8654dc8de231] INFO  c.e.s.batch.BatchProcessorService - Iniciando batch job aefb6f90-1cd5-4d58-9131-8654dc8de231 tipo=CONSULTAR_AUTORIZACION [batchJob=aefb6f90-1cd5-4d58-9131-8654dc8de231]
2026-08-25 23:39:00.006 [task-134] [aefb6f90-1cd5-4d58-9131-8654dc8de231] INFO  c.e.s.batch.BatchProcessorService - Documentos encontrados: 0 [batchJob=aefb6f90-1cd5-4d58-9131-8654dc8de231]
2026-08-25 23:39:00.006 [task-134] [aefb6f90-1cd5-4d58-9131-8654dc8de231] INFO  c.e.s.batch.BatchProcessorService - Batch job aefb6f90-1cd5-4d58-9131-8654dc8de231 completado: Procesados: 0, Exitosos: 0, Fallidos: 0 [batchJob=aefb6f90-1cd5-4d58-9131-8654dc8de231]
2026-08-25 23:39:01.261 [sri-files-scheduler-3] [] INFO  c.e.s.services.EnvioSriBatchService - No hay facturas pendientes estado=I
2026-08-25 23:39:01.262 [sri-files-scheduler-3] [] INFO  c.e.s.services.EnvioSriBatchService - [SCHEDULER][sri-files-scheduler-3] FIN automatizacionEnvioFacturasElectonicas | detectados=0 | exitosas=0 | fallidas=0 | duracionMs=1261
2026-08-25 23:39:30.001 [sri-files-scheduler-4] [] INFO  c.e.s.s.NuevoDocumentoScheduler - [SCHEDULER][V1] INICIO recuperación autorizaciones @ 2026-08-25T23:39:30.001205200
2026-08-25 23:39:30.003 [sri-files-scheduler-4] [] INFO  c.e.s.s.NuevoDocumentoScheduler - [SCHEDULER][V1] FIN recuperación | detectados=0 | autorizados=0 | pendientes=0 | duracionMs=2
2026-08-25 23:40:00.000 [sri-files-scheduler-3] [] INFO  c.e.s.services.EnvioSriBatchService - [SCHEDULER][sri-files-scheduler-3] INICIO automatizacionEnvioFacturasElectonicas @ 2026-08-25T23:40:00.000755100
2026-08-25 23:40:00.000 [sri-files-scheduler-3] [] INFO  c.e.s.services.EnvioSriBatchService - Ejecutando envio de facturas at=2026-08-25T23:40:00.000755100
2026-08-25 23:40:00.002 [sri-files-scheduler-1] [] INFO  c.e.s.s.RecuperarDevueltasScheduler - [SCHEDULER] INICIO recuperación facturas estado M @ 2026-08-25T23:40:00.002048700
2026-08-25 23:40:00.005 [sri-files-scheduler-4] [] INFO  c.e.s.batch.BatchJobScheduler - Batch automático ejecutado: tipo=ENVIAR_CORREO uuid=c43e8b10-b552-4ac7-9bd3-bf73c45064bd
2026-08-25 23:40:00.007 [sri-files-scheduler-4] [] INFO  c.e.s.batch.BatchJobScheduler - Batch automático ejecutado: tipo=REINTENTAR_FALLIDOS uuid=a6a750b6-137c-4afc-ae83-27c186cae4ef
2026-08-25 23:40:00.007 [task-135] [c43e8b10-b552-4ac7-9bd3-bf73c45064bd] INFO  c.e.s.batch.BatchProcessorService - Iniciando batch job c43e8b10-b552-4ac7-9bd3-bf73c45064bd tipo=ENVIAR_CORREO [batchJob=c43e8b10-b552-4ac7-9bd3-bf73c45064bd]
2026-08-25 23:40:00.008 [task-136] [a6a750b6-137c-4afc-ae83-27c186cae4ef] INFO  c.e.s.batch.BatchProcessorService - Iniciando batch job a6a750b6-137c-4afc-ae83-27c186cae4ef tipo=REINTENTAR_FALLIDOS [batchJob=a6a750b6-137c-4afc-ae83-27c186cae4ef]
2026-08-25 23:40:00.008 [task-135] [c43e8b10-b552-4ac7-9bd3-bf73c45064bd] INFO  c.e.s.batch.BatchProcessorService - Documentos encontrados: 0 [batchJob=c43e8b10-b552-4ac7-9bd3-bf73c45064bd]
2026-08-25 23:40:00.008 [sri-files-scheduler-4] [] INFO  c.e.s.batch.BatchJobScheduler - Batch automático ejecutado: tipo=ENVIAR_SRI uuid=c05a0019-f86a-4d4f-a9ae-d746eb6d123c
2026-08-25 23:40:00.008 [task-135] [c43e8b10-b552-4ac7-9bd3-bf73c45064bd] INFO  c.e.s.batch.BatchProcessorService - Batch job c43e8b10-b552-4ac7-9bd3-bf73c45064bd completado: Procesados: 0, Exitosos: 0, Fallidos: 0 [batchJob=c43e8b10-b552-4ac7-9bd3-bf73c45064bd]
2026-08-25 23:40:00.009 [sri-files-scheduler-4] [] INFO  c.e.s.s.NuevoDocumentoScheduler - [SCHEDULER][V1] INICIO envío pendientes @ 2026-08-25T23:40:00.009385100
2026-08-25 23:40:00.009 [task-136] [a6a750b6-137c-4afc-ae83-27c186cae4ef] INFO  c.e.s.batch.BatchProcessorService - Documentos encontrados: 0 [batchJob=a6a750b6-137c-4afc-ae83-27c186cae4ef]
2026-08-25 23:40:00.009 [task-137] [c05a0019-f86a-4d4f-a9ae-d746eb6d123c] INFO  c.e.s.batch.BatchProcessorService - Iniciando batch job c05a0019-f86a-4d4f-a9ae-d746eb6d123c tipo=ENVIAR_SRI [batchJob=c05a0019-f86a-4d4f-a9ae-d746eb6d123c]
2026-08-25 23:40:00.009 [task-136] [a6a750b6-137c-4afc-ae83-27c186cae4ef] INFO  c.e.s.batch.BatchProcessorService - Batch job a6a750b6-137c-4afc-ae83-27c186cae4ef completado: Procesados: 0, Exitosos: 0, Fallidos: 0 [batchJob=a6a750b6-137c-4afc-ae83-27c186cae4ef]
2026-08-25 23:40:00.010 [task-137] [c05a0019-f86a-4d4f-a9ae-d746eb6d123c] INFO  c.e.s.batch.BatchProcessorService - Documentos encontrados: 0 [batchJob=c05a0019-f86a-4d4f-a9ae-d746eb6d123c]
2026-08-25 23:40:00.010 [task-137] [c05a0019-f86a-4d4f-a9ae-d746eb6d123c] INFO  c.e.s.batch.BatchProcessorService - Batch job c05a0019-f86a-4d4f-a9ae-d746eb6d123c completado: Procesados: 0, Exitosos: 0, Fallidos: 0 [batchJob=c05a0019-f86a-4d4f-a9ae-d746eb6d123c]
2026-08-25 23:40:00.021 [sri-files-scheduler-4] [] INFO  c.e.s.s.NuevoDocumentoScheduler - [SCHEDULER][V1] FIN envío | detectados=0 | exitosos=0 | fallidos=0 | duracionMs=12
2026-08-25 23:40:00.906 [sri-files-scheduler-1] [] INFO  c.erp.sri_files.services.SriGateway - Consultando autorización SRI: 0312202501046002881000120010110001735214014047516 [requestId=null]
2026-08-25 23:40:01.346 [sri-files-scheduler-3] [] INFO  c.e.s.services.EnvioSriBatchService - No hay facturas pendientes estado=I
2026-08-25 23:40:01.346 [sri-files-scheduler-3] [] INFO  c.e.s.services.EnvioSriBatchService - [SCHEDULER][sri-files-scheduler-3] FIN automatizacionEnvioFacturasElectonicas | detectados=0 | exitosas=0 | fallidas=0 | duracionMs=1346
2026-08-25 23:40:01.930 [sri-files-scheduler-1] [] INFO  c.erp.sri_files.services.SriGateway - Consultando autorización SRI: 0112202501046002881000120020180003242138254549712 [requestId=null]
2026-08-25 23:40:02.770 [sri-files-scheduler-1] [] INFO  c.erp.sri_files.services.SriGateway - Consultando autorización SRI: 0212202501046002881000120010130004194454654490118 [requestId=null]
2026-08-25 23:40:03.597 [sri-files-scheduler-1] [] INFO  c.erp.sri_files.services.SriGateway - Consultando autorización SRI: 0312202501046002881000120010380000576620908695817 [requestId=null]
2026-08-25 23:40:04.359 [sri-files-scheduler-1] [] INFO  c.erp.sri_files.services.SriGateway - Consultando autorización SRI: 0212202501046002881000120010380000572374581652612 [requestId=null]
2026-08-25 23:40:05.106 [sri-files-scheduler-1] [] INFO  c.erp.sri_files.services.SriGateway - Consultando autorización SRI: 2711202501046002881000120020180003238742994842010 [requestId=null]
2026-08-25 23:40:05.836 [sri-files-scheduler-1] [] INFO  c.erp.sri_files.services.SriGateway - Consultando autorización SRI: 0412202501046002881000120020180003246795838132316 [requestId=null]
2026-08-25 23:40:06.521 [sri-files-scheduler-1] [] INFO  c.erp.sri_files.services.SriGateway - Consultando autorización SRI: 1901202601046002881000120020320000034059854428011 [requestId=null]
2026-08-25 23:40:07.229 [sri-files-scheduler-1] [] INFO  c.erp.sri_files.services.SriGateway - Consultando autorización SRI: 0312202501046002881000120020180003244879765497210 [requestId=null]
2026-08-25 23:40:07.968 [sri-files-scheduler-1] [] INFO  c.erp.sri_files.services.SriGateway - Consultando autorización SRI: 0412202501046002881000120020180003246341703692612 [requestId=null]
2026-08-25 23:40:08.694 [sri-files-scheduler-1] [] INFO  c.erp.sri_files.services.SriGateway - Consultando autorización SRI: 0212202501046002881000120020180003243331987216410 [requestId=null]
2026-08-25 23:40:09.403 [sri-files-scheduler-1] [] INFO  c.erp.sri_files.services.SriGateway - Consultando autorización SRI: 0301202601046002881000120010250000600630892565513 [requestId=null]
2026-08-25 23:40:10.449 [sri-files-scheduler-1] [] INFO  c.erp.sri_files.services.SriGateway - Consultando autorización SRI: 0301202601046002881000120010250000600641155196010 [requestId=null]
2026-08-25 23:40:11.563 [sri-files-scheduler-1] [] INFO  c.erp.sri_files.services.SriGateway - Consultando autorización SRI: 0202202601046002881000120010110001798107314478814 [requestId=null]
2026-08-25 23:40:12.092 [sri-files-scheduler-1] [] INFO  c.erp.sri_files.services.SriGateway - Consultando autorización SRI: 0212202501046002881000120010110001733989096324911 [requestId=null]
2026-08-25 23:40:12.629 [sri-files-scheduler-1] [] INFO  c.erp.sri_files.services.SriGateway - Consultando autorización SRI: 0312202501046002881000120010130004196925590843611 [requestId=null]
2026-08-25 23:40:13.239 [sri-files-scheduler-1] [] INFO  c.erp.sri_files.services.SriGateway - Consultando autorización SRI: 0412202501046002881000120010130004201601529713614 [requestId=null]
2026-08-25 23:40:13.810 [sri-files-scheduler-1] [] INFO  c.erp.sri_files.services.SriGateway - Consultando autorización SRI: 0312202501046002881000120010110001735130874509313 [requestId=null]
2026-08-25 23:40:14.342 [sri-files-scheduler-1] [] INFO  c.erp.sri_files.services.SriGateway - Consultando autorización SRI: 0312202501046002881000120010110001736732767509411 [requestId=null]
2026-08-25 23:40:15.028 [sri-files-scheduler-1] [] INFO  c.erp.sri_files.services.SriGateway - Consultando autorización SRI: 0312202501046002881000120010110001735227727483515 [requestId=null]
2026-08-25 23:40:15.572 [sri-files-scheduler-1] [] INFO  c.e.s.s.RecuperarDevueltasScheduler - [SCHEDULER] FIN recuperación devueltas | detectadas=20 | recuperadas=0 | pendientes=20 | fallidas=0 | duracionMs=15570
2026-08-25 23:41:00.001 [sri-files-scheduler-4] [] INFO  c.e.s.s.NuevoDocumentoScheduler - [SCHEDULER][V1] INICIO envío pendientes @ 2026-08-25T23:41:00.001108100
2026-08-25 23:41:00.001 [sri-files-scheduler-3] [] INFO  c.e.s.services.EnvioSriBatchService - [SCHEDULER][sri-files-scheduler-3] INICIO automatizacionEnvioFacturasElectonicas @ 2026-08-25T23:41:00.001108100
2026-08-25 23:41:00.002 [sri-files-scheduler-3] [] INFO  c.e.s.services.EnvioSriBatchService - Ejecutando envio de facturas at=2026-08-25T23:41:00.002112
2026-08-25 23:41:00.003 [sri-files-scheduler-4] [] INFO  c.e.s.s.NuevoDocumentoScheduler - [SCHEDULER][V1] FIN envío | detectados=0 | exitosos=0 | fallidos=0 | duracionMs=2
2026-08-25 23:41:01.337 [sri-files-scheduler-3] [] INFO  c.e.s.services.EnvioSriBatchService - No hay facturas pendientes estado=I
2026-08-25 23:41:01.337 [sri-files-scheduler-3] [] INFO  c.e.s.services.EnvioSriBatchService - [SCHEDULER][sri-files-scheduler-3] FIN automatizacionEnvioFacturasElectonicas | detectados=0 | exitosas=0 | fallidas=0 | duracionMs=1336
2026-08-25 23:42:00.001 [sri-files-scheduler-4] [] INFO  c.e.s.s.NuevoDocumentoScheduler - [SCHEDULER][V1] INICIO envío pendientes @ 2026-08-25T23:42:00.001478700
2026-08-25 23:42:00.002 [sri-files-scheduler-4] [] INFO  c.e.s.s.NuevoDocumentoScheduler - [SCHEDULER][V1] FIN envío | detectados=0 | exitosos=0 | fallidos=0 | duracionMs=1
2026-08-25 23:42:00.002 [sri-files-scheduler-4] [] INFO  c.e.s.services.EnvioSriBatchService - [SCHEDULER][sri-files-scheduler-4] INICIO automatizacionEnvioFacturasElectonicas @ 2026-08-25T23:42:00.002849700
2026-08-25 23:42:00.002 [sri-files-scheduler-4] [] INFO  c.e.s.services.EnvioSriBatchService - Ejecutando envio de facturas at=2026-08-25T23:42:00.002849700
2026-08-25 23:42:00.007 [sri-files-scheduler-1] [] INFO  c.e.s.batch.BatchJobScheduler - Batch automático ejecutado: tipo=CONSULTAR_AUTORIZACION uuid=794f74ee-36e2-4eef-af80-e617669ca883
2026-08-25 23:42:00.007 [sri-files-scheduler-3] [] INFO  c.e.s.batch.BatchJobScheduler - Batch automático ejecutado: tipo=ENVIAR_SRI uuid=92251f44-0f50-4d35-8f19-4a36548f9814
2026-08-25 23:42:00.008 [task-139] [794f74ee-36e2-4eef-af80-e617669ca883] INFO  c.e.s.batch.BatchProcessorService - Iniciando batch job 794f74ee-36e2-4eef-af80-e617669ca883 tipo=CONSULTAR_AUTORIZACION [batchJob=794f74ee-36e2-4eef-af80-e617669ca883]
2026-08-25 23:42:00.010 [task-139] [794f74ee-36e2-4eef-af80-e617669ca883] INFO  c.e.s.batch.BatchProcessorService - Documentos encontrados: 0 [batchJob=794f74ee-36e2-4eef-af80-e617669ca883]
2026-08-25 23:42:00.010 [task-139] [794f74ee-36e2-4eef-af80-e617669ca883] INFO  c.e.s.batch.BatchProcessorService - Batch job 794f74ee-36e2-4eef-af80-e617669ca883 completado: Procesados: 0, Exitosos: 0, Fallidos: 0 [batchJob=794f74ee-36e2-4eef-af80-e617669ca883]
2026-08-25 23:42:00.010 [task-138] [92251f44-0f50-4d35-8f19-4a36548f9814] INFO  c.e.s.batch.BatchProcessorService - Iniciando batch job 92251f44-0f50-4d35-8f19-4a36548f9814 tipo=ENVIAR_SRI [batchJob=92251f44-0f50-4d35-8f19-4a36548f9814]
2026-08-25 23:42:00.012 [task-138] [92251f44-0f50-4d35-8f19-4a36548f9814] INFO  c.e.s.batch.BatchProcessorService - Documentos encontrados: 0 [batchJob=92251f44-0f50-4d35-8f19-4a36548f9814]
2026-08-25 23:42:00.012 [task-138] [92251f44-0f50-4d35-8f19-4a36548f9814] INFO  c.e.s.batch.BatchProcessorService - Batch job 92251f44-0f50-4d35-8f19-4a36548f9814 completado: Procesados: 0, Exitosos: 0, Fallidos: 0 [batchJob=92251f44-0f50-4d35-8f19-4a36548f9814]
2026-08-25 23:42:01.432 [sri-files-scheduler-4] [] INFO  c.e.s.services.EnvioSriBatchService - No hay facturas pendientes estado=I
2026-08-25 23:42:01.432 [sri-files-scheduler-4] [] INFO  c.e.s.services.EnvioSriBatchService - [SCHEDULER][sri-files-scheduler-4] FIN automatizacionEnvioFacturasElectonicas | detectados=0 | exitosas=0 | fallidas=0 | duracionMs=1430
2026-08-25 23:42:30.001 [sri-files-scheduler-1] [] INFO  c.e.s.s.NuevoDocumentoScheduler - [SCHEDULER][V1] INICIO recuperación autorizaciones @ 2026-08-25T23:42:30.001745500
2026-08-25 23:42:30.003 [sri-files-scheduler-1] [] INFO  c.e.s.s.NuevoDocumentoScheduler - [SCHEDULER][V1] FIN recuperación | detectados=0 | autorizados=0 | pendientes=0 | duracionMs=2
2026-08-25 23:43:00.000 [sri-files-scheduler-4] [] INFO  c.e.s.s.NuevoDocumentoScheduler - [SCHEDULER][V1] INICIO envío pendientes @ 2026-08-25T23:43:00.000780600
2026-08-25 23:43:00.000 [sri-files-scheduler-3] [] INFO  c.e.s.services.EnvioSriBatchService - [SCHEDULER][sri-files-scheduler-3] INICIO automatizacionEnvioFacturasElectonicas @ 2026-08-25T23:43:00.000780600
2026-08-25 23:43:00.000 [sri-files-scheduler-3] [] INFO  c.e.s.services.EnvioSriBatchService - Ejecutando envio de facturas at=2026-08-25T23:43:00.000780600
2026-08-25 23:43:00.001 [sri-files-scheduler-4] [] INFO  c.e.s.s.NuevoDocumentoScheduler - [SCHEDULER][V1] FIN envío | detectados=0 | exitosos=0 | fallidos=0 | duracionMs=1
2026-08-25 23:43:01.289 [sri-files-scheduler-3] [] INFO  c.e.s.services.EnvioSriBatchService - No hay facturas pendientes estado=I
2026-08-25 23:43:01.290 [sri-files-scheduler-3] [] INFO  c.e.s.services.EnvioSriBatchService - [SCHEDULER][sri-files-scheduler-3] FIN automatizacionEnvioFacturasElectonicas | detectados=0 | exitosas=0 | fallidas=0 | duracionMs=1290
2026-08-25 23:44:00.000 [sri-files-scheduler-3] [] INFO  c.e.s.services.EnvioSriBatchService - [SCHEDULER][sri-files-scheduler-3] INICIO automatizacionEnvioFacturasElectonicas @ 2026-08-25T23:44:00.000498500
2026-08-25 23:44:00.000 [sri-files-scheduler-3] [] INFO  c.e.s.services.EnvioSriBatchService - Ejecutando envio de facturas at=2026-08-25T23:44:00.000498500
2026-08-25 23:44:00.005 [sri-files-scheduler-1] [] INFO  c.e.s.batch.BatchJobScheduler - Batch automático ejecutado: tipo=ENVIAR_CORREO uuid=d39aff38-83cd-4bd1-8776-4b87b4418455
2026-08-25 23:44:00.006 [sri-files-scheduler-1] [] INFO  c.e.s.s.NuevoDocumentoScheduler - [SCHEDULER][V1] INICIO envío pendientes @ 2026-08-25T23:44:00.006496800
2026-08-25 23:44:00.007 [task-140] [d39aff38-83cd-4bd1-8776-4b87b4418455] INFO  c.e.s.batch.BatchProcessorService - Iniciando batch job d39aff38-83cd-4bd1-8776-4b87b4418455 tipo=ENVIAR_CORREO [batchJob=d39aff38-83cd-4bd1-8776-4b87b4418455]
2026-08-25 23:44:00.007 [sri-files-scheduler-1] [] INFO  c.e.s.s.NuevoDocumentoScheduler - [SCHEDULER][V1] FIN envío | detectados=0 | exitosos=0 | fallidos=0 | duracionMs=1
2026-08-25 23:44:00.009 [task-140] [d39aff38-83cd-4bd1-8776-4b87b4418455] INFO  c.e.s.batch.BatchProcessorService - Documentos encontrados: 0 [batchJob=d39aff38-83cd-4bd1-8776-4b87b4418455]
2026-08-25 23:44:00.009 [task-140] [d39aff38-83cd-4bd1-8776-4b87b4418455] INFO  c.e.s.batch.BatchProcessorService - Batch job d39aff38-83cd-4bd1-8776-4b87b4418455 completado: Procesados: 0, Exitosos: 0, Fallidos: 0 [batchJob=d39aff38-83cd-4bd1-8776-4b87b4418455]
2026-08-25 23:44:00.009 [sri-files-scheduler-4] [] INFO  c.e.s.batch.BatchJobScheduler - Batch automático ejecutado: tipo=ENVIAR_SRI uuid=87271b61-0d25-4817-ab80-58e407e7f428
2026-08-25 23:44:00.011 [task-141] [87271b61-0d25-4817-ab80-58e407e7f428] INFO  c.e.s.batch.BatchProcessorService - Iniciando batch job 87271b61-0d25-4817-ab80-58e407e7f428 tipo=ENVIAR_SRI [batchJob=87271b61-0d25-4817-ab80-58e407e7f428]
2026-08-25 23:44:00.013 [task-141] [87271b61-0d25-4817-ab80-58e407e7f428] INFO  c.e.s.batch.BatchProcessorService - Documentos encontrados: 0 [batchJob=87271b61-0d25-4817-ab80-58e407e7f428]
2026-08-25 23:44:00.013 [task-141] [87271b61-0d25-4817-ab80-58e407e7f428] INFO  c.e.s.batch.BatchProcessorService - Batch job 87271b61-0d25-4817-ab80-58e407e7f428 completado: Procesados: 0, Exitosos: 0, Fallidos: 0 [batchJob=87271b61-0d25-4817-ab80-58e407e7f428]
2026-08-25 23:44:01.298 [sri-files-scheduler-3] [] INFO  c.e.s.services.EnvioSriBatchService - No hay facturas pendientes estado=I
2026-08-25 23:44:01.298 [sri-files-scheduler-3] [] INFO  c.e.s.services.EnvioSriBatchService - [SCHEDULER][sri-files-scheduler-3] FIN automatizacionEnvioFacturasElectonicas | detectados=0 | exitosas=0 | fallidas=0 | duracionMs=1298
2026-08-25 23:45:00.000 [sri-files-scheduler-3] [] INFO  c.e.s.services.EnvioSriBatchService - [SCHEDULER][sri-files-scheduler-3] INICIO automatizacionEnvioFacturasElectonicas @ 2026-08-25T23:45:00.000417200
2026-08-25 23:45:00.000 [sri-files-scheduler-3] [] INFO  c.e.s.services.EnvioSriBatchService - Ejecutando envio de facturas at=2026-08-25T23:45:00.000417200
2026-08-25 23:45:00.005 [sri-files-scheduler-1] [] INFO  c.e.s.batch.BatchJobScheduler - Batch automático ejecutado: tipo=CONSULTAR_AUTORIZACION uuid=ce391aaa-1fb7-46c2-b253-9a28ae10d20a
2026-08-25 23:45:00.005 [sri-files-scheduler-1] [] INFO  c.e.s.s.RecuperarDevueltasScheduler - [SCHEDULER] INICIO recuperación facturas estado M @ 2026-08-25T23:45:00.005435800
2026-08-25 23:45:00.005 [sri-files-scheduler-4] [] INFO  c.e.s.batch.BatchJobScheduler - Batch automático ejecutado: tipo=REINTENTAR_FALLIDOS uuid=f7edc4b8-dc43-47d7-a5c7-52a39bc77b9f
2026-08-25 23:45:00.006 [sri-files-scheduler-4] [] INFO  c.e.s.s.NuevoDocumentoScheduler - [SCHEDULER][V1] INICIO envío pendientes @ 2026-08-25T23:45:00.006436700
2026-08-25 23:45:00.006 [task-143] [f7edc4b8-dc43-47d7-a5c7-52a39bc77b9f] INFO  c.e.s.batch.BatchProcessorService - Iniciando batch job f7edc4b8-dc43-47d7-a5c7-52a39bc77b9f tipo=REINTENTAR_FALLIDOS [batchJob=f7edc4b8-dc43-47d7-a5c7-52a39bc77b9f]
2026-08-25 23:45:00.007 [sri-files-scheduler-4] [] INFO  c.e.s.s.NuevoDocumentoScheduler - [SCHEDULER][V1] FIN envío | detectados=0 | exitosos=0 | fallidos=0 | duracionMs=1
2026-08-25 23:45:00.008 [task-143] [f7edc4b8-dc43-47d7-a5c7-52a39bc77b9f] INFO  c.e.s.batch.BatchProcessorService - Documentos encontrados: 0 [batchJob=f7edc4b8-dc43-47d7-a5c7-52a39bc77b9f]
2026-08-25 23:45:00.008 [task-142] [ce391aaa-1fb7-46c2-b253-9a28ae10d20a] INFO  c.e.s.batch.BatchProcessorService - Iniciando batch job ce391aaa-1fb7-46c2-b253-9a28ae10d20a tipo=CONSULTAR_AUTORIZACION [batchJob=ce391aaa-1fb7-46c2-b253-9a28ae10d20a]
2026-08-25 23:45:00.008 [task-143] [f7edc4b8-dc43-47d7-a5c7-52a39bc77b9f] INFO  c.e.s.batch.BatchProcessorService - Batch job f7edc4b8-dc43-47d7-a5c7-52a39bc77b9f completado: Procesados: 0, Exitosos: 0, Fallidos: 0 [batchJob=f7edc4b8-dc43-47d7-a5c7-52a39bc77b9f]
2026-08-25 23:45:00.009 [task-142] [ce391aaa-1fb7-46c2-b253-9a28ae10d20a] INFO  c.e.s.batch.BatchProcessorService - Documentos encontrados: 0 [batchJob=ce391aaa-1fb7-46c2-b253-9a28ae10d20a]
2026-08-25 23:45:00.009 [task-142] [ce391aaa-1fb7-46c2-b253-9a28ae10d20a] INFO  c.e.s.batch.BatchProcessorService - Batch job ce391aaa-1fb7-46c2-b253-9a28ae10d20a completado: Procesados: 0, Exitosos: 0, Fallidos: 0 [batchJob=ce391aaa-1fb7-46c2-b253-9a28ae10d20a]
2026-08-25 23:45:00.895 [sri-files-scheduler-1] [] INFO  c.erp.sri_files.services.SriGateway - Consultando autorización SRI: 0312202501046002881000120010110001735214014047516 [requestId=null]
2026-08-25 23:45:01.331 [sri-files-scheduler-3] [] INFO  c.e.s.services.EnvioSriBatchService - No hay facturas pendientes estado=I
2026-08-25 23:45:01.332 [sri-files-scheduler-3] [] INFO  c.e.s.services.EnvioSriBatchService - [SCHEDULER][sri-files-scheduler-3] FIN automatizacionEnvioFacturasElectonicas | detectados=0 | exitosas=0 | fallidas=0 | duracionMs=1332
2026-08-25 23:45:01.734 [sri-files-scheduler-1] [] WARN  c.e.s.s.RecuperarDevueltasScheduler - Factura 2782591 superó máximo de intentos (5)
2026-08-25 23:45:02.493 [sri-files-scheduler-1] [] INFO  c.erp.sri_files.services.SriGateway - Consultando autorización SRI: 0112202501046002881000120020180003242138254549712 [requestId=null]
2026-08-25 23:45:03.353 [sri-files-scheduler-1] [] WARN  c.e.s.s.RecuperarDevueltasScheduler - Factura 2785207 superó máximo de intentos (5)
2026-08-25 23:45:04.158 [sri-files-scheduler-1] [] INFO  c.erp.sri_files.services.SriGateway - Consultando autorización SRI: 0212202501046002881000120010130004194454654490118 [requestId=null]
2026-08-25 23:45:04.883 [sri-files-scheduler-1] [] WARN  c.e.s.s.RecuperarDevueltasScheduler - Factura 2785535 superó máximo de intentos (5)
2026-08-25 23:45:05.528 [sri-files-scheduler-1] [] INFO  c.erp.sri_files.services.SriGateway - Consultando autorización SRI: 0312202501046002881000120010380000576620908695817 [requestId=null]
2026-08-25 23:45:06.259 [sri-files-scheduler-1] [] WARN  c.e.s.s.RecuperarDevueltasScheduler - Factura 2786183 superó máximo de intentos (5)
2026-08-25 23:45:06.975 [sri-files-scheduler-1] [] INFO  c.erp.sri_files.services.SriGateway - Consultando autorización SRI: 0212202501046002881000120010380000572374581652612 [requestId=null]
2026-08-25 23:45:07.772 [sri-files-scheduler-1] [] WARN  c.e.s.s.RecuperarDevueltasScheduler - Factura 2786695 superó máximo de intentos (5)
2026-08-25 23:45:08.485 [sri-files-scheduler-1] [] INFO  c.erp.sri_files.services.SriGateway - Consultando autorización SRI: 2711202501046002881000120020180003238742994842010 [requestId=null]
2026-08-25 23:45:09.205 [sri-files-scheduler-1] [] WARN  c.e.s.s.RecuperarDevueltasScheduler - Factura 2786919 superó máximo de intentos (5)
2026-08-25 23:45:09.726 [sri-files-scheduler-1] [] INFO  c.erp.sri_files.services.SriGateway - Consultando autorización SRI: 0412202501046002881000120020180003246795838132316 [requestId=null]
2026-08-25 23:45:10.324 [sri-files-scheduler-1] [] WARN  c.e.s.s.RecuperarDevueltasScheduler - Factura 2788329 superó máximo de intentos (5)
2026-08-25 23:45:10.809 [sri-files-scheduler-1] [] INFO  c.erp.sri_files.services.SriGateway - Consultando autorización SRI: 1901202601046002881000120020320000034059854428011 [requestId=null]
2026-08-25 23:45:11.561 [sri-files-scheduler-1] [] WARN  c.e.s.s.RecuperarDevueltasScheduler - Factura 2791375 superó máximo de intentos (5)
2026-08-25 23:45:12.121 [sri-files-scheduler-1] [] INFO  c.erp.sri_files.services.SriGateway - Consultando autorización SRI: 0312202501046002881000120020180003244879765497210 [requestId=null]
2026-08-25 23:45:12.717 [sri-files-scheduler-1] [] WARN  c.e.s.s.RecuperarDevueltasScheduler - Factura 2792255 superó máximo de intentos (5)
2026-08-25 23:45:13.287 [sri-files-scheduler-1] [] INFO  c.erp.sri_files.services.SriGateway - Consultando autorización SRI: 0412202501046002881000120020180003246341703692612 [requestId=null]
2026-08-25 23:45:13.887 [sri-files-scheduler-1] [] WARN  c.e.s.s.RecuperarDevueltasScheduler - Factura 2794860 superó máximo de intentos (5)
2026-08-25 23:45:14.508 [sri-files-scheduler-1] [] INFO  c.erp.sri_files.services.SriGateway - Consultando autorización SRI: 0212202501046002881000120020180003243331987216410 [requestId=null]
2026-08-25 23:45:15.107 [sri-files-scheduler-1] [] WARN  c.e.s.s.RecuperarDevueltasScheduler - Factura 2795353 superó máximo de intentos (5)
2026-08-25 23:45:15.743 [sri-files-scheduler-1] [] INFO  c.erp.sri_files.services.SriGateway - Consultando autorización SRI: 0301202601046002881000120010250000600630892565513 [requestId=null]
2026-08-25 23:45:16.908 [sri-files-scheduler-1] [] WARN  c.e.s.s.RecuperarDevueltasScheduler - Factura 2795803 superó máximo de intentos (5)
2026-08-25 23:45:17.855 [sri-files-scheduler-1] [] INFO  c.erp.sri_files.services.SriGateway - Consultando autorización SRI: 0301202601046002881000120010250000600641155196010 [requestId=null]
2026-08-25 23:45:19.072 [sri-files-scheduler-1] [] WARN  c.e.s.s.RecuperarDevueltasScheduler - Factura 2795804 superó máximo de intentos (5)
2026-08-25 23:45:20.106 [sri-files-scheduler-1] [] INFO  c.erp.sri_files.services.SriGateway - Consultando autorización SRI: 0202202601046002881000120010110001798107314478814 [requestId=null]
2026-08-25 23:45:20.745 [sri-files-scheduler-1] [] WARN  c.e.s.s.RecuperarDevueltasScheduler - Factura 2795845 superó máximo de intentos (5)
2026-08-25 23:45:21.366 [sri-files-scheduler-1] [] INFO  c.erp.sri_files.services.SriGateway - Consultando autorización SRI: 0212202501046002881000120010110001733989096324911 [requestId=null]
2026-08-25 23:45:21.891 [sri-files-scheduler-1] [] WARN  c.e.s.s.RecuperarDevueltasScheduler - Factura 2796723 superó máximo de intentos (5)
2026-08-25 23:45:22.454 [sri-files-scheduler-1] [] INFO  c.erp.sri_files.services.SriGateway - Consultando autorización SRI: 0312202501046002881000120010130004196925590843611 [requestId=null]
2026-08-25 23:45:22.997 [sri-files-scheduler-1] [] WARN  c.e.s.s.RecuperarDevueltasScheduler - Factura 2798823 superó máximo de intentos (5)
2026-08-25 23:45:23.497 [sri-files-scheduler-1] [] INFO  c.erp.sri_files.services.SriGateway - Consultando autorización SRI: 0412202501046002881000120010130004201601529713614 [requestId=null]
2026-08-25 23:45:24.241 [sri-files-scheduler-1] [] WARN  c.e.s.s.RecuperarDevueltasScheduler - Factura 2799169 superó máximo de intentos (5)
2026-08-25 23:45:24.787 [sri-files-scheduler-1] [] INFO  c.erp.sri_files.services.SriGateway - Consultando autorización SRI: 0312202501046002881000120010110001735130874509313 [requestId=null]
2026-08-25 23:45:25.328 [sri-files-scheduler-1] [] WARN  c.e.s.s.RecuperarDevueltasScheduler - Factura 2799439 superó máximo de intentos (5)
2026-08-25 23:45:25.820 [sri-files-scheduler-1] [] INFO  c.erp.sri_files.services.SriGateway - Consultando autorización SRI: 0312202501046002881000120010110001736732767509411 [requestId=null]
2026-08-25 23:45:26.585 [sri-files-scheduler-1] [] WARN  c.e.s.s.RecuperarDevueltasScheduler - Factura 2800630 superó máximo de intentos (5)
2026-08-25 23:45:27.132 [sri-files-scheduler-1] [] INFO  c.erp.sri_files.services.SriGateway - Consultando autorización SRI: 0312202501046002881000120010110001735227727483515 [requestId=null]
2026-08-25 23:45:27.728 [sri-files-scheduler-1] [] WARN  c.e.s.s.RecuperarDevueltasScheduler - Factura 2800754 superó máximo de intentos (5)
2026-08-25 23:45:28.284 [sri-files-scheduler-1] [] INFO  c.e.s.s.RecuperarDevueltasScheduler - [SCHEDULER] FIN recuperación devueltas | detectadas=20 | recuperadas=0 | pendientes=20 | fallidas=0 | duracionMs=28279
2026-08-25 23:45:30.002 [sri-files-scheduler-4] [] INFO  c.e.s.s.NuevoDocumentoScheduler - [SCHEDULER][V1] INICIO recuperación autorizaciones @ 2026-08-25T23:45:30.002377500
2026-08-25 23:45:30.004 [sri-files-scheduler-4] [] INFO  c.e.s.s.NuevoDocumentoScheduler - [SCHEDULER][V1] FIN recuperación | detectados=0 | autorizados=0 | pendientes=0 | duracionMs=2
2026-08-25 23:46:00.001 [sri-files-scheduler-3] [] INFO  c.e.s.s.NuevoDocumentoScheduler - [SCHEDULER][V1] INICIO envío pendientes @ 2026-08-25T23:46:00.001415700
2026-08-25 23:46:00.001 [sri-files-scheduler-1] [] INFO  c.e.s.services.EnvioSriBatchService - [SCHEDULER][sri-files-scheduler-1] INICIO automatizacionEnvioFacturasElectonicas @ 2026-08-25T23:46:00.001415700
2026-08-25 23:46:00.001 [sri-files-scheduler-1] [] INFO  c.e.s.services.EnvioSriBatchService - Ejecutando envio de facturas at=2026-08-25T23:46:00.001829
2026-08-25 23:46:00.001 [sri-files-scheduler-3] [] INFO  c.e.s.s.NuevoDocumentoScheduler - [SCHEDULER][V1] FIN envío | detectados=0 | exitosos=0 | fallidos=0 | duracionMs=0
2026-08-25 23:46:00.005 [sri-files-scheduler-4] [] INFO  c.e.s.batch.BatchJobScheduler - Batch automático ejecutado: tipo=ENVIAR_SRI uuid=ff690783-5062-42a8-9f19-c59665fda3b0
2026-08-25 23:46:00.007 [task-144] [ff690783-5062-42a8-9f19-c59665fda3b0] INFO  c.e.s.batch.BatchProcessorService - Iniciando batch job ff690783-5062-42a8-9f19-c59665fda3b0 tipo=ENVIAR_SRI [batchJob=ff690783-5062-42a8-9f19-c59665fda3b0]
2026-08-25 23:46:00.008 [task-144] [ff690783-5062-42a8-9f19-c59665fda3b0] INFO  c.e.s.batch.BatchProcessorService - Documentos encontrados: 0 [batchJob=ff690783-5062-42a8-9f19-c59665fda3b0]
2026-08-25 23:46:00.008 [task-144] [ff690783-5062-42a8-9f19-c59665fda3b0] INFO  c.e.s.batch.BatchProcessorService - Batch job ff690783-5062-42a8-9f19-c59665fda3b0 completado: Procesados: 0, Exitosos: 0, Fallidos: 0 [batchJob=ff690783-5062-42a8-9f19-c59665fda3b0]
2026-08-25 23:46:01.309 [sri-files-scheduler-1] [] INFO  c.e.s.services.EnvioSriBatchService - No hay facturas pendientes estado=I
2026-08-25 23:46:01.310 [sri-files-scheduler-1] [] INFO  c.e.s.services.EnvioSriBatchService - [SCHEDULER][sri-files-scheduler-1] FIN automatizacionEnvioFacturasElectonicas | detectados=0 | exitosas=0 | fallidas=0 | duracionMs=1309
2026-08-25 23:47:00.001 [sri-files-scheduler-4] [] INFO  c.e.s.s.NuevoDocumentoScheduler - [SCHEDULER][V1] INICIO envío pendientes @ 2026-08-25T23:47:00.001284900
2026-08-25 23:47:00.001 [sri-files-scheduler-1] [] INFO  c.e.s.services.EnvioSriBatchService - [SCHEDULER][sri-files-scheduler-1] INICIO automatizacionEnvioFacturasElectonicas @ 2026-08-25T23:47:00.001284900
2026-08-25 23:47:00.001 [sri-files-scheduler-1] [] INFO  c.e.s.services.EnvioSriBatchService - Ejecutando envio de facturas at=2026-08-25T23:47:00.001284900
2026-08-25 23:47:00.002 [sri-files-scheduler-4] [] INFO  c.e.s.s.NuevoDocumentoScheduler - [SCHEDULER][V1] FIN envío | detectados=0 | exitosos=0 | fallidos=0 | duracionMs=1
2026-08-25 23:47:01.345 [sri-files-scheduler-1] [] INFO  c.e.s.services.EnvioSriBatchService - No hay facturas pendientes estado=I
2026-08-25 23:47:01.345 [sri-files-scheduler-1] [] INFO  c.e.s.services.EnvioSriBatchService - [SCHEDULER][sri-files-scheduler-1] FIN automatizacionEnvioFacturasElectonicas | detectados=0 | exitosas=0 | fallidas=0 | duracionMs=1344
2026-08-25 23:48:00.001 [sri-files-scheduler-4] [] INFO  c.e.s.s.NuevoDocumentoScheduler - [SCHEDULER][V1] INICIO envío pendientes @ 2026-08-25T23:48:00.001865200
2026-08-25 23:48:00.001 [sri-files-scheduler-1] [] INFO  c.e.s.services.EnvioSriBatchService - [SCHEDULER][sri-files-scheduler-1] INICIO automatizacionEnvioFacturasElectonicas @ 2026-08-25T23:48:00.001865200
2026-08-25 23:48:00.001 [sri-files-scheduler-1] [] INFO  c.e.s.services.EnvioSriBatchService - Ejecutando envio de facturas at=2026-08-25T23:48:00.001865200
2026-08-25 23:48:00.002 [sri-files-scheduler-4] [] INFO  c.e.s.s.NuevoDocumentoScheduler - [SCHEDULER][V1] FIN envío | detectados=0 | exitosos=0 | fallidos=0 | duracionMs=1
2026-08-25 23:48:00.006 [sri-files-scheduler-4] [] INFO  c.e.s.batch.BatchJobScheduler - Batch automático ejecutado: tipo=CONSULTAR_AUTORIZACION uuid=71da5e37-2850-43de-b8ca-305e9494be65
2026-08-25 23:48:00.006 [sri-files-scheduler-3] [] INFO  c.e.s.batch.BatchJobScheduler - Batch automático ejecutado: tipo=ENVIAR_CORREO uuid=0e40a6cf-947b-4a07-b8c0-73b426befd02
2026-08-25 23:48:00.008 [task-145] [71da5e37-2850-43de-b8ca-305e9494be65] INFO  c.e.s.batch.BatchProcessorService - Iniciando batch job 71da5e37-2850-43de-b8ca-305e9494be65 tipo=CONSULTAR_AUTORIZACION [batchJob=71da5e37-2850-43de-b8ca-305e9494be65]
2026-08-25 23:48:00.008 [sri-files-scheduler-4] [] INFO  c.e.s.batch.BatchJobScheduler - Batch automático ejecutado: tipo=ENVIAR_SRI uuid=4ec7af9d-c29a-4d39-ae7d-889572e23076
2026-08-25 23:48:00.008 [task-146] [0e40a6cf-947b-4a07-b8c0-73b426befd02] INFO  c.e.s.batch.BatchProcessorService - Iniciando batch job 0e40a6cf-947b-4a07-b8c0-73b426befd02 tipo=ENVIAR_CORREO [batchJob=0e40a6cf-947b-4a07-b8c0-73b426befd02]
2026-08-25 23:48:00.008 [task-147] [4ec7af9d-c29a-4d39-ae7d-889572e23076] INFO  c.e.s.batch.BatchProcessorService - Iniciando batch job 4ec7af9d-c29a-4d39-ae7d-889572e23076 tipo=ENVIAR_SRI [batchJob=4ec7af9d-c29a-4d39-ae7d-889572e23076]
2026-08-25 23:48:00.008 [task-145] [71da5e37-2850-43de-b8ca-305e9494be65] INFO  c.e.s.batch.BatchProcessorService - Documentos encontrados: 0 [batchJob=71da5e37-2850-43de-b8ca-305e9494be65]
2026-08-25 23:48:00.009 [task-145] [71da5e37-2850-43de-b8ca-305e9494be65] INFO  c.e.s.batch.BatchProcessorService - Batch job 71da5e37-2850-43de-b8ca-305e9494be65 completado: Procesados: 0, Exitosos: 0, Fallidos: 0 [batchJob=71da5e37-2850-43de-b8ca-305e9494be65]
2026-08-25 23:48:00.009 [task-146] [0e40a6cf-947b-4a07-b8c0-73b426befd02] INFO  c.e.s.batch.BatchProcessorService - Documentos encontrados: 0 [batchJob=0e40a6cf-947b-4a07-b8c0-73b426befd02]
2026-08-25 23:48:00.009 [task-147] [4ec7af9d-c29a-4d39-ae7d-889572e23076] INFO  c.e.s.batch.BatchProcessorService - Documentos encontrados: 0 [batchJob=4ec7af9d-c29a-4d39-ae7d-889572e23076]
2026-08-25 23:48:00.009 [task-147] [4ec7af9d-c29a-4d39-ae7d-889572e23076] INFO  c.e.s.batch.BatchProcessorService - Batch job 4ec7af9d-c29a-4d39-ae7d-889572e23076 completado: Procesados: 0, Exitosos: 0, Fallidos: 0 [batchJob=4ec7af9d-c29a-4d39-ae7d-889572e23076]
2026-08-25 23:48:00.009 [task-146] [0e40a6cf-947b-4a07-b8c0-73b426befd02] INFO  c.e.s.batch.BatchProcessorService - Batch job 0e40a6cf-947b-4a07-b8c0-73b426befd02 completado: Procesados: 0, Exitosos: 0, Fallidos: 0 [batchJob=0e40a6cf-947b-4a07-b8c0-73b426befd02]
2026-08-25 23:48:01.326 [sri-files-scheduler-1] [] INFO  c.e.s.services.EnvioSriBatchService - No hay facturas pendientes estado=I
2026-08-25 23:48:01.326 [sri-files-scheduler-1] [] INFO  c.e.s.services.EnvioSriBatchService - [SCHEDULER][sri-files-scheduler-1] FIN automatizacionEnvioFacturasElectonicas | detectados=0 | exitosas=0 | fallidas=0 | duracionMs=1325
2026-08-25 23:48:30.001 [sri-files-scheduler-3] [] INFO  c.e.s.s.NuevoDocumentoScheduler - [SCHEDULER][V1] INICIO recuperación autorizaciones @ 2026-08-25T23:48:30.001111
2026-08-25 23:48:30.002 [sri-files-scheduler-3] [] INFO  c.e.s.s.NuevoDocumentoScheduler - [SCHEDULER][V1] FIN recuperación | detectados=0 | autorizados=0 | pendientes=0 | duracionMs=1
2026-08-25 23:49:00.002 [sri-files-scheduler-1] [] INFO  c.e.s.s.NuevoDocumentoScheduler - [SCHEDULER][V1] INICIO envío pendientes @ 2026-08-25T23:49:00.002004700
2026-08-25 23:49:00.002 [sri-files-scheduler-4] [] INFO  c.e.s.services.EnvioSriBatchService - [SCHEDULER][sri-files-scheduler-4] INICIO automatizacionEnvioFacturasElectonicas @ 2026-08-25T23:49:00.002004700
2026-08-25 23:49:00.002 [sri-files-scheduler-4] [] INFO  c.e.s.services.EnvioSriBatchService - Ejecutando envio de facturas at=2026-08-25T23:49:00.002004700
2026-08-25 23:49:00.002 [sri-files-scheduler-1] [] INFO  c.e.s.s.NuevoDocumentoScheduler - [SCHEDULER][V1] FIN envío | detectados=0 | exitosos=0 | fallidos=0 | duracionMs=0
2026-08-25 23:49:01.317 [sri-files-scheduler-4] [] INFO  c.e.s.services.EnvioSriBatchService - No hay facturas pendientes estado=I
2026-08-25 23:49:01.318 [sri-files-scheduler-4] [] INFO  c.e.s.services.EnvioSriBatchService - [SCHEDULER][sri-files-scheduler-4] FIN automatizacionEnvioFacturasElectonicas | detectados=0 | exitosas=0 | fallidas=0 | duracionMs=1316
2026-08-25 23:50:00.001 [sri-files-scheduler-4] [] INFO  c.e.s.services.EnvioSriBatchService - [SCHEDULER][sri-files-scheduler-4] INICIO automatizacionEnvioFacturasElectonicas @ 2026-08-25T23:50:00.001753300
2026-08-25 23:50:00.001 [sri-files-scheduler-4] [] INFO  c.e.s.services.EnvioSriBatchService - Ejecutando envio de facturas at=2026-08-25T23:50:00.001753300
2026-08-25 23:50:00.008 [sri-files-scheduler-3] [] INFO  c.e.s.batch.BatchJobScheduler - Batch automático ejecutado: tipo=REINTENTAR_FALLIDOS uuid=f38053b9-9ff8-46ee-a97e-19abb779abc3
2026-08-25 23:50:00.008 [sri-files-scheduler-3] [] INFO  c.e.s.s.NuevoDocumentoScheduler - [SCHEDULER][V1] INICIO envío pendientes @ 2026-08-25T23:50:00.008414400
2026-08-25 23:50:00.009 [sri-files-scheduler-1] [] INFO  c.e.s.batch.BatchJobScheduler - Batch automático ejecutado: tipo=ENVIAR_SRI uuid=95e2a94c-7f62-48fd-ae0b-d228ba432e6f
2026-08-25 23:50:00.009 [sri-files-scheduler-1] [] INFO  c.e.s.s.RecuperarDevueltasScheduler - [SCHEDULER] INICIO recuperación facturas estado M @ 2026-08-25T23:50:00.009414300
2026-08-25 23:50:00.009 [sri-files-scheduler-3] [] INFO  c.e.s.s.NuevoDocumentoScheduler - [SCHEDULER][V1] FIN envío | detectados=0 | exitosos=0 | fallidos=0 | duracionMs=1
2026-08-25 23:50:00.010 [task-148] [f38053b9-9ff8-46ee-a97e-19abb779abc3] INFO  c.e.s.batch.BatchProcessorService - Iniciando batch job f38053b9-9ff8-46ee-a97e-19abb779abc3 tipo=REINTENTAR_FALLIDOS [batchJob=f38053b9-9ff8-46ee-a97e-19abb779abc3]
2026-08-25 23:50:00.010 [task-149] [95e2a94c-7f62-48fd-ae0b-d228ba432e6f] INFO  c.e.s.batch.BatchProcessorService - Iniciando batch job 95e2a94c-7f62-48fd-ae0b-d228ba432e6f tipo=ENVIAR_SRI [batchJob=95e2a94c-7f62-48fd-ae0b-d228ba432e6f]
2026-08-25 23:50:00.011 [task-149] [95e2a94c-7f62-48fd-ae0b-d228ba432e6f] INFO  c.e.s.batch.BatchProcessorService - Documentos encontrados: 0 [batchJob=95e2a94c-7f62-48fd-ae0b-d228ba432e6f]
2026-08-25 23:50:00.011 [task-148] [f38053b9-9ff8-46ee-a97e-19abb779abc3] INFO  c.e.s.batch.BatchProcessorService - Documentos encontrados: 0 [batchJob=f38053b9-9ff8-46ee-a97e-19abb779abc3]
2026-08-25 23:50:00.011 [task-149] [95e2a94c-7f62-48fd-ae0b-d228ba432e6f] INFO  c.e.s.batch.BatchProcessorService - Batch job 95e2a94c-7f62-48fd-ae0b-d228ba432e6f completado: Procesados: 0, Exitosos: 0, Fallidos: 0 [batchJob=95e2a94c-7f62-48fd-ae0b-d228ba432e6f]
2026-08-25 23:50:00.012 [task-148] [f38053b9-9ff8-46ee-a97e-19abb779abc3] INFO  c.e.s.batch.BatchProcessorService - Batch job f38053b9-9ff8-46ee-a97e-19abb779abc3 completado: Procesados: 0, Exitosos: 0, Fallidos: 0 [batchJob=f38053b9-9ff8-46ee-a97e-19abb779abc3]
2026-08-25 23:50:00.892 [sri-files-scheduler-1] [] INFO  c.erp.sri_files.services.SriGateway - Consultando autorización SRI: 0412202501046002881000120010110001737024394543810 [requestId=null]
2026-08-25 23:50:00.976 [sri-files-scheduler-1] [] ERROR c.erp.sri_files.services.SriGateway - Error consultando autorización [requestId=null]
jakarta.xml.ws.WebServiceException: javax.net.ssl.SSLHandshakeException: No subject alternative names matching IP address 181.113.227.222 found
	at com.sun.xml.ws.transport.http.client.HttpClientTransport.readResponseCodeAndMessage(HttpClientTransport.java:181)
	at com.sun.xml.ws.transport.http.client.HttpTransportPipe.createResponsePacket(HttpTransportPipe.java:227)
	at com.sun.xml.ws.transport.http.client.HttpTransportPipe.process(HttpTransportPipe.java:218)
	at com.sun.xml.ws.transport.http.client.HttpTransportPipe.processRequest(HttpTransportPipe.java:131)
	at com.sun.xml.ws.transport.DeferredTransportPipe.processRequest(DeferredTransportPipe.java:111)
	at com.sun.xml.ws.api.pipe.Fiber.__doRun(Fiber.java:1106)
	at com.sun.xml.ws.api.pipe.Fiber._doRun(Fiber.java:1020)
	at com.sun.xml.ws.api.pipe.Fiber.doRun(Fiber.java:989)
	at com.sun.xml.ws.api.pipe.Fiber.runSync(Fiber.java:847)
	at com.sun.xml.ws.client.Stub.process(Stub.java:431)
	at com.sun.xml.ws.client.sei.SEIStub.doProcess(SEIStub.java:160)
	at com.sun.xml.ws.client.sei.SyncMethodHandler.invoke(SyncMethodHandler.java:78)
	at com.sun.xml.ws.client.sei.SyncMethodHandler.invoke(SyncMethodHandler.java:62)
	at com.sun.xml.ws.client.sei.SEIStub.invoke(SEIStub.java:132)
	at jdk.proxy2/jdk.proxy2.$Proxy222.autorizacionComprobante(Unknown Source)
	at com.erp.sri_files.services.SendXmlToSriService.consultarAutorizacion(SendXmlToSriService.java:196)
	at com.erp.sri_files.services.SendXmlToSriService.consultarAutorizacion(SendXmlToSriService.java:180)
	at com.erp.sri_files.services.SriGateway.consultarAutorizacion(SriGateway.java:100)
	at com.erp.sri_files.scheduler.RecuperarDevueltasScheduler.recuperarFacturasDevueltas(RecuperarDevueltasScheduler.java:61)
	at java.base/jdk.internal.reflect.DirectMethodHandleAccessor.invoke(DirectMethodHandleAccessor.java:103)
	at java.base/java.lang.reflect.Method.invoke(Method.java:580)
	at org.springframework.scheduling.support.ScheduledMethodRunnable.runInternal(ScheduledMethodRunnable.java:130)
	at org.springframework.scheduling.support.ScheduledMethodRunnable.lambda$run$2(ScheduledMethodRunnable.java:124)
	at io.micrometer.observation.Observation.observe(Observation.java:498)
	at org.springframework.scheduling.support.ScheduledMethodRunnable.run(ScheduledMethodRunnable.java:124)
	at org.springframework.scheduling.config.Task$OutcomeTrackingRunnable.run(Task.java:85)
	at org.springframework.scheduling.support.DelegatingErrorHandlingRunnable.run(DelegatingErrorHandlingRunnable.java:54)
	at org.springframework.scheduling.concurrent.ReschedulingRunnable.run(ReschedulingRunnable.java:96)
	at java.base/java.util.concurrent.Executors$RunnableAdapter.call(Executors.java:572)
	at java.base/java.util.concurrent.FutureTask.run(FutureTask.java:317)
	at java.base/java.util.concurrent.ScheduledThreadPoolExecutor$ScheduledFutureTask.run(ScheduledThreadPoolExecutor.java:304)
	at java.base/java.util.concurrent.ThreadPoolExecutor.runWorker(ThreadPoolExecutor.java:1144)
	at java.base/java.util.concurrent.ThreadPoolExecutor$Worker.run(ThreadPoolExecutor.java:642)
	at java.base/java.lang.Thread.run(Thread.java:1583)
Caused by: javax.net.ssl.SSLHandshakeException: No subject alternative names matching IP address 181.113.227.222 found
	at java.base/sun.security.ssl.Alert.createSSLException(Alert.java:130)
	at java.base/sun.security.ssl.TransportContext.fatal(TransportContext.java:383)
	at java.base/sun.security.ssl.TransportContext.fatal(TransportContext.java:326)
	at java.base/sun.security.ssl.TransportContext.fatal(TransportContext.java:321)
	at java.base/sun.security.ssl.CertificateMessage$T12CertificateConsumer.checkServerCerts(CertificateMessage.java:647)
	at java.base/sun.security.ssl.CertificateMessage$T12CertificateConsumer.onCertificate(CertificateMessage.java:467)
	at java.base/sun.security.ssl.CertificateMessage$T12CertificateConsumer.consume(CertificateMessage.java:363)
	at java.base/sun.security.ssl.SSLHandshake.consume(SSLHandshake.java:393)
	at java.base/sun.security.ssl.HandshakeContext.dispatch(HandshakeContext.java:477)
	at java.base/sun.security.ssl.HandshakeContext.dispatch(HandshakeContext.java:448)
	at java.base/sun.security.ssl.TransportContext.dispatch(TransportContext.java:206)
	at java.base/sun.security.ssl.SSLTransport.decode(SSLTransport.java:172)
	at java.base/sun.security.ssl.SSLSocketImpl.decode(SSLSocketImpl.java:1506)
	at java.base/sun.security.ssl.SSLSocketImpl.readHandshakeRecord(SSLSocketImpl.java:1421)
	at java.base/sun.security.ssl.SSLSocketImpl.startHandshake(SSLSocketImpl.java:455)
	at java.base/sun.security.ssl.SSLSocketImpl.startHandshake(SSLSocketImpl.java:426)
	at java.base/sun.net.www.protocol.https.HttpsClient.afterConnect(HttpsClient.java:586)
	at java.base/sun.net.www.protocol.https.AbstractDelegateHttpsURLConnection.connect(AbstractDelegateHttpsURLConnection.java:187)
	at java.base/sun.net.www.protocol.http.HttpURLConnection.followRedirect0(HttpURLConnection.java:2914)
	at java.base/sun.net.www.protocol.http.HttpURLConnection.followRedirect(HttpURLConnection.java:2834)
	at java.base/sun.net.www.protocol.http.HttpURLConnection.getInputStream0(HttpURLConnection.java:1945)
	at java.base/sun.net.www.protocol.http.HttpURLConnection.getInputStream(HttpURLConnection.java:1615)
	at java.base/java.net.HttpURLConnection.getResponseCode(HttpURLConnection.java:531)
	at java.base/sun.net.www.protocol.https.HttpsURLConnectionImpl.getResponseCode(HttpsURLConnectionImpl.java:307)
	at com.sun.xml.ws.transport.http.client.HttpClientTransport.readResponseCodeAndMessage(HttpClientTransport.java:177)
	... 33 common frames omitted
Caused by: java.security.cert.CertificateException: No subject alternative names matching IP address 181.113.227.222 found
	at java.base/sun.security.util.HostnameChecker.matchIP(HostnameChecker.java:160)
	at java.base/sun.security.util.HostnameChecker.match(HostnameChecker.java:101)
	at java.base/sun.security.ssl.X509TrustManagerImpl.checkIdentity(X509TrustManagerImpl.java:466)
	at java.base/sun.security.ssl.X509TrustManagerImpl.checkIdentity(X509TrustManagerImpl.java:432)
	at java.base/sun.security.ssl.X509TrustManagerImpl.checkTrusted(X509TrustManagerImpl.java:237)
	at java.base/sun.security.ssl.X509TrustManagerImpl.checkServerTrusted(X509TrustManagerImpl.java:132)
	at java.base/sun.security.ssl.CertificateMessage$T12CertificateConsumer.checkServerCerts(CertificateMessage.java:631)
	... 53 common frames omitted
2026-08-25 23:50:01.320 [sri-files-scheduler-4] [] INFO  c.e.s.services.EnvioSriBatchService - No hay facturas pendientes estado=I
2026-08-25 23:50:01.320 [sri-files-scheduler-4] [] INFO  c.e.s.services.EnvioSriBatchService - [SCHEDULER][sri-files-scheduler-4] FIN automatizacionEnvioFacturasElectonicas | detectados=0 | exitosas=0 | fallidas=0 | duracionMs=1319
2026-08-25 23:50:01.863 [sri-files-scheduler-1] [] INFO  c.erp.sri_files.services.SriGateway - Consultando autorización SRI: 0312202501046002881000120020180003245976695169619 [requestId=null]
2026-08-25 23:50:02.271 [sri-files-scheduler-1] [] ERROR c.erp.sri_files.services.SriGateway - Error consultando autorización [requestId=null]
jakarta.xml.ws.WebServiceException: javax.net.ssl.SSLHandshakeException: No subject alternative names matching IP address 181.113.227.222 found
	at com.sun.xml.ws.transport.http.client.HttpClientTransport.readResponseCodeAndMessage(HttpClientTransport.java:181)
	at com.sun.xml.ws.transport.http.client.HttpTransportPipe.createResponsePacket(HttpTransportPipe.java:227)
	at com.sun.xml.ws.transport.http.client.HttpTransportPipe.process(HttpTransportPipe.java:218)
	at com.sun.xml.ws.transport.http.client.HttpTransportPipe.processRequest(HttpTransportPipe.java:131)
	at com.sun.xml.ws.transport.DeferredTransportPipe.processRequest(DeferredTransportPipe.java:111)
	at com.sun.xml.ws.api.pipe.Fiber.__doRun(Fiber.java:1106)
	at com.sun.xml.ws.api.pipe.Fiber._doRun(Fiber.java:1020)
	at com.sun.xml.ws.api.pipe.Fiber.doRun(Fiber.java:989)
	at com.sun.xml.ws.api.pipe.Fiber.runSync(Fiber.java:847)
	at com.sun.xml.ws.client.Stub.process(Stub.java:431)
	at com.sun.xml.ws.client.sei.SEIStub.doProcess(SEIStub.java:160)
	at com.sun.xml.ws.client.sei.SyncMethodHandler.invoke(SyncMethodHandler.java:78)
	at com.sun.xml.ws.client.sei.SyncMethodHandler.invoke(SyncMethodHandler.java:62)
	at com.sun.xml.ws.client.sei.SEIStub.invoke(SEIStub.java:132)
	at jdk.proxy2/jdk.proxy2.$Proxy222.autorizacionComprobante(Unknown Source)
	at com.erp.sri_files.services.SendXmlToSriService.consultarAutorizacion(SendXmlToSriService.java:196)
	at com.erp.sri_files.services.SendXmlToSriService.consultarAutorizacion(SendXmlToSriService.java:180)
	at com.erp.sri_files.services.SriGateway.consultarAutorizacion(SriGateway.java:100)
	at com.erp.sri_files.scheduler.RecuperarDevueltasScheduler.recuperarFacturasDevueltas(RecuperarDevueltasScheduler.java:61)
	at java.base/jdk.internal.reflect.DirectMethodHandleAccessor.invoke(DirectMethodHandleAccessor.java:103)
	at java.base/java.lang.reflect.Method.invoke(Method.java:580)
	at org.springframework.scheduling.support.ScheduledMethodRunnable.runInternal(ScheduledMethodRunnable.java:130)
	at org.springframework.scheduling.support.ScheduledMethodRunnable.lambda$run$2(ScheduledMethodRunnable.java:124)
	at io.micrometer.observation.Observation.observe(Observation.java:498)
	at org.springframework.scheduling.support.ScheduledMethodRunnable.run(ScheduledMethodRunnable.java:124)
	at org.springframework.scheduling.config.Task$OutcomeTrackingRunnable.run(Task.java:85)
	at org.springframework.scheduling.support.DelegatingErrorHandlingRunnable.run(DelegatingErrorHandlingRunnable.java:54)
	at org.springframework.scheduling.concurrent.ReschedulingRunnable.run(ReschedulingRunnable.java:96)
	at java.base/java.util.concurrent.Executors$RunnableAdapter.call(Executors.java:572)
	at java.base/java.util.concurrent.FutureTask.run(FutureTask.java:317)
	at java.base/java.util.concurrent.ScheduledThreadPoolExecutor$ScheduledFutureTask.run(ScheduledThreadPoolExecutor.java:304)
	at java.base/java.util.concurrent.ThreadPoolExecutor.runWorker(ThreadPoolExecutor.java:1144)
	at java.base/java.util.concurrent.ThreadPoolExecutor$Worker.run(ThreadPoolExecutor.java:642)
	at java.base/java.lang.Thread.run(Thread.java:1583)
Caused by: javax.net.ssl.SSLHandshakeException: No subject alternative names matching IP address 181.113.227.222 found
	at java.base/sun.security.ssl.Alert.createSSLException(Alert.java:130)
	at java.base/sun.security.ssl.TransportContext.fatal(TransportContext.java:383)
	at java.base/sun.security.ssl.TransportContext.fatal(TransportContext.java:326)
	at java.base/sun.security.ssl.TransportContext.fatal(TransportContext.java:321)
	at java.base/sun.security.ssl.CertificateMessage$T12CertificateConsumer.checkServerCerts(CertificateMessage.java:647)
	at java.base/sun.security.ssl.CertificateMessage$T12CertificateConsumer.onCertificate(CertificateMessage.java:467)
	at java.base/sun.security.ssl.CertificateMessage$T12CertificateConsumer.consume(CertificateMessage.java:363)
	at java.base/sun.security.ssl.SSLHandshake.consume(SSLHandshake.java:393)
	at java.base/sun.security.ssl.HandshakeContext.dispatch(HandshakeContext.java:477)
	at java.base/sun.security.ssl.HandshakeContext.dispatch(HandshakeContext.java:448)
	at java.base/sun.security.ssl.TransportContext.dispatch(TransportContext.java:206)
	at java.base/sun.security.ssl.SSLTransport.decode(SSLTransport.java:172)
	at java.base/sun.security.ssl.SSLSocketImpl.decode(SSLSocketImpl.java:1506)
	at java.base/sun.security.ssl.SSLSocketImpl.readHandshakeRecord(SSLSocketImpl.java:1421)
	at java.base/sun.security.ssl.SSLSocketImpl.startHandshake(SSLSocketImpl.java:455)
	at java.base/sun.security.ssl.SSLSocketImpl.startHandshake(SSLSocketImpl.java:426)
	at java.base/sun.net.www.protocol.https.HttpsClient.afterConnect(HttpsClient.java:586)
	at java.base/sun.net.www.protocol.https.AbstractDelegateHttpsURLConnection.connect(AbstractDelegateHttpsURLConnection.java:187)
	at java.base/sun.net.www.protocol.http.HttpURLConnection.followRedirect0(HttpURLConnection.java:2914)
	at java.base/sun.net.www.protocol.http.HttpURLConnection.followRedirect(HttpURLConnection.java:2834)
	at java.base/sun.net.www.protocol.http.HttpURLConnection.getInputStream0(HttpURLConnection.java:1945)
	at java.base/sun.net.www.protocol.http.HttpURLConnection.getInputStream(HttpURLConnection.java:1615)
	at java.base/java.net.HttpURLConnection.getResponseCode(HttpURLConnection.java:531)
	at java.base/sun.net.www.protocol.https.HttpsURLConnectionImpl.getResponseCode(HttpsURLConnectionImpl.java:307)
	at com.sun.xml.ws.transport.http.client.HttpClientTransport.readResponseCodeAndMessage(HttpClientTransport.java:177)
	... 33 common frames omitted
Caused by: java.security.cert.CertificateException: No subject alternative names matching IP address 181.113.227.222 found
	at java.base/sun.security.util.HostnameChecker.matchIP(HostnameChecker.java:160)
	at java.base/sun.security.util.HostnameChecker.match(HostnameChecker.java:101)
	at java.base/sun.security.ssl.X509TrustManagerImpl.checkIdentity(X509TrustManagerImpl.java:466)
	at java.base/sun.security.ssl.X509TrustManagerImpl.checkIdentity(X509TrustManagerImpl.java:432)
	at java.base/sun.security.ssl.X509TrustManagerImpl.checkTrusted(X509TrustManagerImpl.java:237)
	at java.base/sun.security.ssl.X509TrustManagerImpl.checkServerTrusted(X509TrustManagerImpl.java:132)
	at java.base/sun.security.ssl.CertificateMessage$T12CertificateConsumer.checkServerCerts(CertificateMessage.java:631)
	... 53 common frames omitted
2026-08-25 23:50:03.033 [sri-files-scheduler-1] [] INFO  c.erp.sri_files.services.SriGateway - Consultando autorización SRI: 0312202501046002881000120020180003245856536233211 [requestId=null]
2026-08-25 23:50:03.910 [sri-files-scheduler-1] [] INFO  c.erp.sri_files.services.SriGateway - Consultando autorización SRI: 1707202601046002881000120010110001973183102410019 [requestId=null]
2026-08-25 23:50:04.685 [sri-files-scheduler-1] [] INFO  c.erp.sri_files.services.SriGateway - Consultando autorización SRI: 0412202501046002881000120010130004201178100253313 [requestId=null]
2026-08-25 23:50:04.762 [sri-files-scheduler-1] [] ERROR c.erp.sri_files.services.SriGateway - Error consultando autorización [requestId=null]
jakarta.xml.ws.WebServiceException: javax.net.ssl.SSLHandshakeException: No subject alternative names matching IP address 181.113.227.222 found
	at com.sun.xml.ws.transport.http.client.HttpClientTransport.readResponseCodeAndMessage(HttpClientTransport.java:181)
	at com.sun.xml.ws.transport.http.client.HttpTransportPipe.createResponsePacket(HttpTransportPipe.java:227)
	at com.sun.xml.ws.transport.http.client.HttpTransportPipe.process(HttpTransportPipe.java:218)
	at com.sun.xml.ws.transport.http.client.HttpTransportPipe.processRequest(HttpTransportPipe.java:131)
	at com.sun.xml.ws.transport.DeferredTransportPipe.processRequest(DeferredTransportPipe.java:111)
	at com.sun.xml.ws.api.pipe.Fiber.__doRun(Fiber.java:1106)
	at com.sun.xml.ws.api.pipe.Fiber._doRun(Fiber.java:1020)
	at com.sun.xml.ws.api.pipe.Fiber.doRun(Fiber.java:989)
	at com.sun.xml.ws.api.pipe.Fiber.runSync(Fiber.java:847)
	at com.sun.xml.ws.client.Stub.process(Stub.java:431)
	at com.sun.xml.ws.client.sei.SEIStub.doProcess(SEIStub.java:160)
	at com.sun.xml.ws.client.sei.SyncMethodHandler.invoke(SyncMethodHandler.java:78)
	at com.sun.xml.ws.client.sei.SyncMethodHandler.invoke(SyncMethodHandler.java:62)
	at com.sun.xml.ws.client.sei.SEIStub.invoke(SEIStub.java:132)
	at jdk.proxy2/jdk.proxy2.$Proxy222.autorizacionComprobante(Unknown Source)
	at com.erp.sri_files.services.SendXmlToSriService.consultarAutorizacion(SendXmlToSriService.java:196)
	at com.erp.sri_files.services.SendXmlToSriService.consultarAutorizacion(SendXmlToSriService.java:180)
	at com.erp.sri_files.services.SriGateway.consultarAutorizacion(SriGateway.java:100)
	at com.erp.sri_files.scheduler.RecuperarDevueltasScheduler.recuperarFacturasDevueltas(RecuperarDevueltasScheduler.java:61)
	at java.base/jdk.internal.reflect.DirectMethodHandleAccessor.invoke(DirectMethodHandleAccessor.java:103)
	at java.base/java.lang.reflect.Method.invoke(Method.java:580)
	at org.springframework.scheduling.support.ScheduledMethodRunnable.runInternal(ScheduledMethodRunnable.java:130)
	at org.springframework.scheduling.support.ScheduledMethodRunnable.lambda$run$2(ScheduledMethodRunnable.java:124)
	at io.micrometer.observation.Observation.observe(Observation.java:498)
	at org.springframework.scheduling.support.ScheduledMethodRunnable.run(ScheduledMethodRunnable.java:124)
	at org.springframework.scheduling.config.Task$OutcomeTrackingRunnable.run(Task.java:85)
	at org.springframework.scheduling.support.DelegatingErrorHandlingRunnable.run(DelegatingErrorHandlingRunnable.java:54)
	at org.springframework.scheduling.concurrent.ReschedulingRunnable.run(ReschedulingRunnable.java:96)
	at java.base/java.util.concurrent.Executors$RunnableAdapter.call(Executors.java:572)
	at java.base/java.util.concurrent.FutureTask.run(FutureTask.java:317)
	at java.base/java.util.concurrent.ScheduledThreadPoolExecutor$ScheduledFutureTask.run(ScheduledThreadPoolExecutor.java:304)
	at java.base/java.util.concurrent.ThreadPoolExecutor.runWorker(ThreadPoolExecutor.java:1144)
	at java.base/java.util.concurrent.ThreadPoolExecutor$Worker.run(ThreadPoolExecutor.java:642)
	at java.base/java.lang.Thread.run(Thread.java:1583)
Caused by: javax.net.ssl.SSLHandshakeException: No subject alternative names matching IP address 181.113.227.222 found
	at java.base/sun.security.ssl.Alert.createSSLException(Alert.java:130)
	at java.base/sun.security.ssl.TransportContext.fatal(TransportContext.java:383)
	at java.base/sun.security.ssl.TransportContext.fatal(TransportContext.java:326)
	at java.base/sun.security.ssl.TransportContext.fatal(TransportContext.java:321)
	at java.base/sun.security.ssl.CertificateMessage$T12CertificateConsumer.checkServerCerts(CertificateMessage.java:647)
	at java.base/sun.security.ssl.CertificateMessage$T12CertificateConsumer.onCertificate(CertificateMessage.java:467)
	at java.base/sun.security.ssl.CertificateMessage$T12CertificateConsumer.consume(CertificateMessage.java:363)
	at java.base/sun.security.ssl.SSLHandshake.consume(SSLHandshake.java:393)
	at java.base/sun.security.ssl.HandshakeContext.dispatch(HandshakeContext.java:477)
	at java.base/sun.security.ssl.HandshakeContext.dispatch(HandshakeContext.java:448)
	at java.base/sun.security.ssl.TransportContext.dispatch(TransportContext.java:206)
	at java.base/sun.security.ssl.SSLTransport.decode(SSLTransport.java:172)
	at java.base/sun.security.ssl.SSLSocketImpl.decode(SSLSocketImpl.java:1506)
	at java.base/sun.security.ssl.SSLSocketImpl.readHandshakeRecord(SSLSocketImpl.java:1421)
	at java.base/sun.security.ssl.SSLSocketImpl.startHandshake(SSLSocketImpl.java:455)
	at java.base/sun.security.ssl.SSLSocketImpl.startHandshake(SSLSocketImpl.java:426)
	at java.base/sun.net.www.protocol.https.HttpsClient.afterConnect(HttpsClient.java:586)
	at java.base/sun.net.www.protocol.https.AbstractDelegateHttpsURLConnection.connect(AbstractDelegateHttpsURLConnection.java:187)
	at java.base/sun.net.www.protocol.http.HttpURLConnection.followRedirect0(HttpURLConnection.java:2914)
	at java.base/sun.net.www.protocol.http.HttpURLConnection.followRedirect(HttpURLConnection.java:2834)
	at java.base/sun.net.www.protocol.http.HttpURLConnection.getInputStream0(HttpURLConnection.java:1945)
	at java.base/sun.net.www.protocol.http.HttpURLConnection.getInputStream(HttpURLConnection.java:1615)
	at java.base/java.net.HttpURLConnection.getResponseCode(HttpURLConnection.java:531)
	at java.base/sun.net.www.protocol.https.HttpsURLConnectionImpl.getResponseCode(HttpsURLConnectionImpl.java:307)
	at com.sun.xml.ws.transport.http.client.HttpClientTransport.readResponseCodeAndMessage(HttpClientTransport.java:177)
	... 33 common frames omitted
Caused by: java.security.cert.CertificateException: No subject alternative names matching IP address 181.113.227.222 found
	at java.base/sun.security.util.HostnameChecker.matchIP(HostnameChecker.java:160)
	at java.base/sun.security.util.HostnameChecker.match(HostnameChecker.java:101)
	at java.base/sun.security.ssl.X509TrustManagerImpl.checkIdentity(X509TrustManagerImpl.java:466)
	at java.base/sun.security.ssl.X509TrustManagerImpl.checkIdentity(X509TrustManagerImpl.java:432)
	at java.base/sun.security.ssl.X509TrustManagerImpl.checkTrusted(X509TrustManagerImpl.java:237)
	at java.base/sun.security.ssl.X509TrustManagerImpl.checkServerTrusted(X509TrustManagerImpl.java:132)
	at java.base/sun.security.ssl.CertificateMessage$T12CertificateConsumer.checkServerCerts(CertificateMessage.java:631)
	... 53 common frames omitted
2026-08-25 23:50:05.587 [sri-files-scheduler-1] [] INFO  c.erp.sri_files.services.SriGateway - Consultando autorización SRI: 0312202501046002881000120010130004196231711961915 [requestId=null]
2026-08-25 23:50:06.278 [sri-files-scheduler-1] [] INFO  c.erp.sri_files.services.SriGateway - Consultando autorización SRI: 0212202501046002881000120010130004194467923646418 [requestId=null]
2026-08-25 23:50:07.029 [sri-files-scheduler-1] [] INFO  c.erp.sri_files.services.SriGateway - Consultando autorización SRI: 0212202501046002881000120010110001733881092436515 [requestId=null]
2026-08-25 23:50:07.660 [sri-files-scheduler-1] [] INFO  c.erp.sri_files.services.SriGateway - Consultando autorización SRI: 0212202501046002881000120010380000572723541950917 [requestId=null]
2026-08-25 23:50:07.838 [sri-files-scheduler-1] [] ERROR c.erp.sri_files.services.SriGateway - Error consultando autorización [requestId=null]
jakarta.xml.ws.WebServiceException: javax.net.ssl.SSLHandshakeException: No subject alternative names matching IP address 181.113.227.222 found
	at com.sun.xml.ws.transport.http.client.HttpClientTransport.readResponseCodeAndMessage(HttpClientTransport.java:181)
	at com.sun.xml.ws.transport.http.client.HttpTransportPipe.createResponsePacket(HttpTransportPipe.java:227)
	at com.sun.xml.ws.transport.http.client.HttpTransportPipe.process(HttpTransportPipe.java:218)
	at com.sun.xml.ws.transport.http.client.HttpTransportPipe.processRequest(HttpTransportPipe.java:131)
	at com.sun.xml.ws.transport.DeferredTransportPipe.processRequest(DeferredTransportPipe.java:111)
	at com.sun.xml.ws.api.pipe.Fiber.__doRun(Fiber.java:1106)
	at com.sun.xml.ws.api.pipe.Fiber._doRun(Fiber.java:1020)
	at com.sun.xml.ws.api.pipe.Fiber.doRun(Fiber.java:989)
	at com.sun.xml.ws.api.pipe.Fiber.runSync(Fiber.java:847)
	at com.sun.xml.ws.client.Stub.process(Stub.java:431)
	at com.sun.xml.ws.client.sei.SEIStub.doProcess(SEIStub.java:160)
	at com.sun.xml.ws.client.sei.SyncMethodHandler.invoke(SyncMethodHandler.java:78)
	at com.sun.xml.ws.client.sei.SyncMethodHandler.invoke(SyncMethodHandler.java:62)
	at com.sun.xml.ws.client.sei.SEIStub.invoke(SEIStub.java:132)
	at jdk.proxy2/jdk.proxy2.$Proxy222.autorizacionComprobante(Unknown Source)
	at com.erp.sri_files.services.SendXmlToSriService.consultarAutorizacion(SendXmlToSriService.java:196)
	at com.erp.sri_files.services.SendXmlToSriService.consultarAutorizacion(SendXmlToSriService.java:180)
	at com.erp.sri_files.services.SriGateway.consultarAutorizacion(SriGateway.java:100)
	at com.erp.sri_files.scheduler.RecuperarDevueltasScheduler.recuperarFacturasDevueltas(RecuperarDevueltasScheduler.java:61)
	at java.base/jdk.internal.reflect.DirectMethodHandleAccessor.invoke(DirectMethodHandleAccessor.java:103)
	at java.base/java.lang.reflect.Method.invoke(Method.java:580)
	at org.springframework.scheduling.support.ScheduledMethodRunnable.runInternal(ScheduledMethodRunnable.java:130)
	at org.springframework.scheduling.support.ScheduledMethodRunnable.lambda$run$2(ScheduledMethodRunnable.java:124)
	at io.micrometer.observation.Observation.observe(Observation.java:498)
	at org.springframework.scheduling.support.ScheduledMethodRunnable.run(ScheduledMethodRunnable.java:124)
	at org.springframework.scheduling.config.Task$OutcomeTrackingRunnable.run(Task.java:85)
	at org.springframework.scheduling.support.DelegatingErrorHandlingRunnable.run(DelegatingErrorHandlingRunnable.java:54)
	at org.springframework.scheduling.concurrent.ReschedulingRunnable.run(ReschedulingRunnable.java:96)
	at java.base/java.util.concurrent.Executors$RunnableAdapter.call(Executors.java:572)
	at java.base/java.util.concurrent.FutureTask.run(FutureTask.java:317)
	at java.base/java.util.concurrent.ScheduledThreadPoolExecutor$ScheduledFutureTask.run(ScheduledThreadPoolExecutor.java:304)
	at java.base/java.util.concurrent.ThreadPoolExecutor.runWorker(ThreadPoolExecutor.java:1144)
	at java.base/java.util.concurrent.ThreadPoolExecutor$Worker.run(ThreadPoolExecutor.java:642)
	at java.base/java.lang.Thread.run(Thread.java:1583)
Caused by: javax.net.ssl.SSLHandshakeException: No subject alternative names matching IP address 181.113.227.222 found
	at java.base/sun.security.ssl.Alert.createSSLException(Alert.java:130)
	at java.base/sun.security.ssl.TransportContext.fatal(TransportContext.java:383)
	at java.base/sun.security.ssl.TransportContext.fatal(TransportContext.java:326)
	at java.base/sun.security.ssl.TransportContext.fatal(TransportContext.java:321)
	at java.base/sun.security.ssl.CertificateMessage$T12CertificateConsumer.checkServerCerts(CertificateMessage.java:647)
	at java.base/sun.security.ssl.CertificateMessage$T12CertificateConsumer.onCertificate(CertificateMessage.java:467)
	at java.base/sun.security.ssl.CertificateMessage$T12CertificateConsumer.consume(CertificateMessage.java:363)
	at java.base/sun.security.ssl.SSLHandshake.consume(SSLHandshake.java:393)
	at java.base/sun.security.ssl.HandshakeContext.dispatch(HandshakeContext.java:477)
	at java.base/sun.security.ssl.HandshakeContext.dispatch(HandshakeContext.java:448)
	at java.base/sun.security.ssl.TransportContext.dispatch(TransportContext.java:206)
	at java.base/sun.security.ssl.SSLTransport.decode(SSLTransport.java:172)
	at java.base/sun.security.ssl.SSLSocketImpl.decode(SSLSocketImpl.java:1506)
	at java.base/sun.security.ssl.SSLSocketImpl.readHandshakeRecord(SSLSocketImpl.java:1421)
	at java.base/sun.security.ssl.SSLSocketImpl.startHandshake(SSLSocketImpl.java:455)
	at java.base/sun.security.ssl.SSLSocketImpl.startHandshake(SSLSocketImpl.java:426)
	at java.base/sun.net.www.protocol.https.HttpsClient.afterConnect(HttpsClient.java:586)
	at java.base/sun.net.www.protocol.https.AbstractDelegateHttpsURLConnection.connect(AbstractDelegateHttpsURLConnection.java:187)
	at java.base/sun.net.www.protocol.http.HttpURLConnection.followRedirect0(HttpURLConnection.java:2914)
	at java.base/sun.net.www.protocol.http.HttpURLConnection.followRedirect(HttpURLConnection.java:2834)
	at java.base/sun.net.www.protocol.http.HttpURLConnection.getInputStream0(HttpURLConnection.java:1945)
	at java.base/sun.net.www.protocol.http.HttpURLConnection.getInputStream(HttpURLConnection.java:1615)
	at java.base/java.net.HttpURLConnection.getResponseCode(HttpURLConnection.java:531)
	at java.base/sun.net.www.protocol.https.HttpsURLConnectionImpl.getResponseCode(HttpsURLConnectionImpl.java:307)
	at com.sun.xml.ws.transport.http.client.HttpClientTransport.readResponseCodeAndMessage(HttpClientTransport.java:177)
	... 33 common frames omitted
Caused by: java.security.cert.CertificateException: No subject alternative names matching IP address 181.113.227.222 found
	at java.base/sun.security.util.HostnameChecker.matchIP(HostnameChecker.java:160)
	at java.base/sun.security.util.HostnameChecker.match(HostnameChecker.java:101)
	at java.base/sun.security.ssl.X509TrustManagerImpl.checkIdentity(X509TrustManagerImpl.java:466)
	at java.base/sun.security.ssl.X509TrustManagerImpl.checkIdentity(X509TrustManagerImpl.java:432)
	at java.base/sun.security.ssl.X509TrustManagerImpl.checkTrusted(X509TrustManagerImpl.java:237)
	at java.base/sun.security.ssl.X509TrustManagerImpl.checkServerTrusted(X509TrustManagerImpl.java:132)
	at java.base/sun.security.ssl.CertificateMessage$T12CertificateConsumer.checkServerCerts(CertificateMessage.java:631)
	... 53 common frames omitted
2026-08-25 23:50:08.531 [sri-files-scheduler-1] [] INFO  c.erp.sri_files.services.SriGateway - Consultando autorización SRI: 0412202501046002881000120010130004200302335143417 [requestId=null]
2026-08-25 23:50:08.591 [sri-files-scheduler-1] [] ERROR c.erp.sri_files.services.SriGateway - Error consultando autorización [requestId=null]
jakarta.xml.ws.WebServiceException: javax.net.ssl.SSLHandshakeException: No subject alternative names matching IP address 181.113.227.222 found
	at com.sun.xml.ws.transport.http.client.HttpClientTransport.readResponseCodeAndMessage(HttpClientTransport.java:181)
	at com.sun.xml.ws.transport.http.client.HttpTransportPipe.createResponsePacket(HttpTransportPipe.java:227)
	at com.sun.xml.ws.transport.http.client.HttpTransportPipe.process(HttpTransportPipe.java:218)
	at com.sun.xml.ws.transport.http.client.HttpTransportPipe.processRequest(HttpTransportPipe.java:131)
	at com.sun.xml.ws.transport.DeferredTransportPipe.processRequest(DeferredTransportPipe.java:111)
	at com.sun.xml.ws.api.pipe.Fiber.__doRun(Fiber.java:1106)
	at com.sun.xml.ws.api.pipe.Fiber._doRun(Fiber.java:1020)
	at com.sun.xml.ws.api.pipe.Fiber.doRun(Fiber.java:989)
	at com.sun.xml.ws.api.pipe.Fiber.runSync(Fiber.java:847)
	at com.sun.xml.ws.client.Stub.process(Stub.java:431)
	at com.sun.xml.ws.client.sei.SEIStub.doProcess(SEIStub.java:160)
	at com.sun.xml.ws.client.sei.SyncMethodHandler.invoke(SyncMethodHandler.java:78)
	at com.sun.xml.ws.client.sei.SyncMethodHandler.invoke(SyncMethodHandler.java:62)
	at com.sun.xml.ws.client.sei.SEIStub.invoke(SEIStub.java:132)
	at jdk.proxy2/jdk.proxy2.$Proxy222.autorizacionComprobante(Unknown Source)
	at com.erp.sri_files.services.SendXmlToSriService.consultarAutorizacion(SendXmlToSriService.java:196)
	at com.erp.sri_files.services.SendXmlToSriService.consultarAutorizacion(SendXmlToSriService.java:180)
	at com.erp.sri_files.services.SriGateway.consultarAutorizacion(SriGateway.java:100)
	at com.erp.sri_files.scheduler.RecuperarDevueltasScheduler.recuperarFacturasDevueltas(RecuperarDevueltasScheduler.java:61)
	at java.base/jdk.internal.reflect.DirectMethodHandleAccessor.invoke(DirectMethodHandleAccessor.java:103)
	at java.base/java.lang.reflect.Method.invoke(Method.java:580)
	at org.springframework.scheduling.support.ScheduledMethodRunnable.runInternal(ScheduledMethodRunnable.java:130)
	at org.springframework.scheduling.support.ScheduledMethodRunnable.lambda$run$2(ScheduledMethodRunnable.java:124)
	at io.micrometer.observation.Observation.observe(Observation.java:498)
	at org.springframework.scheduling.support.ScheduledMethodRunnable.run(ScheduledMethodRunnable.java:124)
	at org.springframework.scheduling.config.Task$OutcomeTrackingRunnable.run(Task.java:85)
	at org.springframework.scheduling.support.DelegatingErrorHandlingRunnable.run(DelegatingErrorHandlingRunnable.java:54)
	at org.springframework.scheduling.concurrent.ReschedulingRunnable.run(ReschedulingRunnable.java:96)
	at java.base/java.util.concurrent.Executors$RunnableAdapter.call(Executors.java:572)
	at java.base/java.util.concurrent.FutureTask.run(FutureTask.java:317)
	at java.base/java.util.concurrent.ScheduledThreadPoolExecutor$ScheduledFutureTask.run(ScheduledThreadPoolExecutor.java:304)
	at java.base/java.util.concurrent.ThreadPoolExecutor.runWorker(ThreadPoolExecutor.java:1144)
	at java.base/java.util.concurrent.ThreadPoolExecutor$Worker.run(ThreadPoolExecutor.java:642)
	at java.base/java.lang.Thread.run(Thread.java:1583)
Caused by: javax.net.ssl.SSLHandshakeException: No subject alternative names matching IP address 181.113.227.222 found
	at java.base/sun.security.ssl.Alert.createSSLException(Alert.java:130)
	at java.base/sun.security.ssl.TransportContext.fatal(TransportContext.java:383)
	at java.base/sun.security.ssl.TransportContext.fatal(TransportContext.java:326)
	at java.base/sun.security.ssl.TransportContext.fatal(TransportContext.java:321)
	at java.base/sun.security.ssl.CertificateMessage$T12CertificateConsumer.checkServerCerts(CertificateMessage.java:647)
	at java.base/sun.security.ssl.CertificateMessage$T12CertificateConsumer.onCertificate(CertificateMessage.java:467)
	at java.base/sun.security.ssl.CertificateMessage$T12CertificateConsumer.consume(CertificateMessage.java:363)
	at java.base/sun.security.ssl.SSLHandshake.consume(SSLHandshake.java:393)
	at java.base/sun.security.ssl.HandshakeContext.dispatch(HandshakeContext.java:477)
	at java.base/sun.security.ssl.HandshakeContext.dispatch(HandshakeContext.java:448)
	at java.base/sun.security.ssl.TransportContext.dispatch(TransportContext.java:206)
	at java.base/sun.security.ssl.SSLTransport.decode(SSLTransport.java:172)
	at java.base/sun.security.ssl.SSLSocketImpl.decode(SSLSocketImpl.java:1506)
	at java.base/sun.security.ssl.SSLSocketImpl.readHandshakeRecord(SSLSocketImpl.java:1421)
	at java.base/sun.security.ssl.SSLSocketImpl.startHandshake(SSLSocketImpl.java:455)
	at java.base/sun.security.ssl.SSLSocketImpl.startHandshake(SSLSocketImpl.java:426)
	at java.base/sun.net.www.protocol.https.HttpsClient.afterConnect(HttpsClient.java:586)
	at java.base/sun.net.www.protocol.https.AbstractDelegateHttpsURLConnection.connect(AbstractDelegateHttpsURLConnection.java:187)
	at java.base/sun.net.www.protocol.http.HttpURLConnection.followRedirect0(HttpURLConnection.java:2914)
	at java.base/sun.net.www.protocol.http.HttpURLConnection.followRedirect(HttpURLConnection.java:2834)
	at java.base/sun.net.www.protocol.http.HttpURLConnection.getInputStream0(HttpURLConnection.java:1945)
	at java.base/sun.net.www.protocol.http.HttpURLConnection.getInputStream(HttpURLConnection.java:1615)
	at java.base/java.net.HttpURLConnection.getResponseCode(HttpURLConnection.java:531)
	at java.base/sun.net.www.protocol.https.HttpsURLConnectionImpl.getResponseCode(HttpsURLConnectionImpl.java:307)
	at com.sun.xml.ws.transport.http.client.HttpClientTransport.readResponseCodeAndMessage(HttpClientTransport.java:177)
	... 33 common frames omitted
Caused by: java.security.cert.CertificateException: No subject alternative names matching IP address 181.113.227.222 found
	at java.base/sun.security.util.HostnameChecker.matchIP(HostnameChecker.java:160)
	at java.base/sun.security.util.HostnameChecker.match(HostnameChecker.java:101)
	at java.base/sun.security.ssl.X509TrustManagerImpl.checkIdentity(X509TrustManagerImpl.java:466)
	at java.base/sun.security.ssl.X509TrustManagerImpl.checkIdentity(X509TrustManagerImpl.java:432)
	at java.base/sun.security.ssl.X509TrustManagerImpl.checkTrusted(X509TrustManagerImpl.java:237)
	at java.base/sun.security.ssl.X509TrustManagerImpl.checkServerTrusted(X509TrustManagerImpl.java:132)
	at java.base/sun.security.ssl.CertificateMessage$T12CertificateConsumer.checkServerCerts(CertificateMessage.java:631)
	... 53 common frames omitted
2026-08-25 23:50:09.187 [sri-files-scheduler-1] [] INFO  c.erp.sri_files.services.SriGateway - Consultando autorización SRI: 0312202501046002881000120010380000576630957668413 [requestId=null]
2026-08-25 23:50:09.898 [sri-files-scheduler-1] [] INFO  c.erp.sri_files.services.SriGateway - Consultando autorización SRI: 0412202501046002881000120010380000580241767172211 [requestId=null]
2026-08-25 23:50:10.525 [sri-files-scheduler-1] [] INFO  c.erp.sri_files.services.SriGateway - Consultando autorización SRI: 0212202501046002881000120010380000572380664833619 [requestId=null]
2026-08-25 23:50:11.128 [sri-files-scheduler-1] [] INFO  c.erp.sri_files.services.SriGateway - Consultando autorización SRI: 2711202501046002881000120010130004187911359687412 [requestId=null]
2026-08-25 23:50:11.707 [sri-files-scheduler-1] [] INFO  c.erp.sri_files.services.SriGateway - Consultando autorización SRI: 0412202501046002881000120010380000579905039092414 [requestId=null]
2026-08-25 23:50:12.291 [sri-files-scheduler-1] [] INFO  c.erp.sri_files.services.SriGateway - Consultando autorización SRI: 0412202501046002881000120010130004199629406711819 [requestId=null]
2026-08-25 23:50:12.880 [sri-files-scheduler-1] [] INFO  c.erp.sri_files.services.SriGateway - Consultando autorización SRI: 0312202501046002881000120020180003244379570377110 [requestId=null]
2026-08-25 23:50:13.449 [sri-files-scheduler-1] [] INFO  c.erp.sri_files.services.SriGateway - Consultando autorización SRI: 0412202501046002881000120020180003246801130784917 [requestId=null]
2026-08-25 23:50:14.095 [sri-files-scheduler-1] [] INFO  c.erp.sri_files.services.SriGateway - Consultando autorización SRI: 0412202501046002881000120010380000579095989576815 [requestId=null]
2026-08-25 23:50:14.860 [sri-files-scheduler-1] [] INFO  c.erp.sri_files.services.SriGateway - Consultando autorización SRI: 0412202501046002881000120020180003246394040763517 [requestId=null]
2026-08-25 23:50:15.526 [sri-files-scheduler-1] [] INFO  c.e.s.s.RecuperarDevueltasScheduler - [SCHEDULER] FIN recuperación devueltas | detectadas=20 | recuperadas=0 | pendientes=20 | fallidas=0 | duracionMs=15517
2026-08-25 23:51:00.000 [sri-files-scheduler-3] [] INFO  c.e.s.s.NuevoDocumentoScheduler - [SCHEDULER][V1] INICIO envío pendientes @ 2026-08-25T23:51:00.000347300
2026-08-25 23:51:00.000 [sri-files-scheduler-4] [] INFO  c.e.s.services.EnvioSriBatchService - [SCHEDULER][sri-files-scheduler-4] INICIO automatizacionEnvioFacturasElectonicas @ 2026-08-25T23:51:00.000347300
2026-08-25 23:51:00.000 [sri-files-scheduler-4] [] INFO  c.e.s.services.EnvioSriBatchService - Ejecutando envio de facturas at=2026-08-25T23:51:00.000347300
2026-08-25 23:51:00.001 [sri-files-scheduler-3] [] INFO  c.e.s.s.NuevoDocumentoScheduler - [SCHEDULER][V1] FIN envío | detectados=0 | exitosos=0 | fallidos=0 | duracionMs=1
2026-08-25 23:51:00.004 [sri-files-scheduler-1] [] INFO  c.e.s.batch.BatchJobScheduler - Batch automático ejecutado: tipo=CONSULTAR_AUTORIZACION uuid=dee57b16-5981-48f2-9fd6-de5e6b5fb9f0
2026-08-25 23:51:00.005 [task-150] [dee57b16-5981-48f2-9fd6-de5e6b5fb9f0] INFO  c.e.s.batch.BatchProcessorService - Iniciando batch job dee57b16-5981-48f2-9fd6-de5e6b5fb9f0 tipo=CONSULTAR_AUTORIZACION [batchJob=dee57b16-5981-48f2-9fd6-de5e6b5fb9f0]
2026-08-25 23:51:00.006 [task-150] [dee57b16-5981-48f2-9fd6-de5e6b5fb9f0] INFO  c.e.s.batch.BatchProcessorService - Documentos encontrados: 0 [batchJob=dee57b16-5981-48f2-9fd6-de5e6b5fb9f0]
2026-08-25 23:51:00.006 [task-150] [dee57b16-5981-48f2-9fd6-de5e6b5fb9f0] INFO  c.e.s.batch.BatchProcessorService - Batch job dee57b16-5981-48f2-9fd6-de5e6b5fb9f0 completado: Procesados: 0, Exitosos: 0, Fallidos: 0 [batchJob=dee57b16-5981-48f2-9fd6-de5e6b5fb9f0]
2026-08-25 23:51:01.302 [sri-files-scheduler-4] [] INFO  c.e.s.services.EnvioSriBatchService - No hay facturas pendientes estado=I
2026-08-25 23:51:01.302 [sri-files-scheduler-4] [] INFO  c.e.s.services.EnvioSriBatchService - [SCHEDULER][sri-files-scheduler-4] FIN automatizacionEnvioFacturasElectonicas | detectados=0 | exitosas=0 | fallidas=0 | duracionMs=1302
2026-08-25 23:51:30.002 [sri-files-scheduler-3] [] INFO  c.e.s.s.NuevoDocumentoScheduler - [SCHEDULER][V1] INICIO recuperación autorizaciones @ 2026-08-25T23:51:30.002143600
2026-08-25 23:51:30.002 [sri-files-scheduler-3] [] INFO  c.e.s.s.NuevoDocumentoScheduler - [SCHEDULER][V1] FIN recuperación | detectados=0 | autorizados=0 | pendientes=0 | duracionMs=0
2026-08-25 23:52:00.001 [sri-files-scheduler-3] [] INFO  c.e.s.s.NuevoDocumentoScheduler - [SCHEDULER][V1] INICIO envío pendientes @ 2026-08-25T23:52:00.001433800
2026-08-25 23:52:00.003 [sri-files-scheduler-3] [] INFO  c.e.s.s.NuevoDocumentoScheduler - [SCHEDULER][V1] FIN envío | detectados=0 | exitosos=0 | fallidos=0 | duracionMs=1
2026-08-25 23:52:00.003 [sri-files-scheduler-3] [] INFO  c.e.s.services.EnvioSriBatchService - [SCHEDULER][sri-files-scheduler-3] INICIO automatizacionEnvioFacturasElectonicas @ 2026-08-25T23:52:00.003435700
2026-08-25 23:52:00.003 [sri-files-scheduler-3] [] INFO  c.e.s.services.EnvioSriBatchService - Ejecutando envio de facturas at=2026-08-25T23:52:00.003435700
2026-08-25 23:52:00.005 [sri-files-scheduler-1] [] INFO  c.e.s.batch.BatchJobScheduler - Batch automático ejecutado: tipo=ENVIAR_CORREO uuid=1b6c2fbd-368b-40c0-b878-cea0fc19c629
2026-08-25 23:52:00.006 [sri-files-scheduler-4] [] INFO  c.e.s.batch.BatchJobScheduler - Batch automático ejecutado: tipo=ENVIAR_SRI uuid=12efe974-108d-4c21-9343-bd40ca4c98cd
2026-08-25 23:52:00.006 [task-152] [12efe974-108d-4c21-9343-bd40ca4c98cd] INFO  c.e.s.batch.BatchProcessorService - Iniciando batch job 12efe974-108d-4c21-9343-bd40ca4c98cd tipo=ENVIAR_SRI [batchJob=12efe974-108d-4c21-9343-bd40ca4c98cd]
2026-08-25 23:52:00.006 [task-151] [1b6c2fbd-368b-40c0-b878-cea0fc19c629] INFO  c.e.s.batch.BatchProcessorService - Iniciando batch job 1b6c2fbd-368b-40c0-b878-cea0fc19c629 tipo=ENVIAR_CORREO [batchJob=1b6c2fbd-368b-40c0-b878-cea0fc19c629]
2026-08-25 23:52:00.008 [task-152] [12efe974-108d-4c21-9343-bd40ca4c98cd] INFO  c.e.s.batch.BatchProcessorService - Documentos encontrados: 0 [batchJob=12efe974-108d-4c21-9343-bd40ca4c98cd]
2026-08-25 23:52:00.008 [task-152] [12efe974-108d-4c21-9343-bd40ca4c98cd] INFO  c.e.s.batch.BatchProcessorService - Batch job 12efe974-108d-4c21-9343-bd40ca4c98cd completado: Procesados: 0, Exitosos: 0, Fallidos: 0 [batchJob=12efe974-108d-4c21-9343-bd40ca4c98cd]
2026-08-25 23:52:00.008 [task-151] [1b6c2fbd-368b-40c0-b878-cea0fc19c629] INFO  c.e.s.batch.BatchProcessorService - Documentos encontrados: 0 [batchJob=1b6c2fbd-368b-40c0-b878-cea0fc19c629]
2026-08-25 23:52:00.008 [task-151] [1b6c2fbd-368b-40c0-b878-cea0fc19c629] INFO  c.e.s.batch.BatchProcessorService - Batch job 1b6c2fbd-368b-40c0-b878-cea0fc19c629 completado: Procesados: 0, Exitosos: 0, Fallidos: 0 [batchJob=1b6c2fbd-368b-40c0-b878-cea0fc19c629]
2026-08-25 23:52:01.315 [sri-files-scheduler-3] [] INFO  c.e.s.services.EnvioSriBatchService - No hay facturas pendientes estado=I
2026-08-25 23:52:01.315 [sri-files-scheduler-3] [] INFO  c.e.s.services.EnvioSriBatchService - [SCHEDULER][sri-files-scheduler-3] FIN automatizacionEnvioFacturasElectonicas | detectados=0 | exitosas=0 | fallidas=0 | duracionMs=1312
2026-08-25 23:53:00.000 [sri-files-scheduler-1] [] INFO  c.e.s.s.NuevoDocumentoScheduler - [SCHEDULER][V1] INICIO envío pendientes @ 2026-08-25T23:53:00.000936400
2026-08-25 23:53:00.000 [sri-files-scheduler-4] [] INFO  c.e.s.services.EnvioSriBatchService - [SCHEDULER][sri-files-scheduler-4] INICIO automatizacionEnvioFacturasElectonicas @ 2026-08-25T23:53:00.000936400
2026-08-25 23:53:00.000 [sri-files-scheduler-4] [] INFO  c.e.s.services.EnvioSriBatchService - Ejecutando envio de facturas at=2026-08-25T23:53:00.000936400
2026-08-25 23:53:00.014 [sri-files-scheduler-1] [] INFO  c.e.s.s.NuevoDocumentoScheduler - [SCHEDULER][V1] FIN envío | detectados=0 | exitosos=0 | fallidos=0 | duracionMs=14
2026-08-25 23:53:01.457 [sri-files-scheduler-4] [] INFO  c.e.s.services.EnvioSriBatchService - No hay facturas pendientes estado=I
2026-08-25 23:53:01.457 [sri-files-scheduler-4] [] INFO  c.e.s.services.EnvioSriBatchService - [SCHEDULER][sri-files-scheduler-4] FIN automatizacionEnvioFacturasElectonicas | detectados=0 | exitosas=0 | fallidas=0 | duracionMs=1457
2026-08-25 23:54:00.001 [sri-files-scheduler-1] [] INFO  c.e.s.s.NuevoDocumentoScheduler - [SCHEDULER][V1] INICIO envío pendientes @ 2026-08-25T23:54:00.001397900
2026-08-25 23:54:00.014 [sri-files-scheduler-1] [] INFO  c.e.s.s.NuevoDocumentoScheduler - [SCHEDULER][V1] FIN envío | detectados=0 | exitosos=0 | fallidos=0 | duracionMs=13
2026-08-25 23:54:00.014 [sri-files-scheduler-1] [] INFO  c.e.s.services.EnvioSriBatchService - [SCHEDULER][sri-files-scheduler-1] INICIO automatizacionEnvioFacturasElectonicas @ 2026-08-25T23:54:00.014836500
2026-08-25 23:54:00.014 [sri-files-scheduler-1] [] INFO  c.e.s.services.EnvioSriBatchService - Ejecutando envio de facturas at=2026-08-25T23:54:00.014836500
2026-08-25 23:54:00.019 [sri-files-scheduler-4] [] INFO  c.e.s.batch.BatchJobScheduler - Batch automático ejecutado: tipo=CONSULTAR_AUTORIZACION uuid=2aaac433-58ef-4dd3-b394-994ccf127f9b
2026-08-25 23:54:00.019 [sri-files-scheduler-3] [] INFO  c.e.s.batch.BatchJobScheduler - Batch automático ejecutado: tipo=ENVIAR_SRI uuid=2794ac6f-9256-43f3-a957-ffa6f28d1971
2026-08-25 23:54:00.020 [task-153] [2aaac433-58ef-4dd3-b394-994ccf127f9b] INFO  c.e.s.batch.BatchProcessorService - Iniciando batch job 2aaac433-58ef-4dd3-b394-994ccf127f9b tipo=CONSULTAR_AUTORIZACION [batchJob=2aaac433-58ef-4dd3-b394-994ccf127f9b]
2026-08-25 23:54:00.020 [task-154] [2794ac6f-9256-43f3-a957-ffa6f28d1971] INFO  c.e.s.batch.BatchProcessorService - Iniciando batch job 2794ac6f-9256-43f3-a957-ffa6f28d1971 tipo=ENVIAR_SRI [batchJob=2794ac6f-9256-43f3-a957-ffa6f28d1971]
2026-08-25 23:54:00.026 [task-153] [2aaac433-58ef-4dd3-b394-994ccf127f9b] INFO  c.e.s.batch.BatchProcessorService - Documentos encontrados: 0 [batchJob=2aaac433-58ef-4dd3-b394-994ccf127f9b]
2026-08-25 23:54:00.026 [task-153] [2aaac433-58ef-4dd3-b394-994ccf127f9b] INFO  c.e.s.batch.BatchProcessorService - Batch job 2aaac433-58ef-4dd3-b394-994ccf127f9b completado: Procesados: 0, Exitosos: 0, Fallidos: 0 [batchJob=2aaac433-58ef-4dd3-b394-994ccf127f9b]
2026-08-25 23:54:00.026 [task-154] [2794ac6f-9256-43f3-a957-ffa6f28d1971] INFO  c.e.s.batch.BatchProcessorService - Documentos encontrados: 0 [batchJob=2794ac6f-9256-43f3-a957-ffa6f28d1971]
2026-08-25 23:54:00.026 [task-154] [2794ac6f-9256-43f3-a957-ffa6f28d1971] INFO  c.e.s.batch.BatchProcessorService - Batch job 2794ac6f-9256-43f3-a957-ffa6f28d1971 completado: Procesados: 0, Exitosos: 0, Fallidos: 0 [batchJob=2794ac6f-9256-43f3-a957-ffa6f28d1971]
2026-08-25 23:54:01.432 [sri-files-scheduler-1] [] INFO  c.e.s.services.EnvioSriBatchService - No hay facturas pendientes estado=I
2026-08-25 23:54:01.432 [sri-files-scheduler-1] [] INFO  c.e.s.services.EnvioSriBatchService - [SCHEDULER][sri-files-scheduler-1] FIN automatizacionEnvioFacturasElectonicas | detectados=0 | exitosas=0 | fallidas=0 | duracionMs=1418
2026-08-25 23:54:30.001 [sri-files-scheduler-4] [] INFO  c.e.s.s.NuevoDocumentoScheduler - [SCHEDULER][V1] INICIO recuperación autorizaciones @ 2026-08-25T23:54:30.001298100
2026-08-25 23:54:30.002 [sri-files-scheduler-4] [] INFO  c.e.s.s.NuevoDocumentoScheduler - [SCHEDULER][V1] FIN recuperación | detectados=0 | autorizados=0 | pendientes=0 | duracionMs=1
2026-08-25 23:55:00.001 [sri-files-scheduler-1] [] INFO  c.e.s.s.NuevoDocumentoScheduler - [SCHEDULER][V1] INICIO envío pendientes @ 2026-08-25T23:55:00.001713200
2026-08-25 23:55:00.002 [sri-files-scheduler-3] [] INFO  c.e.s.services.EnvioSriBatchService - [SCHEDULER][sri-files-scheduler-3] INICIO automatizacionEnvioFacturasElectonicas @ 2026-08-25T23:55:00.002261300
2026-08-25 23:55:00.002 [sri-files-scheduler-3] [] INFO  c.e.s.services.EnvioSriBatchService - Ejecutando envio de facturas at=2026-08-25T23:55:00.002261300
2026-08-25 23:55:00.001 [sri-files-scheduler-4] [] INFO  c.e.s.s.RecuperarDevueltasScheduler - [SCHEDULER] INICIO recuperación facturas estado M @ 2026-08-25T23:55:00.001713200
2026-08-25 23:55:00.003 [sri-files-scheduler-1] [] INFO  c.e.s.s.NuevoDocumentoScheduler - [SCHEDULER][V1] FIN envío | detectados=0 | exitosos=0 | fallidos=0 | duracionMs=2
2026-08-25 23:55:00.013 [sri-files-scheduler-1] [] INFO  c.e.s.batch.BatchJobScheduler - Batch automático ejecutado: tipo=REINTENTAR_FALLIDOS uuid=79ba4c64-b493-40ec-81ac-61d8c6021311
2026-08-25 23:55:00.013 [task-155] [79ba4c64-b493-40ec-81ac-61d8c6021311] INFO  c.e.s.batch.BatchProcessorService - Iniciando batch job 79ba4c64-b493-40ec-81ac-61d8c6021311 tipo=REINTENTAR_FALLIDOS [batchJob=79ba4c64-b493-40ec-81ac-61d8c6021311]
2026-08-25 23:55:00.015 [task-155] [79ba4c64-b493-40ec-81ac-61d8c6021311] INFO  c.e.s.batch.BatchProcessorService - Documentos encontrados: 0 [batchJob=79ba4c64-b493-40ec-81ac-61d8c6021311]
2026-08-25 23:55:00.016 [task-155] [79ba4c64-b493-40ec-81ac-61d8c6021311] INFO  c.e.s.batch.BatchProcessorService - Batch job 79ba4c64-b493-40ec-81ac-61d8c6021311 completado: Procesados: 0, Exitosos: 0, Fallidos: 0 [batchJob=79ba4c64-b493-40ec-81ac-61d8c6021311]
2026-08-25 23:55:01.054 [sri-files-scheduler-4] [] INFO  c.erp.sri_files.services.SriGateway - Consultando autorización SRI: 0412202501046002881000120010110001737024394543810 [requestId=null]
2026-08-25 23:55:01.484 [sri-files-scheduler-3] [] INFO  c.e.s.services.EnvioSriBatchService - No hay facturas pendientes estado=I
2026-08-25 23:55:01.484 [sri-files-scheduler-3] [] INFO  c.e.s.services.EnvioSriBatchService - [SCHEDULER][sri-files-scheduler-3] FIN automatizacionEnvioFacturasElectonicas | detectados=0 | exitosas=0 | fallidas=0 | duracionMs=1482
2026-08-25 23:55:01.971 [sri-files-scheduler-4] [] INFO  c.erp.sri_files.services.SriGateway - Consultando autorización SRI: 0312202501046002881000120020180003245976695169619 [requestId=null]
2026-08-25 23:55:02.812 [sri-files-scheduler-4] [] INFO  c.erp.sri_files.services.SriGateway - Consultando autorización SRI: 0312202501046002881000120020180003245856536233211 [requestId=null]
2026-08-25 23:55:03.605 [sri-files-scheduler-4] [] INFO  c.erp.sri_files.services.SriGateway - Consultando autorización SRI: 1707202601046002881000120010110001973183102410019 [requestId=null]
2026-08-25 23:55:04.377 [sri-files-scheduler-4] [] INFO  c.erp.sri_files.services.SriGateway - Consultando autorización SRI: 0412202501046002881000120010130004201178100253313 [requestId=null]
2026-08-25 23:55:05.091 [sri-files-scheduler-4] [] INFO  c.erp.sri_files.services.SriGateway - Consultando autorización SRI: 0312202501046002881000120010130004196231711961915 [requestId=null]
2026-08-25 23:55:05.871 [sri-files-scheduler-4] [] INFO  c.erp.sri_files.services.SriGateway - Consultando autorización SRI: 0212202501046002881000120010130004194467923646418 [requestId=null]
2026-08-25 23:55:06.548 [sri-files-scheduler-4] [] INFO  c.erp.sri_files.services.SriGateway - Consultando autorización SRI: 0212202501046002881000120010110001733881092436515 [requestId=null]
2026-08-25 23:55:07.293 [sri-files-scheduler-4] [] INFO  c.erp.sri_files.services.SriGateway - Consultando autorización SRI: 0212202501046002881000120010380000572723541950917 [requestId=null]
2026-08-25 23:55:08.079 [sri-files-scheduler-4] [] INFO  c.erp.sri_files.services.SriGateway - Consultando autorización SRI: 0412202501046002881000120010130004200302335143417 [requestId=null]
2026-08-25 23:55:08.690 [sri-files-scheduler-4] [] INFO  c.erp.sri_files.services.SriGateway - Consultando autorización SRI: 0312202501046002881000120010380000576630957668413 [requestId=null]
2026-08-25 23:55:09.340 [sri-files-scheduler-4] [] INFO  c.erp.sri_files.services.SriGateway - Consultando autorización SRI: 0412202501046002881000120010380000580241767172211 [requestId=null]
2026-08-25 23:55:10.031 [sri-files-scheduler-4] [] INFO  c.erp.sri_files.services.SriGateway - Consultando autorización SRI: 0212202501046002881000120010380000572380664833619 [requestId=null]
2026-08-25 23:55:10.775 [sri-files-scheduler-4] [] INFO  c.erp.sri_files.services.SriGateway - Consultando autorización SRI: 2711202501046002881000120010130004187911359687412 [requestId=null]
2026-08-25 23:55:11.415 [sri-files-scheduler-4] [] INFO  c.erp.sri_files.services.SriGateway - Consultando autorización SRI: 0412202501046002881000120010380000579905039092414 [requestId=null]
2026-08-25 23:55:12.041 [sri-files-scheduler-4] [] INFO  c.erp.sri_files.services.SriGateway - Consultando autorización SRI: 0412202501046002881000120010130004199629406711819 [requestId=null]
2026-08-25 23:55:12.714 [sri-files-scheduler-4] [] INFO  c.erp.sri_files.services.SriGateway - Consultando autorización SRI: 0312202501046002881000120020180003244379570377110 [requestId=null]
2026-08-25 23:55:13.319 [sri-files-scheduler-4] [] INFO  c.erp.sri_files.services.SriGateway - Consultando autorización SRI: 0412202501046002881000120020180003246801130784917 [requestId=null]
2026-08-25 23:55:13.899 [sri-files-scheduler-4] [] INFO  c.erp.sri_files.services.SriGateway - Consultando autorización SRI: 0412202501046002881000120010380000579095989576815 [requestId=null]
2026-08-25 23:55:14.516 [sri-files-scheduler-4] [] INFO  c.erp.sri_files.services.SriGateway - Consultando autorización SRI: 0412202501046002881000120020180003246394040763517 [requestId=null]
2026-08-25 23:55:15.155 [sri-files-scheduler-4] [] INFO  c.e.s.s.RecuperarDevueltasScheduler - [SCHEDULER] FIN recuperación devueltas | detectadas=20 | recuperadas=0 | pendientes=20 | fallidas=0 | duracionMs=15154
2026-08-25 23:56:00.000 [sri-files-scheduler-3] [] INFO  c.e.s.s.NuevoDocumentoScheduler - [SCHEDULER][V1] INICIO envío pendientes @ 2026-08-25T23:56:00.000110200
2026-08-25 23:56:00.000 [sri-files-scheduler-4] [] INFO  c.e.s.services.EnvioSriBatchService - [SCHEDULER][sri-files-scheduler-4] INICIO automatizacionEnvioFacturasElectonicas @ 2026-08-25T23:56:00.000110200
2026-08-25 23:56:00.000 [sri-files-scheduler-4] [] INFO  c.e.s.services.EnvioSriBatchService - Ejecutando envio de facturas at=2026-08-25T23:56:00.000110200
2026-08-25 23:56:00.001 [sri-files-scheduler-3] [] INFO  c.e.s.s.NuevoDocumentoScheduler - [SCHEDULER][V1] FIN envío | detectados=0 | exitosos=0 | fallidos=0 | duracionMs=1
2026-08-25 23:56:00.006 [sri-files-scheduler-3] [] INFO  c.e.s.batch.BatchJobScheduler - Batch automático ejecutado: tipo=ENVIAR_SRI uuid=dfdfa8ed-ef73-44e9-b799-4ab706e5c3e7
2026-08-25 23:56:00.006 [task-156] [dfdfa8ed-ef73-44e9-b799-4ab706e5c3e7] INFO  c.e.s.batch.BatchProcessorService - Iniciando batch job dfdfa8ed-ef73-44e9-b799-4ab706e5c3e7 tipo=ENVIAR_SRI [batchJob=dfdfa8ed-ef73-44e9-b799-4ab706e5c3e7]
2026-08-25 23:56:00.007 [task-156] [dfdfa8ed-ef73-44e9-b799-4ab706e5c3e7] INFO  c.e.s.batch.BatchProcessorService - Documentos encontrados: 0 [batchJob=dfdfa8ed-ef73-44e9-b799-4ab706e5c3e7]
2026-08-25 23:56:00.008 [task-156] [dfdfa8ed-ef73-44e9-b799-4ab706e5c3e7] INFO  c.e.s.batch.BatchProcessorService - Batch job dfdfa8ed-ef73-44e9-b799-4ab706e5c3e7 completado: Procesados: 0, Exitosos: 0, Fallidos: 0 [batchJob=dfdfa8ed-ef73-44e9-b799-4ab706e5c3e7]
2026-08-25 23:56:00.013 [sri-files-scheduler-1] [] INFO  c.e.s.batch.BatchJobScheduler - Batch automático ejecutado: tipo=ENVIAR_CORREO uuid=c12db201-ac91-40b3-85cb-3bc874314eb2
2026-08-25 23:56:00.013 [task-157] [c12db201-ac91-40b3-85cb-3bc874314eb2] INFO  c.e.s.batch.BatchProcessorService - Iniciando batch job c12db201-ac91-40b3-85cb-3bc874314eb2 tipo=ENVIAR_CORREO [batchJob=c12db201-ac91-40b3-85cb-3bc874314eb2]
2026-08-25 23:56:00.015 [task-157] [c12db201-ac91-40b3-85cb-3bc874314eb2] INFO  c.e.s.batch.BatchProcessorService - Documentos encontrados: 0 [batchJob=c12db201-ac91-40b3-85cb-3bc874314eb2]
2026-08-25 23:56:00.015 [task-157] [c12db201-ac91-40b3-85cb-3bc874314eb2] INFO  c.e.s.batch.BatchProcessorService - Batch job c12db201-ac91-40b3-85cb-3bc874314eb2 completado: Procesados: 0, Exitosos: 0, Fallidos: 0 [batchJob=c12db201-ac91-40b3-85cb-3bc874314eb2]
2026-08-25 23:56:01.324 [sri-files-scheduler-4] [] INFO  c.e.s.services.EnvioSriBatchService - No hay facturas pendientes estado=I
2026-08-25 23:56:01.324 [sri-files-scheduler-4] [] INFO  c.e.s.services.EnvioSriBatchService - [SCHEDULER][sri-files-scheduler-4] FIN automatizacionEnvioFacturasElectonicas | detectados=0 | exitosas=0 | fallidas=0 | duracionMs=1324
2026-08-25 23:57:00.000 [sri-files-scheduler-4] [] INFO  c.e.s.services.EnvioSriBatchService - [SCHEDULER][sri-files-scheduler-4] INICIO automatizacionEnvioFacturasElectonicas @ 2026-08-25T23:57:00.000327200
2026-08-25 23:57:00.001 [sri-files-scheduler-4] [] INFO  c.e.s.services.EnvioSriBatchService - Ejecutando envio de facturas at=2026-08-25T23:57:00.001316500
2026-08-25 23:57:00.002 [sri-files-scheduler-1] [] INFO  c.e.s.s.NuevoDocumentoScheduler - [SCHEDULER][V1] INICIO envío pendientes @ 2026-08-25T23:57:00.002317700
2026-08-25 23:57:00.005 [sri-files-scheduler-1] [] INFO  c.e.s.s.NuevoDocumentoScheduler - [SCHEDULER][V1] FIN envío | detectados=0 | exitosos=0 | fallidos=0 | duracionMs=3
2026-08-25 23:57:00.008 [sri-files-scheduler-3] [] INFO  c.e.s.batch.BatchJobScheduler - Batch automático ejecutado: tipo=CONSULTAR_AUTORIZACION uuid=147d8dde-cb92-49e4-8874-8b8273882d78
2026-08-25 23:57:00.009 [task-158] [147d8dde-cb92-49e4-8874-8b8273882d78] INFO  c.e.s.batch.BatchProcessorService - Iniciando batch job 147d8dde-cb92-49e4-8874-8b8273882d78 tipo=CONSULTAR_AUTORIZACION [batchJob=147d8dde-cb92-49e4-8874-8b8273882d78]
2026-08-25 23:57:00.010 [task-158] [147d8dde-cb92-49e4-8874-8b8273882d78] INFO  c.e.s.batch.BatchProcessorService - Documentos encontrados: 0 [batchJob=147d8dde-cb92-49e4-8874-8b8273882d78]
2026-08-25 23:57:00.011 [task-158] [147d8dde-cb92-49e4-8874-8b8273882d78] INFO  c.e.s.batch.BatchProcessorService - Batch job 147d8dde-cb92-49e4-8874-8b8273882d78 completado: Procesados: 0, Exitosos: 0, Fallidos: 0 [batchJob=147d8dde-cb92-49e4-8874-8b8273882d78]
2026-08-25 23:57:01.309 [sri-files-scheduler-4] [] INFO  c.e.s.services.EnvioSriBatchService - No hay facturas pendientes estado=I
2026-08-25 23:57:01.309 [sri-files-scheduler-4] [] INFO  c.e.s.services.EnvioSriBatchService - [SCHEDULER][sri-files-scheduler-4] FIN automatizacionEnvioFacturasElectonicas | detectados=0 | exitosas=0 | fallidas=0 | duracionMs=1309
2026-08-25 23:57:30.000 [sri-files-scheduler-1] [] INFO  c.e.s.s.NuevoDocumentoScheduler - [SCHEDULER][V1] INICIO recuperación autorizaciones @ 2026-08-25T23:57:30.000916900
2026-08-25 23:57:30.001 [sri-files-scheduler-1] [] INFO  c.e.s.s.NuevoDocumentoScheduler - [SCHEDULER][V1] FIN recuperación | detectados=0 | autorizados=0 | pendientes=0 | duracionMs=1
2026-08-25 23:58:00.001 [sri-files-scheduler-4] [] INFO  c.e.s.s.NuevoDocumentoScheduler - [SCHEDULER][V1] INICIO envío pendientes @ 2026-08-25T23:58:00.001017200
2026-08-25 23:58:00.001 [sri-files-scheduler-3] [] INFO  c.e.s.services.EnvioSriBatchService - [SCHEDULER][sri-files-scheduler-3] INICIO automatizacionEnvioFacturasElectonicas @ 2026-08-25T23:58:00.001017200
2026-08-25 23:58:00.001 [sri-files-scheduler-3] [] INFO  c.e.s.services.EnvioSriBatchService - Ejecutando envio de facturas at=2026-08-25T23:58:00.001017200
2026-08-25 23:58:00.002 [sri-files-scheduler-4] [] INFO  c.e.s.s.NuevoDocumentoScheduler - [SCHEDULER][V1] FIN envío | detectados=0 | exitosos=0 | fallidos=0 | duracionMs=1
2026-08-25 23:58:00.005 [sri-files-scheduler-1] [] INFO  c.e.s.batch.BatchJobScheduler - Batch automático ejecutado: tipo=ENVIAR_SRI uuid=7c6adb59-4495-4a0a-b994-6940baa3e732
2026-08-25 23:58:00.006 [task-159] [7c6adb59-4495-4a0a-b994-6940baa3e732] INFO  c.e.s.batch.BatchProcessorService - Iniciando batch job 7c6adb59-4495-4a0a-b994-6940baa3e732 tipo=ENVIAR_SRI [batchJob=7c6adb59-4495-4a0a-b994-6940baa3e732]
2026-08-25 23:58:00.007 [task-159] [7c6adb59-4495-4a0a-b994-6940baa3e732] INFO  c.e.s.batch.BatchProcessorService - Documentos encontrados: 0 [batchJob=7c6adb59-4495-4a0a-b994-6940baa3e732]
2026-08-25 23:58:00.007 [task-159] [7c6adb59-4495-4a0a-b994-6940baa3e732] INFO  c.e.s.batch.BatchProcessorService - Batch job 7c6adb59-4495-4a0a-b994-6940baa3e732 completado: Procesados: 0, Exitosos: 0, Fallidos: 0 [batchJob=7c6adb59-4495-4a0a-b994-6940baa3e732]
2026-08-25 23:58:01.276 [sri-files-scheduler-3] [] INFO  c.e.s.services.EnvioSriBatchService - No hay facturas pendientes estado=I
2026-08-25 23:58:01.276 [sri-files-scheduler-3] [] INFO  c.e.s.services.EnvioSriBatchService - [SCHEDULER][sri-files-scheduler-3] FIN automatizacionEnvioFacturasElectonicas | detectados=0 | exitosas=0 | fallidas=0 | duracionMs=1275
2026-08-25 23:59:00.000 [sri-files-scheduler-1] [] INFO  c.e.s.s.NuevoDocumentoScheduler - [SCHEDULER][V1] INICIO envío pendientes @ 2026-08-25T23:59:00.000926600
2026-08-25 23:59:00.000 [sri-files-scheduler-3] [] INFO  c.e.s.services.EnvioSriBatchService - [SCHEDULER][sri-files-scheduler-3] INICIO automatizacionEnvioFacturasElectonicas @ 2026-08-25T23:59:00.000926600
2026-08-25 23:59:00.001 [sri-files-scheduler-3] [] INFO  c.e.s.services.EnvioSriBatchService - Ejecutando envio de facturas at=2026-08-25T23:59:00.001930800
2026-08-25 23:59:00.003 [sri-files-scheduler-1] [] INFO  c.e.s.s.NuevoDocumentoScheduler - [SCHEDULER][V1] FIN envío | detectados=0 | exitosos=0 | fallidos=0 | duracionMs=3
2026-08-25 23:59:01.303 [sri-files-scheduler-3] [] INFO  c.e.s.services.EnvioSriBatchService - No hay facturas pendientes estado=I
2026-08-25 23:59:01.303 [sri-files-scheduler-3] [] INFO  c.e.s.services.EnvioSriBatchService - [SCHEDULER][sri-files-scheduler-3] FIN automatizacionEnvioFacturasElectonicas | detectados=0 | exitosas=0 | fallidas=0 | duracionMs=1303
