2026-08-25 09:53:16.723 [main] [] INFO  o.s.c.c.c.ConfigServicePropertySourceLocator - Fetching config from server at : http://localhost:8888
2026-08-25 09:53:16.736 [main] [] INFO  o.s.c.c.c.ConfigServicePropertySourceLocator - Exception on Url - http://localhost:8888:org.springframework.web.client.ResourceAccessException: I/O error on GET request for "http://localhost:8888/msvc-sri/default": Connection refused: getsockopt. Will be trying the next url if available
2026-08-25 09:53:16.736 [main] [] WARN  o.s.c.c.c.ConfigServicePropertySourceLocator - Could not locate PropertySource: I/O error on GET request for "http://localhost:8888/msvc-sri/default": Connection refused: getsockopt
2026-08-25 09:53:16.739 [main] [] INFO  c.erp.sri_files.SriFilesApplication - The following 1 profile is active: "local"
2026-08-25 09:53:16.747 [main] [] INFO  o.s.c.c.c.ConfigServerConfigDataLoader - Fetching config from server at : http://config-server:8888
2026-08-25 09:53:16.747 [main] [] INFO  o.s.c.c.c.ConfigServerConfigDataLoader - Exception on Url - http://config-server:8888:org.springframework.web.client.ResourceAccessException: I/O error on GET request for "http://config-server:8888/msvc-sri/default": config-server. Will be trying the next url if available
2026-08-25 09:53:16.747 [main] [] WARN  o.s.c.c.c.ConfigServerConfigDataLoader - Could not locate PropertySource ([ConfigServerConfigDataResource@3531f3ca uris = array<String>['http://config-server:8888'], optional = true, profiles = 'default']): I/O error on GET request for "http://config-server:8888/msvc-sri/default": config-server
2026-08-25 09:53:16.747 [main] [] INFO  o.s.c.c.c.ConfigServerConfigDataLoader - Fetching config from server at : http://config-server:8888
2026-08-25 09:53:16.747 [main] [] INFO  o.s.c.c.c.ConfigServerConfigDataLoader - Exception on Url - http://config-server:8888:org.springframework.web.client.ResourceAccessException: I/O error on GET request for "http://config-server:8888/msvc-sri/local": config-server. Will be trying the next url if available
2026-08-25 09:53:16.747 [main] [] WARN  o.s.c.c.c.ConfigServerConfigDataLoader - Could not locate PropertySource ([ConfigServerConfigDataResource@5fe7f967 uris = array<String>['http://config-server:8888'], optional = true, profiles = 'local']): I/O error on GET request for "http://config-server:8888/msvc-sri/local": config-server
2026-08-25 09:53:16.747 [main] [] INFO  o.s.c.c.c.ConfigServerConfigDataLoader - Fetching config from server at : http://config-server:8888
2026-08-25 09:53:16.747 [main] [] INFO  o.s.c.c.c.ConfigServerConfigDataLoader - Exception on Url - http://config-server:8888:org.springframework.web.client.ResourceAccessException: I/O error on GET request for "http://config-server:8888/msvc-sri/default": config-server. Will be trying the next url if available
2026-08-25 09:53:16.747 [main] [] WARN  o.s.c.c.c.ConfigServerConfigDataLoader - Could not locate PropertySource ([ConfigServerConfigDataResource@59e43e8c uris = array<String>['http://config-server:8888'], optional = true, profiles = 'default']): I/O error on GET request for "http://config-server:8888/msvc-sri/default": config-server
2026-08-25 09:53:17.281 [main] [] INFO  o.s.d.r.c.RepositoryConfigurationDelegate - Bootstrapping Spring Data JPA repositories in DEFAULT mode.
2026-08-25 09:53:17.400 [main] [] INFO  o.s.d.r.c.RepositoryConfigurationDelegate - Finished Spring Data repository scanning in 113 ms. Found 8 JPA repository interfaces.
2026-08-25 09:53:17.562 [main] [] INFO  o.s.cloud.context.scope.GenericScope - BeanFactory id=584869b1-a425-325e-a3cf-9889ca2a5007
2026-08-25 09:53:17.840 [main] [] INFO  o.s.b.w.e.tomcat.TomcatWebServer - Tomcat initialized with port 9096 (http)
2026-08-25 09:53:17.851 [main] [] INFO  o.a.coyote.http11.Http11NioProtocol - Initializing ProtocolHandler ["http-nio-9096"]
2026-08-25 09:53:17.852 [main] [] INFO  o.a.catalina.core.StandardService - Starting service [Tomcat]
2026-08-25 09:53:17.852 [main] [] INFO  o.a.catalina.core.StandardEngine - Starting Servlet engine: [Apache Tomcat/10.1.34]
2026-08-25 09:53:17.911 [main] [] INFO  o.a.c.c.C.[Tomcat].[localhost].[/] - Initializing Spring embedded WebApplicationContext
2026-08-25 09:53:17.912 [main] [] INFO  o.s.b.w.s.c.ServletWebServerApplicationContext - Root WebApplicationContext: initialization completed in 1163 ms
2026-08-25 09:53:17.960 [main] [] DEBUG c.e.sri_files.config.RateLimitFilter - Filter 'rateLimitFilter' configured for use
2026-08-25 09:53:17.960 [main] [] DEBUG c.e.sri_files.config.RequestIdFilter - Filter 'requestIdFilter' configured for use
2026-08-25 09:53:17.960 [main] [] DEBUG c.erp.sri_files.config.ApiKeyFilter - Filter 'apiKeyFilter' configured for use
2026-08-25 09:53:17.960 [main] [] DEBUG c.e.s.config.SecurityHeadersFilter - Filter 'securityHeadersFilter' configured for use
2026-08-25 09:53:18.354 [main] [] INFO  o.s.o.j.p.SpringPersistenceUnitInfo - No LoadTimeWeaver setup: ignoring JPA class transformer
2026-08-25 09:53:18.376 [main] [] INFO  com.zaxxer.hikari.HikariDataSource - HikariPool-1 - Starting...
2026-08-25 09:53:18.595 [main] [] INFO  com.zaxxer.hikari.pool.HikariPool - HikariPool-1 - Added connection org.postgresql.jdbc.PgConnection@22ee1ad7
2026-08-25 09:53:18.596 [main] [] INFO  com.zaxxer.hikari.HikariDataSource - HikariPool-1 - Start completed.
2026-08-25 09:53:18.625 [main] [] WARN  org.hibernate.orm.deprecation - HHH90000025: PostgreSQLDialect does not need to be specified explicitly using 'hibernate.dialect' (remove the property setting and it will be selected by default)
2026-08-25 09:53:19.537 [main] [] WARN  o.h.t.s.i.ExceptionHandlerLoggedImpl - GenerationTarget encountered exception accepting command : Error executing DDL "alter table if exists definir alter column tipoambiente set data type smallint" via JDBC [ERROR: la columna «tipoambiente» no puede convertirse automáticamente al tipo smallint
  Hint: Puede ser necesario especificar «USING tipoambiente::smallint».]
org.hibernate.tool.schema.spi.CommandAcceptanceException: Error executing DDL "alter table if exists definir alter column tipoambiente set data type smallint" via JDBC [ERROR: la columna «tipoambiente» no puede convertirse automáticamente al tipo smallint
  Hint: Puede ser necesario especificar «USING tipoambiente::smallint».]
	at org.hibernate.tool.schema.internal.exec.GenerationTargetToDatabase.accept(GenerationTargetToDatabase.java:94)
	at org.hibernate.tool.schema.internal.AbstractSchemaMigrator.applySqlString(AbstractSchemaMigrator.java:576)
	at org.hibernate.tool.schema.internal.AbstractSchemaMigrator.applySqlStrings(AbstractSchemaMigrator.java:516)
	at org.hibernate.tool.schema.internal.AbstractSchemaMigrator.migrateTable(AbstractSchemaMigrator.java:334)
	at org.hibernate.tool.schema.internal.GroupedSchemaMigratorImpl.performTablesMigration(GroupedSchemaMigratorImpl.java:84)
	at org.hibernate.tool.schema.internal.AbstractSchemaMigrator.performMigration(AbstractSchemaMigrator.java:233)
	at org.hibernate.tool.schema.internal.AbstractSchemaMigrator.doMigration(AbstractSchemaMigrator.java:112)
	at org.hibernate.tool.schema.spi.SchemaManagementToolCoordinator.performDatabaseAction(SchemaManagementToolCoordinator.java:280)
	at org.hibernate.tool.schema.spi.SchemaManagementToolCoordinator.lambda$process$5(SchemaManagementToolCoordinator.java:144)
	at java.base/java.util.HashMap.forEach(HashMap.java:1429)
	at org.hibernate.tool.schema.spi.SchemaManagementToolCoordinator.process(SchemaManagementToolCoordinator.java:141)
	at org.hibernate.boot.internal.SessionFactoryObserverForSchemaExport.sessionFactoryCreated(SessionFactoryObserverForSchemaExport.java:37)
	at org.hibernate.internal.SessionFactoryObserverChain.sessionFactoryCreated(SessionFactoryObserverChain.java:35)
	at org.hibernate.internal.SessionFactoryImpl.<init>(SessionFactoryImpl.java:324)
	at org.hibernate.boot.internal.SessionFactoryBuilderImpl.build(SessionFactoryBuilderImpl.java:463)
	at org.hibernate.jpa.boot.internal.EntityManagerFactoryBuilderImpl.build(EntityManagerFactoryBuilderImpl.java:1506)
	at org.springframework.orm.jpa.vendor.SpringHibernateJpaPersistenceProvider.createContainerEntityManagerFactory(SpringHibernateJpaPersistenceProvider.java:66)
	at org.springframework.orm.jpa.LocalContainerEntityManagerFactoryBean.createNativeEntityManagerFactory(LocalContainerEntityManagerFactoryBean.java:390)
	at org.springframework.orm.jpa.AbstractEntityManagerFactoryBean.buildNativeEntityManagerFactory(AbstractEntityManagerFactoryBean.java:419)
	at org.springframework.orm.jpa.AbstractEntityManagerFactoryBean.afterPropertiesSet(AbstractEntityManagerFactoryBean.java:400)
	at org.springframework.orm.jpa.LocalContainerEntityManagerFactoryBean.afterPropertiesSet(LocalContainerEntityManagerFactoryBean.java:366)
	at org.springframework.beans.factory.support.AbstractAutowireCapableBeanFactory.invokeInitMethods(AbstractAutowireCapableBeanFactory.java:1855)
	at org.springframework.beans.factory.support.AbstractAutowireCapableBeanFactory.initializeBean(AbstractAutowireCapableBeanFactory.java:1804)
	at org.springframework.beans.factory.support.AbstractAutowireCapableBeanFactory.doCreateBean(AbstractAutowireCapableBeanFactory.java:601)
	at org.springframework.beans.factory.support.AbstractAutowireCapableBeanFactory.createBean(AbstractAutowireCapableBeanFactory.java:523)
	at org.springframework.beans.factory.support.AbstractBeanFactory.lambda$doGetBean$0(AbstractBeanFactory.java:336)
	at org.springframework.beans.factory.support.DefaultSingletonBeanRegistry.getSingleton(DefaultSingletonBeanRegistry.java:289)
	at org.springframework.beans.factory.support.AbstractBeanFactory.doGetBean(AbstractBeanFactory.java:334)
	at org.springframework.beans.factory.support.AbstractBeanFactory.getBean(AbstractBeanFactory.java:204)
	at org.springframework.context.support.AbstractApplicationContext.finishBeanFactoryInitialization(AbstractApplicationContext.java:970)
	at org.springframework.context.support.AbstractApplicationContext.refresh(AbstractApplicationContext.java:627)
	at org.springframework.boot.web.servlet.context.ServletWebServerApplicationContext.refresh(ServletWebServerApplicationContext.java:146)
	at org.springframework.boot.SpringApplication.refresh(SpringApplication.java:752)
	at org.springframework.boot.SpringApplication.refreshContext(SpringApplication.java:439)
	at org.springframework.boot.SpringApplication.run(SpringApplication.java:318)
	at org.springframework.boot.SpringApplication.run(SpringApplication.java:1361)
	at org.springframework.boot.SpringApplication.run(SpringApplication.java:1350)
	at com.erp.sri_files.SriFilesApplication.main(SriFilesApplication.java:19)
Caused by: org.postgresql.util.PSQLException: ERROR: la columna «tipoambiente» no puede convertirse automáticamente al tipo smallint
  Hint: Puede ser necesario especificar «USING tipoambiente::smallint».
	at org.postgresql.core.v3.QueryExecutorImpl.receiveErrorResponse(QueryExecutorImpl.java:2733)
	at org.postgresql.core.v3.QueryExecutorImpl.processResults(QueryExecutorImpl.java:2420)
	at org.postgresql.core.v3.QueryExecutorImpl.execute(QueryExecutorImpl.java:372)
	at org.postgresql.jdbc.PgStatement.executeInternal(PgStatement.java:517)
	at org.postgresql.jdbc.PgStatement.execute(PgStatement.java:434)
	at org.postgresql.jdbc.PgStatement.executeWithFlags(PgStatement.java:356)
	at org.postgresql.jdbc.PgStatement.executeCachedSql(PgStatement.java:341)
	at org.postgresql.jdbc.PgStatement.executeWithFlags(PgStatement.java:317)
	at org.postgresql.jdbc.PgStatement.execute(PgStatement.java:312)
	at com.zaxxer.hikari.pool.ProxyStatement.execute(ProxyStatement.java:94)
	at com.zaxxer.hikari.pool.HikariProxyStatement.execute(HikariProxyStatement.java)
	at org.hibernate.tool.schema.internal.exec.GenerationTargetToDatabase.accept(GenerationTargetToDatabase.java:80)
	... 37 common frames omitted
2026-08-25 09:53:19.593 [main] [] WARN  o.h.t.s.i.ExceptionHandlerLoggedImpl - GenerationTarget encountered exception accepting command : Error executing DDL "alter table if exists fec_factura alter column errores set data type varchar(255)" via JDBC [ERROR: el valor es demasiado largo para el tipo character varying(255)]
org.hibernate.tool.schema.spi.CommandAcceptanceException: Error executing DDL "alter table if exists fec_factura alter column errores set data type varchar(255)" via JDBC [ERROR: el valor es demasiado largo para el tipo character varying(255)]
	at org.hibernate.tool.schema.internal.exec.GenerationTargetToDatabase.accept(GenerationTargetToDatabase.java:94)
	at org.hibernate.tool.schema.internal.AbstractSchemaMigrator.applySqlString(AbstractSchemaMigrator.java:576)
	at org.hibernate.tool.schema.internal.AbstractSchemaMigrator.applySqlStrings(AbstractSchemaMigrator.java:516)
	at org.hibernate.tool.schema.internal.AbstractSchemaMigrator.migrateTable(AbstractSchemaMigrator.java:334)
	at org.hibernate.tool.schema.internal.GroupedSchemaMigratorImpl.performTablesMigration(GroupedSchemaMigratorImpl.java:84)
	at org.hibernate.tool.schema.internal.AbstractSchemaMigrator.performMigration(AbstractSchemaMigrator.java:233)
	at org.hibernate.tool.schema.internal.AbstractSchemaMigrator.doMigration(AbstractSchemaMigrator.java:112)
	at org.hibernate.tool.schema.spi.SchemaManagementToolCoordinator.performDatabaseAction(SchemaManagementToolCoordinator.java:280)
	at org.hibernate.tool.schema.spi.SchemaManagementToolCoordinator.lambda$process$5(SchemaManagementToolCoordinator.java:144)
	at java.base/java.util.HashMap.forEach(HashMap.java:1429)
	at org.hibernate.tool.schema.spi.SchemaManagementToolCoordinator.process(SchemaManagementToolCoordinator.java:141)
	at org.hibernate.boot.internal.SessionFactoryObserverForSchemaExport.sessionFactoryCreated(SessionFactoryObserverForSchemaExport.java:37)
	at org.hibernate.internal.SessionFactoryObserverChain.sessionFactoryCreated(SessionFactoryObserverChain.java:35)
	at org.hibernate.internal.SessionFactoryImpl.<init>(SessionFactoryImpl.java:324)
	at org.hibernate.boot.internal.SessionFactoryBuilderImpl.build(SessionFactoryBuilderImpl.java:463)
	at org.hibernate.jpa.boot.internal.EntityManagerFactoryBuilderImpl.build(EntityManagerFactoryBuilderImpl.java:1506)
	at org.springframework.orm.jpa.vendor.SpringHibernateJpaPersistenceProvider.createContainerEntityManagerFactory(SpringHibernateJpaPersistenceProvider.java:66)
	at org.springframework.orm.jpa.LocalContainerEntityManagerFactoryBean.createNativeEntityManagerFactory(LocalContainerEntityManagerFactoryBean.java:390)
	at org.springframework.orm.jpa.AbstractEntityManagerFactoryBean.buildNativeEntityManagerFactory(AbstractEntityManagerFactoryBean.java:419)
	at org.springframework.orm.jpa.AbstractEntityManagerFactoryBean.afterPropertiesSet(AbstractEntityManagerFactoryBean.java:400)
	at org.springframework.orm.jpa.LocalContainerEntityManagerFactoryBean.afterPropertiesSet(LocalContainerEntityManagerFactoryBean.java:366)
	at org.springframework.beans.factory.support.AbstractAutowireCapableBeanFactory.invokeInitMethods(AbstractAutowireCapableBeanFactory.java:1855)
	at org.springframework.beans.factory.support.AbstractAutowireCapableBeanFactory.initializeBean(AbstractAutowireCapableBeanFactory.java:1804)
	at org.springframework.beans.factory.support.AbstractAutowireCapableBeanFactory.doCreateBean(AbstractAutowireCapableBeanFactory.java:601)
	at org.springframework.beans.factory.support.AbstractAutowireCapableBeanFactory.createBean(AbstractAutowireCapableBeanFactory.java:523)
	at org.springframework.beans.factory.support.AbstractBeanFactory.lambda$doGetBean$0(AbstractBeanFactory.java:336)
	at org.springframework.beans.factory.support.DefaultSingletonBeanRegistry.getSingleton(DefaultSingletonBeanRegistry.java:289)
	at org.springframework.beans.factory.support.AbstractBeanFactory.doGetBean(AbstractBeanFactory.java:334)
	at org.springframework.beans.factory.support.AbstractBeanFactory.getBean(AbstractBeanFactory.java:204)
	at org.springframework.context.support.AbstractApplicationContext.finishBeanFactoryInitialization(AbstractApplicationContext.java:970)
	at org.springframework.context.support.AbstractApplicationContext.refresh(AbstractApplicationContext.java:627)
	at org.springframework.boot.web.servlet.context.ServletWebServerApplicationContext.refresh(ServletWebServerApplicationContext.java:146)
	at org.springframework.boot.SpringApplication.refresh(SpringApplication.java:752)
	at org.springframework.boot.SpringApplication.refreshContext(SpringApplication.java:439)
	at org.springframework.boot.SpringApplication.run(SpringApplication.java:318)
	at org.springframework.boot.SpringApplication.run(SpringApplication.java:1361)
	at org.springframework.boot.SpringApplication.run(SpringApplication.java:1350)
	at com.erp.sri_files.SriFilesApplication.main(SriFilesApplication.java:19)
Caused by: org.postgresql.util.PSQLException: ERROR: el valor es demasiado largo para el tipo character varying(255)
	at org.postgresql.core.v3.QueryExecutorImpl.receiveErrorResponse(QueryExecutorImpl.java:2733)
	at org.postgresql.core.v3.QueryExecutorImpl.processResults(QueryExecutorImpl.java:2420)
	at org.postgresql.core.v3.QueryExecutorImpl.execute(QueryExecutorImpl.java:372)
	at org.postgresql.jdbc.PgStatement.executeInternal(PgStatement.java:517)
	at org.postgresql.jdbc.PgStatement.execute(PgStatement.java:434)
	at org.postgresql.jdbc.PgStatement.executeWithFlags(PgStatement.java:356)
	at org.postgresql.jdbc.PgStatement.executeCachedSql(PgStatement.java:341)
	at org.postgresql.jdbc.PgStatement.executeWithFlags(PgStatement.java:317)
	at org.postgresql.jdbc.PgStatement.execute(PgStatement.java:312)
	at com.zaxxer.hikari.pool.ProxyStatement.execute(ProxyStatement.java:94)
	at com.zaxxer.hikari.pool.HikariProxyStatement.execute(HikariProxyStatement.java)
	at org.hibernate.tool.schema.internal.exec.GenerationTargetToDatabase.accept(GenerationTargetToDatabase.java:80)
	... 37 common frames omitted
2026-08-25 09:53:19.597 [main] [] WARN  o.h.t.s.i.ExceptionHandlerLoggedImpl - GenerationTarget encountered exception accepting command : Error executing DDL "alter table if exists fec_factura alter column xmlautorizado set data type varchar(255)" via JDBC [ERROR: el valor es demasiado largo para el tipo character varying(255)]
org.hibernate.tool.schema.spi.CommandAcceptanceException: Error executing DDL "alter table if exists fec_factura alter column xmlautorizado set data type varchar(255)" via JDBC [ERROR: el valor es demasiado largo para el tipo character varying(255)]
	at org.hibernate.tool.schema.internal.exec.GenerationTargetToDatabase.accept(GenerationTargetToDatabase.java:94)
	at org.hibernate.tool.schema.internal.AbstractSchemaMigrator.applySqlString(AbstractSchemaMigrator.java:576)
	at org.hibernate.tool.schema.internal.AbstractSchemaMigrator.applySqlStrings(AbstractSchemaMigrator.java:516)
	at org.hibernate.tool.schema.internal.AbstractSchemaMigrator.migrateTable(AbstractSchemaMigrator.java:334)
	at org.hibernate.tool.schema.internal.GroupedSchemaMigratorImpl.performTablesMigration(GroupedSchemaMigratorImpl.java:84)
	at org.hibernate.tool.schema.internal.AbstractSchemaMigrator.performMigration(AbstractSchemaMigrator.java:233)
	at org.hibernate.tool.schema.internal.AbstractSchemaMigrator.doMigration(AbstractSchemaMigrator.java:112)
	at org.hibernate.tool.schema.spi.SchemaManagementToolCoordinator.performDatabaseAction(SchemaManagementToolCoordinator.java:280)
	at org.hibernate.tool.schema.spi.SchemaManagementToolCoordinator.lambda$process$5(SchemaManagementToolCoordinator.java:144)
	at java.base/java.util.HashMap.forEach(HashMap.java:1429)
	at org.hibernate.tool.schema.spi.SchemaManagementToolCoordinator.process(SchemaManagementToolCoordinator.java:141)
	at org.hibernate.boot.internal.SessionFactoryObserverForSchemaExport.sessionFactoryCreated(SessionFactoryObserverForSchemaExport.java:37)
	at org.hibernate.internal.SessionFactoryObserverChain.sessionFactoryCreated(SessionFactoryObserverChain.java:35)
	at org.hibernate.internal.SessionFactoryImpl.<init>(SessionFactoryImpl.java:324)
	at org.hibernate.boot.internal.SessionFactoryBuilderImpl.build(SessionFactoryBuilderImpl.java:463)
	at org.hibernate.jpa.boot.internal.EntityManagerFactoryBuilderImpl.build(EntityManagerFactoryBuilderImpl.java:1506)
	at org.springframework.orm.jpa.vendor.SpringHibernateJpaPersistenceProvider.createContainerEntityManagerFactory(SpringHibernateJpaPersistenceProvider.java:66)
	at org.springframework.orm.jpa.LocalContainerEntityManagerFactoryBean.createNativeEntityManagerFactory(LocalContainerEntityManagerFactoryBean.java:390)
	at org.springframework.orm.jpa.AbstractEntityManagerFactoryBean.buildNativeEntityManagerFactory(AbstractEntityManagerFactoryBean.java:419)
	at org.springframework.orm.jpa.AbstractEntityManagerFactoryBean.afterPropertiesSet(AbstractEntityManagerFactoryBean.java:400)
	at org.springframework.orm.jpa.LocalContainerEntityManagerFactoryBean.afterPropertiesSet(LocalContainerEntityManagerFactoryBean.java:366)
	at org.springframework.beans.factory.support.AbstractAutowireCapableBeanFactory.invokeInitMethods(AbstractAutowireCapableBeanFactory.java:1855)
	at org.springframework.beans.factory.support.AbstractAutowireCapableBeanFactory.initializeBean(AbstractAutowireCapableBeanFactory.java:1804)
	at org.springframework.beans.factory.support.AbstractAutowireCapableBeanFactory.doCreateBean(AbstractAutowireCapableBeanFactory.java:601)
	at org.springframework.beans.factory.support.AbstractAutowireCapableBeanFactory.createBean(AbstractAutowireCapableBeanFactory.java:523)
	at org.springframework.beans.factory.support.AbstractBeanFactory.lambda$doGetBean$0(AbstractBeanFactory.java:336)
	at org.springframework.beans.factory.support.DefaultSingletonBeanRegistry.getSingleton(DefaultSingletonBeanRegistry.java:289)
	at org.springframework.beans.factory.support.AbstractBeanFactory.doGetBean(AbstractBeanFactory.java:334)
	at org.springframework.beans.factory.support.AbstractBeanFactory.getBean(AbstractBeanFactory.java:204)
	at org.springframework.context.support.AbstractApplicationContext.finishBeanFactoryInitialization(AbstractApplicationContext.java:970)
	at org.springframework.context.support.AbstractApplicationContext.refresh(AbstractApplicationContext.java:627)
	at org.springframework.boot.web.servlet.context.ServletWebServerApplicationContext.refresh(ServletWebServerApplicationContext.java:146)
	at org.springframework.boot.SpringApplication.refresh(SpringApplication.java:752)
	at org.springframework.boot.SpringApplication.refreshContext(SpringApplication.java:439)
	at org.springframework.boot.SpringApplication.run(SpringApplication.java:318)
	at org.springframework.boot.SpringApplication.run(SpringApplication.java:1361)
	at org.springframework.boot.SpringApplication.run(SpringApplication.java:1350)
	at com.erp.sri_files.SriFilesApplication.main(SriFilesApplication.java:19)
Caused by: org.postgresql.util.PSQLException: ERROR: el valor es demasiado largo para el tipo character varying(255)
	at org.postgresql.core.v3.QueryExecutorImpl.receiveErrorResponse(QueryExecutorImpl.java:2733)
	at org.postgresql.core.v3.QueryExecutorImpl.processResults(QueryExecutorImpl.java:2420)
	at org.postgresql.core.v3.QueryExecutorImpl.execute(QueryExecutorImpl.java:372)
	at org.postgresql.jdbc.PgStatement.executeInternal(PgStatement.java:517)
	at org.postgresql.jdbc.PgStatement.execute(PgStatement.java:434)
	at org.postgresql.jdbc.PgStatement.executeWithFlags(PgStatement.java:356)
	at org.postgresql.jdbc.PgStatement.executeCachedSql(PgStatement.java:341)
	at org.postgresql.jdbc.PgStatement.executeWithFlags(PgStatement.java:317)
	at org.postgresql.jdbc.PgStatement.execute(PgStatement.java:312)
	at com.zaxxer.hikari.pool.ProxyStatement.execute(ProxyStatement.java:94)
	at com.zaxxer.hikari.pool.HikariProxyStatement.execute(HikariProxyStatement.java)
	at org.hibernate.tool.schema.internal.exec.GenerationTargetToDatabase.accept(GenerationTargetToDatabase.java:80)
	... 37 common frames omitted
2026-08-25 09:53:19.656 [main] [] INFO  o.s.o.j.LocalContainerEntityManagerFactoryBean - Initialized JPA EntityManagerFactory for persistence unit 'default'
2026-08-25 09:53:19.834 [main] [] INFO  o.s.d.j.r.query.QueryEnhancerFactory - Hibernate is in classpath; If applicable, HQL parser will be used.
2026-08-25 09:53:21.039 [main] [] WARN  o.s.b.a.t.ThymeleafAutoConfiguration$DefaultTemplateResolverConfiguration - Cannot find template location: classpath:/templates/ (please add some templates, check your Thymeleaf configuration, or set spring.thymeleaf.check-template-location=false)
2026-08-25 09:53:21.157 [main] [] WARN  o.s.b.a.o.j.JpaBaseConfiguration$JpaWebConfiguration - spring.jpa.open-in-view is enabled by default. Therefore, database queries may be performed during view rendering. Explicitly configure spring.jpa.open-in-view to disable this warning
2026-08-25 09:53:22.414 [main] [] INFO  o.s.cloud.commons.util.InetUtils - Cannot determine local hostname
2026-08-25 09:53:22.421 [main] [] INFO  o.s.c.n.e.c.DiscoveryClientOptionalArgsConfiguration - Eureka HTTP Client uses RestTemplate.
2026-08-25 09:53:22.445 [main] [] WARN  o.s.c.l.c.LoadBalancerCacheAutoConfiguration$LoadBalancerCaffeineWarnLogger - Spring Cloud LoadBalancer is currently working with the default cache. While this cache implementation is useful for development and tests, it's recommended to use Caffeine cache in production.You can switch to using Caffeine cache, by adding it and org.springframework.cache.caffeine.CaffeineCacheManager to the classpath.
2026-08-25 09:53:22.453 [main] [] INFO  o.a.coyote.http11.Http11NioProtocol - Starting ProtocolHandler ["http-nio-9096"]
2026-08-25 09:53:22.464 [main] [] INFO  o.s.b.w.e.tomcat.TomcatWebServer - Tomcat started on port 9096 (http) with context path '/'
2026-08-25 09:53:22.834 [http-nio-9096-exec-1] [] INFO  o.a.c.c.C.[Tomcat].[localhost].[/] - Initializing Spring DispatcherServlet 'dispatcherServlet'
2026-08-25 09:53:22.834 [http-nio-9096-exec-1] [] INFO  o.s.web.servlet.DispatcherServlet - Initializing Servlet 'dispatcherServlet'
2026-08-25 09:53:22.835 [http-nio-9096-exec-1] [] INFO  o.s.web.servlet.DispatcherServlet - Completed initialization in 1 ms
2026-08-25 09:53:23.345 [http-nio-9096-exec-3] [8995a2f7-c8ee-4814-8104-c0acd827551b] INFO  o.s.api.AbstractOpenApiResource - Init duration for springdoc-openapi is: 335 ms
2026-08-25 09:53:23.474 [main] [] INFO  o.s.cloud.commons.util.InetUtils - Cannot determine local hostname
2026-08-25 09:53:23.487 [main] [] INFO  c.erp.sri_files.SriFilesApplication - Started SriFilesApplication in 16.95 seconds (process running for 17.494)
2026-08-25 09:54:00.016 [sri-files-scheduler-3] [] INFO  c.e.s.s.NuevoDocumentoScheduler - [SCHEDULER][V1] INICIO envío pendientes @ 2026-08-25T09:54:00.016039800
2026-08-25 09:54:00.021 [sri-files-scheduler-4] [] INFO  c.e.s.services.EnvioSriBatchService - [SCHEDULER][sri-files-scheduler-4] INICIO automatizacionEnvioFacturasElectonicas @ 2026-08-25T09:54:00.021545100
2026-08-25 09:54:00.021 [sri-files-scheduler-4] [] INFO  c.e.s.services.EnvioSriBatchService - Ejecutando envio de facturas at=2026-08-25T09:54:00.021545100
2026-08-25 09:54:00.109 [sri-files-scheduler-3] [] INFO  c.e.s.s.NuevoDocumentoScheduler - [SCHEDULER][V1] FIN envío | detectados=0 | exitosos=0 | fallidos=0 | duracionMs=93
2026-08-25 09:54:00.169 [sri-files-scheduler-2] [] INFO  c.e.s.batch.BatchJobScheduler - Batch automático ejecutado: tipo=CONSULTAR_AUTORIZACION uuid=bacac80b-10a1-41f3-8b59-d4181313d315
2026-08-25 09:54:00.169 [sri-files-scheduler-1] [] INFO  c.e.s.batch.BatchJobScheduler - Batch automático ejecutado: tipo=ENVIAR_SRI uuid=3abb23ab-232f-457b-b4a3-b56e369939b9
2026-08-25 09:54:00.182 [task-2] [3abb23ab-232f-457b-b4a3-b56e369939b9] INFO  c.e.s.batch.BatchProcessorService - Iniciando batch job 3abb23ab-232f-457b-b4a3-b56e369939b9 tipo=ENVIAR_SRI [batchJob=3abb23ab-232f-457b-b4a3-b56e369939b9]
2026-08-25 09:54:00.182 [task-1] [bacac80b-10a1-41f3-8b59-d4181313d315] INFO  c.e.s.batch.BatchProcessorService - Iniciando batch job bacac80b-10a1-41f3-8b59-d4181313d315 tipo=CONSULTAR_AUTORIZACION [batchJob=bacac80b-10a1-41f3-8b59-d4181313d315]
2026-08-25 09:54:00.205 [task-2] [3abb23ab-232f-457b-b4a3-b56e369939b9] INFO  c.e.s.batch.BatchProcessorService - Documentos encontrados: 0 [batchJob=3abb23ab-232f-457b-b4a3-b56e369939b9]
2026-08-25 09:54:00.205 [task-1] [bacac80b-10a1-41f3-8b59-d4181313d315] INFO  c.e.s.batch.BatchProcessorService - Documentos encontrados: 0 [batchJob=bacac80b-10a1-41f3-8b59-d4181313d315]
2026-08-25 09:54:00.205 [task-2] [3abb23ab-232f-457b-b4a3-b56e369939b9] INFO  c.e.s.batch.BatchProcessorService - Batch job 3abb23ab-232f-457b-b4a3-b56e369939b9 completado: Procesados: 0, Exitosos: 0, Fallidos: 0 [batchJob=3abb23ab-232f-457b-b4a3-b56e369939b9]
2026-08-25 09:54:00.205 [task-1] [bacac80b-10a1-41f3-8b59-d4181313d315] INFO  c.e.s.batch.BatchProcessorService - Batch job bacac80b-10a1-41f3-8b59-d4181313d315 completado: Procesados: 0, Exitosos: 0, Fallidos: 0 [batchJob=bacac80b-10a1-41f3-8b59-d4181313d315]
2026-08-25 09:54:05.238 [sri-files-scheduler-4] [] INFO  c.e.s.services.EnvioSriBatchService - No hay facturas pendientes estado=I
2026-08-25 09:54:05.238 [sri-files-scheduler-4] [] INFO  c.e.s.services.EnvioSriBatchService - [SCHEDULER][sri-files-scheduler-4] FIN automatizacionEnvioFacturasElectonicas | detectados=0 | exitosas=0 | fallidas=0 | duracionMs=5217
2026-08-25 09:54:30.006 [sri-files-scheduler-3] [] INFO  c.e.s.s.NuevoDocumentoScheduler - [SCHEDULER][V1] INICIO recuperación autorizaciones @ 2026-08-25T09:54:30.006564
2026-08-25 09:54:30.007 [sri-files-scheduler-2] [] INFO  c.e.s.services.EnvioSriBatchService - [SCHEDULER][sri-files-scheduler-2] INICIO automatizacionConsultarXml @ 2026-08-25T09:54:30.007164700
2026-08-25 09:54:30.007 [sri-files-scheduler-2] [] INFO  c.e.s.services.EnvioSriBatchService - Iniciando consulta de XML pendientes
2026-08-25 09:54:30.014 [sri-files-scheduler-3] [] INFO  c.e.s.s.NuevoDocumentoScheduler - [SCHEDULER][V1] FIN recuperación | detectados=0 | autorizados=0 | pendientes=0 | duracionMs=8
2026-08-25 09:55:00.015 [sri-files-scheduler-4] [] INFO  c.e.s.services.EnvioSriBatchService - [SCHEDULER][sri-files-scheduler-4] INICIO automatizacionEnvioFacturasElectonicas @ 2026-08-25T09:55:00.015075100
2026-08-25 09:55:00.015 [sri-files-scheduler-4] [] INFO  c.e.s.services.EnvioSriBatchService - Ejecutando envio de facturas at=2026-08-25T09:55:00.015075100
2026-08-25 09:55:00.018 [sri-files-scheduler-1] [] INFO  c.e.s.s.NuevoDocumentoScheduler - [SCHEDULER][V1] INICIO envío pendientes @ 2026-08-25T09:55:00.018929700
2026-08-25 09:55:00.020 [sri-files-scheduler-1] [] INFO  c.e.s.s.NuevoDocumentoScheduler - [SCHEDULER][V1] FIN envío | detectados=0 | exitosos=0 | fallidos=0 | duracionMs=2
2026-08-25 09:55:00.039 [sri-files-scheduler-3] [] INFO  c.e.s.batch.BatchJobScheduler - Batch automático ejecutado: tipo=REINTENTAR_FALLIDOS uuid=069af6a6-d7d4-49cc-8117-24dae6548b85
2026-08-25 09:55:00.044 [task-3] [069af6a6-d7d4-49cc-8117-24dae6548b85] INFO  c.e.s.batch.BatchProcessorService - Iniciando batch job 069af6a6-d7d4-49cc-8117-24dae6548b85 tipo=REINTENTAR_FALLIDOS [batchJob=069af6a6-d7d4-49cc-8117-24dae6548b85]
2026-08-25 09:55:00.046 [task-3] [069af6a6-d7d4-49cc-8117-24dae6548b85] INFO  c.e.s.batch.BatchProcessorService - Documentos encontrados: 0 [batchJob=069af6a6-d7d4-49cc-8117-24dae6548b85]
2026-08-25 09:55:00.047 [task-3] [069af6a6-d7d4-49cc-8117-24dae6548b85] INFO  c.e.s.batch.BatchProcessorService - Batch job 069af6a6-d7d4-49cc-8117-24dae6548b85 completado: Procesados: 0, Exitosos: 0, Fallidos: 0 [batchJob=069af6a6-d7d4-49cc-8117-24dae6548b85]
2026-08-25 09:55:01.186 [sri-files-scheduler-4] [] INFO  c.e.s.services.EnvioSriBatchService - No hay facturas pendientes estado=I
2026-08-25 09:55:01.186 [sri-files-scheduler-4] [] INFO  c.e.s.services.EnvioSriBatchService - [SCHEDULER][sri-files-scheduler-4] FIN automatizacionEnvioFacturasElectonicas | detectados=0 | exitosas=0 | fallidas=0 | duracionMs=1171
2026-08-25 09:56:00.006 [sri-files-scheduler-4] [] INFO  c.e.s.s.NuevoDocumentoScheduler - [SCHEDULER][V1] INICIO envío pendientes @ 2026-08-25T09:56:00.006067900
2026-08-25 09:56:00.006 [sri-files-scheduler-3] [] INFO  c.e.s.services.EnvioSriBatchService - [SCHEDULER][sri-files-scheduler-3] INICIO automatizacionEnvioFacturasElectonicas @ 2026-08-25T09:56:00.006067900
2026-08-25 09:56:00.006 [sri-files-scheduler-3] [] INFO  c.e.s.services.EnvioSriBatchService - Ejecutando envio de facturas at=2026-08-25T09:56:00.006067900
2026-08-25 09:56:00.014 [sri-files-scheduler-1] [] INFO  c.e.s.batch.BatchJobScheduler - Batch automático ejecutado: tipo=ENVIAR_CORREO uuid=feef0c94-590a-4f3c-baad-0c33a721caf5
2026-08-25 09:56:00.015 [task-4] [feef0c94-590a-4f3c-baad-0c33a721caf5] INFO  c.e.s.batch.BatchProcessorService - Iniciando batch job feef0c94-590a-4f3c-baad-0c33a721caf5 tipo=ENVIAR_CORREO [batchJob=feef0c94-590a-4f3c-baad-0c33a721caf5]
2026-08-25 09:56:00.015 [sri-files-scheduler-4] [] INFO  c.e.s.s.NuevoDocumentoScheduler - [SCHEDULER][V1] FIN envío | detectados=0 | exitosos=0 | fallidos=0 | duracionMs=9
2026-08-25 09:56:00.019 [task-4] [feef0c94-590a-4f3c-baad-0c33a721caf5] INFO  c.e.s.batch.BatchProcessorService - Documentos encontrados: 0 [batchJob=feef0c94-590a-4f3c-baad-0c33a721caf5]
2026-08-25 09:56:00.019 [task-4] [feef0c94-590a-4f3c-baad-0c33a721caf5] INFO  c.e.s.batch.BatchProcessorService - Batch job feef0c94-590a-4f3c-baad-0c33a721caf5 completado: Procesados: 0, Exitosos: 0, Fallidos: 0 [batchJob=feef0c94-590a-4f3c-baad-0c33a721caf5]
2026-08-25 09:56:00.043 [sri-files-scheduler-1] [] INFO  c.e.s.batch.BatchJobScheduler - Batch automático ejecutado: tipo=ENVIAR_SRI uuid=221d7010-4223-41ef-b3ea-4d35296dc786
2026-08-25 09:56:00.047 [task-5] [221d7010-4223-41ef-b3ea-4d35296dc786] INFO  c.e.s.batch.BatchProcessorService - Iniciando batch job 221d7010-4223-41ef-b3ea-4d35296dc786 tipo=ENVIAR_SRI [batchJob=221d7010-4223-41ef-b3ea-4d35296dc786]
2026-08-25 09:56:00.050 [task-5] [221d7010-4223-41ef-b3ea-4d35296dc786] INFO  c.e.s.batch.BatchProcessorService - Documentos encontrados: 0 [batchJob=221d7010-4223-41ef-b3ea-4d35296dc786]
2026-08-25 09:56:00.050 [task-5] [221d7010-4223-41ef-b3ea-4d35296dc786] INFO  c.e.s.batch.BatchProcessorService - Batch job 221d7010-4223-41ef-b3ea-4d35296dc786 completado: Procesados: 0, Exitosos: 0, Fallidos: 0 [batchJob=221d7010-4223-41ef-b3ea-4d35296dc786]
2026-08-25 09:56:01.329 [sri-files-scheduler-3] [] INFO  c.e.s.services.EnvioSriBatchService - No hay facturas pendientes estado=I
2026-08-25 09:56:01.329 [sri-files-scheduler-3] [] INFO  c.e.s.services.EnvioSriBatchService - [SCHEDULER][sri-files-scheduler-3] FIN automatizacionEnvioFacturasElectonicas | detectados=0 | exitosas=0 | fallidas=0 | duracionMs=1323
2026-08-25 09:57:00.014 [sri-files-scheduler-4] [] INFO  c.e.s.s.NuevoDocumentoScheduler - [SCHEDULER][V1] INICIO envío pendientes @ 2026-08-25T09:57:00.014695100
2026-08-25 09:57:00.015 [sri-files-scheduler-1] [] INFO  c.e.s.services.EnvioSriBatchService - [SCHEDULER][sri-files-scheduler-1] INICIO automatizacionEnvioFacturasElectonicas @ 2026-08-25T09:57:00.015201600
2026-08-25 09:57:00.015 [sri-files-scheduler-1] [] INFO  c.e.s.services.EnvioSriBatchService - Ejecutando envio de facturas at=2026-08-25T09:57:00.015201600
2026-08-25 09:57:00.015 [sri-files-scheduler-4] [] INFO  c.e.s.s.NuevoDocumentoScheduler - [SCHEDULER][V1] FIN envío | detectados=0 | exitosos=0 | fallidos=0 | duracionMs=1
2026-08-25 09:57:00.019 [sri-files-scheduler-3] [] INFO  c.e.s.batch.BatchJobScheduler - Batch automático ejecutado: tipo=CONSULTAR_AUTORIZACION uuid=69df5f7c-0a6e-4392-9612-3d69f3717bee
2026-08-25 09:57:00.020 [task-6] [69df5f7c-0a6e-4392-9612-3d69f3717bee] INFO  c.e.s.batch.BatchProcessorService - Iniciando batch job 69df5f7c-0a6e-4392-9612-3d69f3717bee tipo=CONSULTAR_AUTORIZACION [batchJob=69df5f7c-0a6e-4392-9612-3d69f3717bee]
2026-08-25 09:57:00.023 [task-6] [69df5f7c-0a6e-4392-9612-3d69f3717bee] INFO  c.e.s.batch.BatchProcessorService - Documentos encontrados: 0 [batchJob=69df5f7c-0a6e-4392-9612-3d69f3717bee]
2026-08-25 09:57:00.024 [task-6] [69df5f7c-0a6e-4392-9612-3d69f3717bee] INFO  c.e.s.batch.BatchProcessorService - Batch job 69df5f7c-0a6e-4392-9612-3d69f3717bee completado: Procesados: 0, Exitosos: 0, Fallidos: 0 [batchJob=69df5f7c-0a6e-4392-9612-3d69f3717bee]
2026-08-25 09:57:01.209 [sri-files-scheduler-1] [] INFO  c.e.s.services.EnvioSriBatchService - No hay facturas pendientes estado=I
2026-08-25 09:57:01.209 [sri-files-scheduler-1] [] INFO  c.e.s.services.EnvioSriBatchService - [SCHEDULER][sri-files-scheduler-1] FIN automatizacionEnvioFacturasElectonicas | detectados=0 | exitosas=0 | fallidas=0 | duracionMs=1194
2026-08-25 09:57:04.039 [http-nio-9096-exec-9] [62000886-9cd9-4155-a896-ac91ba61116d] DEBUG o.s.jdbc.datasource.DataSourceUtils - Setting JDBC Connection [HikariProxyConnection@1115643550 wrapping org.postgresql.jdbc.PgConnection@22ee1ad7] read-only
2026-08-25 09:57:04.101 [http-nio-9096-exec-9] [62000886-9cd9-4155-a896-ac91ba61116d] DEBUG o.s.jdbc.datasource.DataSourceUtils - Resetting read-only flag of JDBC Connection [HikariProxyConnection@1115643550 wrapping org.postgresql.jdbc.PgConnection@22ee1ad7]
2026-08-25 09:57:30.011 [sri-files-scheduler-4] [] INFO  c.e.s.s.NuevoDocumentoScheduler - [SCHEDULER][V1] INICIO recuperación autorizaciones @ 2026-08-25T09:57:30.011646800
2026-08-25 09:57:30.014 [sri-files-scheduler-4] [] INFO  c.e.s.s.NuevoDocumentoScheduler - [SCHEDULER][V1] FIN recuperación | detectados=0 | autorizados=0 | pendientes=0 | duracionMs=3
2026-08-25 09:58:00.015 [sri-files-scheduler-3] [] INFO  c.e.s.s.NuevoDocumentoScheduler - [SCHEDULER][V1] INICIO envío pendientes @ 2026-08-25T09:58:00.015438200
2026-08-25 09:58:00.015 [sri-files-scheduler-1] [] INFO  c.e.s.services.EnvioSriBatchService - [SCHEDULER][sri-files-scheduler-1] INICIO automatizacionEnvioFacturasElectonicas @ 2026-08-25T09:58:00.015438200
2026-08-25 09:58:00.015 [sri-files-scheduler-1] [] INFO  c.e.s.services.EnvioSriBatchService - Ejecutando envio de facturas at=2026-08-25T09:58:00.015438200
2026-08-25 09:58:00.017 [sri-files-scheduler-3] [] INFO  c.e.s.s.NuevoDocumentoScheduler - [SCHEDULER][V1] FIN envío | detectados=0 | exitosos=0 | fallidos=0 | duracionMs=2
2026-08-25 09:58:00.023 [sri-files-scheduler-4] [] INFO  c.e.s.batch.BatchJobScheduler - Batch automático ejecutado: tipo=ENVIAR_SRI uuid=20d97d88-c318-4f97-aa65-e06f4e627a62
2026-08-25 09:58:00.024 [task-7] [20d97d88-c318-4f97-aa65-e06f4e627a62] INFO  c.e.s.batch.BatchProcessorService - Iniciando batch job 20d97d88-c318-4f97-aa65-e06f4e627a62 tipo=ENVIAR_SRI [batchJob=20d97d88-c318-4f97-aa65-e06f4e627a62]
2026-08-25 09:58:00.025 [task-7] [20d97d88-c318-4f97-aa65-e06f4e627a62] INFO  c.e.s.batch.BatchProcessorService - Documentos encontrados: 0 [batchJob=20d97d88-c318-4f97-aa65-e06f4e627a62]
2026-08-25 09:58:00.025 [task-7] [20d97d88-c318-4f97-aa65-e06f4e627a62] INFO  c.e.s.batch.BatchProcessorService - Batch job 20d97d88-c318-4f97-aa65-e06f4e627a62 completado: Procesados: 0, Exitosos: 0, Fallidos: 0 [batchJob=20d97d88-c318-4f97-aa65-e06f4e627a62]
2026-08-25 09:58:01.148 [sri-files-scheduler-1] [] INFO  c.e.s.services.EnvioSriBatchService - No hay facturas pendientes estado=I
2026-08-25 09:58:01.148 [sri-files-scheduler-1] [] INFO  c.e.s.services.EnvioSriBatchService - [SCHEDULER][sri-files-scheduler-1] FIN automatizacionEnvioFacturasElectonicas | detectados=0 | exitosas=0 | fallidas=0 | duracionMs=1133
2026-08-25 09:59:00.002 [sri-files-scheduler-3] [] INFO  c.e.s.s.NuevoDocumentoScheduler - [SCHEDULER][V1] INICIO envío pendientes @ 2026-08-25T09:59:00.002913800
2026-08-25 09:59:00.002 [sri-files-scheduler-4] [] INFO  c.e.s.services.EnvioSriBatchService - [SCHEDULER][sri-files-scheduler-4] INICIO automatizacionEnvioFacturasElectonicas @ 2026-08-25T09:59:00.002913800
2026-08-25 09:59:00.003 [sri-files-scheduler-4] [] INFO  c.e.s.services.EnvioSriBatchService - Ejecutando envio de facturas at=2026-08-25T09:59:00.003872800
2026-08-25 09:59:00.003 [sri-files-scheduler-3] [] INFO  c.e.s.s.NuevoDocumentoScheduler - [SCHEDULER][V1] FIN envío | detectados=0 | exitosos=0 | fallidos=0 | duracionMs=1
2026-08-25 09:59:01.208 [sri-files-scheduler-4] [] INFO  c.e.s.services.EnvioSriBatchService - No hay facturas pendientes estado=I
2026-08-25 09:59:01.208 [sri-files-scheduler-4] [] INFO  c.e.s.services.EnvioSriBatchService - [SCHEDULER][sri-files-scheduler-4] FIN automatizacionEnvioFacturasElectonicas | detectados=0 | exitosas=0 | fallidas=0 | duracionMs=1206
2026-08-25 09:59:16.505 [SpringApplicationShutdownHook] [] INFO  o.s.b.w.e.tomcat.GracefulShutdown - Commencing graceful shutdown. Waiting for active requests to complete
2026-08-25 09:59:16.518 [tomcat-shutdown] [] INFO  o.s.b.w.e.tomcat.GracefulShutdown - Graceful shutdown complete
2026-08-25 09:59:46.522 [SpringApplicationShutdownHook] [] WARN  o.s.s.c.ThreadPoolTaskScheduler - Timed out while waiting for executor 'taskScheduler' to terminate
2026-08-25 09:59:46.524 [SpringApplicationShutdownHook] [] INFO  o.s.o.j.LocalContainerEntityManagerFactoryBean - Closing JPA EntityManagerFactory for persistence unit 'default'
2026-08-25 09:59:46.525 [SpringApplicationShutdownHook] [] INFO  com.zaxxer.hikari.HikariDataSource - HikariPool-1 - Shutdown initiated...
2026-08-25 09:59:46.527 [SpringApplicationShutdownHook] [] INFO  com.zaxxer.hikari.HikariDataSource - HikariPool-1 - Shutdown completed.
2026-08-25 09:59:59.497 [main] [] INFO  o.s.c.c.c.ConfigServicePropertySourceLocator - Fetching config from server at : http://localhost:8888
2026-08-25 09:59:59.503 [main] [] INFO  o.s.c.c.c.ConfigServicePropertySourceLocator - Exception on Url - http://localhost:8888:org.springframework.web.client.ResourceAccessException: I/O error on GET request for "http://localhost:8888/msvc-sri/default": Connection refused: getsockopt. Will be trying the next url if available
2026-08-25 09:59:59.503 [main] [] WARN  o.s.c.c.c.ConfigServicePropertySourceLocator - Could not locate PropertySource: I/O error on GET request for "http://localhost:8888/msvc-sri/default": Connection refused: getsockopt
2026-08-25 09:59:59.505 [main] [] INFO  c.erp.sri_files.SriFilesApplication - The following 1 profile is active: "local"
2026-08-25 09:59:59.514 [main] [] INFO  o.s.c.c.c.ConfigServerConfigDataLoader - Fetching config from server at : http://config-server:8888
2026-08-25 09:59:59.514 [main] [] INFO  o.s.c.c.c.ConfigServerConfigDataLoader - Exception on Url - http://config-server:8888:org.springframework.web.client.ResourceAccessException: I/O error on GET request for "http://config-server:8888/msvc-sri/default": config-server. Will be trying the next url if available
2026-08-25 09:59:59.514 [main] [] WARN  o.s.c.c.c.ConfigServerConfigDataLoader - Could not locate PropertySource ([ConfigServerConfigDataResource@4867ab9f uris = array<String>['http://config-server:8888'], optional = true, profiles = 'default']): I/O error on GET request for "http://config-server:8888/msvc-sri/default": config-server
2026-08-25 09:59:59.514 [main] [] INFO  o.s.c.c.c.ConfigServerConfigDataLoader - Fetching config from server at : http://config-server:8888
2026-08-25 09:59:59.514 [main] [] INFO  o.s.c.c.c.ConfigServerConfigDataLoader - Exception on Url - http://config-server:8888:org.springframework.web.client.ResourceAccessException: I/O error on GET request for "http://config-server:8888/msvc-sri/local": config-server. Will be trying the next url if available
2026-08-25 09:59:59.514 [main] [] WARN  o.s.c.c.c.ConfigServerConfigDataLoader - Could not locate PropertySource ([ConfigServerConfigDataResource@2caa5d7c uris = array<String>['http://config-server:8888'], optional = true, profiles = 'local']): I/O error on GET request for "http://config-server:8888/msvc-sri/local": config-server
2026-08-25 09:59:59.514 [main] [] INFO  o.s.c.c.c.ConfigServerConfigDataLoader - Fetching config from server at : http://config-server:8888
2026-08-25 09:59:59.514 [main] [] INFO  o.s.c.c.c.ConfigServerConfigDataLoader - Exception on Url - http://config-server:8888:org.springframework.web.client.ResourceAccessException: I/O error on GET request for "http://config-server:8888/msvc-sri/default": config-server. Will be trying the next url if available
2026-08-25 09:59:59.514 [main] [] WARN  o.s.c.c.c.ConfigServerConfigDataLoader - Could not locate PropertySource ([ConfigServerConfigDataResource@5e671e20 uris = array<String>['http://config-server:8888'], optional = true, profiles = 'default']): I/O error on GET request for "http://config-server:8888/msvc-sri/default": config-server
2026-08-25 09:59:59.947 [main] [] INFO  o.s.d.r.c.RepositoryConfigurationDelegate - Bootstrapping Spring Data JPA repositories in DEFAULT mode.
2026-08-25 10:00:00.040 [main] [] INFO  o.s.d.r.c.RepositoryConfigurationDelegate - Finished Spring Data repository scanning in 87 ms. Found 8 JPA repository interfaces.
2026-08-25 10:00:00.188 [main] [] INFO  o.s.cloud.context.scope.GenericScope - BeanFactory id=584869b1-a425-325e-a3cf-9889ca2a5007
2026-08-25 10:00:00.432 [main] [] INFO  o.s.b.w.e.tomcat.TomcatWebServer - Tomcat initialized with port 9096 (http)
2026-08-25 10:00:00.442 [main] [] INFO  o.a.coyote.http11.Http11NioProtocol - Initializing ProtocolHandler ["http-nio-9096"]
2026-08-25 10:00:00.444 [main] [] INFO  o.a.catalina.core.StandardService - Starting service [Tomcat]
2026-08-25 10:00:00.444 [main] [] INFO  o.a.catalina.core.StandardEngine - Starting Servlet engine: [Apache Tomcat/10.1.34]
2026-08-25 10:00:00.497 [main] [] INFO  o.a.c.c.C.[Tomcat].[localhost].[/] - Initializing Spring embedded WebApplicationContext
2026-08-25 10:00:00.497 [main] [] INFO  o.s.b.w.s.c.ServletWebServerApplicationContext - Root WebApplicationContext: initialization completed in 983 ms
2026-08-25 10:00:00.542 [main] [] DEBUG c.e.sri_files.config.RateLimitFilter - Filter 'rateLimitFilter' configured for use
2026-08-25 10:00:00.542 [main] [] DEBUG c.e.sri_files.config.RequestIdFilter - Filter 'requestIdFilter' configured for use
2026-08-25 10:00:00.542 [main] [] DEBUG c.erp.sri_files.config.ApiKeyFilter - Filter 'apiKeyFilter' configured for use
2026-08-25 10:00:00.542 [main] [] DEBUG c.e.s.config.SecurityHeadersFilter - Filter 'securityHeadersFilter' configured for use
2026-08-25 10:00:00.822 [main] [] INFO  o.s.o.j.p.SpringPersistenceUnitInfo - No LoadTimeWeaver setup: ignoring JPA class transformer
2026-08-25 10:00:00.840 [main] [] INFO  com.zaxxer.hikari.HikariDataSource - HikariPool-1 - Starting...
2026-08-25 10:00:00.947 [main] [] INFO  com.zaxxer.hikari.pool.HikariPool - HikariPool-1 - Added connection org.postgresql.jdbc.PgConnection@219db855
2026-08-25 10:00:00.948 [main] [] INFO  com.zaxxer.hikari.HikariDataSource - HikariPool-1 - Start completed.
2026-08-25 10:00:00.986 [main] [] WARN  org.hibernate.orm.deprecation - HHH90000025: PostgreSQLDialect does not need to be specified explicitly using 'hibernate.dialect' (remove the property setting and it will be selected by default)
2026-08-25 10:00:02.014 [main] [] ERROR o.s.o.j.LocalContainerEntityManagerFactoryBean - Failed to initialize JPA EntityManagerFactory: [PersistenceUnit: default] Unable to build Hibernate SessionFactory; nested exception is org.hibernate.tool.schema.spi.SchemaManagementException: Schema-validation: wrong column type encountered in column [tipoambiente] in table [definir]; found [bpchar (Types#CHAR)], but expecting [smallint (Types#TINYINT)]
2026-08-25 10:00:02.014 [main] [] WARN  o.s.b.w.s.c.AnnotationConfigServletWebServerApplicationContext - Exception encountered during context initialization - cancelling refresh attempt: org.springframework.beans.factory.BeanCreationException: Error creating bean with name 'entityManagerFactory' defined in class path resource [org/springframework/boot/autoconfigure/orm/jpa/HibernateJpaConfiguration.class]: [PersistenceUnit: default] Unable to build Hibernate SessionFactory; nested exception is org.hibernate.tool.schema.spi.SchemaManagementException: Schema-validation: wrong column type encountered in column [tipoambiente] in table [definir]; found [bpchar (Types#CHAR)], but expecting [smallint (Types#TINYINT)]
2026-08-25 10:00:02.014 [main] [] INFO  com.zaxxer.hikari.HikariDataSource - HikariPool-1 - Shutdown initiated...
2026-08-25 10:00:02.016 [main] [] INFO  com.zaxxer.hikari.HikariDataSource - HikariPool-1 - Shutdown completed.
2026-08-25 10:00:02.018 [main] [] INFO  o.a.catalina.core.StandardService - Stopping service [Tomcat]
2026-08-25 10:00:02.031 [main] [] INFO  o.s.b.a.l.ConditionEvaluationReportLogger - 

Error starting ApplicationContext. To display the condition evaluation report re-run your application with 'debug' enabled.
2026-08-25 10:00:02.048 [main] [] ERROR o.s.boot.SpringApplication - Application run failed
org.springframework.beans.factory.BeanCreationException: Error creating bean with name 'entityManagerFactory' defined in class path resource [org/springframework/boot/autoconfigure/orm/jpa/HibernateJpaConfiguration.class]: [PersistenceUnit: default] Unable to build Hibernate SessionFactory; nested exception is org.hibernate.tool.schema.spi.SchemaManagementException: Schema-validation: wrong column type encountered in column [tipoambiente] in table [definir]; found [bpchar (Types#CHAR)], but expecting [smallint (Types#TINYINT)]
	at org.springframework.beans.factory.support.AbstractAutowireCapableBeanFactory.initializeBean(AbstractAutowireCapableBeanFactory.java:1808)
	at org.springframework.beans.factory.support.AbstractAutowireCapableBeanFactory.doCreateBean(AbstractAutowireCapableBeanFactory.java:601)
	at org.springframework.beans.factory.support.AbstractAutowireCapableBeanFactory.createBean(AbstractAutowireCapableBeanFactory.java:523)
	at org.springframework.beans.factory.support.AbstractBeanFactory.lambda$doGetBean$0(AbstractBeanFactory.java:336)
	at org.springframework.beans.factory.support.DefaultSingletonBeanRegistry.getSingleton(DefaultSingletonBeanRegistry.java:289)
	at org.springframework.beans.factory.support.AbstractBeanFactory.doGetBean(AbstractBeanFactory.java:334)
	at org.springframework.beans.factory.support.AbstractBeanFactory.getBean(AbstractBeanFactory.java:204)
	at org.springframework.context.support.AbstractApplicationContext.finishBeanFactoryInitialization(AbstractApplicationContext.java:970)
	at org.springframework.context.support.AbstractApplicationContext.refresh(AbstractApplicationContext.java:627)
	at org.springframework.boot.web.servlet.context.ServletWebServerApplicationContext.refresh(ServletWebServerApplicationContext.java:146)
	at org.springframework.boot.SpringApplication.refresh(SpringApplication.java:752)
	at org.springframework.boot.SpringApplication.refreshContext(SpringApplication.java:439)
	at org.springframework.boot.SpringApplication.run(SpringApplication.java:318)
	at org.springframework.boot.SpringApplication.run(SpringApplication.java:1361)
	at org.springframework.boot.SpringApplication.run(SpringApplication.java:1350)
	at com.erp.sri_files.SriFilesApplication.main(SriFilesApplication.java:19)
Caused by: jakarta.persistence.PersistenceException: [PersistenceUnit: default] Unable to build Hibernate SessionFactory; nested exception is org.hibernate.tool.schema.spi.SchemaManagementException: Schema-validation: wrong column type encountered in column [tipoambiente] in table [definir]; found [bpchar (Types#CHAR)], but expecting [smallint (Types#TINYINT)]
	at org.springframework.orm.jpa.AbstractEntityManagerFactoryBean.buildNativeEntityManagerFactory(AbstractEntityManagerFactoryBean.java:431)
	at org.springframework.orm.jpa.AbstractEntityManagerFactoryBean.afterPropertiesSet(AbstractEntityManagerFactoryBean.java:400)
	at org.springframework.orm.jpa.LocalContainerEntityManagerFactoryBean.afterPropertiesSet(LocalContainerEntityManagerFactoryBean.java:366)
	at org.springframework.beans.factory.support.AbstractAutowireCapableBeanFactory.invokeInitMethods(AbstractAutowireCapableBeanFactory.java:1855)
	at org.springframework.beans.factory.support.AbstractAutowireCapableBeanFactory.initializeBean(AbstractAutowireCapableBeanFactory.java:1804)
	... 15 common frames omitted
Caused by: org.hibernate.tool.schema.spi.SchemaManagementException: Schema-validation: wrong column type encountered in column [tipoambiente] in table [definir]; found [bpchar (Types#CHAR)], but expecting [smallint (Types#TINYINT)]
	at org.hibernate.tool.schema.internal.AbstractSchemaValidator.validateColumnType(AbstractSchemaValidator.java:169)
	at org.hibernate.tool.schema.internal.AbstractSchemaValidator.validateTable(AbstractSchemaValidator.java:156)
	at org.hibernate.tool.schema.internal.GroupedSchemaValidatorImpl.validateTables(GroupedSchemaValidatorImpl.java:46)
	at org.hibernate.tool.schema.internal.AbstractSchemaValidator.performValidation(AbstractSchemaValidator.java:99)
	at org.hibernate.tool.schema.internal.AbstractSchemaValidator.doValidation(AbstractSchemaValidator.java:77)
	at org.hibernate.tool.schema.spi.SchemaManagementToolCoordinator.performDatabaseAction(SchemaManagementToolCoordinator.java:289)
	at org.hibernate.tool.schema.spi.SchemaManagementToolCoordinator.lambda$process$5(SchemaManagementToolCoordinator.java:144)
	at java.base/java.util.HashMap.forEach(HashMap.java:1429)
	at org.hibernate.tool.schema.spi.SchemaManagementToolCoordinator.process(SchemaManagementToolCoordinator.java:141)
	at org.hibernate.boot.internal.SessionFactoryObserverForSchemaExport.sessionFactoryCreated(SessionFactoryObserverForSchemaExport.java:37)
	at org.hibernate.internal.SessionFactoryObserverChain.sessionFactoryCreated(SessionFactoryObserverChain.java:35)
	at org.hibernate.internal.SessionFactoryImpl.<init>(SessionFactoryImpl.java:324)
	at org.hibernate.boot.internal.SessionFactoryBuilderImpl.build(SessionFactoryBuilderImpl.java:463)
	at org.hibernate.jpa.boot.internal.EntityManagerFactoryBuilderImpl.build(EntityManagerFactoryBuilderImpl.java:1506)
	at org.springframework.orm.jpa.vendor.SpringHibernateJpaPersistenceProvider.createContainerEntityManagerFactory(SpringHibernateJpaPersistenceProvider.java:66)
	at org.springframework.orm.jpa.LocalContainerEntityManagerFactoryBean.createNativeEntityManagerFactory(LocalContainerEntityManagerFactoryBean.java:390)
	at org.springframework.orm.jpa.AbstractEntityManagerFactoryBean.buildNativeEntityManagerFactory(AbstractEntityManagerFactoryBean.java:419)
	... 19 common frames omitted
2026-08-25 10:02:25.570 [main] [] INFO  o.s.c.c.c.ConfigServicePropertySourceLocator - Fetching config from server at : http://localhost:8888
2026-08-25 10:02:25.577 [main] [] INFO  o.s.c.c.c.ConfigServicePropertySourceLocator - Exception on Url - http://localhost:8888:org.springframework.web.client.ResourceAccessException: I/O error on GET request for "http://localhost:8888/msvc-sri/default": Connection refused: getsockopt. Will be trying the next url if available
2026-08-25 10:02:25.577 [main] [] WARN  o.s.c.c.c.ConfigServicePropertySourceLocator - Could not locate PropertySource: I/O error on GET request for "http://localhost:8888/msvc-sri/default": Connection refused: getsockopt
2026-08-25 10:02:25.580 [main] [] INFO  c.erp.sri_files.SriFilesApplication - The following 1 profile is active: "local"
2026-08-25 10:02:25.588 [main] [] INFO  o.s.c.c.c.ConfigServerConfigDataLoader - Fetching config from server at : http://config-server:8888
2026-08-25 10:02:25.588 [main] [] INFO  o.s.c.c.c.ConfigServerConfigDataLoader - Exception on Url - http://config-server:8888:org.springframework.web.client.ResourceAccessException: I/O error on GET request for "http://config-server:8888/msvc-sri/default": config-server. Will be trying the next url if available
2026-08-25 10:02:25.588 [main] [] WARN  o.s.c.c.c.ConfigServerConfigDataLoader - Could not locate PropertySource ([ConfigServerConfigDataResource@4867ab9f uris = array<String>['http://config-server:8888'], optional = true, profiles = 'default']): I/O error on GET request for "http://config-server:8888/msvc-sri/default": config-server
2026-08-25 10:02:25.588 [main] [] INFO  o.s.c.c.c.ConfigServerConfigDataLoader - Fetching config from server at : http://config-server:8888
2026-08-25 10:02:25.588 [main] [] INFO  o.s.c.c.c.ConfigServerConfigDataLoader - Exception on Url - http://config-server:8888:org.springframework.web.client.ResourceAccessException: I/O error on GET request for "http://config-server:8888/msvc-sri/local": config-server. Will be trying the next url if available
2026-08-25 10:02:25.588 [main] [] WARN  o.s.c.c.c.ConfigServerConfigDataLoader - Could not locate PropertySource ([ConfigServerConfigDataResource@2caa5d7c uris = array<String>['http://config-server:8888'], optional = true, profiles = 'local']): I/O error on GET request for "http://config-server:8888/msvc-sri/local": config-server
2026-08-25 10:02:25.588 [main] [] INFO  o.s.c.c.c.ConfigServerConfigDataLoader - Fetching config from server at : http://config-server:8888
2026-08-25 10:02:25.588 [main] [] INFO  o.s.c.c.c.ConfigServerConfigDataLoader - Exception on Url - http://config-server:8888:org.springframework.web.client.ResourceAccessException: I/O error on GET request for "http://config-server:8888/msvc-sri/default": config-server. Will be trying the next url if available
2026-08-25 10:02:25.588 [main] [] WARN  o.s.c.c.c.ConfigServerConfigDataLoader - Could not locate PropertySource ([ConfigServerConfigDataResource@5e671e20 uris = array<String>['http://config-server:8888'], optional = true, profiles = 'default']): I/O error on GET request for "http://config-server:8888/msvc-sri/default": config-server
2026-08-25 10:02:26.017 [main] [] INFO  o.s.d.r.c.RepositoryConfigurationDelegate - Bootstrapping Spring Data JPA repositories in DEFAULT mode.
2026-08-25 10:02:26.103 [main] [] INFO  o.s.d.r.c.RepositoryConfigurationDelegate - Finished Spring Data repository scanning in 81 ms. Found 8 JPA repository interfaces.
2026-08-25 10:02:26.226 [main] [] INFO  o.s.cloud.context.scope.GenericScope - BeanFactory id=584869b1-a425-325e-a3cf-9889ca2a5007
2026-08-25 10:02:26.434 [main] [] INFO  o.s.b.w.e.tomcat.TomcatWebServer - Tomcat initialized with port 9096 (http)
2026-08-25 10:02:26.442 [main] [] INFO  o.a.coyote.http11.Http11NioProtocol - Initializing ProtocolHandler ["http-nio-9096"]
2026-08-25 10:02:26.443 [main] [] INFO  o.a.catalina.core.StandardService - Starting service [Tomcat]
2026-08-25 10:02:26.444 [main] [] INFO  o.a.catalina.core.StandardEngine - Starting Servlet engine: [Apache Tomcat/10.1.34]
2026-08-25 10:02:26.488 [main] [] INFO  o.a.c.c.C.[Tomcat].[localhost].[/] - Initializing Spring embedded WebApplicationContext
2026-08-25 10:02:26.488 [main] [] INFO  o.s.b.w.s.c.ServletWebServerApplicationContext - Root WebApplicationContext: initialization completed in 900 ms
2026-08-25 10:02:26.524 [main] [] DEBUG c.e.sri_files.config.RateLimitFilter - Filter 'rateLimitFilter' configured for use
2026-08-25 10:02:26.524 [main] [] DEBUG c.e.sri_files.config.RequestIdFilter - Filter 'requestIdFilter' configured for use
2026-08-25 10:02:26.524 [main] [] DEBUG c.erp.sri_files.config.ApiKeyFilter - Filter 'apiKeyFilter' configured for use
2026-08-25 10:02:26.525 [main] [] DEBUG c.e.s.config.SecurityHeadersFilter - Filter 'securityHeadersFilter' configured for use
2026-08-25 10:02:26.760 [main] [] INFO  o.s.o.j.p.SpringPersistenceUnitInfo - No LoadTimeWeaver setup: ignoring JPA class transformer
2026-08-25 10:02:26.776 [main] [] INFO  com.zaxxer.hikari.HikariDataSource - HikariPool-1 - Starting...
2026-08-25 10:02:26.860 [main] [] INFO  com.zaxxer.hikari.pool.HikariPool - HikariPool-1 - Added connection org.postgresql.jdbc.PgConnection@219db855
2026-08-25 10:02:26.861 [main] [] INFO  com.zaxxer.hikari.HikariDataSource - HikariPool-1 - Start completed.
2026-08-25 10:02:26.880 [main] [] WARN  org.hibernate.orm.deprecation - HHH90000025: PostgreSQLDialect does not need to be specified explicitly using 'hibernate.dialect' (remove the property setting and it will be selected by default)
2026-08-25 10:02:27.525 [main] [] INFO  o.s.o.j.LocalContainerEntityManagerFactoryBean - Initialized JPA EntityManagerFactory for persistence unit 'default'
2026-08-25 10:02:27.678 [main] [] INFO  o.s.d.j.r.query.QueryEnhancerFactory - Hibernate is in classpath; If applicable, HQL parser will be used.
2026-08-25 10:02:28.635 [main] [] WARN  o.s.b.a.t.ThymeleafAutoConfiguration$DefaultTemplateResolverConfiguration - Cannot find template location: classpath:/templates/ (please add some templates, check your Thymeleaf configuration, or set spring.thymeleaf.check-template-location=false)
2026-08-25 10:02:28.752 [main] [] WARN  o.s.b.a.o.j.JpaBaseConfiguration$JpaWebConfiguration - spring.jpa.open-in-view is enabled by default. Therefore, database queries may be performed during view rendering. Explicitly configure spring.jpa.open-in-view to disable this warning
2026-08-25 10:02:29.985 [main] [] INFO  o.s.cloud.commons.util.InetUtils - Cannot determine local hostname
2026-08-25 10:02:29.991 [main] [] INFO  o.s.c.n.e.c.DiscoveryClientOptionalArgsConfiguration - Eureka HTTP Client uses RestTemplate.
2026-08-25 10:02:30.015 [main] [] WARN  o.s.c.l.c.LoadBalancerCacheAutoConfiguration$LoadBalancerCaffeineWarnLogger - Spring Cloud LoadBalancer is currently working with the default cache. While this cache implementation is useful for development and tests, it's recommended to use Caffeine cache in production.You can switch to using Caffeine cache, by adding it and org.springframework.cache.caffeine.CaffeineCacheManager to the classpath.
2026-08-25 10:02:30.024 [main] [] INFO  o.a.coyote.http11.Http11NioProtocol - Starting ProtocolHandler ["http-nio-9096"]
2026-08-25 10:02:30.034 [main] [] INFO  o.s.b.w.e.tomcat.TomcatWebServer - Tomcat started on port 9096 (http) with context path '/'
2026-08-25 10:02:31.047 [main] [] INFO  o.s.cloud.commons.util.InetUtils - Cannot determine local hostname
2026-08-25 10:02:31.056 [main] [] INFO  c.erp.sri_files.SriFilesApplication - Started SriFilesApplication in 15.499 seconds (process running for 15.916)
2026-08-25 10:02:39.403 [http-nio-9096-exec-2] [] INFO  o.a.c.c.C.[Tomcat].[localhost].[/] - Initializing Spring DispatcherServlet 'dispatcherServlet'
2026-08-25 10:02:39.403 [http-nio-9096-exec-2] [] INFO  o.s.web.servlet.DispatcherServlet - Initializing Servlet 'dispatcherServlet'
2026-08-25 10:02:39.404 [http-nio-9096-exec-2] [] INFO  o.s.web.servlet.DispatcherServlet - Completed initialization in 1 ms
2026-08-25 10:02:39.872 [http-nio-9096-exec-9] [fc62acdf-5b2d-4657-988c-dc4ce5b3ee27] INFO  o.s.api.AbstractOpenApiResource - Init duration for springdoc-openapi is: 308 ms
2026-08-25 10:03:00.012 [sri-files-scheduler-1] [] INFO  c.e.s.s.NuevoDocumentoScheduler - [SCHEDULER][V1] INICIO envío pendientes @ 2026-08-25T10:03:00.012675500
2026-08-25 10:03:00.019 [sri-files-scheduler-3] [] INFO  c.e.s.services.EnvioSriBatchService - [SCHEDULER][sri-files-scheduler-3] INICIO automatizacionEnvioFacturasElectonicas @ 2026-08-25T10:03:00.019308200
2026-08-25 10:03:00.020 [sri-files-scheduler-3] [] INFO  c.e.s.services.EnvioSriBatchService - Ejecutando envio de facturas at=2026-08-25T10:03:00.020312700
2026-08-25 10:03:00.095 [sri-files-scheduler-1] [] INFO  c.e.s.s.NuevoDocumentoScheduler - [SCHEDULER][V1] FIN envío | detectados=0 | exitosos=0 | fallidos=0 | duracionMs=83
2026-08-25 10:03:00.126 [sri-files-scheduler-2] [] INFO  c.e.s.batch.BatchJobScheduler - Batch automático ejecutado: tipo=CONSULTAR_AUTORIZACION uuid=d9036c2c-8549-4145-955a-d736ea492c6f
2026-08-25 10:03:00.133 [task-1] [d9036c2c-8549-4145-955a-d736ea492c6f] INFO  c.e.s.batch.BatchProcessorService - Iniciando batch job d9036c2c-8549-4145-955a-d736ea492c6f tipo=CONSULTAR_AUTORIZACION [batchJob=d9036c2c-8549-4145-955a-d736ea492c6f]
2026-08-25 10:03:00.144 [task-1] [d9036c2c-8549-4145-955a-d736ea492c6f] INFO  c.e.s.batch.BatchProcessorService - Documentos encontrados: 0 [batchJob=d9036c2c-8549-4145-955a-d736ea492c6f]
2026-08-25 10:03:00.144 [task-1] [d9036c2c-8549-4145-955a-d736ea492c6f] INFO  c.e.s.batch.BatchProcessorService - Batch job d9036c2c-8549-4145-955a-d736ea492c6f completado: Procesados: 0, Exitosos: 0, Fallidos: 0 [batchJob=d9036c2c-8549-4145-955a-d736ea492c6f]
2026-08-25 10:03:01.453 [sri-files-scheduler-3] [] INFO  c.e.s.services.EnvioSriBatchService - No hay facturas pendientes estado=I
2026-08-25 10:03:01.453 [sri-files-scheduler-3] [] INFO  c.e.s.services.EnvioSriBatchService - [SCHEDULER][sri-files-scheduler-3] FIN automatizacionEnvioFacturasElectonicas | detectados=0 | exitosas=0 | fallidas=0 | duracionMs=1434
2026-08-25 10:03:30.011 [sri-files-scheduler-4] [] INFO  c.e.s.s.NuevoDocumentoScheduler - [SCHEDULER][V1] INICIO recuperación autorizaciones @ 2026-08-25T10:03:30.011065400
2026-08-25 10:03:30.012 [sri-files-scheduler-1] [] INFO  c.e.s.services.EnvioSriBatchService - [SCHEDULER][sri-files-scheduler-1] INICIO automatizacionConsultarXml @ 2026-08-25T10:03:30.012055800
2026-08-25 10:03:30.012 [sri-files-scheduler-1] [] INFO  c.e.s.services.EnvioSriBatchService - Iniciando consulta de XML pendientes
2026-08-25 10:03:30.025 [sri-files-scheduler-4] [] INFO  c.e.s.s.NuevoDocumentoScheduler - [SCHEDULER][V1] FIN recuperación | detectados=0 | autorizados=0 | pendientes=0 | duracionMs=14
2026-08-25 10:04:00.003 [sri-files-scheduler-3] [] INFO  c.e.s.s.NuevoDocumentoScheduler - [SCHEDULER][V1] INICIO envío pendientes @ 2026-08-25T10:04:00.003203600
2026-08-25 10:04:00.009 [sri-files-scheduler-3] [] INFO  c.e.s.s.NuevoDocumentoScheduler - [SCHEDULER][V1] FIN envío | detectados=0 | exitosos=0 | fallidos=0 | duracionMs=6
2026-08-25 10:04:00.010 [sri-files-scheduler-3] [] INFO  c.e.s.services.EnvioSriBatchService - [SCHEDULER][sri-files-scheduler-3] INICIO automatizacionEnvioFacturasElectonicas @ 2026-08-25T10:04:00.010742400
2026-08-25 10:04:00.010 [sri-files-scheduler-3] [] INFO  c.e.s.services.EnvioSriBatchService - Ejecutando envio de facturas at=2026-08-25T10:04:00.010742400
2026-08-25 10:04:00.013 [sri-files-scheduler-4] [] INFO  c.e.s.batch.BatchJobScheduler - Batch automático ejecutado: tipo=ENVIAR_SRI uuid=3c2d1073-229b-46aa-a318-209ac8c4d0b2
2026-08-25 10:04:00.015 [task-2] [3c2d1073-229b-46aa-a318-209ac8c4d0b2] INFO  c.e.s.batch.BatchProcessorService - Iniciando batch job 3c2d1073-229b-46aa-a318-209ac8c4d0b2 tipo=ENVIAR_SRI [batchJob=3c2d1073-229b-46aa-a318-209ac8c4d0b2]
2026-08-25 10:04:00.019 [task-2] [3c2d1073-229b-46aa-a318-209ac8c4d0b2] INFO  c.e.s.batch.BatchProcessorService - Documentos encontrados: 0 [batchJob=3c2d1073-229b-46aa-a318-209ac8c4d0b2]
2026-08-25 10:04:00.019 [task-2] [3c2d1073-229b-46aa-a318-209ac8c4d0b2] INFO  c.e.s.batch.BatchProcessorService - Batch job 3c2d1073-229b-46aa-a318-209ac8c4d0b2 completado: Procesados: 0, Exitosos: 0, Fallidos: 0 [batchJob=3c2d1073-229b-46aa-a318-209ac8c4d0b2]
2026-08-25 10:04:00.021 [sri-files-scheduler-2] [] INFO  c.e.s.batch.BatchJobScheduler - Batch automático ejecutado: tipo=ENVIAR_CORREO uuid=3c5c9ebb-fba3-441b-8423-09ab4182ee69
2026-08-25 10:04:00.023 [task-3] [3c5c9ebb-fba3-441b-8423-09ab4182ee69] INFO  c.e.s.batch.BatchProcessorService - Iniciando batch job 3c5c9ebb-fba3-441b-8423-09ab4182ee69 tipo=ENVIAR_CORREO [batchJob=3c5c9ebb-fba3-441b-8423-09ab4182ee69]
2026-08-25 10:04:00.028 [task-3] [3c5c9ebb-fba3-441b-8423-09ab4182ee69] INFO  c.e.s.batch.BatchProcessorService - Documentos encontrados: 0 [batchJob=3c5c9ebb-fba3-441b-8423-09ab4182ee69]
2026-08-25 10:04:00.028 [task-3] [3c5c9ebb-fba3-441b-8423-09ab4182ee69] INFO  c.e.s.batch.BatchProcessorService - Batch job 3c5c9ebb-fba3-441b-8423-09ab4182ee69 completado: Procesados: 0, Exitosos: 0, Fallidos: 0 [batchJob=3c5c9ebb-fba3-441b-8423-09ab4182ee69]
2026-08-25 10:04:01.368 [sri-files-scheduler-3] [] INFO  c.e.s.services.EnvioSriBatchService - No hay facturas pendientes estado=I
2026-08-25 10:04:01.368 [sri-files-scheduler-3] [] INFO  c.e.s.services.EnvioSriBatchService - [SCHEDULER][sri-files-scheduler-3] FIN automatizacionEnvioFacturasElectonicas | detectados=0 | exitosas=0 | fallidas=0 | duracionMs=1358
2026-08-25 10:05:00.008 [sri-files-scheduler-3] [] INFO  c.e.s.s.NuevoDocumentoScheduler - [SCHEDULER][V1] INICIO envío pendientes @ 2026-08-25T10:05:00.008538800
2026-08-25 10:05:00.009 [sri-files-scheduler-3] [] INFO  c.e.s.s.NuevoDocumentoScheduler - [SCHEDULER][V1] FIN envío | detectados=0 | exitosos=0 | fallidos=0 | duracionMs=1
2026-08-25 10:05:00.009 [sri-files-scheduler-3] [] INFO  c.e.s.services.EnvioSriBatchService - [SCHEDULER][sri-files-scheduler-3] INICIO automatizacionEnvioFacturasElectonicas @ 2026-08-25T10:05:00.009977600
2026-08-25 10:05:00.010 [sri-files-scheduler-3] [] INFO  c.e.s.services.EnvioSriBatchService - Ejecutando envio de facturas at=2026-08-25T10:05:00.010481
2026-08-25 10:05:00.013 [sri-files-scheduler-4] [] INFO  c.e.s.batch.BatchJobScheduler - Batch automático ejecutado: tipo=REINTENTAR_FALLIDOS uuid=fc135b70-3a06-41b1-8314-ee96ff2c881b
2026-08-25 10:05:00.014 [task-4] [fc135b70-3a06-41b1-8314-ee96ff2c881b] INFO  c.e.s.batch.BatchProcessorService - Iniciando batch job fc135b70-3a06-41b1-8314-ee96ff2c881b tipo=REINTENTAR_FALLIDOS [batchJob=fc135b70-3a06-41b1-8314-ee96ff2c881b]
2026-08-25 10:05:00.016 [task-4] [fc135b70-3a06-41b1-8314-ee96ff2c881b] INFO  c.e.s.batch.BatchProcessorService - Documentos encontrados: 0 [batchJob=fc135b70-3a06-41b1-8314-ee96ff2c881b]
2026-08-25 10:05:00.017 [task-4] [fc135b70-3a06-41b1-8314-ee96ff2c881b] INFO  c.e.s.batch.BatchProcessorService - Batch job fc135b70-3a06-41b1-8314-ee96ff2c881b completado: Procesados: 0, Exitosos: 0, Fallidos: 0 [batchJob=fc135b70-3a06-41b1-8314-ee96ff2c881b]
2026-08-25 10:05:01.318 [sri-files-scheduler-3] [] INFO  c.e.s.services.EnvioSriBatchService - No hay facturas pendientes estado=I
2026-08-25 10:05:01.318 [sri-files-scheduler-3] [] INFO  c.e.s.services.EnvioSriBatchService - [SCHEDULER][sri-files-scheduler-3] FIN automatizacionEnvioFacturasElectonicas | detectados=0 | exitosas=0 | fallidas=0 | duracionMs=1309
2026-08-25 10:06:00.010 [sri-files-scheduler-3] [] INFO  c.e.s.s.NuevoDocumentoScheduler - [SCHEDULER][V1] INICIO envío pendientes @ 2026-08-25T10:06:00.010849300
2026-08-25 10:06:00.010 [sri-files-scheduler-2] [] INFO  c.e.s.services.EnvioSriBatchService - [SCHEDULER][sri-files-scheduler-2] INICIO automatizacionEnvioFacturasElectonicas @ 2026-08-25T10:06:00.010849300
2026-08-25 10:06:00.011 [sri-files-scheduler-2] [] INFO  c.e.s.services.EnvioSriBatchService - Ejecutando envio de facturas at=2026-08-25T10:06:00.011849200
2026-08-25 10:06:00.011 [sri-files-scheduler-3] [] INFO  c.e.s.s.NuevoDocumentoScheduler - [SCHEDULER][V1] FIN envío | detectados=0 | exitosos=0 | fallidos=0 | duracionMs=1
2026-08-25 10:06:00.015 [sri-files-scheduler-4] [] INFO  c.e.s.batch.BatchJobScheduler - Batch automático ejecutado: tipo=ENVIAR_SRI uuid=04f66ce3-31e4-4920-a180-d11e21023f91
2026-08-25 10:06:00.015 [sri-files-scheduler-3] [] INFO  c.e.s.batch.BatchJobScheduler - Batch automático ejecutado: tipo=CONSULTAR_AUTORIZACION uuid=4a5a1582-9132-482b-84fa-2285d748a20d
2026-08-25 10:06:00.017 [task-5] [04f66ce3-31e4-4920-a180-d11e21023f91] INFO  c.e.s.batch.BatchProcessorService - Iniciando batch job 04f66ce3-31e4-4920-a180-d11e21023f91 tipo=ENVIAR_SRI [batchJob=04f66ce3-31e4-4920-a180-d11e21023f91]
2026-08-25 10:06:00.018 [task-6] [4a5a1582-9132-482b-84fa-2285d748a20d] INFO  c.e.s.batch.BatchProcessorService - Iniciando batch job 4a5a1582-9132-482b-84fa-2285d748a20d tipo=CONSULTAR_AUTORIZACION [batchJob=4a5a1582-9132-482b-84fa-2285d748a20d]
2026-08-25 10:06:00.019 [task-5] [04f66ce3-31e4-4920-a180-d11e21023f91] INFO  c.e.s.batch.BatchProcessorService - Documentos encontrados: 0 [batchJob=04f66ce3-31e4-4920-a180-d11e21023f91]
2026-08-25 10:06:00.019 [task-5] [04f66ce3-31e4-4920-a180-d11e21023f91] INFO  c.e.s.batch.BatchProcessorService - Batch job 04f66ce3-31e4-4920-a180-d11e21023f91 completado: Procesados: 0, Exitosos: 0, Fallidos: 0 [batchJob=04f66ce3-31e4-4920-a180-d11e21023f91]
2026-08-25 10:06:00.019 [task-6] [4a5a1582-9132-482b-84fa-2285d748a20d] INFO  c.e.s.batch.BatchProcessorService - Documentos encontrados: 0 [batchJob=4a5a1582-9132-482b-84fa-2285d748a20d]
2026-08-25 10:06:00.019 [task-6] [4a5a1582-9132-482b-84fa-2285d748a20d] INFO  c.e.s.batch.BatchProcessorService - Batch job 4a5a1582-9132-482b-84fa-2285d748a20d completado: Procesados: 0, Exitosos: 0, Fallidos: 0 [batchJob=4a5a1582-9132-482b-84fa-2285d748a20d]
2026-08-25 10:06:01.381 [sri-files-scheduler-2] [] INFO  c.e.s.services.EnvioSriBatchService - No hay facturas pendientes estado=I
2026-08-25 10:06:01.381 [sri-files-scheduler-2] [] INFO  c.e.s.services.EnvioSriBatchService - [SCHEDULER][sri-files-scheduler-2] FIN automatizacionEnvioFacturasElectonicas | detectados=0 | exitosas=0 | fallidas=0 | duracionMs=1371
2026-08-25 10:06:30.001 [sri-files-scheduler-3] [] INFO  c.e.s.s.NuevoDocumentoScheduler - [SCHEDULER][V1] INICIO recuperación autorizaciones @ 2026-08-25T10:06:30.001042600
2026-08-25 10:06:30.004 [sri-files-scheduler-3] [] INFO  c.e.s.s.NuevoDocumentoScheduler - [SCHEDULER][V1] FIN recuperación | detectados=0 | autorizados=0 | pendientes=0 | duracionMs=3
2026-08-25 10:07:00.004 [sri-files-scheduler-2] [] INFO  c.e.s.s.NuevoDocumentoScheduler - [SCHEDULER][V1] INICIO envío pendientes @ 2026-08-25T10:07:00.004916300
2026-08-25 10:07:00.005 [sri-files-scheduler-4] [] INFO  c.e.s.services.EnvioSriBatchService - [SCHEDULER][sri-files-scheduler-4] INICIO automatizacionEnvioFacturasElectonicas @ 2026-08-25T10:07:00.005422800
2026-08-25 10:07:00.005 [sri-files-scheduler-4] [] INFO  c.e.s.services.EnvioSriBatchService - Ejecutando envio de facturas at=2026-08-25T10:07:00.005422800
2026-08-25 10:07:00.006 [sri-files-scheduler-2] [] INFO  c.e.s.s.NuevoDocumentoScheduler - [SCHEDULER][V1] FIN envío | detectados=0 | exitosos=0 | fallidos=0 | duracionMs=2
2026-08-25 10:07:01.236 [sri-files-scheduler-4] [] INFO  c.e.s.services.EnvioSriBatchService - No hay facturas pendientes estado=I
2026-08-25 10:07:01.236 [sri-files-scheduler-4] [] INFO  c.e.s.services.EnvioSriBatchService - [SCHEDULER][sri-files-scheduler-4] FIN automatizacionEnvioFacturasElectonicas | detectados=0 | exitosas=0 | fallidas=0 | duracionMs=1231
2026-08-25 10:08:00.008 [sri-files-scheduler-2] [] INFO  c.e.s.s.NuevoDocumentoScheduler - [SCHEDULER][V1] INICIO envío pendientes @ 2026-08-25T10:08:00.008390500
2026-08-25 10:08:00.010 [sri-files-scheduler-2] [] INFO  c.e.s.s.NuevoDocumentoScheduler - [SCHEDULER][V1] FIN envío | detectados=0 | exitosos=0 | fallidos=0 | duracionMs=2
2026-08-25 10:08:00.010 [sri-files-scheduler-2] [] INFO  c.e.s.services.EnvioSriBatchService - [SCHEDULER][sri-files-scheduler-2] INICIO automatizacionEnvioFacturasElectonicas @ 2026-08-25T10:08:00.010898900
2026-08-25 10:08:00.010 [sri-files-scheduler-2] [] INFO  c.e.s.services.EnvioSriBatchService - Ejecutando envio de facturas at=2026-08-25T10:08:00.010898900
2026-08-25 10:08:00.013 [sri-files-scheduler-3] [] INFO  c.e.s.batch.BatchJobScheduler - Batch automático ejecutado: tipo=ENVIAR_CORREO uuid=e217e857-7940-4fc6-b917-ad91fdce159a
2026-08-25 10:08:00.014 [task-7] [e217e857-7940-4fc6-b917-ad91fdce159a] INFO  c.e.s.batch.BatchProcessorService - Iniciando batch job e217e857-7940-4fc6-b917-ad91fdce159a tipo=ENVIAR_CORREO [batchJob=e217e857-7940-4fc6-b917-ad91fdce159a]
2026-08-25 10:08:00.015 [sri-files-scheduler-4] [] INFO  c.e.s.batch.BatchJobScheduler - Batch automático ejecutado: tipo=ENVIAR_SRI uuid=1452c888-73e7-4e99-a421-cd43ac0a5f86
2026-08-25 10:08:00.016 [task-7] [e217e857-7940-4fc6-b917-ad91fdce159a] INFO  c.e.s.batch.BatchProcessorService - Documentos encontrados: 0 [batchJob=e217e857-7940-4fc6-b917-ad91fdce159a]
2026-08-25 10:08:00.016 [task-7] [e217e857-7940-4fc6-b917-ad91fdce159a] INFO  c.e.s.batch.BatchProcessorService - Batch job e217e857-7940-4fc6-b917-ad91fdce159a completado: Procesados: 0, Exitosos: 0, Fallidos: 0 [batchJob=e217e857-7940-4fc6-b917-ad91fdce159a]
2026-08-25 10:08:00.017 [task-8] [1452c888-73e7-4e99-a421-cd43ac0a5f86] INFO  c.e.s.batch.BatchProcessorService - Iniciando batch job 1452c888-73e7-4e99-a421-cd43ac0a5f86 tipo=ENVIAR_SRI [batchJob=1452c888-73e7-4e99-a421-cd43ac0a5f86]
2026-08-25 10:08:00.019 [task-8] [1452c888-73e7-4e99-a421-cd43ac0a5f86] INFO  c.e.s.batch.BatchProcessorService - Documentos encontrados: 0 [batchJob=1452c888-73e7-4e99-a421-cd43ac0a5f86]
2026-08-25 10:08:00.019 [task-8] [1452c888-73e7-4e99-a421-cd43ac0a5f86] INFO  c.e.s.batch.BatchProcessorService - Batch job 1452c888-73e7-4e99-a421-cd43ac0a5f86 completado: Procesados: 0, Exitosos: 0, Fallidos: 0 [batchJob=1452c888-73e7-4e99-a421-cd43ac0a5f86]
2026-08-25 10:08:01.291 [sri-files-scheduler-2] [] INFO  c.e.s.services.EnvioSriBatchService - No hay facturas pendientes estado=I
2026-08-25 10:08:01.292 [sri-files-scheduler-2] [] INFO  c.e.s.services.EnvioSriBatchService - [SCHEDULER][sri-files-scheduler-2] FIN automatizacionEnvioFacturasElectonicas | detectados=0 | exitosas=0 | fallidas=0 | duracionMs=1282
2026-08-25 10:09:00.011 [sri-files-scheduler-3] [] INFO  c.e.s.s.NuevoDocumentoScheduler - [SCHEDULER][V1] INICIO envío pendientes @ 2026-08-25T10:09:00.011787800
2026-08-25 10:09:00.012 [sri-files-scheduler-4] [] INFO  c.e.s.services.EnvioSriBatchService - [SCHEDULER][sri-files-scheduler-4] INICIO automatizacionEnvioFacturasElectonicas @ 2026-08-25T10:09:00.012789
2026-08-25 10:09:00.012 [sri-files-scheduler-4] [] INFO  c.e.s.services.EnvioSriBatchService - Ejecutando envio de facturas at=2026-08-25T10:09:00.012789
2026-08-25 10:09:00.013 [sri-files-scheduler-3] [] INFO  c.e.s.s.NuevoDocumentoScheduler - [SCHEDULER][V1] FIN envío | detectados=0 | exitosos=0 | fallidos=0 | duracionMs=2
2026-08-25 10:09:00.017 [sri-files-scheduler-2] [] INFO  c.e.s.batch.BatchJobScheduler - Batch automático ejecutado: tipo=CONSULTAR_AUTORIZACION uuid=554a5348-c51c-460c-8701-a54fc7605a52
2026-08-25 10:09:00.019 [task-9] [554a5348-c51c-460c-8701-a54fc7605a52] INFO  c.e.s.batch.BatchProcessorService - Iniciando batch job 554a5348-c51c-460c-8701-a54fc7605a52 tipo=CONSULTAR_AUTORIZACION [batchJob=554a5348-c51c-460c-8701-a54fc7605a52]
2026-08-25 10:09:00.020 [task-9] [554a5348-c51c-460c-8701-a54fc7605a52] INFO  c.e.s.batch.BatchProcessorService - Documentos encontrados: 0 [batchJob=554a5348-c51c-460c-8701-a54fc7605a52]
2026-08-25 10:09:00.020 [task-9] [554a5348-c51c-460c-8701-a54fc7605a52] INFO  c.e.s.batch.BatchProcessorService - Batch job 554a5348-c51c-460c-8701-a54fc7605a52 completado: Procesados: 0, Exitosos: 0, Fallidos: 0 [batchJob=554a5348-c51c-460c-8701-a54fc7605a52]
2026-08-25 10:09:01.274 [sri-files-scheduler-4] [] INFO  c.e.s.services.EnvioSriBatchService - No hay facturas pendientes estado=I
2026-08-25 10:09:01.274 [sri-files-scheduler-4] [] INFO  c.e.s.services.EnvioSriBatchService - [SCHEDULER][sri-files-scheduler-4] FIN automatizacionEnvioFacturasElectonicas | detectados=0 | exitosas=0 | fallidas=0 | duracionMs=1262
2026-08-25 10:09:30.011 [sri-files-scheduler-3] [] INFO  c.e.s.s.NuevoDocumentoScheduler - [SCHEDULER][V1] INICIO recuperación autorizaciones @ 2026-08-25T10:09:30.011799600
2026-08-25 10:09:30.012 [sri-files-scheduler-3] [] INFO  c.e.s.s.NuevoDocumentoScheduler - [SCHEDULER][V1] FIN recuperación | detectados=0 | autorizados=0 | pendientes=0 | duracionMs=1
2026-08-25 10:10:00.007 [sri-files-scheduler-4] [] INFO  c.e.s.s.NuevoDocumentoScheduler - [SCHEDULER][V1] INICIO envío pendientes @ 2026-08-25T10:10:00.007016
2026-08-25 10:10:00.009 [sri-files-scheduler-4] [] INFO  c.e.s.s.NuevoDocumentoScheduler - [SCHEDULER][V1] FIN envío | detectados=0 | exitosos=0 | fallidos=0 | duracionMs=2
2026-08-25 10:10:00.009 [sri-files-scheduler-4] [] INFO  c.e.s.services.EnvioSriBatchService - [SCHEDULER][sri-files-scheduler-4] INICIO automatizacionEnvioFacturasElectonicas @ 2026-08-25T10:10:00.009696100
2026-08-25 10:10:00.009 [sri-files-scheduler-4] [] INFO  c.e.s.services.EnvioSriBatchService - Ejecutando envio de facturas at=2026-08-25T10:10:00.009696100
2026-08-25 10:10:00.014 [sri-files-scheduler-2] [] INFO  c.e.s.batch.BatchJobScheduler - Batch automático ejecutado: tipo=ENVIAR_SRI uuid=42bc1906-8eb2-47b6-9856-184d805ebff5
2026-08-25 10:10:00.014 [sri-files-scheduler-3] [] INFO  c.e.s.batch.BatchJobScheduler - Batch automático ejecutado: tipo=REINTENTAR_FALLIDOS uuid=0ad9e0d5-0395-49e7-8671-79c26b145304
2026-08-25 10:10:00.016 [task-11] [0ad9e0d5-0395-49e7-8671-79c26b145304] INFO  c.e.s.batch.BatchProcessorService - Iniciando batch job 0ad9e0d5-0395-49e7-8671-79c26b145304 tipo=REINTENTAR_FALLIDOS [batchJob=0ad9e0d5-0395-49e7-8671-79c26b145304]
2026-08-25 10:10:00.016 [task-10] [42bc1906-8eb2-47b6-9856-184d805ebff5] INFO  c.e.s.batch.BatchProcessorService - Iniciando batch job 42bc1906-8eb2-47b6-9856-184d805ebff5 tipo=ENVIAR_SRI [batchJob=42bc1906-8eb2-47b6-9856-184d805ebff5]
2026-08-25 10:10:00.018 [task-10] [42bc1906-8eb2-47b6-9856-184d805ebff5] INFO  c.e.s.batch.BatchProcessorService - Documentos encontrados: 0 [batchJob=42bc1906-8eb2-47b6-9856-184d805ebff5]
2026-08-25 10:10:00.018 [task-11] [0ad9e0d5-0395-49e7-8671-79c26b145304] INFO  c.e.s.batch.BatchProcessorService - Documentos encontrados: 0 [batchJob=0ad9e0d5-0395-49e7-8671-79c26b145304]
2026-08-25 10:10:00.019 [task-10] [42bc1906-8eb2-47b6-9856-184d805ebff5] INFO  c.e.s.batch.BatchProcessorService - Batch job 42bc1906-8eb2-47b6-9856-184d805ebff5 completado: Procesados: 0, Exitosos: 0, Fallidos: 0 [batchJob=42bc1906-8eb2-47b6-9856-184d805ebff5]
2026-08-25 10:10:00.019 [task-11] [0ad9e0d5-0395-49e7-8671-79c26b145304] INFO  c.e.s.batch.BatchProcessorService - Batch job 0ad9e0d5-0395-49e7-8671-79c26b145304 completado: Procesados: 0, Exitosos: 0, Fallidos: 0 [batchJob=0ad9e0d5-0395-49e7-8671-79c26b145304]
2026-08-25 10:10:01.294 [sri-files-scheduler-4] [] INFO  c.e.s.services.EnvioSriBatchService - No hay facturas pendientes estado=I
2026-08-25 10:10:01.294 [sri-files-scheduler-4] [] INFO  c.e.s.services.EnvioSriBatchService - [SCHEDULER][sri-files-scheduler-4] FIN automatizacionEnvioFacturasElectonicas | detectados=0 | exitosas=0 | fallidas=0 | duracionMs=1285
2026-08-25 10:11:00.013 [sri-files-scheduler-2] [] INFO  c.e.s.s.NuevoDocumentoScheduler - [SCHEDULER][V1] INICIO envío pendientes @ 2026-08-25T10:11:00.013909500
2026-08-25 10:11:00.013 [sri-files-scheduler-3] [] INFO  c.e.s.services.EnvioSriBatchService - [SCHEDULER][sri-files-scheduler-3] INICIO automatizacionEnvioFacturasElectonicas @ 2026-08-25T10:11:00.013909500
2026-08-25 10:11:00.013 [sri-files-scheduler-3] [] INFO  c.e.s.services.EnvioSriBatchService - Ejecutando envio de facturas at=2026-08-25T10:11:00.013909500
2026-08-25 10:11:00.014 [sri-files-scheduler-2] [] INFO  c.e.s.s.NuevoDocumentoScheduler - [SCHEDULER][V1] FIN envío | detectados=0 | exitosos=0 | fallidos=0 | duracionMs=1
2026-08-25 10:11:01.214 [sri-files-scheduler-3] [] INFO  c.e.s.services.EnvioSriBatchService - No hay facturas pendientes estado=I
2026-08-25 10:11:01.215 [sri-files-scheduler-3] [] INFO  c.e.s.services.EnvioSriBatchService - [SCHEDULER][sri-files-scheduler-3] FIN automatizacionEnvioFacturasElectonicas | detectados=0 | exitosas=0 | fallidas=0 | duracionMs=1202
2026-08-25 10:12:00.002 [sri-files-scheduler-2] [] INFO  c.e.s.s.NuevoDocumentoScheduler - [SCHEDULER][V1] INICIO envío pendientes @ 2026-08-25T10:12:00.002979400
2026-08-25 10:12:00.003 [sri-files-scheduler-3] [] INFO  c.e.s.services.EnvioSriBatchService - [SCHEDULER][sri-files-scheduler-3] INICIO automatizacionEnvioFacturasElectonicas @ 2026-08-25T10:12:00.003794200
2026-08-25 10:12:00.005 [sri-files-scheduler-3] [] INFO  c.e.s.services.EnvioSriBatchService - Ejecutando envio de facturas at=2026-08-25T10:12:00.005060400
2026-08-25 10:12:00.005 [sri-files-scheduler-2] [] INFO  c.e.s.s.NuevoDocumentoScheduler - [SCHEDULER][V1] FIN envío | detectados=0 | exitosos=0 | fallidos=0 | duracionMs=3
2026-08-25 10:12:00.010 [sri-files-scheduler-4] [] INFO  c.e.s.batch.BatchJobScheduler - Batch automático ejecutado: tipo=ENVIAR_CORREO uuid=d32b57ae-0a37-4b24-9825-8c1e23a3be1a
2026-08-25 10:12:00.010 [sri-files-scheduler-2] [] INFO  c.e.s.batch.BatchJobScheduler - Batch automático ejecutado: tipo=ENVIAR_SRI uuid=b37a3550-e863-4d6f-b55e-74b595ee08c3
2026-08-25 10:12:00.011 [task-13] [b37a3550-e863-4d6f-b55e-74b595ee08c3] INFO  c.e.s.batch.BatchProcessorService - Iniciando batch job b37a3550-e863-4d6f-b55e-74b595ee08c3 tipo=ENVIAR_SRI [batchJob=b37a3550-e863-4d6f-b55e-74b595ee08c3]
2026-08-25 10:12:00.012 [task-12] [d32b57ae-0a37-4b24-9825-8c1e23a3be1a] INFO  c.e.s.batch.BatchProcessorService - Iniciando batch job d32b57ae-0a37-4b24-9825-8c1e23a3be1a tipo=ENVIAR_CORREO [batchJob=d32b57ae-0a37-4b24-9825-8c1e23a3be1a]
2026-08-25 10:12:00.014 [task-13] [b37a3550-e863-4d6f-b55e-74b595ee08c3] INFO  c.e.s.batch.BatchProcessorService - Documentos encontrados: 0 [batchJob=b37a3550-e863-4d6f-b55e-74b595ee08c3]
2026-08-25 10:12:00.014 [task-13] [b37a3550-e863-4d6f-b55e-74b595ee08c3] INFO  c.e.s.batch.BatchProcessorService - Batch job b37a3550-e863-4d6f-b55e-74b595ee08c3 completado: Procesados: 0, Exitosos: 0, Fallidos: 0 [batchJob=b37a3550-e863-4d6f-b55e-74b595ee08c3]
2026-08-25 10:12:00.014 [task-12] [d32b57ae-0a37-4b24-9825-8c1e23a3be1a] INFO  c.e.s.batch.BatchProcessorService - Documentos encontrados: 0 [batchJob=d32b57ae-0a37-4b24-9825-8c1e23a3be1a]
2026-08-25 10:12:00.014 [task-12] [d32b57ae-0a37-4b24-9825-8c1e23a3be1a] INFO  c.e.s.batch.BatchProcessorService - Batch job d32b57ae-0a37-4b24-9825-8c1e23a3be1a completado: Procesados: 0, Exitosos: 0, Fallidos: 0 [batchJob=d32b57ae-0a37-4b24-9825-8c1e23a3be1a]
2026-08-25 10:12:00.029 [sri-files-scheduler-2] [] INFO  c.e.s.batch.BatchJobScheduler - Batch automático ejecutado: tipo=CONSULTAR_AUTORIZACION uuid=b5a42e94-70f4-41f8-8226-f89e410e1a30
2026-08-25 10:12:00.030 [task-14] [b5a42e94-70f4-41f8-8226-f89e410e1a30] INFO  c.e.s.batch.BatchProcessorService - Iniciando batch job b5a42e94-70f4-41f8-8226-f89e410e1a30 tipo=CONSULTAR_AUTORIZACION [batchJob=b5a42e94-70f4-41f8-8226-f89e410e1a30]
2026-08-25 10:12:00.033 [task-14] [b5a42e94-70f4-41f8-8226-f89e410e1a30] INFO  c.e.s.batch.BatchProcessorService - Documentos encontrados: 0 [batchJob=b5a42e94-70f4-41f8-8226-f89e410e1a30]
2026-08-25 10:12:00.033 [task-14] [b5a42e94-70f4-41f8-8226-f89e410e1a30] INFO  c.e.s.batch.BatchProcessorService - Batch job b5a42e94-70f4-41f8-8226-f89e410e1a30 completado: Procesados: 0, Exitosos: 0, Fallidos: 0 [batchJob=b5a42e94-70f4-41f8-8226-f89e410e1a30]
2026-08-25 10:12:01.278 [sri-files-scheduler-3] [] INFO  c.e.s.services.EnvioSriBatchService - No hay facturas pendientes estado=I
2026-08-25 10:12:01.278 [sri-files-scheduler-3] [] INFO  c.e.s.services.EnvioSriBatchService - [SCHEDULER][sri-files-scheduler-3] FIN automatizacionEnvioFacturasElectonicas | detectados=0 | exitosas=0 | fallidas=0 | duracionMs=1275
2026-08-25 10:12:30.005 [sri-files-scheduler-4] [] INFO  c.e.s.s.NuevoDocumentoScheduler - [SCHEDULER][V1] INICIO recuperación autorizaciones @ 2026-08-25T10:12:30.005909600
2026-08-25 10:12:30.010 [sri-files-scheduler-4] [] INFO  c.e.s.s.NuevoDocumentoScheduler - [SCHEDULER][V1] FIN recuperación | detectados=0 | autorizados=0 | pendientes=0 | duracionMs=5
2026-08-25 10:13:00.011 [sri-files-scheduler-3] [] INFO  c.e.s.s.NuevoDocumentoScheduler - [SCHEDULER][V1] INICIO envío pendientes @ 2026-08-25T10:13:00.011969
2026-08-25 10:13:00.011 [sri-files-scheduler-2] [] INFO  c.e.s.services.EnvioSriBatchService - [SCHEDULER][sri-files-scheduler-2] INICIO automatizacionEnvioFacturasElectonicas @ 2026-08-25T10:13:00.011969
2026-08-25 10:13:00.011 [sri-files-scheduler-2] [] INFO  c.e.s.services.EnvioSriBatchService - Ejecutando envio de facturas at=2026-08-25T10:13:00.011969
2026-08-25 10:13:00.013 [sri-files-scheduler-3] [] INFO  c.e.s.s.NuevoDocumentoScheduler - [SCHEDULER][V1] FIN envío | detectados=0 | exitosos=0 | fallidos=0 | duracionMs=2
2026-08-25 10:13:01.378 [sri-files-scheduler-2] [] INFO  c.e.s.services.EnvioSriBatchService - No hay facturas pendientes estado=I
2026-08-25 10:13:01.378 [sri-files-scheduler-2] [] INFO  c.e.s.services.EnvioSriBatchService - [SCHEDULER][sri-files-scheduler-2] FIN automatizacionEnvioFacturasElectonicas | detectados=0 | exitosas=0 | fallidas=0 | duracionMs=1367
2026-08-25 10:14:00.006 [sri-files-scheduler-2] [] INFO  c.e.s.s.NuevoDocumentoScheduler - [SCHEDULER][V1] INICIO envío pendientes @ 2026-08-25T10:14:00.006368200
2026-08-25 10:14:00.007 [sri-files-scheduler-3] [] INFO  c.e.s.services.EnvioSriBatchService - [SCHEDULER][sri-files-scheduler-3] INICIO automatizacionEnvioFacturasElectonicas @ 2026-08-25T10:14:00.006368200
2026-08-25 10:14:00.007 [sri-files-scheduler-3] [] INFO  c.e.s.services.EnvioSriBatchService - Ejecutando envio de facturas at=2026-08-25T10:14:00.007375400
2026-08-25 10:14:00.010 [sri-files-scheduler-4] [] INFO  c.e.s.batch.BatchJobScheduler - Batch automático ejecutado: tipo=ENVIAR_SRI uuid=7a374383-4b6b-46a8-b0e6-f77be2942d77
2026-08-25 10:14:00.011 [sri-files-scheduler-2] [] INFO  c.e.s.s.NuevoDocumentoScheduler - [SCHEDULER][V1] FIN envío | detectados=0 | exitosos=0 | fallidos=0 | duracionMs=5
2026-08-25 10:14:00.012 [task-15] [7a374383-4b6b-46a8-b0e6-f77be2942d77] INFO  c.e.s.batch.BatchProcessorService - Iniciando batch job 7a374383-4b6b-46a8-b0e6-f77be2942d77 tipo=ENVIAR_SRI [batchJob=7a374383-4b6b-46a8-b0e6-f77be2942d77]
2026-08-25 10:14:00.015 [task-15] [7a374383-4b6b-46a8-b0e6-f77be2942d77] INFO  c.e.s.batch.BatchProcessorService - Documentos encontrados: 0 [batchJob=7a374383-4b6b-46a8-b0e6-f77be2942d77]
2026-08-25 10:14:00.015 [task-15] [7a374383-4b6b-46a8-b0e6-f77be2942d77] INFO  c.e.s.batch.BatchProcessorService - Batch job 7a374383-4b6b-46a8-b0e6-f77be2942d77 completado: Procesados: 0, Exitosos: 0, Fallidos: 0 [batchJob=7a374383-4b6b-46a8-b0e6-f77be2942d77]
2026-08-25 10:14:01.335 [sri-files-scheduler-3] [] INFO  c.e.s.services.EnvioSriBatchService - No hay facturas pendientes estado=I
2026-08-25 10:14:01.335 [sri-files-scheduler-3] [] INFO  c.e.s.services.EnvioSriBatchService - [SCHEDULER][sri-files-scheduler-3] FIN automatizacionEnvioFacturasElectonicas | detectados=0 | exitosas=0 | fallidas=0 | duracionMs=1329
2026-08-25 10:15:00.008 [sri-files-scheduler-2] [] INFO  c.e.s.s.NuevoDocumentoScheduler - [SCHEDULER][V1] INICIO envío pendientes @ 2026-08-25T10:15:00.008698600
2026-08-25 10:15:00.008 [sri-files-scheduler-4] [] INFO  c.e.s.services.EnvioSriBatchService - [SCHEDULER][sri-files-scheduler-4] INICIO automatizacionEnvioFacturasElectonicas @ 2026-08-25T10:15:00.008698600
2026-08-25 10:15:00.008 [sri-files-scheduler-4] [] INFO  c.e.s.services.EnvioSriBatchService - Ejecutando envio de facturas at=2026-08-25T10:15:00.008698600
2026-08-25 10:15:00.010 [sri-files-scheduler-2] [] INFO  c.e.s.s.NuevoDocumentoScheduler - [SCHEDULER][V1] FIN envío | detectados=0 | exitosos=0 | fallidos=0 | duracionMs=2
2026-08-25 10:15:00.012 [sri-files-scheduler-3] [] INFO  c.e.s.batch.BatchJobScheduler - Batch automático ejecutado: tipo=REINTENTAR_FALLIDOS uuid=a3d52c34-d6d3-4d93-8293-d5954e238ec2
2026-08-25 10:15:00.012 [sri-files-scheduler-2] [] INFO  c.e.s.batch.BatchJobScheduler - Batch automático ejecutado: tipo=CONSULTAR_AUTORIZACION uuid=55b062ca-52f7-4149-8332-d1348316df5e
2026-08-25 10:15:00.013 [task-16] [a3d52c34-d6d3-4d93-8293-d5954e238ec2] INFO  c.e.s.batch.BatchProcessorService - Iniciando batch job a3d52c34-d6d3-4d93-8293-d5954e238ec2 tipo=REINTENTAR_FALLIDOS [batchJob=a3d52c34-d6d3-4d93-8293-d5954e238ec2]
2026-08-25 10:15:00.014 [task-17] [55b062ca-52f7-4149-8332-d1348316df5e] INFO  c.e.s.batch.BatchProcessorService - Iniciando batch job 55b062ca-52f7-4149-8332-d1348316df5e tipo=CONSULTAR_AUTORIZACION [batchJob=55b062ca-52f7-4149-8332-d1348316df5e]
2026-08-25 10:15:00.015 [task-16] [a3d52c34-d6d3-4d93-8293-d5954e238ec2] INFO  c.e.s.batch.BatchProcessorService - Documentos encontrados: 0 [batchJob=a3d52c34-d6d3-4d93-8293-d5954e238ec2]
2026-08-25 10:15:00.015 [task-16] [a3d52c34-d6d3-4d93-8293-d5954e238ec2] INFO  c.e.s.batch.BatchProcessorService - Batch job a3d52c34-d6d3-4d93-8293-d5954e238ec2 completado: Procesados: 0, Exitosos: 0, Fallidos: 0 [batchJob=a3d52c34-d6d3-4d93-8293-d5954e238ec2]
2026-08-25 10:15:00.016 [task-17] [55b062ca-52f7-4149-8332-d1348316df5e] INFO  c.e.s.batch.BatchProcessorService - Documentos encontrados: 0 [batchJob=55b062ca-52f7-4149-8332-d1348316df5e]
2026-08-25 10:15:00.016 [task-17] [55b062ca-52f7-4149-8332-d1348316df5e] INFO  c.e.s.batch.BatchProcessorService - Batch job 55b062ca-52f7-4149-8332-d1348316df5e completado: Procesados: 0, Exitosos: 0, Fallidos: 0 [batchJob=55b062ca-52f7-4149-8332-d1348316df5e]
2026-08-25 10:15:00.733 [sri-files-scheduler-4] [] INFO  c.e.s.services.EnvioSriBatchService - No hay facturas pendientes estado=I
2026-08-25 10:15:00.733 [sri-files-scheduler-4] [] INFO  c.e.s.services.EnvioSriBatchService - [SCHEDULER][sri-files-scheduler-4] FIN automatizacionEnvioFacturasElectonicas | detectados=0 | exitosas=0 | fallidas=0 | duracionMs=725
2026-08-25 10:15:30.001 [sri-files-scheduler-2] [] INFO  c.e.s.s.NuevoDocumentoScheduler - [SCHEDULER][V1] INICIO recuperación autorizaciones @ 2026-08-25T10:15:30.001575400
2026-08-25 10:15:30.004 [sri-files-scheduler-2] [] INFO  c.e.s.s.NuevoDocumentoScheduler - [SCHEDULER][V1] FIN recuperación | detectados=0 | autorizados=0 | pendientes=0 | duracionMs=3
2026-08-25 10:16:00.015 [sri-files-scheduler-2] [] INFO  c.e.s.s.NuevoDocumentoScheduler - [SCHEDULER][V1] INICIO envío pendientes @ 2026-08-25T10:16:00.015632500
2026-08-25 10:16:00.016 [sri-files-scheduler-3] [] INFO  c.e.s.services.EnvioSriBatchService - [SCHEDULER][sri-files-scheduler-3] INICIO automatizacionEnvioFacturasElectonicas @ 2026-08-25T10:16:00.016318900
2026-08-25 10:16:00.016 [sri-files-scheduler-3] [] INFO  c.e.s.services.EnvioSriBatchService - Ejecutando envio de facturas at=2026-08-25T10:16:00.016318900
2026-08-25 10:16:00.017 [sri-files-scheduler-2] [] INFO  c.e.s.s.NuevoDocumentoScheduler - [SCHEDULER][V1] FIN envío | detectados=0 | exitosos=0 | fallidos=0 | duracionMs=2
2026-08-25 10:16:00.020 [sri-files-scheduler-4] [] INFO  c.e.s.batch.BatchJobScheduler - Batch automático ejecutado: tipo=ENVIAR_CORREO uuid=dac737b5-cdd9-4ad7-bb7d-e6dfc0714436
2026-08-25 10:16:00.020 [sri-files-scheduler-2] [] INFO  c.e.s.batch.BatchJobScheduler - Batch automático ejecutado: tipo=ENVIAR_SRI uuid=48931269-64cc-4b61-9fb7-3d0563ade8e2
2026-08-25 10:16:00.021 [task-19] [48931269-64cc-4b61-9fb7-3d0563ade8e2] INFO  c.e.s.batch.BatchProcessorService - Iniciando batch job 48931269-64cc-4b61-9fb7-3d0563ade8e2 tipo=ENVIAR_SRI [batchJob=48931269-64cc-4b61-9fb7-3d0563ade8e2]
2026-08-25 10:16:00.021 [task-18] [dac737b5-cdd9-4ad7-bb7d-e6dfc0714436] INFO  c.e.s.batch.BatchProcessorService - Iniciando batch job dac737b5-cdd9-4ad7-bb7d-e6dfc0714436 tipo=ENVIAR_CORREO [batchJob=dac737b5-cdd9-4ad7-bb7d-e6dfc0714436]
2026-08-25 10:16:00.023 [task-18] [dac737b5-cdd9-4ad7-bb7d-e6dfc0714436] INFO  c.e.s.batch.BatchProcessorService - Documentos encontrados: 0 [batchJob=dac737b5-cdd9-4ad7-bb7d-e6dfc0714436]
2026-08-25 10:16:00.023 [task-19] [48931269-64cc-4b61-9fb7-3d0563ade8e2] INFO  c.e.s.batch.BatchProcessorService - Documentos encontrados: 0 [batchJob=48931269-64cc-4b61-9fb7-3d0563ade8e2]
2026-08-25 10:16:00.023 [task-18] [dac737b5-cdd9-4ad7-bb7d-e6dfc0714436] INFO  c.e.s.batch.BatchProcessorService - Batch job dac737b5-cdd9-4ad7-bb7d-e6dfc0714436 completado: Procesados: 0, Exitosos: 0, Fallidos: 0 [batchJob=dac737b5-cdd9-4ad7-bb7d-e6dfc0714436]
2026-08-25 10:16:00.023 [task-19] [48931269-64cc-4b61-9fb7-3d0563ade8e2] INFO  c.e.s.batch.BatchProcessorService - Batch job 48931269-64cc-4b61-9fb7-3d0563ade8e2 completado: Procesados: 0, Exitosos: 0, Fallidos: 0 [batchJob=48931269-64cc-4b61-9fb7-3d0563ade8e2]
2026-08-25 10:16:01.326 [sri-files-scheduler-3] [] INFO  c.e.s.services.EnvioSriBatchService - No hay facturas pendientes estado=I
2026-08-25 10:16:01.326 [sri-files-scheduler-3] [] INFO  c.e.s.services.EnvioSriBatchService - [SCHEDULER][sri-files-scheduler-3] FIN automatizacionEnvioFacturasElectonicas | detectados=0 | exitosas=0 | fallidas=0 | duracionMs=1310
2026-08-25 10:17:00.011 [sri-files-scheduler-4] [] INFO  c.e.s.s.NuevoDocumentoScheduler - [SCHEDULER][V1] INICIO envío pendientes @ 2026-08-25T10:17:00.011527900
2026-08-25 10:17:00.012 [sri-files-scheduler-2] [] INFO  c.e.s.services.EnvioSriBatchService - [SCHEDULER][sri-files-scheduler-2] INICIO automatizacionEnvioFacturasElectonicas @ 2026-08-25T10:17:00.012064700
2026-08-25 10:17:00.012 [sri-files-scheduler-2] [] INFO  c.e.s.services.EnvioSriBatchService - Ejecutando envio de facturas at=2026-08-25T10:17:00.012064700
2026-08-25 10:17:00.013 [sri-files-scheduler-4] [] INFO  c.e.s.s.NuevoDocumentoScheduler - [SCHEDULER][V1] FIN envío | detectados=0 | exitosos=0 | fallidos=0 | duracionMs=2
2026-08-25 10:17:01.295 [sri-files-scheduler-2] [] INFO  c.e.s.services.EnvioSriBatchService - No hay facturas pendientes estado=I
2026-08-25 10:17:01.295 [sri-files-scheduler-2] [] INFO  c.e.s.services.EnvioSriBatchService - [SCHEDULER][sri-files-scheduler-2] FIN automatizacionEnvioFacturasElectonicas | detectados=0 | exitosas=0 | fallidas=0 | duracionMs=1283
2026-08-25 10:18:00.004 [sri-files-scheduler-2] [] INFO  c.e.s.s.NuevoDocumentoScheduler - [SCHEDULER][V1] INICIO envío pendientes @ 2026-08-25T10:18:00.004267400
2026-08-25 10:18:00.005 [sri-files-scheduler-4] [] INFO  c.e.s.services.EnvioSriBatchService - [SCHEDULER][sri-files-scheduler-4] INICIO automatizacionEnvioFacturasElectonicas @ 2026-08-25T10:18:00.005359100
2026-08-25 10:18:00.005 [sri-files-scheduler-4] [] INFO  c.e.s.services.EnvioSriBatchService - Ejecutando envio de facturas at=2026-08-25T10:18:00.005359100
2026-08-25 10:18:00.005 [sri-files-scheduler-2] [] INFO  c.e.s.s.NuevoDocumentoScheduler - [SCHEDULER][V1] FIN envío | detectados=0 | exitosos=0 | fallidos=0 | duracionMs=1
2026-08-25 10:18:00.012 [sri-files-scheduler-3] [] INFO  c.e.s.batch.BatchJobScheduler - Batch automático ejecutado: tipo=CONSULTAR_AUTORIZACION uuid=fafbf474-83ed-4391-aefe-f696b42cc7ff
2026-08-25 10:18:00.012 [sri-files-scheduler-2] [] INFO  c.e.s.batch.BatchJobScheduler - Batch automático ejecutado: tipo=ENVIAR_SRI uuid=bbaa96ce-a245-49d0-8286-644bb8c9bed5
2026-08-25 10:18:00.014 [task-20] [fafbf474-83ed-4391-aefe-f696b42cc7ff] INFO  c.e.s.batch.BatchProcessorService - Iniciando batch job fafbf474-83ed-4391-aefe-f696b42cc7ff tipo=CONSULTAR_AUTORIZACION [batchJob=fafbf474-83ed-4391-aefe-f696b42cc7ff]
2026-08-25 10:18:00.016 [task-20] [fafbf474-83ed-4391-aefe-f696b42cc7ff] INFO  c.e.s.batch.BatchProcessorService - Documentos encontrados: 0 [batchJob=fafbf474-83ed-4391-aefe-f696b42cc7ff]
2026-08-25 10:18:00.016 [task-20] [fafbf474-83ed-4391-aefe-f696b42cc7ff] INFO  c.e.s.batch.BatchProcessorService - Batch job fafbf474-83ed-4391-aefe-f696b42cc7ff completado: Procesados: 0, Exitosos: 0, Fallidos: 0 [batchJob=fafbf474-83ed-4391-aefe-f696b42cc7ff]
2026-08-25 10:18:00.016 [task-21] [bbaa96ce-a245-49d0-8286-644bb8c9bed5] INFO  c.e.s.batch.BatchProcessorService - Iniciando batch job bbaa96ce-a245-49d0-8286-644bb8c9bed5 tipo=ENVIAR_SRI [batchJob=bbaa96ce-a245-49d0-8286-644bb8c9bed5]
2026-08-25 10:18:00.019 [task-21] [bbaa96ce-a245-49d0-8286-644bb8c9bed5] INFO  c.e.s.batch.BatchProcessorService - Documentos encontrados: 0 [batchJob=bbaa96ce-a245-49d0-8286-644bb8c9bed5]
2026-08-25 10:18:00.019 [task-21] [bbaa96ce-a245-49d0-8286-644bb8c9bed5] INFO  c.e.s.batch.BatchProcessorService - Batch job bbaa96ce-a245-49d0-8286-644bb8c9bed5 completado: Procesados: 0, Exitosos: 0, Fallidos: 0 [batchJob=bbaa96ce-a245-49d0-8286-644bb8c9bed5]
2026-08-25 10:18:01.251 [sri-files-scheduler-4] [] INFO  c.e.s.services.EnvioSriBatchService - No hay facturas pendientes estado=I
2026-08-25 10:18:01.251 [sri-files-scheduler-4] [] INFO  c.e.s.services.EnvioSriBatchService - [SCHEDULER][sri-files-scheduler-4] FIN automatizacionEnvioFacturasElectonicas | detectados=0 | exitosas=0 | fallidas=0 | duracionMs=1246
2026-08-25 10:18:30.001 [sri-files-scheduler-3] [] INFO  c.e.s.s.NuevoDocumentoScheduler - [SCHEDULER][V1] INICIO recuperación autorizaciones @ 2026-08-25T10:18:30.001781800
2026-08-25 10:18:30.004 [sri-files-scheduler-3] [] INFO  c.e.s.s.NuevoDocumentoScheduler - [SCHEDULER][V1] FIN recuperación | detectados=0 | autorizados=0 | pendientes=0 | duracionMs=3
2026-08-25 10:19:00.009 [sri-files-scheduler-4] [] INFO  c.e.s.s.NuevoDocumentoScheduler - [SCHEDULER][V1] INICIO envío pendientes @ 2026-08-25T10:19:00.009212100
2026-08-25 10:19:00.009 [sri-files-scheduler-2] [] INFO  c.e.s.services.EnvioSriBatchService - [SCHEDULER][sri-files-scheduler-2] INICIO automatizacionEnvioFacturasElectonicas @ 2026-08-25T10:19:00.009212100
2026-08-25 10:19:00.009 [sri-files-scheduler-2] [] INFO  c.e.s.services.EnvioSriBatchService - Ejecutando envio de facturas at=2026-08-25T10:19:00.009212100
2026-08-25 10:19:00.010 [sri-files-scheduler-4] [] INFO  c.e.s.s.NuevoDocumentoScheduler - [SCHEDULER][V1] FIN envío | detectados=0 | exitosos=0 | fallidos=0 | duracionMs=1
2026-08-25 10:19:01.137 [sri-files-scheduler-2] [] INFO  c.e.s.services.EnvioSriBatchService - No hay facturas pendientes estado=I
2026-08-25 10:19:01.137 [sri-files-scheduler-2] [] INFO  c.e.s.services.EnvioSriBatchService - [SCHEDULER][sri-files-scheduler-2] FIN automatizacionEnvioFacturasElectonicas | detectados=0 | exitosas=0 | fallidas=0 | duracionMs=1128
2026-08-25 10:20:00.012 [sri-files-scheduler-2] [] INFO  c.e.s.s.NuevoDocumentoScheduler - [SCHEDULER][V1] INICIO envío pendientes @ 2026-08-25T10:20:00.012617600
2026-08-25 10:20:00.013 [sri-files-scheduler-2] [] INFO  c.e.s.s.NuevoDocumentoScheduler - [SCHEDULER][V1] FIN envío | detectados=0 | exitosos=0 | fallidos=0 | duracionMs=1
2026-08-25 10:20:00.013 [sri-files-scheduler-2] [] INFO  c.e.s.services.EnvioSriBatchService - [SCHEDULER][sri-files-scheduler-2] INICIO automatizacionEnvioFacturasElectonicas @ 2026-08-25T10:20:00.013623800
2026-08-25 10:20:00.013 [sri-files-scheduler-2] [] INFO  c.e.s.services.EnvioSriBatchService - Ejecutando envio de facturas at=2026-08-25T10:20:00.013623800
2026-08-25 10:20:00.019 [sri-files-scheduler-3] [] INFO  c.e.s.batch.BatchJobScheduler - Batch automático ejecutado: tipo=REINTENTAR_FALLIDOS uuid=f3ee25c6-6350-4e9a-9816-1953471c0917
2026-08-25 10:20:00.020 [task-22] [f3ee25c6-6350-4e9a-9816-1953471c0917] INFO  c.e.s.batch.BatchProcessorService - Iniciando batch job f3ee25c6-6350-4e9a-9816-1953471c0917 tipo=REINTENTAR_FALLIDOS [batchJob=f3ee25c6-6350-4e9a-9816-1953471c0917]
2026-08-25 10:20:00.021 [sri-files-scheduler-4] [] INFO  c.e.s.batch.BatchJobScheduler - Batch automático ejecutado: tipo=ENVIAR_CORREO uuid=c0fc4678-fb46-4c2c-a165-ef315e019b49
2026-08-25 10:20:00.021 [sri-files-scheduler-3] [] INFO  c.e.s.batch.BatchJobScheduler - Batch automático ejecutado: tipo=ENVIAR_SRI uuid=42a83925-26db-483e-8a64-6643dfdfa7b2
2026-08-25 10:20:00.021 [task-22] [f3ee25c6-6350-4e9a-9816-1953471c0917] INFO  c.e.s.batch.BatchProcessorService - Documentos encontrados: 0 [batchJob=f3ee25c6-6350-4e9a-9816-1953471c0917]
2026-08-25 10:20:00.021 [task-22] [f3ee25c6-6350-4e9a-9816-1953471c0917] INFO  c.e.s.batch.BatchProcessorService - Batch job f3ee25c6-6350-4e9a-9816-1953471c0917 completado: Procesados: 0, Exitosos: 0, Fallidos: 0 [batchJob=f3ee25c6-6350-4e9a-9816-1953471c0917]
2026-08-25 10:20:00.021 [task-23] [c0fc4678-fb46-4c2c-a165-ef315e019b49] INFO  c.e.s.batch.BatchProcessorService - Iniciando batch job c0fc4678-fb46-4c2c-a165-ef315e019b49 tipo=ENVIAR_CORREO [batchJob=c0fc4678-fb46-4c2c-a165-ef315e019b49]
2026-08-25 10:20:00.022 [task-24] [42a83925-26db-483e-8a64-6643dfdfa7b2] INFO  c.e.s.batch.BatchProcessorService - Iniciando batch job 42a83925-26db-483e-8a64-6643dfdfa7b2 tipo=ENVIAR_SRI [batchJob=42a83925-26db-483e-8a64-6643dfdfa7b2]
2026-08-25 10:20:00.023 [task-23] [c0fc4678-fb46-4c2c-a165-ef315e019b49] INFO  c.e.s.batch.BatchProcessorService - Documentos encontrados: 0 [batchJob=c0fc4678-fb46-4c2c-a165-ef315e019b49]
2026-08-25 10:20:00.023 [task-23] [c0fc4678-fb46-4c2c-a165-ef315e019b49] INFO  c.e.s.batch.BatchProcessorService - Batch job c0fc4678-fb46-4c2c-a165-ef315e019b49 completado: Procesados: 0, Exitosos: 0, Fallidos: 0 [batchJob=c0fc4678-fb46-4c2c-a165-ef315e019b49]
2026-08-25 10:20:00.023 [task-24] [42a83925-26db-483e-8a64-6643dfdfa7b2] INFO  c.e.s.batch.BatchProcessorService - Documentos encontrados: 0 [batchJob=42a83925-26db-483e-8a64-6643dfdfa7b2]
2026-08-25 10:20:00.023 [task-24] [42a83925-26db-483e-8a64-6643dfdfa7b2] INFO  c.e.s.batch.BatchProcessorService - Batch job 42a83925-26db-483e-8a64-6643dfdfa7b2 completado: Procesados: 0, Exitosos: 0, Fallidos: 0 [batchJob=42a83925-26db-483e-8a64-6643dfdfa7b2]
2026-08-25 10:20:01.281 [sri-files-scheduler-2] [] INFO  c.e.s.services.EnvioSriBatchService - No hay facturas pendientes estado=I
2026-08-25 10:20:01.281 [sri-files-scheduler-2] [] INFO  c.e.s.services.EnvioSriBatchService - [SCHEDULER][sri-files-scheduler-2] FIN automatizacionEnvioFacturasElectonicas | detectados=0 | exitosas=0 | fallidas=0 | duracionMs=1268
2026-08-25 10:21:00.004 [sri-files-scheduler-3] [] INFO  c.e.s.s.NuevoDocumentoScheduler - [SCHEDULER][V1] INICIO envío pendientes @ 2026-08-25T10:21:00.004311400
2026-08-25 10:21:00.004 [sri-files-scheduler-2] [] INFO  c.e.s.services.EnvioSriBatchService - [SCHEDULER][sri-files-scheduler-2] INICIO automatizacionEnvioFacturasElectonicas @ 2026-08-25T10:21:00.004311400
2026-08-25 10:21:00.004 [sri-files-scheduler-2] [] INFO  c.e.s.services.EnvioSriBatchService - Ejecutando envio de facturas at=2026-08-25T10:21:00.004311400
2026-08-25 10:21:00.005 [sri-files-scheduler-3] [] INFO  c.e.s.s.NuevoDocumentoScheduler - [SCHEDULER][V1] FIN envío | detectados=0 | exitosos=0 | fallidos=0 | duracionMs=1
2026-08-25 10:21:00.007 [sri-files-scheduler-4] [] INFO  c.e.s.batch.BatchJobScheduler - Batch automático ejecutado: tipo=CONSULTAR_AUTORIZACION uuid=6a0f3bc2-5649-4329-9e08-b65e6237fa23
2026-08-25 10:21:00.008 [task-25] [6a0f3bc2-5649-4329-9e08-b65e6237fa23] INFO  c.e.s.batch.BatchProcessorService - Iniciando batch job 6a0f3bc2-5649-4329-9e08-b65e6237fa23 tipo=CONSULTAR_AUTORIZACION [batchJob=6a0f3bc2-5649-4329-9e08-b65e6237fa23]
2026-08-25 10:21:00.010 [task-25] [6a0f3bc2-5649-4329-9e08-b65e6237fa23] INFO  c.e.s.batch.BatchProcessorService - Documentos encontrados: 0 [batchJob=6a0f3bc2-5649-4329-9e08-b65e6237fa23]
2026-08-25 10:21:00.010 [task-25] [6a0f3bc2-5649-4329-9e08-b65e6237fa23] INFO  c.e.s.batch.BatchProcessorService - Batch job 6a0f3bc2-5649-4329-9e08-b65e6237fa23 completado: Procesados: 0, Exitosos: 0, Fallidos: 0 [batchJob=6a0f3bc2-5649-4329-9e08-b65e6237fa23]
2026-08-25 10:21:01.278 [sri-files-scheduler-2] [] INFO  c.e.s.services.EnvioSriBatchService - No hay facturas pendientes estado=I
2026-08-25 10:21:01.278 [sri-files-scheduler-2] [] INFO  c.e.s.services.EnvioSriBatchService - [SCHEDULER][sri-files-scheduler-2] FIN automatizacionEnvioFacturasElectonicas | detectados=0 | exitosas=0 | fallidas=0 | duracionMs=1274
2026-08-25 10:21:30.011 [sri-files-scheduler-3] [] INFO  c.e.s.s.NuevoDocumentoScheduler - [SCHEDULER][V1] INICIO recuperación autorizaciones @ 2026-08-25T10:21:30.011667900
2026-08-25 10:21:30.012 [sri-files-scheduler-3] [] INFO  c.e.s.s.NuevoDocumentoScheduler - [SCHEDULER][V1] FIN recuperación | detectados=0 | autorizados=0 | pendientes=0 | duracionMs=1
2026-08-25 10:22:00.006 [sri-files-scheduler-3] [] INFO  c.e.s.s.NuevoDocumentoScheduler - [SCHEDULER][V1] INICIO envío pendientes @ 2026-08-25T10:22:00.006256200
2026-08-25 10:22:00.006 [sri-files-scheduler-4] [] INFO  c.e.s.services.EnvioSriBatchService - [SCHEDULER][sri-files-scheduler-4] INICIO automatizacionEnvioFacturasElectonicas @ 2026-08-25T10:22:00.006256200
2026-08-25 10:22:00.007 [sri-files-scheduler-4] [] INFO  c.e.s.services.EnvioSriBatchService - Ejecutando envio de facturas at=2026-08-25T10:22:00.006256200
2026-08-25 10:22:00.007 [sri-files-scheduler-3] [] INFO  c.e.s.s.NuevoDocumentoScheduler - [SCHEDULER][V1] FIN envío | detectados=0 | exitosos=0 | fallidos=0 | duracionMs=1
2026-08-25 10:22:00.013 [sri-files-scheduler-2] [] INFO  c.e.s.batch.BatchJobScheduler - Batch automático ejecutado: tipo=ENVIAR_SRI uuid=1557cfa7-3e09-4d77-9547-1f2028f7fbe6
2026-08-25 10:22:00.014 [task-26] [1557cfa7-3e09-4d77-9547-1f2028f7fbe6] INFO  c.e.s.batch.BatchProcessorService - Iniciando batch job 1557cfa7-3e09-4d77-9547-1f2028f7fbe6 tipo=ENVIAR_SRI [batchJob=1557cfa7-3e09-4d77-9547-1f2028f7fbe6]
2026-08-25 10:22:00.017 [task-26] [1557cfa7-3e09-4d77-9547-1f2028f7fbe6] INFO  c.e.s.batch.BatchProcessorService - Documentos encontrados: 0 [batchJob=1557cfa7-3e09-4d77-9547-1f2028f7fbe6]
2026-08-25 10:22:00.017 [task-26] [1557cfa7-3e09-4d77-9547-1f2028f7fbe6] INFO  c.e.s.batch.BatchProcessorService - Batch job 1557cfa7-3e09-4d77-9547-1f2028f7fbe6 completado: Procesados: 0, Exitosos: 0, Fallidos: 0 [batchJob=1557cfa7-3e09-4d77-9547-1f2028f7fbe6]
2026-08-25 10:22:01.256 [sri-files-scheduler-4] [] INFO  c.e.s.services.EnvioSriBatchService - No hay facturas pendientes estado=I
2026-08-25 10:22:01.256 [sri-files-scheduler-4] [] INFO  c.e.s.services.EnvioSriBatchService - [SCHEDULER][sri-files-scheduler-4] FIN automatizacionEnvioFacturasElectonicas | detectados=0 | exitosas=0 | fallidas=0 | duracionMs=1250
2026-08-25 10:23:00.004 [sri-files-scheduler-2] [] INFO  c.e.s.s.NuevoDocumentoScheduler - [SCHEDULER][V1] INICIO envío pendientes @ 2026-08-25T10:23:00.004123300
2026-08-25 10:23:00.005 [sri-files-scheduler-4] [] INFO  c.e.s.services.EnvioSriBatchService - [SCHEDULER][sri-files-scheduler-4] INICIO automatizacionEnvioFacturasElectonicas @ 2026-08-25T10:23:00.005033900
2026-08-25 10:23:00.005 [sri-files-scheduler-4] [] INFO  c.e.s.services.EnvioSriBatchService - Ejecutando envio de facturas at=2026-08-25T10:23:00.005033900
2026-08-25 10:23:00.006 [sri-files-scheduler-2] [] INFO  c.e.s.s.NuevoDocumentoScheduler - [SCHEDULER][V1] FIN envío | detectados=0 | exitosos=0 | fallidos=0 | duracionMs=2
2026-08-25 10:23:01.280 [sri-files-scheduler-4] [] INFO  c.e.s.services.EnvioSriBatchService - No hay facturas pendientes estado=I
2026-08-25 10:23:01.280 [sri-files-scheduler-4] [] INFO  c.e.s.services.EnvioSriBatchService - [SCHEDULER][sri-files-scheduler-4] FIN automatizacionEnvioFacturasElectonicas | detectados=0 | exitosas=0 | fallidas=0 | duracionMs=1275
2026-08-25 10:23:59.166 [SpringApplicationShutdownHook] [] INFO  o.s.b.w.e.tomcat.GracefulShutdown - Commencing graceful shutdown. Waiting for active requests to complete
2026-08-25 10:23:59.177 [tomcat-shutdown] [] INFO  o.s.b.w.e.tomcat.GracefulShutdown - Graceful shutdown complete
2026-08-25 10:24:29.182 [SpringApplicationShutdownHook] [] WARN  o.s.s.c.ThreadPoolTaskScheduler - Timed out while waiting for executor 'taskScheduler' to terminate
2026-08-25 10:24:29.182 [SpringApplicationShutdownHook] [] INFO  o.s.o.j.LocalContainerEntityManagerFactoryBean - Closing JPA EntityManagerFactory for persistence unit 'default'
2026-08-25 10:24:29.184 [SpringApplicationShutdownHook] [] INFO  com.zaxxer.hikari.HikariDataSource - HikariPool-1 - Shutdown initiated...
2026-08-25 10:24:29.186 [SpringApplicationShutdownHook] [] INFO  com.zaxxer.hikari.HikariDataSource - HikariPool-1 - Shutdown completed.
2026-08-25 10:24:41.870 [main] [] INFO  o.s.c.c.c.ConfigServicePropertySourceLocator - Fetching config from server at : http://localhost:8888
2026-08-25 10:24:41.876 [main] [] INFO  o.s.c.c.c.ConfigServicePropertySourceLocator - Exception on Url - http://localhost:8888:org.springframework.web.client.ResourceAccessException: I/O error on GET request for "http://localhost:8888/msvc-sri/default": Connection refused: getsockopt. Will be trying the next url if available
2026-08-25 10:24:41.876 [main] [] WARN  o.s.c.c.c.ConfigServicePropertySourceLocator - Could not locate PropertySource: I/O error on GET request for "http://localhost:8888/msvc-sri/default": Connection refused: getsockopt
2026-08-25 10:24:41.878 [main] [] INFO  c.erp.sri_files.SriFilesApplication - The following 1 profile is active: "local"
2026-08-25 10:24:41.885 [main] [] INFO  o.s.c.c.c.ConfigServerConfigDataLoader - Fetching config from server at : http://config-server:8888
2026-08-25 10:24:41.885 [main] [] INFO  o.s.c.c.c.ConfigServerConfigDataLoader - Exception on Url - http://config-server:8888:org.springframework.web.client.ResourceAccessException: I/O error on GET request for "http://config-server:8888/msvc-sri/default": config-server. Will be trying the next url if available
2026-08-25 10:24:41.885 [main] [] WARN  o.s.c.c.c.ConfigServerConfigDataLoader - Could not locate PropertySource ([ConfigServerConfigDataResource@3531f3ca uris = array<String>['http://config-server:8888'], optional = true, profiles = 'default']): I/O error on GET request for "http://config-server:8888/msvc-sri/default": config-server
2026-08-25 10:24:41.885 [main] [] INFO  o.s.c.c.c.ConfigServerConfigDataLoader - Fetching config from server at : http://config-server:8888
2026-08-25 10:24:41.885 [main] [] INFO  o.s.c.c.c.ConfigServerConfigDataLoader - Exception on Url - http://config-server:8888:org.springframework.web.client.ResourceAccessException: I/O error on GET request for "http://config-server:8888/msvc-sri/local": config-server. Will be trying the next url if available
2026-08-25 10:24:41.885 [main] [] WARN  o.s.c.c.c.ConfigServerConfigDataLoader - Could not locate PropertySource ([ConfigServerConfigDataResource@5fe7f967 uris = array<String>['http://config-server:8888'], optional = true, profiles = 'local']): I/O error on GET request for "http://config-server:8888/msvc-sri/local": config-server
2026-08-25 10:24:41.885 [main] [] INFO  o.s.c.c.c.ConfigServerConfigDataLoader - Fetching config from server at : http://config-server:8888
2026-08-25 10:24:41.885 [main] [] INFO  o.s.c.c.c.ConfigServerConfigDataLoader - Exception on Url - http://config-server:8888:org.springframework.web.client.ResourceAccessException: I/O error on GET request for "http://config-server:8888/msvc-sri/default": config-server. Will be trying the next url if available
2026-08-25 10:24:41.885 [main] [] WARN  o.s.c.c.c.ConfigServerConfigDataLoader - Could not locate PropertySource ([ConfigServerConfigDataResource@59e43e8c uris = array<String>['http://config-server:8888'], optional = true, profiles = 'default']): I/O error on GET request for "http://config-server:8888/msvc-sri/default": config-server
2026-08-25 10:24:42.277 [main] [] INFO  o.s.d.r.c.RepositoryConfigurationDelegate - Bootstrapping Spring Data JPA repositories in DEFAULT mode.
2026-08-25 10:24:42.357 [main] [] INFO  o.s.d.r.c.RepositoryConfigurationDelegate - Finished Spring Data repository scanning in 76 ms. Found 8 JPA repository interfaces.
2026-08-25 10:24:42.476 [main] [] INFO  o.s.cloud.context.scope.GenericScope - BeanFactory id=584869b1-a425-325e-a3cf-9889ca2a5007
2026-08-25 10:24:42.676 [main] [] INFO  o.s.b.w.e.tomcat.TomcatWebServer - Tomcat initialized with port 9096 (http)
2026-08-25 10:24:42.683 [main] [] INFO  o.a.coyote.http11.Http11NioProtocol - Initializing ProtocolHandler ["http-nio-9096"]
2026-08-25 10:24:42.683 [main] [] INFO  o.a.catalina.core.StandardService - Starting service [Tomcat]
2026-08-25 10:24:42.683 [main] [] INFO  o.a.catalina.core.StandardEngine - Starting Servlet engine: [Apache Tomcat/10.1.34]
2026-08-25 10:24:42.727 [main] [] INFO  o.a.c.c.C.[Tomcat].[localhost].[/] - Initializing Spring embedded WebApplicationContext
2026-08-25 10:24:42.727 [main] [] INFO  o.s.b.w.s.c.ServletWebServerApplicationContext - Root WebApplicationContext: initialization completed in 842 ms
2026-08-25 10:24:42.764 [main] [] DEBUG c.e.sri_files.config.RateLimitFilter - Filter 'rateLimitFilter' configured for use
2026-08-25 10:24:42.765 [main] [] DEBUG c.e.sri_files.config.RequestIdFilter - Filter 'requestIdFilter' configured for use
2026-08-25 10:24:42.765 [main] [] DEBUG c.erp.sri_files.config.ApiKeyFilter - Filter 'apiKeyFilter' configured for use
2026-08-25 10:24:42.765 [main] [] DEBUG c.e.s.config.SecurityHeadersFilter - Filter 'securityHeadersFilter' configured for use
2026-08-25 10:24:42.996 [main] [] INFO  o.s.o.j.p.SpringPersistenceUnitInfo - No LoadTimeWeaver setup: ignoring JPA class transformer
2026-08-25 10:24:43.010 [main] [] INFO  com.zaxxer.hikari.HikariDataSource - HikariPool-1 - Starting...
2026-08-25 10:24:43.090 [main] [] INFO  com.zaxxer.hikari.pool.HikariPool - HikariPool-1 - Added connection org.postgresql.jdbc.PgConnection@6ab826bb
2026-08-25 10:24:43.091 [main] [] INFO  com.zaxxer.hikari.HikariDataSource - HikariPool-1 - Start completed.
2026-08-25 10:24:43.115 [main] [] WARN  org.hibernate.orm.deprecation - HHH90000025: PostgreSQLDialect does not need to be specified explicitly using 'hibernate.dialect' (remove the property setting and it will be selected by default)
2026-08-25 10:24:43.728 [main] [] INFO  o.s.o.j.LocalContainerEntityManagerFactoryBean - Initialized JPA EntityManagerFactory for persistence unit 'default'
2026-08-25 10:24:43.839 [main] [] INFO  o.s.d.j.r.query.QueryEnhancerFactory - Hibernate is in classpath; If applicable, HQL parser will be used.
2026-08-25 10:24:44.760 [main] [] WARN  o.s.b.a.t.ThymeleafAutoConfiguration$DefaultTemplateResolverConfiguration - Cannot find template location: classpath:/templates/ (please add some templates, check your Thymeleaf configuration, or set spring.thymeleaf.check-template-location=false)
2026-08-25 10:24:44.864 [main] [] WARN  o.s.b.a.o.j.JpaBaseConfiguration$JpaWebConfiguration - spring.jpa.open-in-view is enabled by default. Therefore, database queries may be performed during view rendering. Explicitly configure spring.jpa.open-in-view to disable this warning
2026-08-25 10:24:46.085 [main] [] INFO  o.s.cloud.commons.util.InetUtils - Cannot determine local hostname
2026-08-25 10:24:46.091 [main] [] INFO  o.s.c.n.e.c.DiscoveryClientOptionalArgsConfiguration - Eureka HTTP Client uses RestTemplate.
2026-08-25 10:24:46.111 [main] [] WARN  o.s.c.l.c.LoadBalancerCacheAutoConfiguration$LoadBalancerCaffeineWarnLogger - Spring Cloud LoadBalancer is currently working with the default cache. While this cache implementation is useful for development and tests, it's recommended to use Caffeine cache in production.You can switch to using Caffeine cache, by adding it and org.springframework.cache.caffeine.CaffeineCacheManager to the classpath.
2026-08-25 10:24:46.121 [main] [] INFO  o.a.coyote.http11.Http11NioProtocol - Starting ProtocolHandler ["http-nio-9096"]
2026-08-25 10:24:46.129 [main] [] INFO  o.s.b.w.e.tomcat.TomcatWebServer - Tomcat started on port 9096 (http) with context path '/'
2026-08-25 10:24:47.139 [main] [] INFO  o.s.cloud.commons.util.InetUtils - Cannot determine local hostname
2026-08-25 10:24:47.149 [main] [] INFO  c.erp.sri_files.SriFilesApplication - Started SriFilesApplication in 15.287 seconds (process running for 15.724)
2026-08-25 10:25:00.009 [sri-files-scheduler-2] [] INFO  c.e.s.s.NuevoDocumentoScheduler - [SCHEDULER][V1] INICIO envío pendientes @ 2026-08-25T10:25:00.009316900
2026-08-25 10:25:00.013 [sri-files-scheduler-4] [] INFO  c.e.s.services.EnvioSriBatchService - [SCHEDULER][sri-files-scheduler-4] INICIO automatizacionEnvioFacturasElectonicas @ 2026-08-25T10:25:00.013826400
2026-08-25 10:25:00.013 [sri-files-scheduler-4] [] INFO  c.e.s.services.EnvioSriBatchService - Ejecutando envio de facturas at=2026-08-25T10:25:00.013826400
2026-08-25 10:25:00.071 [sri-files-scheduler-2] [] INFO  c.e.s.s.NuevoDocumentoScheduler - [SCHEDULER][V1] FIN envío | detectados=0 | exitosos=0 | fallidos=0 | duracionMs=62
2026-08-25 10:25:00.107 [sri-files-scheduler-1] [] INFO  c.e.s.batch.BatchJobScheduler - Batch automático ejecutado: tipo=REINTENTAR_FALLIDOS uuid=e81ec69c-67f5-4166-96d3-f2573b53b49c
2026-08-25 10:25:00.116 [task-1] [e81ec69c-67f5-4166-96d3-f2573b53b49c] INFO  c.e.s.batch.BatchProcessorService - Iniciando batch job e81ec69c-67f5-4166-96d3-f2573b53b49c tipo=REINTENTAR_FALLIDOS [batchJob=e81ec69c-67f5-4166-96d3-f2573b53b49c]
2026-08-25 10:25:00.125 [task-1] [e81ec69c-67f5-4166-96d3-f2573b53b49c] INFO  c.e.s.batch.BatchProcessorService - Documentos encontrados: 0 [batchJob=e81ec69c-67f5-4166-96d3-f2573b53b49c]
2026-08-25 10:25:00.126 [task-1] [e81ec69c-67f5-4166-96d3-f2573b53b49c] INFO  c.e.s.batch.BatchProcessorService - Batch job e81ec69c-67f5-4166-96d3-f2573b53b49c completado: Procesados: 0, Exitosos: 0, Fallidos: 0 [batchJob=e81ec69c-67f5-4166-96d3-f2573b53b49c]
2026-08-25 10:25:01.487 [sri-files-scheduler-4] [] INFO  c.e.s.services.EnvioSriBatchService - No hay facturas pendientes estado=I
2026-08-25 10:25:01.487 [sri-files-scheduler-4] [] INFO  c.e.s.services.EnvioSriBatchService - [SCHEDULER][sri-files-scheduler-4] FIN automatizacionEnvioFacturasElectonicas | detectados=0 | exitosas=0 | fallidas=0 | duracionMs=1474
2026-08-25 10:25:41.055 [http-nio-9096-exec-1] [] INFO  o.a.c.c.C.[Tomcat].[localhost].[/] - Initializing Spring DispatcherServlet 'dispatcherServlet'
2026-08-25 10:25:41.055 [http-nio-9096-exec-1] [] INFO  o.s.web.servlet.DispatcherServlet - Initializing Servlet 'dispatcherServlet'
2026-08-25 10:25:41.056 [http-nio-9096-exec-1] [] INFO  o.s.web.servlet.DispatcherServlet - Completed initialization in 0 ms
2026-08-25 10:25:41.569 [http-nio-9096-exec-10] [cc336c66-a375-425d-b404-90a516b02da6] INFO  o.s.api.AbstractOpenApiResource - Init duration for springdoc-openapi is: 349 ms
2026-08-25 10:26:00.003 [sri-files-scheduler-2] [] INFO  c.e.s.s.NuevoDocumentoScheduler - [SCHEDULER][V1] INICIO envío pendientes @ 2026-08-25T10:26:00.003991100
2026-08-25 10:26:00.003 [sri-files-scheduler-3] [] INFO  c.e.s.services.EnvioSriBatchService - [SCHEDULER][sri-files-scheduler-3] INICIO automatizacionEnvioFacturasElectonicas @ 2026-08-25T10:26:00.003991100
2026-08-25 10:26:00.003 [sri-files-scheduler-3] [] INFO  c.e.s.services.EnvioSriBatchService - Ejecutando envio de facturas at=2026-08-25T10:26:00.003991100
2026-08-25 10:26:00.005 [sri-files-scheduler-2] [] INFO  c.e.s.s.NuevoDocumentoScheduler - [SCHEDULER][V1] FIN envío | detectados=0 | exitosos=0 | fallidos=0 | duracionMs=2
2026-08-25 10:26:00.009 [sri-files-scheduler-1] [] INFO  c.e.s.batch.BatchJobScheduler - Batch automático ejecutado: tipo=ENVIAR_SRI uuid=2a8d511c-2cd6-4dbf-b4ab-71ef3bc6c93c
2026-08-25 10:26:00.015 [task-2] [2a8d511c-2cd6-4dbf-b4ab-71ef3bc6c93c] INFO  c.e.s.batch.BatchProcessorService - Iniciando batch job 2a8d511c-2cd6-4dbf-b4ab-71ef3bc6c93c tipo=ENVIAR_SRI [batchJob=2a8d511c-2cd6-4dbf-b4ab-71ef3bc6c93c]
2026-08-25 10:26:00.021 [task-2] [2a8d511c-2cd6-4dbf-b4ab-71ef3bc6c93c] INFO  c.e.s.batch.BatchProcessorService - Documentos encontrados: 0 [batchJob=2a8d511c-2cd6-4dbf-b4ab-71ef3bc6c93c]
2026-08-25 10:26:00.021 [task-2] [2a8d511c-2cd6-4dbf-b4ab-71ef3bc6c93c] INFO  c.e.s.batch.BatchProcessorService - Batch job 2a8d511c-2cd6-4dbf-b4ab-71ef3bc6c93c completado: Procesados: 0, Exitosos: 0, Fallidos: 0 [batchJob=2a8d511c-2cd6-4dbf-b4ab-71ef3bc6c93c]
2026-08-25 10:26:01.384 [sri-files-scheduler-3] [] INFO  c.e.s.services.EnvioSriBatchService - No hay facturas pendientes estado=I
2026-08-25 10:26:01.384 [sri-files-scheduler-3] [] INFO  c.e.s.services.EnvioSriBatchService - [SCHEDULER][sri-files-scheduler-3] FIN automatizacionEnvioFacturasElectonicas | detectados=0 | exitosas=0 | fallidas=0 | duracionMs=1381
2026-08-25 10:26:02.468 [http-nio-9096-exec-9] [3330c5a8-7766-4783-964c-c3ba01905c8d] INFO  c.e.s.c.AutorizacionController - XML no encontrado en BD, consultando SRI...
2026-08-25 10:26:02.929 [http-nio-9096-exec-9] [3330c5a8-7766-4783-964c-c3ba01905c8d] ERROR c.e.s.c.AutorizacionController - Error obteniendo XML autorizado
jakarta.xml.ws.WebServiceException: javax.net.ssl.SSLHandshakeException: No subject alternative names matching IP address 181.113.227.222 found
	at com.sun.xml.ws.transport.http.client.HttpClientTransport.readResponseCodeAndMessage(HttpClientTransport.java:181)
	at com.sun.xml.ws.transport.http.client.HttpTransportPipe.createResponsePacket(HttpTransportPipe.java:227)
	at com.sun.xml.ws.transport.http.client.HttpTransportPipe.process(HttpTransportPipe.java:218)
	at com.sun.xml.ws.transport.http.client.HttpTransportPipe.processRequest(HttpTransportPipe.java:131)
	at com.sun.xml.ws.transport.DeferredTransportPipe.processRequest(DeferredTransportPipe.java:111)
	at com.sun.xml.ws.api.pipe.Fiber.__doRun(Fiber.java:1106)
	at com.sun.xml.ws.api.pipe.Fiber._doRun(Fiber.java:1020)
	at com.sun.xml.ws.api.pipe.Fiber.doRun(Fiber.java:989)
	at com.sun.xml.ws.api.pipe.Fiber.runSync(Fiber.java:847)
	at com.sun.xml.ws.client.Stub.process(Stub.java:431)
	at com.sun.xml.ws.client.sei.SEIStub.doProcess(SEIStub.java:160)
	at com.sun.xml.ws.client.sei.SyncMethodHandler.invoke(SyncMethodHandler.java:78)
	at com.sun.xml.ws.client.sei.SyncMethodHandler.invoke(SyncMethodHandler.java:62)
	at com.sun.xml.ws.client.sei.SEIStub.invoke(SEIStub.java:132)
	at jdk.proxy2/jdk.proxy2.$Proxy225.autorizacionComprobante(Unknown Source)
	at com.erp.sri_files.services.SendXmlToSriService.consultarAutorizacion(SendXmlToSriService.java:196)
	at com.erp.sri_files.services.SendXmlToSriService.consultarAutorizacion(SendXmlToSriService.java:180)
	at com.erp.sri_files.controllers.AutorizacionController.obtenerXmlAutorizado(AutorizacionController.java:207)
	at java.base/jdk.internal.reflect.DirectMethodHandleAccessor.invoke(DirectMethodHandleAccessor.java:103)
	at java.base/java.lang.reflect.Method.invoke(Method.java:580)
	at org.springframework.web.method.support.InvocableHandlerMethod.doInvoke(InvocableHandlerMethod.java:257)
	at org.springframework.web.method.support.InvocableHandlerMethod.invokeForRequest(InvocableHandlerMethod.java:190)
	at org.springframework.web.servlet.mvc.method.annotation.ServletInvocableHandlerMethod.invokeAndHandle(ServletInvocableHandlerMethod.java:118)
	at org.springframework.web.servlet.mvc.method.annotation.RequestMappingHandlerAdapter.invokeHandlerMethod(RequestMappingHandlerAdapter.java:986)
	at org.springframework.web.servlet.mvc.method.annotation.RequestMappingHandlerAdapter.handleInternal(RequestMappingHandlerAdapter.java:891)
	at org.springframework.web.servlet.mvc.method.AbstractHandlerMethodAdapter.handle(AbstractHandlerMethodAdapter.java:87)
	at org.springframework.web.servlet.DispatcherServlet.doDispatch(DispatcherServlet.java:1088)
	at org.springframework.web.servlet.DispatcherServlet.doService(DispatcherServlet.java:978)
	at org.springframework.web.servlet.FrameworkServlet.processRequest(FrameworkServlet.java:1014)
	at org.springframework.web.servlet.FrameworkServlet.doGet(FrameworkServlet.java:903)
	at jakarta.servlet.http.HttpServlet.service(HttpServlet.java:564)
	at org.springframework.web.servlet.FrameworkServlet.service(FrameworkServlet.java:885)
	at jakarta.servlet.http.HttpServlet.service(HttpServlet.java:658)
	at org.apache.catalina.core.ApplicationFilterChain.internalDoFilter(ApplicationFilterChain.java:195)
	at org.apache.catalina.core.ApplicationFilterChain.doFilter(ApplicationFilterChain.java:140)
	at org.apache.tomcat.websocket.server.WsFilter.doFilter(WsFilter.java:51)
	at org.apache.catalina.core.ApplicationFilterChain.internalDoFilter(ApplicationFilterChain.java:164)
	at org.apache.catalina.core.ApplicationFilterChain.doFilter(ApplicationFilterChain.java:140)
	at org.springframework.web.filter.CorsFilter.doFilterInternal(CorsFilter.java:91)
	at org.springframework.web.filter.OncePerRequestFilter.doFilter(OncePerRequestFilter.java:116)
	at org.apache.catalina.core.ApplicationFilterChain.internalDoFilter(ApplicationFilterChain.java:164)
	at org.apache.catalina.core.ApplicationFilterChain.doFilter(ApplicationFilterChain.java:140)
	at org.springframework.web.servlet.resource.ResourceUrlEncodingFilter.doFilter(ResourceUrlEncodingFilter.java:66)
	at org.apache.catalina.core.ApplicationFilterChain.internalDoFilter(ApplicationFilterChain.java:164)
	at org.apache.catalina.core.ApplicationFilterChain.doFilter(ApplicationFilterChain.java:140)
	at org.springframework.web.filter.RequestContextFilter.doFilterInternal(RequestContextFilter.java:100)
	at org.springframework.web.filter.OncePerRequestFilter.doFilter(OncePerRequestFilter.java:116)
	at org.apache.catalina.core.ApplicationFilterChain.internalDoFilter(ApplicationFilterChain.java:164)
	at org.apache.catalina.core.ApplicationFilterChain.doFilter(ApplicationFilterChain.java:140)
	at org.springframework.web.filter.FormContentFilter.doFilterInternal(FormContentFilter.java:93)
	at org.springframework.web.filter.OncePerRequestFilter.doFilter(OncePerRequestFilter.java:116)
	at org.apache.catalina.core.ApplicationFilterChain.internalDoFilter(ApplicationFilterChain.java:164)
	at org.apache.catalina.core.ApplicationFilterChain.doFilter(ApplicationFilterChain.java:140)
	at com.erp.sri_files.config.ApiKeyFilter.doFilterInternal(ApiKeyFilter.java:45)
	at org.springframework.web.filter.OncePerRequestFilter.doFilter(OncePerRequestFilter.java:116)
	at org.apache.catalina.core.ApplicationFilterChain.internalDoFilter(ApplicationFilterChain.java:164)
	at org.apache.catalina.core.ApplicationFilterChain.doFilter(ApplicationFilterChain.java:140)
	at com.erp.sri_files.config.SecurityHeadersFilter.doFilterInternal(SecurityHeadersFilter.java:63)
	at org.springframework.web.filter.OncePerRequestFilter.doFilter(OncePerRequestFilter.java:116)
	at org.apache.catalina.core.ApplicationFilterChain.internalDoFilter(ApplicationFilterChain.java:164)
	at org.apache.catalina.core.ApplicationFilterChain.doFilter(ApplicationFilterChain.java:140)
	at org.springframework.web.filter.CharacterEncodingFilter.doFilterInternal(CharacterEncodingFilter.java:201)
	at org.springframework.web.filter.OncePerRequestFilter.doFilter(OncePerRequestFilter.java:116)
	at org.apache.catalina.core.ApplicationFilterChain.internalDoFilter(ApplicationFilterChain.java:164)
	at org.apache.catalina.core.ApplicationFilterChain.doFilter(ApplicationFilterChain.java:140)
	at com.erp.sri_files.config.RequestIdFilter.doFilterInternal(RequestIdFilter.java:37)
	at org.springframework.web.filter.OncePerRequestFilter.doFilter(OncePerRequestFilter.java:116)
	at org.apache.catalina.core.ApplicationFilterChain.internalDoFilter(ApplicationFilterChain.java:164)
	at org.apache.catalina.core.ApplicationFilterChain.doFilter(ApplicationFilterChain.java:140)
	at com.erp.sri_files.config.RateLimitFilter.doFilterInternal(RateLimitFilter.java:91)
	at org.springframework.web.filter.OncePerRequestFilter.doFilter(OncePerRequestFilter.java:116)
	at org.apache.catalina.core.ApplicationFilterChain.internalDoFilter(ApplicationFilterChain.java:164)
	at org.apache.catalina.core.ApplicationFilterChain.doFilter(ApplicationFilterChain.java:140)
	at org.apache.catalina.core.StandardWrapperValve.invoke(StandardWrapperValve.java:167)
	at org.apache.catalina.core.StandardContextValve.invoke(StandardContextValve.java:90)
	at org.apache.catalina.authenticator.AuthenticatorBase.invoke(AuthenticatorBase.java:483)
	at org.apache.catalina.core.StandardHostValve.invoke(StandardHostValve.java:115)
	at org.apache.catalina.valves.ErrorReportValve.invoke(ErrorReportValve.java:93)
	at org.apache.catalina.core.StandardEngineValve.invoke(StandardEngineValve.java:74)
	at org.apache.catalina.connector.CoyoteAdapter.service(CoyoteAdapter.java:344)
	at org.apache.coyote.http11.Http11Processor.service(Http11Processor.java:397)
	at org.apache.coyote.AbstractProcessorLight.process(AbstractProcessorLight.java:63)
	at org.apache.coyote.AbstractProtocol$ConnectionHandler.process(AbstractProtocol.java:905)
	at org.apache.tomcat.util.net.NioEndpoint$SocketProcessor.doRun(NioEndpoint.java:1741)
	at org.apache.tomcat.util.net.SocketProcessorBase.run(SocketProcessorBase.java:52)
	at org.apache.tomcat.util.threads.ThreadPoolExecutor.runWorker(ThreadPoolExecutor.java:1190)
	at org.apache.tomcat.util.threads.ThreadPoolExecutor$Worker.run(ThreadPoolExecutor.java:659)
	at org.apache.tomcat.util.threads.TaskThread$WrappingRunnable.run(TaskThread.java:63)
	at java.base/java.lang.Thread.run(Thread.java:1583)
Caused by: javax.net.ssl.SSLHandshakeException: No subject alternative names matching IP address 181.113.227.222 found
	at java.base/sun.security.ssl.Alert.createSSLException(Alert.java:130)
	at java.base/sun.security.ssl.TransportContext.fatal(TransportContext.java:383)
	at java.base/sun.security.ssl.TransportContext.fatal(TransportContext.java:326)
	at java.base/sun.security.ssl.TransportContext.fatal(TransportContext.java:321)
	at java.base/sun.security.ssl.CertificateMessage$T12CertificateConsumer.checkServerCerts(CertificateMessage.java:647)
	at java.base/sun.security.ssl.CertificateMessage$T12CertificateConsumer.onCertificate(CertificateMessage.java:467)
	at java.base/sun.security.ssl.CertificateMessage$T12CertificateConsumer.consume(CertificateMessage.java:363)
	at java.base/sun.security.ssl.SSLHandshake.consume(SSLHandshake.java:393)
	at java.base/sun.security.ssl.HandshakeContext.dispatch(HandshakeContext.java:477)
	at java.base/sun.security.ssl.HandshakeContext.dispatch(HandshakeContext.java:448)
	at java.base/sun.security.ssl.TransportContext.dispatch(TransportContext.java:206)
	at java.base/sun.security.ssl.SSLTransport.decode(SSLTransport.java:172)
	at java.base/sun.security.ssl.SSLSocketImpl.decode(SSLSocketImpl.java:1506)
	at java.base/sun.security.ssl.SSLSocketImpl.readHandshakeRecord(SSLSocketImpl.java:1421)
	at java.base/sun.security.ssl.SSLSocketImpl.startHandshake(SSLSocketImpl.java:455)
	at java.base/sun.security.ssl.SSLSocketImpl.startHandshake(SSLSocketImpl.java:426)
	at java.base/sun.net.www.protocol.https.HttpsClient.afterConnect(HttpsClient.java:586)
	at java.base/sun.net.www.protocol.https.AbstractDelegateHttpsURLConnection.connect(AbstractDelegateHttpsURLConnection.java:187)
	at java.base/sun.net.www.protocol.http.HttpURLConnection.followRedirect0(HttpURLConnection.java:2914)
	at java.base/sun.net.www.protocol.http.HttpURLConnection.followRedirect(HttpURLConnection.java:2834)
	at java.base/sun.net.www.protocol.http.HttpURLConnection.getInputStream0(HttpURLConnection.java:1945)
	at java.base/sun.net.www.protocol.http.HttpURLConnection.getInputStream(HttpURLConnection.java:1615)
	at java.base/java.net.HttpURLConnection.getResponseCode(HttpURLConnection.java:531)
	at java.base/sun.net.www.protocol.https.HttpsURLConnectionImpl.getResponseCode(HttpsURLConnectionImpl.java:307)
	at com.sun.xml.ws.transport.http.client.HttpClientTransport.readResponseCodeAndMessage(HttpClientTransport.java:177)
	... 88 common frames omitted
Caused by: java.security.cert.CertificateException: No subject alternative names matching IP address 181.113.227.222 found
	at java.base/sun.security.util.HostnameChecker.matchIP(HostnameChecker.java:160)
	at java.base/sun.security.util.HostnameChecker.match(HostnameChecker.java:101)
	at java.base/sun.security.ssl.X509TrustManagerImpl.checkIdentity(X509TrustManagerImpl.java:466)
	at java.base/sun.security.ssl.X509TrustManagerImpl.checkIdentity(X509TrustManagerImpl.java:432)
	at java.base/sun.security.ssl.X509TrustManagerImpl.checkTrusted(X509TrustManagerImpl.java:237)
	at java.base/sun.security.ssl.X509TrustManagerImpl.checkServerTrusted(X509TrustManagerImpl.java:132)
	at java.base/sun.security.ssl.CertificateMessage$T12CertificateConsumer.checkServerCerts(CertificateMessage.java:631)
	... 108 common frames omitted
2026-08-25 10:26:40.722 [http-nio-9096-exec-1] [1d494f06-2fa0-4aef-9808-e7094abb5c93] INFO  c.e.s.c.AutorizacionController - XML no encontrado en BD, consultando SRI...
2026-08-25 10:27:00.001 [sri-files-scheduler-1] [] INFO  c.e.s.s.NuevoDocumentoScheduler - [SCHEDULER][V1] INICIO envío pendientes @ 2026-08-25T10:27:00.001967600
2026-08-25 10:27:00.003 [sri-files-scheduler-3] [] INFO  c.e.s.services.EnvioSriBatchService - [SCHEDULER][sri-files-scheduler-3] INICIO automatizacionEnvioFacturasElectonicas @ 2026-08-25T10:27:00.003297700
2026-08-25 10:27:00.003 [sri-files-scheduler-3] [] INFO  c.e.s.services.EnvioSriBatchService - Ejecutando envio de facturas at=2026-08-25T10:27:00.003297700
2026-08-25 10:27:00.012 [sri-files-scheduler-1] [] INFO  c.e.s.s.NuevoDocumentoScheduler - [SCHEDULER][V1] FIN envío | detectados=0 | exitosos=0 | fallidos=0 | duracionMs=11
2026-08-25 10:27:00.022 [sri-files-scheduler-2] [] INFO  c.e.s.batch.BatchJobScheduler - Batch automático ejecutado: tipo=CONSULTAR_AUTORIZACION uuid=3877b7d1-33e8-4433-8d62-9c195c12a60e
2026-08-25 10:27:00.023 [task-3] [3877b7d1-33e8-4433-8d62-9c195c12a60e] INFO  c.e.s.batch.BatchProcessorService - Iniciando batch job 3877b7d1-33e8-4433-8d62-9c195c12a60e tipo=CONSULTAR_AUTORIZACION [batchJob=3877b7d1-33e8-4433-8d62-9c195c12a60e]
2026-08-25 10:27:00.025 [task-3] [3877b7d1-33e8-4433-8d62-9c195c12a60e] INFO  c.e.s.batch.BatchProcessorService - Documentos encontrados: 0 [batchJob=3877b7d1-33e8-4433-8d62-9c195c12a60e]
2026-08-25 10:27:00.025 [task-3] [3877b7d1-33e8-4433-8d62-9c195c12a60e] INFO  c.e.s.batch.BatchProcessorService - Batch job 3877b7d1-33e8-4433-8d62-9c195c12a60e completado: Procesados: 0, Exitosos: 0, Fallidos: 0 [batchJob=3877b7d1-33e8-4433-8d62-9c195c12a60e]
2026-08-25 10:27:01.263 [sri-files-scheduler-3] [] INFO  c.e.s.services.EnvioSriBatchService - No hay facturas pendientes estado=I
2026-08-25 10:27:01.263 [sri-files-scheduler-3] [] INFO  c.e.s.services.EnvioSriBatchService - [SCHEDULER][sri-files-scheduler-3] FIN automatizacionEnvioFacturasElectonicas | detectados=0 | exitosas=0 | fallidas=0 | duracionMs=1260
2026-08-25 10:27:29.841 [http-nio-9096-exec-8] [572aac53-4bb9-4338-b346-c761e84a9236] INFO  c.e.s.c.AutorizacionController - XML no encontrado en BD, consultando SRI...
2026-08-25 10:27:30.008 [sri-files-scheduler-4] [] INFO  c.e.s.s.NuevoDocumentoScheduler - [SCHEDULER][V1] INICIO recuperación autorizaciones @ 2026-08-25T10:27:30.008502400
2026-08-25 10:27:30.008 [sri-files-scheduler-1] [] INFO  c.e.s.services.EnvioSriBatchService - [SCHEDULER][sri-files-scheduler-1] INICIO automatizacionConsultarXml @ 2026-08-25T10:27:30.008502400
2026-08-25 10:27:30.008 [sri-files-scheduler-1] [] INFO  c.e.s.services.EnvioSriBatchService - Iniciando consulta de XML pendientes
2026-08-25 10:27:30.011 [sri-files-scheduler-4] [] INFO  c.e.s.s.NuevoDocumentoScheduler - [SCHEDULER][V1] FIN recuperación | detectados=0 | autorizados=0 | pendientes=0 | duracionMs=3
2026-08-25 10:28:00.011 [sri-files-scheduler-4] [] INFO  c.e.s.s.NuevoDocumentoScheduler - [SCHEDULER][V1] INICIO envío pendientes @ 2026-08-25T10:28:00.011405500
2026-08-25 10:28:00.011 [sri-files-scheduler-3] [] INFO  c.e.s.services.EnvioSriBatchService - [SCHEDULER][sri-files-scheduler-3] INICIO automatizacionEnvioFacturasElectonicas @ 2026-08-25T10:28:00.011405500
2026-08-25 10:28:00.011 [sri-files-scheduler-3] [] INFO  c.e.s.services.EnvioSriBatchService - Ejecutando envio de facturas at=2026-08-25T10:28:00.011405500
2026-08-25 10:28:00.012 [sri-files-scheduler-4] [] INFO  c.e.s.s.NuevoDocumentoScheduler - [SCHEDULER][V1] FIN envío | detectados=0 | exitosos=0 | fallidos=0 | duracionMs=1
2026-08-25 10:28:00.016 [sri-files-scheduler-2] [] INFO  c.e.s.batch.BatchJobScheduler - Batch automático ejecutado: tipo=ENVIAR_CORREO uuid=b33731f1-56b6-456d-a7a1-46d5bfc127e6
2026-08-25 10:28:00.017 [sri-files-scheduler-4] [] INFO  c.e.s.batch.BatchJobScheduler - Batch automático ejecutado: tipo=ENVIAR_SRI uuid=c113812c-c44f-45da-9b29-3f79ba7ddd4d
2026-08-25 10:28:00.018 [task-4] [b33731f1-56b6-456d-a7a1-46d5bfc127e6] INFO  c.e.s.batch.BatchProcessorService - Iniciando batch job b33731f1-56b6-456d-a7a1-46d5bfc127e6 tipo=ENVIAR_CORREO [batchJob=b33731f1-56b6-456d-a7a1-46d5bfc127e6]
2026-08-25 10:28:00.018 [task-5] [c113812c-c44f-45da-9b29-3f79ba7ddd4d] INFO  c.e.s.batch.BatchProcessorService - Iniciando batch job c113812c-c44f-45da-9b29-3f79ba7ddd4d tipo=ENVIAR_SRI [batchJob=c113812c-c44f-45da-9b29-3f79ba7ddd4d]
2026-08-25 10:28:00.020 [task-4] [b33731f1-56b6-456d-a7a1-46d5bfc127e6] INFO  c.e.s.batch.BatchProcessorService - Documentos encontrados: 0 [batchJob=b33731f1-56b6-456d-a7a1-46d5bfc127e6]
2026-08-25 10:28:00.021 [task-5] [c113812c-c44f-45da-9b29-3f79ba7ddd4d] INFO  c.e.s.batch.BatchProcessorService - Documentos encontrados: 0 [batchJob=c113812c-c44f-45da-9b29-3f79ba7ddd4d]
2026-08-25 10:28:00.021 [task-4] [b33731f1-56b6-456d-a7a1-46d5bfc127e6] INFO  c.e.s.batch.BatchProcessorService - Batch job b33731f1-56b6-456d-a7a1-46d5bfc127e6 completado: Procesados: 0, Exitosos: 0, Fallidos: 0 [batchJob=b33731f1-56b6-456d-a7a1-46d5bfc127e6]
2026-08-25 10:28:00.021 [task-5] [c113812c-c44f-45da-9b29-3f79ba7ddd4d] INFO  c.e.s.batch.BatchProcessorService - Batch job c113812c-c44f-45da-9b29-3f79ba7ddd4d completado: Procesados: 0, Exitosos: 0, Fallidos: 0 [batchJob=c113812c-c44f-45da-9b29-3f79ba7ddd4d]
2026-08-25 10:28:01.290 [sri-files-scheduler-3] [] INFO  c.e.s.services.EnvioSriBatchService - No hay facturas pendientes estado=I
2026-08-25 10:28:01.290 [sri-files-scheduler-3] [] INFO  c.e.s.services.EnvioSriBatchService - [SCHEDULER][sri-files-scheduler-3] FIN automatizacionEnvioFacturasElectonicas | detectados=0 | exitosas=0 | fallidas=0 | duracionMs=1279
2026-08-25 10:29:00.013 [sri-files-scheduler-2] [] INFO  c.e.s.s.NuevoDocumentoScheduler - [SCHEDULER][V1] INICIO envío pendientes @ 2026-08-25T10:29:00.013937500
2026-08-25 10:29:00.013 [sri-files-scheduler-4] [] INFO  c.e.s.services.EnvioSriBatchService - [SCHEDULER][sri-files-scheduler-4] INICIO automatizacionEnvioFacturasElectonicas @ 2026-08-25T10:29:00.013937500
2026-08-25 10:29:00.013 [sri-files-scheduler-4] [] INFO  c.e.s.services.EnvioSriBatchService - Ejecutando envio de facturas at=2026-08-25T10:29:00.013937500
2026-08-25 10:29:00.015 [sri-files-scheduler-2] [] INFO  c.e.s.s.NuevoDocumentoScheduler - [SCHEDULER][V1] FIN envío | detectados=0 | exitosos=0 | fallidos=0 | duracionMs=2
2026-08-25 10:29:01.291 [sri-files-scheduler-4] [] INFO  c.e.s.services.EnvioSriBatchService - No hay facturas pendientes estado=I
2026-08-25 10:29:01.291 [sri-files-scheduler-4] [] INFO  c.e.s.services.EnvioSriBatchService - [SCHEDULER][sri-files-scheduler-4] FIN automatizacionEnvioFacturasElectonicas | detectados=0 | exitosas=0 | fallidas=0 | duracionMs=1278
2026-08-25 10:30:00.013 [sri-files-scheduler-3] [] INFO  c.e.s.s.NuevoDocumentoScheduler - [SCHEDULER][V1] INICIO envío pendientes @ 2026-08-25T10:30:00.013570100
2026-08-25 10:30:00.013 [sri-files-scheduler-2] [] INFO  c.e.s.services.EnvioSriBatchService - [SCHEDULER][sri-files-scheduler-2] INICIO automatizacionEnvioFacturasElectonicas @ 2026-08-25T10:30:00.013570100
2026-08-25 10:30:00.013 [sri-files-scheduler-2] [] INFO  c.e.s.services.EnvioSriBatchService - Ejecutando envio de facturas at=2026-08-25T10:30:00.013570100
2026-08-25 10:30:00.015 [sri-files-scheduler-3] [] INFO  c.e.s.s.NuevoDocumentoScheduler - [SCHEDULER][V1] FIN envío | detectados=0 | exitosos=0 | fallidos=0 | duracionMs=2
2026-08-25 10:30:00.020 [sri-files-scheduler-4] [] INFO  c.e.s.batch.BatchJobScheduler - Batch automático ejecutado: tipo=CONSULTAR_AUTORIZACION uuid=011604a4-9fc2-46f9-9eb1-8d30f128c535
2026-08-25 10:30:00.020 [sri-files-scheduler-3] [] INFO  c.e.s.batch.BatchJobScheduler - Batch automático ejecutado: tipo=REINTENTAR_FALLIDOS uuid=2a78347a-585c-492e-b610-78fb9f20ec79
2026-08-25 10:30:00.021 [task-6] [011604a4-9fc2-46f9-9eb1-8d30f128c535] INFO  c.e.s.batch.BatchProcessorService - Iniciando batch job 011604a4-9fc2-46f9-9eb1-8d30f128c535 tipo=CONSULTAR_AUTORIZACION [batchJob=011604a4-9fc2-46f9-9eb1-8d30f128c535]
2026-08-25 10:30:00.021 [task-7] [2a78347a-585c-492e-b610-78fb9f20ec79] INFO  c.e.s.batch.BatchProcessorService - Iniciando batch job 2a78347a-585c-492e-b610-78fb9f20ec79 tipo=REINTENTAR_FALLIDOS [batchJob=2a78347a-585c-492e-b610-78fb9f20ec79]
2026-08-25 10:30:00.024 [task-6] [011604a4-9fc2-46f9-9eb1-8d30f128c535] INFO  c.e.s.batch.BatchProcessorService - Documentos encontrados: 0 [batchJob=011604a4-9fc2-46f9-9eb1-8d30f128c535]
2026-08-25 10:30:00.024 [task-7] [2a78347a-585c-492e-b610-78fb9f20ec79] INFO  c.e.s.batch.BatchProcessorService - Documentos encontrados: 0 [batchJob=2a78347a-585c-492e-b610-78fb9f20ec79]
2026-08-25 10:30:00.024 [task-6] [011604a4-9fc2-46f9-9eb1-8d30f128c535] INFO  c.e.s.batch.BatchProcessorService - Batch job 011604a4-9fc2-46f9-9eb1-8d30f128c535 completado: Procesados: 0, Exitosos: 0, Fallidos: 0 [batchJob=011604a4-9fc2-46f9-9eb1-8d30f128c535]
2026-08-25 10:30:00.024 [task-7] [2a78347a-585c-492e-b610-78fb9f20ec79] INFO  c.e.s.batch.BatchProcessorService - Batch job 2a78347a-585c-492e-b610-78fb9f20ec79 completado: Procesados: 0, Exitosos: 0, Fallidos: 0 [batchJob=2a78347a-585c-492e-b610-78fb9f20ec79]
2026-08-25 10:30:00.037 [sri-files-scheduler-4] [] INFO  c.e.s.batch.BatchJobScheduler - Batch automático ejecutado: tipo=ENVIAR_SRI uuid=5e023db9-55a7-4693-b324-2bebb338788c
2026-08-25 10:30:00.040 [task-8] [5e023db9-55a7-4693-b324-2bebb338788c] INFO  c.e.s.batch.BatchProcessorService - Iniciando batch job 5e023db9-55a7-4693-b324-2bebb338788c tipo=ENVIAR_SRI [batchJob=5e023db9-55a7-4693-b324-2bebb338788c]
2026-08-25 10:30:00.043 [task-8] [5e023db9-55a7-4693-b324-2bebb338788c] INFO  c.e.s.batch.BatchProcessorService - Documentos encontrados: 0 [batchJob=5e023db9-55a7-4693-b324-2bebb338788c]
2026-08-25 10:30:00.043 [task-8] [5e023db9-55a7-4693-b324-2bebb338788c] INFO  c.e.s.batch.BatchProcessorService - Batch job 5e023db9-55a7-4693-b324-2bebb338788c completado: Procesados: 0, Exitosos: 0, Fallidos: 0 [batchJob=5e023db9-55a7-4693-b324-2bebb338788c]
2026-08-25 10:30:01.399 [sri-files-scheduler-2] [] INFO  c.e.s.services.EnvioSriBatchService - No hay facturas pendientes estado=I
2026-08-25 10:30:01.399 [sri-files-scheduler-2] [] INFO  c.e.s.services.EnvioSriBatchService - [SCHEDULER][sri-files-scheduler-2] FIN automatizacionEnvioFacturasElectonicas | detectados=0 | exitosas=0 | fallidas=0 | duracionMs=1386
2026-08-25 10:30:30.008 [sri-files-scheduler-3] [] INFO  c.e.s.s.NuevoDocumentoScheduler - [SCHEDULER][V1] INICIO recuperación autorizaciones @ 2026-08-25T10:30:30.008775
2026-08-25 10:30:30.011 [sri-files-scheduler-3] [] INFO  c.e.s.s.NuevoDocumentoScheduler - [SCHEDULER][V1] FIN recuperación | detectados=0 | autorizados=0 | pendientes=0 | duracionMs=3
2026-08-25 10:31:00.011 [sri-files-scheduler-2] [] INFO  c.e.s.s.NuevoDocumentoScheduler - [SCHEDULER][V1] INICIO envío pendientes @ 2026-08-25T10:31:00.011641500
2026-08-25 10:31:00.011 [sri-files-scheduler-4] [] INFO  c.e.s.services.EnvioSriBatchService - [SCHEDULER][sri-files-scheduler-4] INICIO automatizacionEnvioFacturasElectonicas @ 2026-08-25T10:31:00.011641500
2026-08-25 10:31:00.011 [sri-files-scheduler-4] [] INFO  c.e.s.services.EnvioSriBatchService - Ejecutando envio de facturas at=2026-08-25T10:31:00.011641500
2026-08-25 10:31:00.013 [sri-files-scheduler-2] [] INFO  c.e.s.s.NuevoDocumentoScheduler - [SCHEDULER][V1] FIN envío | detectados=0 | exitosos=0 | fallidos=0 | duracionMs=2
2026-08-25 10:31:01.375 [sri-files-scheduler-4] [] INFO  c.e.s.services.EnvioSriBatchService - No hay facturas pendientes estado=I
2026-08-25 10:31:01.375 [sri-files-scheduler-4] [] INFO  c.e.s.services.EnvioSriBatchService - [SCHEDULER][sri-files-scheduler-4] FIN automatizacionEnvioFacturasElectonicas | detectados=0 | exitosas=0 | fallidas=0 | duracionMs=1364
2026-08-25 10:32:00.007 [sri-files-scheduler-4] [] INFO  c.e.s.s.NuevoDocumentoScheduler - [SCHEDULER][V1] INICIO envío pendientes @ 2026-08-25T10:32:00.007923300
2026-08-25 10:32:00.012 [sri-files-scheduler-2] [] INFO  c.e.s.batch.BatchJobScheduler - Batch automático ejecutado: tipo=ENVIAR_SRI uuid=6a622fcb-e74e-4285-81aa-b0b21d6e98bc
2026-08-25 10:32:00.012 [sri-files-scheduler-2] [] INFO  c.e.s.services.EnvioSriBatchService - [SCHEDULER][sri-files-scheduler-2] INICIO automatizacionEnvioFacturasElectonicas @ 2026-08-25T10:32:00.012211400
2026-08-25 10:32:00.012 [sri-files-scheduler-2] [] INFO  c.e.s.services.EnvioSriBatchService - Ejecutando envio de facturas at=2026-08-25T10:32:00.012211400
2026-08-25 10:32:00.012 [sri-files-scheduler-3] [] INFO  c.e.s.batch.BatchJobScheduler - Batch automático ejecutado: tipo=ENVIAR_CORREO uuid=18a5cca6-d1bb-423c-943b-ffb70f386a80
2026-08-25 10:32:00.013 [sri-files-scheduler-4] [] INFO  c.e.s.s.NuevoDocumentoScheduler - [SCHEDULER][V1] FIN envío | detectados=0 | exitosos=0 | fallidos=0 | duracionMs=6
2026-08-25 10:32:00.013 [task-10] [18a5cca6-d1bb-423c-943b-ffb70f386a80] INFO  c.e.s.batch.BatchProcessorService - Iniciando batch job 18a5cca6-d1bb-423c-943b-ffb70f386a80 tipo=ENVIAR_CORREO [batchJob=18a5cca6-d1bb-423c-943b-ffb70f386a80]
2026-08-25 10:32:00.013 [task-9] [6a622fcb-e74e-4285-81aa-b0b21d6e98bc] INFO  c.e.s.batch.BatchProcessorService - Iniciando batch job 6a622fcb-e74e-4285-81aa-b0b21d6e98bc tipo=ENVIAR_SRI [batchJob=6a622fcb-e74e-4285-81aa-b0b21d6e98bc]
2026-08-25 10:32:00.014 [task-10] [18a5cca6-d1bb-423c-943b-ffb70f386a80] INFO  c.e.s.batch.BatchProcessorService - Documentos encontrados: 0 [batchJob=18a5cca6-d1bb-423c-943b-ffb70f386a80]
2026-08-25 10:32:00.014 [task-9] [6a622fcb-e74e-4285-81aa-b0b21d6e98bc] INFO  c.e.s.batch.BatchProcessorService - Documentos encontrados: 0 [batchJob=6a622fcb-e74e-4285-81aa-b0b21d6e98bc]
2026-08-25 10:32:00.015 [task-10] [18a5cca6-d1bb-423c-943b-ffb70f386a80] INFO  c.e.s.batch.BatchProcessorService - Batch job 18a5cca6-d1bb-423c-943b-ffb70f386a80 completado: Procesados: 0, Exitosos: 0, Fallidos: 0 [batchJob=18a5cca6-d1bb-423c-943b-ffb70f386a80]
2026-08-25 10:32:00.015 [task-9] [6a622fcb-e74e-4285-81aa-b0b21d6e98bc] INFO  c.e.s.batch.BatchProcessorService - Batch job 6a622fcb-e74e-4285-81aa-b0b21d6e98bc completado: Procesados: 0, Exitosos: 0, Fallidos: 0 [batchJob=6a622fcb-e74e-4285-81aa-b0b21d6e98bc]
2026-08-25 10:32:01.276 [sri-files-scheduler-2] [] INFO  c.e.s.services.EnvioSriBatchService - No hay facturas pendientes estado=I
2026-08-25 10:32:01.276 [sri-files-scheduler-2] [] INFO  c.e.s.services.EnvioSriBatchService - [SCHEDULER][sri-files-scheduler-2] FIN automatizacionEnvioFacturasElectonicas | detectados=0 | exitosas=0 | fallidas=0 | duracionMs=1264
2026-08-25 10:33:00.007 [sri-files-scheduler-3] [] INFO  c.e.s.s.NuevoDocumentoScheduler - [SCHEDULER][V1] INICIO envío pendientes @ 2026-08-25T10:33:00.007392100
2026-08-25 10:33:00.007 [sri-files-scheduler-4] [] INFO  c.e.s.services.EnvioSriBatchService - [SCHEDULER][sri-files-scheduler-4] INICIO automatizacionEnvioFacturasElectonicas @ 2026-08-25T10:33:00.007392100
2026-08-25 10:33:00.007 [sri-files-scheduler-4] [] INFO  c.e.s.services.EnvioSriBatchService - Ejecutando envio de facturas at=2026-08-25T10:33:00.007392100
2026-08-25 10:33:00.008 [sri-files-scheduler-3] [] INFO  c.e.s.s.NuevoDocumentoScheduler - [SCHEDULER][V1] FIN envío | detectados=0 | exitosos=0 | fallidos=0 | duracionMs=1
2026-08-25 10:33:00.012 [sri-files-scheduler-2] [] INFO  c.e.s.batch.BatchJobScheduler - Batch automático ejecutado: tipo=CONSULTAR_AUTORIZACION uuid=064b483c-711c-419a-887b-cb275bba635f
2026-08-25 10:33:00.014 [task-11] [064b483c-711c-419a-887b-cb275bba635f] INFO  c.e.s.batch.BatchProcessorService - Iniciando batch job 064b483c-711c-419a-887b-cb275bba635f tipo=CONSULTAR_AUTORIZACION [batchJob=064b483c-711c-419a-887b-cb275bba635f]
2026-08-25 10:33:00.016 [task-11] [064b483c-711c-419a-887b-cb275bba635f] INFO  c.e.s.batch.BatchProcessorService - Documentos encontrados: 0 [batchJob=064b483c-711c-419a-887b-cb275bba635f]
2026-08-25 10:33:00.016 [task-11] [064b483c-711c-419a-887b-cb275bba635f] INFO  c.e.s.batch.BatchProcessorService - Batch job 064b483c-711c-419a-887b-cb275bba635f completado: Procesados: 0, Exitosos: 0, Fallidos: 0 [batchJob=064b483c-711c-419a-887b-cb275bba635f]
2026-08-25 10:33:01.232 [sri-files-scheduler-4] [] INFO  c.e.s.services.EnvioSriBatchService - No hay facturas pendientes estado=I
2026-08-25 10:33:01.232 [sri-files-scheduler-4] [] INFO  c.e.s.services.EnvioSriBatchService - [SCHEDULER][sri-files-scheduler-4] FIN automatizacionEnvioFacturasElectonicas | detectados=0 | exitosas=0 | fallidas=0 | duracionMs=1225
2026-08-25 10:33:30.009 [sri-files-scheduler-3] [] INFO  c.e.s.s.NuevoDocumentoScheduler - [SCHEDULER][V1] INICIO recuperación autorizaciones @ 2026-08-25T10:33:30.009022700
2026-08-25 10:33:30.010 [sri-files-scheduler-3] [] INFO  c.e.s.s.NuevoDocumentoScheduler - [SCHEDULER][V1] FIN recuperación | detectados=0 | autorizados=0 | pendientes=0 | duracionMs=1
2026-08-25 10:33:46.835 [http-nio-9096-exec-9] [143c7c02-224a-426c-b6fb-2479c38ceca0] DEBUG o.s.jdbc.datasource.DataSourceUtils - Setting JDBC Connection [HikariProxyConnection@2073464781 wrapping org.postgresql.jdbc.PgConnection@6ab826bb] read-only
2026-08-25 10:33:46.982 [http-nio-9096-exec-9] [143c7c02-224a-426c-b6fb-2479c38ceca0] DEBUG o.s.jdbc.datasource.DataSourceUtils - Resetting read-only flag of JDBC Connection [HikariProxyConnection@2073464781 wrapping org.postgresql.jdbc.PgConnection@6ab826bb]
2026-08-25 10:34:00.001 [sri-files-scheduler-2] [] INFO  c.e.s.s.NuevoDocumentoScheduler - [SCHEDULER][V1] INICIO envío pendientes @ 2026-08-25T10:34:00.001942400
2026-08-25 10:34:00.002 [sri-files-scheduler-3] [] INFO  c.e.s.services.EnvioSriBatchService - [SCHEDULER][sri-files-scheduler-3] INICIO automatizacionEnvioFacturasElectonicas @ 2026-08-25T10:34:00.002531900
2026-08-25 10:34:00.002 [sri-files-scheduler-3] [] INFO  c.e.s.services.EnvioSriBatchService - Ejecutando envio de facturas at=2026-08-25T10:34:00.002531900
2026-08-25 10:34:00.004 [sri-files-scheduler-2] [] INFO  c.e.s.s.NuevoDocumentoScheduler - [SCHEDULER][V1] FIN envío | detectados=0 | exitosos=0 | fallidos=0 | duracionMs=3
2026-08-25 10:34:00.008 [sri-files-scheduler-4] [] INFO  c.e.s.batch.BatchJobScheduler - Batch automático ejecutado: tipo=ENVIAR_SRI uuid=4a398b04-4c09-438b-a48b-ed4d415c9aee
2026-08-25 10:34:00.011 [task-12] [4a398b04-4c09-438b-a48b-ed4d415c9aee] INFO  c.e.s.batch.BatchProcessorService - Iniciando batch job 4a398b04-4c09-438b-a48b-ed4d415c9aee tipo=ENVIAR_SRI [batchJob=4a398b04-4c09-438b-a48b-ed4d415c9aee]
2026-08-25 10:34:00.013 [task-12] [4a398b04-4c09-438b-a48b-ed4d415c9aee] INFO  c.e.s.batch.BatchProcessorService - Documentos encontrados: 0 [batchJob=4a398b04-4c09-438b-a48b-ed4d415c9aee]
2026-08-25 10:34:00.013 [task-12] [4a398b04-4c09-438b-a48b-ed4d415c9aee] INFO  c.e.s.batch.BatchProcessorService - Batch job 4a398b04-4c09-438b-a48b-ed4d415c9aee completado: Procesados: 0, Exitosos: 0, Fallidos: 0 [batchJob=4a398b04-4c09-438b-a48b-ed4d415c9aee]
2026-08-25 10:34:01.309 [sri-files-scheduler-3] [] INFO  c.e.s.services.EnvioSriBatchService - No hay facturas pendientes estado=I
2026-08-25 10:34:01.309 [sri-files-scheduler-3] [] INFO  c.e.s.services.EnvioSriBatchService - [SCHEDULER][sri-files-scheduler-3] FIN automatizacionEnvioFacturasElectonicas | detectados=0 | exitosas=0 | fallidas=0 | duracionMs=1307
2026-08-25 10:35:00.010 [sri-files-scheduler-2] [] INFO  c.e.s.s.NuevoDocumentoScheduler - [SCHEDULER][V1] INICIO envío pendientes @ 2026-08-25T10:35:00.010222100
2026-08-25 10:35:00.011 [sri-files-scheduler-3] [] INFO  c.e.s.services.EnvioSriBatchService - [SCHEDULER][sri-files-scheduler-3] INICIO automatizacionEnvioFacturasElectonicas @ 2026-08-25T10:35:00.011268100
2026-08-25 10:35:00.011 [sri-files-scheduler-3] [] INFO  c.e.s.services.EnvioSriBatchService - Ejecutando envio de facturas at=2026-08-25T10:35:00.011268100
2026-08-25 10:35:00.012 [sri-files-scheduler-2] [] INFO  c.e.s.s.NuevoDocumentoScheduler - [SCHEDULER][V1] FIN envío | detectados=0 | exitosos=0 | fallidos=0 | duracionMs=2
2026-08-25 10:35:00.018 [sri-files-scheduler-2] [] INFO  c.e.s.batch.BatchJobScheduler - Batch automático ejecutado: tipo=REINTENTAR_FALLIDOS uuid=fa91d643-96d1-4b65-96e6-3ceeadc6b1de
2026-08-25 10:35:00.020 [task-13] [fa91d643-96d1-4b65-96e6-3ceeadc6b1de] INFO  c.e.s.batch.BatchProcessorService - Iniciando batch job fa91d643-96d1-4b65-96e6-3ceeadc6b1de tipo=REINTENTAR_FALLIDOS [batchJob=fa91d643-96d1-4b65-96e6-3ceeadc6b1de]
2026-08-25 10:35:00.023 [task-13] [fa91d643-96d1-4b65-96e6-3ceeadc6b1de] INFO  c.e.s.batch.BatchProcessorService - Documentos encontrados: 0 [batchJob=fa91d643-96d1-4b65-96e6-3ceeadc6b1de]
2026-08-25 10:35:00.023 [task-13] [fa91d643-96d1-4b65-96e6-3ceeadc6b1de] INFO  c.e.s.batch.BatchProcessorService - Batch job fa91d643-96d1-4b65-96e6-3ceeadc6b1de completado: Procesados: 0, Exitosos: 0, Fallidos: 0 [batchJob=fa91d643-96d1-4b65-96e6-3ceeadc6b1de]
2026-08-25 10:35:01.261 [sri-files-scheduler-3] [] INFO  c.e.s.services.EnvioSriBatchService - No hay facturas pendientes estado=I
2026-08-25 10:35:01.261 [sri-files-scheduler-3] [] INFO  c.e.s.services.EnvioSriBatchService - [SCHEDULER][sri-files-scheduler-3] FIN automatizacionEnvioFacturasElectonicas | detectados=0 | exitosas=0 | fallidas=0 | duracionMs=1251
2026-08-25 10:36:00.012 [sri-files-scheduler-4] [] INFO  c.e.s.s.NuevoDocumentoScheduler - [SCHEDULER][V1] INICIO envío pendientes @ 2026-08-25T10:36:00.012157600
2026-08-25 10:36:00.013 [sri-files-scheduler-3] [] INFO  c.e.s.services.EnvioSriBatchService - [SCHEDULER][sri-files-scheduler-3] INICIO automatizacionEnvioFacturasElectonicas @ 2026-08-25T10:36:00.013163800
2026-08-25 10:36:00.013 [sri-files-scheduler-3] [] INFO  c.e.s.services.EnvioSriBatchService - Ejecutando envio de facturas at=2026-08-25T10:36:00.013163800
2026-08-25 10:36:00.013 [sri-files-scheduler-4] [] INFO  c.e.s.s.NuevoDocumentoScheduler - [SCHEDULER][V1] FIN envío | detectados=0 | exitosos=0 | fallidos=0 | duracionMs=1
2026-08-25 10:36:00.015 [sri-files-scheduler-2] [] INFO  c.e.s.batch.BatchJobScheduler - Batch automático ejecutado: tipo=CONSULTAR_AUTORIZACION uuid=11457209-0b1e-4081-8630-7ea42e93eddc
2026-08-25 10:36:00.015 [sri-files-scheduler-4] [] INFO  c.e.s.batch.BatchJobScheduler - Batch automático ejecutado: tipo=ENVIAR_CORREO uuid=3a1cb224-8c5a-41ff-8e68-2903b6a8a924
2026-08-25 10:36:00.016 [task-14] [11457209-0b1e-4081-8630-7ea42e93eddc] INFO  c.e.s.batch.BatchProcessorService - Iniciando batch job 11457209-0b1e-4081-8630-7ea42e93eddc tipo=CONSULTAR_AUTORIZACION [batchJob=11457209-0b1e-4081-8630-7ea42e93eddc]
2026-08-25 10:36:00.016 [task-15] [3a1cb224-8c5a-41ff-8e68-2903b6a8a924] INFO  c.e.s.batch.BatchProcessorService - Iniciando batch job 3a1cb224-8c5a-41ff-8e68-2903b6a8a924 tipo=ENVIAR_CORREO [batchJob=3a1cb224-8c5a-41ff-8e68-2903b6a8a924]
2026-08-25 10:36:00.017 [sri-files-scheduler-2] [] INFO  c.e.s.batch.BatchJobScheduler - Batch automático ejecutado: tipo=ENVIAR_SRI uuid=393b8b19-2662-4a36-b84e-2069bbb8bb9a
2026-08-25 10:36:00.017 [task-14] [11457209-0b1e-4081-8630-7ea42e93eddc] INFO  c.e.s.batch.BatchProcessorService - Documentos encontrados: 0 [batchJob=11457209-0b1e-4081-8630-7ea42e93eddc]
2026-08-25 10:36:00.017 [task-14] [11457209-0b1e-4081-8630-7ea42e93eddc] INFO  c.e.s.batch.BatchProcessorService - Batch job 11457209-0b1e-4081-8630-7ea42e93eddc completado: Procesados: 0, Exitosos: 0, Fallidos: 0 [batchJob=11457209-0b1e-4081-8630-7ea42e93eddc]
2026-08-25 10:36:00.017 [task-15] [3a1cb224-8c5a-41ff-8e68-2903b6a8a924] INFO  c.e.s.batch.BatchProcessorService - Documentos encontrados: 0 [batchJob=3a1cb224-8c5a-41ff-8e68-2903b6a8a924]
2026-08-25 10:36:00.017 [task-15] [3a1cb224-8c5a-41ff-8e68-2903b6a8a924] INFO  c.e.s.batch.BatchProcessorService - Batch job 3a1cb224-8c5a-41ff-8e68-2903b6a8a924 completado: Procesados: 0, Exitosos: 0, Fallidos: 0 [batchJob=3a1cb224-8c5a-41ff-8e68-2903b6a8a924]
2026-08-25 10:36:00.018 [task-16] [393b8b19-2662-4a36-b84e-2069bbb8bb9a] INFO  c.e.s.batch.BatchProcessorService - Iniciando batch job 393b8b19-2662-4a36-b84e-2069bbb8bb9a tipo=ENVIAR_SRI [batchJob=393b8b19-2662-4a36-b84e-2069bbb8bb9a]
2026-08-25 10:36:00.025 [task-16] [393b8b19-2662-4a36-b84e-2069bbb8bb9a] INFO  c.e.s.batch.BatchProcessorService - Documentos encontrados: 0 [batchJob=393b8b19-2662-4a36-b84e-2069bbb8bb9a]
2026-08-25 10:36:00.025 [task-16] [393b8b19-2662-4a36-b84e-2069bbb8bb9a] INFO  c.e.s.batch.BatchProcessorService - Batch job 393b8b19-2662-4a36-b84e-2069bbb8bb9a completado: Procesados: 0, Exitosos: 0, Fallidos: 0 [batchJob=393b8b19-2662-4a36-b84e-2069bbb8bb9a]
2026-08-25 10:36:01.261 [sri-files-scheduler-3] [] INFO  c.e.s.services.EnvioSriBatchService - No hay facturas pendientes estado=I
2026-08-25 10:36:01.261 [sri-files-scheduler-3] [] INFO  c.e.s.services.EnvioSriBatchService - [SCHEDULER][sri-files-scheduler-3] FIN automatizacionEnvioFacturasElectonicas | detectados=0 | exitosas=0 | fallidas=0 | duracionMs=1248
2026-08-25 10:36:30.012 [sri-files-scheduler-4] [] INFO  c.e.s.s.NuevoDocumentoScheduler - [SCHEDULER][V1] INICIO recuperación autorizaciones @ 2026-08-25T10:36:30.012369100
2026-08-25 10:36:30.013 [sri-files-scheduler-4] [] INFO  c.e.s.s.NuevoDocumentoScheduler - [SCHEDULER][V1] FIN recuperación | detectados=0 | autorizados=0 | pendientes=0 | duracionMs=1
2026-08-25 10:37:00.000 [sri-files-scheduler-3] [] INFO  c.e.s.s.NuevoDocumentoScheduler - [SCHEDULER][V1] INICIO envío pendientes @ 2026-08-25T10:37:00.000599100
2026-08-25 10:37:00.001 [sri-files-scheduler-2] [] INFO  c.e.s.services.EnvioSriBatchService - [SCHEDULER][sri-files-scheduler-2] INICIO automatizacionEnvioFacturasElectonicas @ 2026-08-25T10:37:00.001815600
2026-08-25 10:37:00.001 [sri-files-scheduler-2] [] INFO  c.e.s.services.EnvioSriBatchService - Ejecutando envio de facturas at=2026-08-25T10:37:00.001815600
2026-08-25 10:37:00.002 [sri-files-scheduler-3] [] INFO  c.e.s.s.NuevoDocumentoScheduler - [SCHEDULER][V1] FIN envío | detectados=0 | exitosos=0 | fallidos=0 | duracionMs=2
2026-08-25 10:37:01.292 [sri-files-scheduler-2] [] INFO  c.e.s.services.EnvioSriBatchService - No hay facturas pendientes estado=I
2026-08-25 10:37:01.292 [sri-files-scheduler-2] [] INFO  c.e.s.services.EnvioSriBatchService - [SCHEDULER][sri-files-scheduler-2] FIN automatizacionEnvioFacturasElectonicas | detectados=0 | exitosas=0 | fallidas=0 | duracionMs=1291
2026-08-25 10:38:00.014 [sri-files-scheduler-2] [] INFO  c.e.s.s.NuevoDocumentoScheduler - [SCHEDULER][V1] INICIO envío pendientes @ 2026-08-25T10:38:00.014488200
2026-08-25 10:38:00.015 [sri-files-scheduler-3] [] INFO  c.e.s.services.EnvioSriBatchService - [SCHEDULER][sri-files-scheduler-3] INICIO automatizacionEnvioFacturasElectonicas @ 2026-08-25T10:38:00.015951800
2026-08-25 10:38:00.015 [sri-files-scheduler-3] [] INFO  c.e.s.services.EnvioSriBatchService - Ejecutando envio de facturas at=2026-08-25T10:38:00.015951800
2026-08-25 10:38:00.016 [sri-files-scheduler-2] [] INFO  c.e.s.s.NuevoDocumentoScheduler - [SCHEDULER][V1] FIN envío | detectados=0 | exitosos=0 | fallidos=0 | duracionMs=2
2026-08-25 10:38:00.018 [sri-files-scheduler-4] [] INFO  c.e.s.batch.BatchJobScheduler - Batch automático ejecutado: tipo=ENVIAR_SRI uuid=00f9f147-e6ee-4e2e-9f5e-d518981f2af0
2026-08-25 10:38:00.020 [task-17] [00f9f147-e6ee-4e2e-9f5e-d518981f2af0] INFO  c.e.s.batch.BatchProcessorService - Iniciando batch job 00f9f147-e6ee-4e2e-9f5e-d518981f2af0 tipo=ENVIAR_SRI [batchJob=00f9f147-e6ee-4e2e-9f5e-d518981f2af0]
2026-08-25 10:38:00.022 [task-17] [00f9f147-e6ee-4e2e-9f5e-d518981f2af0] INFO  c.e.s.batch.BatchProcessorService - Documentos encontrados: 0 [batchJob=00f9f147-e6ee-4e2e-9f5e-d518981f2af0]
2026-08-25 10:38:00.023 [task-17] [00f9f147-e6ee-4e2e-9f5e-d518981f2af0] INFO  c.e.s.batch.BatchProcessorService - Batch job 00f9f147-e6ee-4e2e-9f5e-d518981f2af0 completado: Procesados: 0, Exitosos: 0, Fallidos: 0 [batchJob=00f9f147-e6ee-4e2e-9f5e-d518981f2af0]
2026-08-25 10:38:01.332 [sri-files-scheduler-3] [] INFO  c.e.s.services.EnvioSriBatchService - No hay facturas pendientes estado=I
2026-08-25 10:38:01.332 [sri-files-scheduler-3] [] INFO  c.e.s.services.EnvioSriBatchService - [SCHEDULER][sri-files-scheduler-3] FIN automatizacionEnvioFacturasElectonicas | detectados=0 | exitosas=0 | fallidas=0 | duracionMs=1317
2026-08-25 10:39:00.007 [sri-files-scheduler-4] [] INFO  c.e.s.s.NuevoDocumentoScheduler - [SCHEDULER][V1] INICIO envío pendientes @ 2026-08-25T10:39:00.007038200
2026-08-25 10:39:00.007 [sri-files-scheduler-3] [] INFO  c.e.s.services.EnvioSriBatchService - [SCHEDULER][sri-files-scheduler-3] INICIO automatizacionEnvioFacturasElectonicas @ 2026-08-25T10:39:00.007038200
2026-08-25 10:39:00.007 [sri-files-scheduler-3] [] INFO  c.e.s.services.EnvioSriBatchService - Ejecutando envio de facturas at=2026-08-25T10:39:00.007038200
2026-08-25 10:39:00.009 [sri-files-scheduler-4] [] INFO  c.e.s.s.NuevoDocumentoScheduler - [SCHEDULER][V1] FIN envío | detectados=0 | exitosos=0 | fallidos=0 | duracionMs=2
2026-08-25 10:39:00.013 [sri-files-scheduler-2] [] INFO  c.e.s.batch.BatchJobScheduler - Batch automático ejecutado: tipo=CONSULTAR_AUTORIZACION uuid=6f99cc46-6909-499c-b273-262535e139ac
2026-08-25 10:39:00.014 [task-18] [6f99cc46-6909-499c-b273-262535e139ac] INFO  c.e.s.batch.BatchProcessorService - Iniciando batch job 6f99cc46-6909-499c-b273-262535e139ac tipo=CONSULTAR_AUTORIZACION [batchJob=6f99cc46-6909-499c-b273-262535e139ac]
2026-08-25 10:39:00.016 [task-18] [6f99cc46-6909-499c-b273-262535e139ac] INFO  c.e.s.batch.BatchProcessorService - Documentos encontrados: 0 [batchJob=6f99cc46-6909-499c-b273-262535e139ac]
2026-08-25 10:39:00.016 [task-18] [6f99cc46-6909-499c-b273-262535e139ac] INFO  c.e.s.batch.BatchProcessorService - Batch job 6f99cc46-6909-499c-b273-262535e139ac completado: Procesados: 0, Exitosos: 0, Fallidos: 0 [batchJob=6f99cc46-6909-499c-b273-262535e139ac]
2026-08-25 10:39:01.349 [sri-files-scheduler-3] [] INFO  c.e.s.services.EnvioSriBatchService - No hay facturas pendientes estado=I
2026-08-25 10:39:01.349 [sri-files-scheduler-3] [] INFO  c.e.s.services.EnvioSriBatchService - [SCHEDULER][sri-files-scheduler-3] FIN automatizacionEnvioFacturasElectonicas | detectados=0 | exitosas=0 | fallidas=0 | duracionMs=1342
2026-08-25 10:39:30.009 [sri-files-scheduler-4] [] INFO  c.e.s.s.NuevoDocumentoScheduler - [SCHEDULER][V1] INICIO recuperación autorizaciones @ 2026-08-25T10:39:30.009504700
2026-08-25 10:39:30.013 [sri-files-scheduler-4] [] INFO  c.e.s.s.NuevoDocumentoScheduler - [SCHEDULER][V1] FIN recuperación | detectados=0 | autorizados=0 | pendientes=0 | duracionMs=4
2026-08-25 10:40:00.013 [sri-files-scheduler-2] [] INFO  c.e.s.s.NuevoDocumentoScheduler - [SCHEDULER][V1] INICIO envío pendientes @ 2026-08-25T10:40:00.013864300
2026-08-25 10:40:00.014 [sri-files-scheduler-2] [] INFO  c.e.s.s.NuevoDocumentoScheduler - [SCHEDULER][V1] FIN envío | detectados=0 | exitosos=0 | fallidos=0 | duracionMs=1
2026-08-25 10:40:00.018 [sri-files-scheduler-3] [] INFO  c.e.s.batch.BatchJobScheduler - Batch automático ejecutado: tipo=ENVIAR_CORREO uuid=c96bd67a-82c0-419e-90ae-0c8f0ab1a222
2026-08-25 10:40:00.018 [sri-files-scheduler-3] [] INFO  c.e.s.services.EnvioSriBatchService - [SCHEDULER][sri-files-scheduler-3] INICIO automatizacionEnvioFacturasElectonicas @ 2026-08-25T10:40:00.018380800
2026-08-25 10:40:00.018 [sri-files-scheduler-3] [] INFO  c.e.s.services.EnvioSriBatchService - Ejecutando envio de facturas at=2026-08-25T10:40:00.018380800
2026-08-25 10:40:00.018 [sri-files-scheduler-4] [] INFO  c.e.s.batch.BatchJobScheduler - Batch automático ejecutado: tipo=REINTENTAR_FALLIDOS uuid=89aa1645-91d2-4c2a-9d57-5e0d123a9867
2026-08-25 10:40:00.019 [task-19] [c96bd67a-82c0-419e-90ae-0c8f0ab1a222] INFO  c.e.s.batch.BatchProcessorService - Iniciando batch job c96bd67a-82c0-419e-90ae-0c8f0ab1a222 tipo=ENVIAR_CORREO [batchJob=c96bd67a-82c0-419e-90ae-0c8f0ab1a222]
2026-08-25 10:40:00.019 [task-20] [89aa1645-91d2-4c2a-9d57-5e0d123a9867] INFO  c.e.s.batch.BatchProcessorService - Iniciando batch job 89aa1645-91d2-4c2a-9d57-5e0d123a9867 tipo=REINTENTAR_FALLIDOS [batchJob=89aa1645-91d2-4c2a-9d57-5e0d123a9867]
2026-08-25 10:40:00.020 [sri-files-scheduler-2] [] INFO  c.e.s.batch.BatchJobScheduler - Batch automático ejecutado: tipo=ENVIAR_SRI uuid=bdaa4f44-03b4-4dee-9bc8-fada2c8151b3
2026-08-25 10:40:00.020 [task-19] [c96bd67a-82c0-419e-90ae-0c8f0ab1a222] INFO  c.e.s.batch.BatchProcessorService - Documentos encontrados: 0 [batchJob=c96bd67a-82c0-419e-90ae-0c8f0ab1a222]
2026-08-25 10:40:00.020 [task-20] [89aa1645-91d2-4c2a-9d57-5e0d123a9867] INFO  c.e.s.batch.BatchProcessorService - Documentos encontrados: 0 [batchJob=89aa1645-91d2-4c2a-9d57-5e0d123a9867]
2026-08-25 10:40:00.022 [task-19] [c96bd67a-82c0-419e-90ae-0c8f0ab1a222] INFO  c.e.s.batch.BatchProcessorService - Batch job c96bd67a-82c0-419e-90ae-0c8f0ab1a222 completado: Procesados: 0, Exitosos: 0, Fallidos: 0 [batchJob=c96bd67a-82c0-419e-90ae-0c8f0ab1a222]
2026-08-25 10:40:00.022 [task-21] [bdaa4f44-03b4-4dee-9bc8-fada2c8151b3] INFO  c.e.s.batch.BatchProcessorService - Iniciando batch job bdaa4f44-03b4-4dee-9bc8-fada2c8151b3 tipo=ENVIAR_SRI [batchJob=bdaa4f44-03b4-4dee-9bc8-fada2c8151b3]
2026-08-25 10:40:00.022 [task-20] [89aa1645-91d2-4c2a-9d57-5e0d123a9867] INFO  c.e.s.batch.BatchProcessorService - Batch job 89aa1645-91d2-4c2a-9d57-5e0d123a9867 completado: Procesados: 0, Exitosos: 0, Fallidos: 0 [batchJob=89aa1645-91d2-4c2a-9d57-5e0d123a9867]
2026-08-25 10:40:00.024 [task-21] [bdaa4f44-03b4-4dee-9bc8-fada2c8151b3] INFO  c.e.s.batch.BatchProcessorService - Documentos encontrados: 0 [batchJob=bdaa4f44-03b4-4dee-9bc8-fada2c8151b3]
2026-08-25 10:40:00.024 [task-21] [bdaa4f44-03b4-4dee-9bc8-fada2c8151b3] INFO  c.e.s.batch.BatchProcessorService - Batch job bdaa4f44-03b4-4dee-9bc8-fada2c8151b3 completado: Procesados: 0, Exitosos: 0, Fallidos: 0 [batchJob=bdaa4f44-03b4-4dee-9bc8-fada2c8151b3]
2026-08-25 10:40:01.352 [sri-files-scheduler-3] [] INFO  c.e.s.services.EnvioSriBatchService - No hay facturas pendientes estado=I
2026-08-25 10:40:01.352 [sri-files-scheduler-3] [] INFO  c.e.s.services.EnvioSriBatchService - [SCHEDULER][sri-files-scheduler-3] FIN automatizacionEnvioFacturasElectonicas | detectados=0 | exitosas=0 | fallidas=0 | duracionMs=1334
2026-08-25 10:41:00.001 [sri-files-scheduler-2] [] INFO  c.e.s.s.NuevoDocumentoScheduler - [SCHEDULER][V1] INICIO envío pendientes @ 2026-08-25T10:41:00.001074
2026-08-25 10:41:00.001 [sri-files-scheduler-3] [] INFO  c.e.s.services.EnvioSriBatchService - [SCHEDULER][sri-files-scheduler-3] INICIO automatizacionEnvioFacturasElectonicas @ 2026-08-25T10:41:00.001074
2026-08-25 10:41:00.002 [sri-files-scheduler-3] [] INFO  c.e.s.services.EnvioSriBatchService - Ejecutando envio de facturas at=2026-08-25T10:41:00.002078300
2026-08-25 10:41:00.002 [sri-files-scheduler-2] [] INFO  c.e.s.s.NuevoDocumentoScheduler - [SCHEDULER][V1] FIN envío | detectados=0 | exitosos=0 | fallidos=0 | duracionMs=1
2026-08-25 10:41:01.305 [sri-files-scheduler-3] [] INFO  c.e.s.services.EnvioSriBatchService - No hay facturas pendientes estado=I
2026-08-25 10:41:01.306 [sri-files-scheduler-3] [] INFO  c.e.s.services.EnvioSriBatchService - [SCHEDULER][sri-files-scheduler-3] FIN automatizacionEnvioFacturasElectonicas | detectados=0 | exitosas=0 | fallidas=0 | duracionMs=1305
2026-08-25 10:42:00.001 [sri-files-scheduler-3] [] INFO  c.e.s.s.NuevoDocumentoScheduler - [SCHEDULER][V1] INICIO envío pendientes @ 2026-08-25T10:42:00.001955300
2026-08-25 10:42:00.001 [sri-files-scheduler-2] [] INFO  c.e.s.services.EnvioSriBatchService - [SCHEDULER][sri-files-scheduler-2] INICIO automatizacionEnvioFacturasElectonicas @ 2026-08-25T10:42:00.001955300
2026-08-25 10:42:00.001 [sri-files-scheduler-2] [] INFO  c.e.s.services.EnvioSriBatchService - Ejecutando envio de facturas at=2026-08-25T10:42:00.001955300
2026-08-25 10:42:00.002 [sri-files-scheduler-3] [] INFO  c.e.s.s.NuevoDocumentoScheduler - [SCHEDULER][V1] FIN envío | detectados=0 | exitosos=0 | fallidos=0 | duracionMs=1
2026-08-25 10:42:00.004 [sri-files-scheduler-4] [] INFO  c.e.s.batch.BatchJobScheduler - Batch automático ejecutado: tipo=CONSULTAR_AUTORIZACION uuid=4c607490-ea1e-4e00-901a-a089bdce8697
2026-08-25 10:42:00.005 [sri-files-scheduler-3] [] INFO  c.e.s.batch.BatchJobScheduler - Batch automático ejecutado: tipo=ENVIAR_SRI uuid=d6ad0ba8-61ee-4b8f-b764-e1972a5a9227
2026-08-25 10:42:00.006 [task-22] [4c607490-ea1e-4e00-901a-a089bdce8697] INFO  c.e.s.batch.BatchProcessorService - Iniciando batch job 4c607490-ea1e-4e00-901a-a089bdce8697 tipo=CONSULTAR_AUTORIZACION [batchJob=4c607490-ea1e-4e00-901a-a089bdce8697]
2026-08-25 10:42:00.006 [task-23] [d6ad0ba8-61ee-4b8f-b764-e1972a5a9227] INFO  c.e.s.batch.BatchProcessorService - Iniciando batch job d6ad0ba8-61ee-4b8f-b764-e1972a5a9227 tipo=ENVIAR_SRI [batchJob=d6ad0ba8-61ee-4b8f-b764-e1972a5a9227]
2026-08-25 10:42:00.008 [task-22] [4c607490-ea1e-4e00-901a-a089bdce8697] INFO  c.e.s.batch.BatchProcessorService - Documentos encontrados: 0 [batchJob=4c607490-ea1e-4e00-901a-a089bdce8697]
2026-08-25 10:42:00.008 [task-22] [4c607490-ea1e-4e00-901a-a089bdce8697] INFO  c.e.s.batch.BatchProcessorService - Batch job 4c607490-ea1e-4e00-901a-a089bdce8697 completado: Procesados: 0, Exitosos: 0, Fallidos: 0 [batchJob=4c607490-ea1e-4e00-901a-a089bdce8697]
2026-08-25 10:42:00.008 [task-23] [d6ad0ba8-61ee-4b8f-b764-e1972a5a9227] INFO  c.e.s.batch.BatchProcessorService - Documentos encontrados: 0 [batchJob=d6ad0ba8-61ee-4b8f-b764-e1972a5a9227]
2026-08-25 10:42:00.008 [task-23] [d6ad0ba8-61ee-4b8f-b764-e1972a5a9227] INFO  c.e.s.batch.BatchProcessorService - Batch job d6ad0ba8-61ee-4b8f-b764-e1972a5a9227 completado: Procesados: 0, Exitosos: 0, Fallidos: 0 [batchJob=d6ad0ba8-61ee-4b8f-b764-e1972a5a9227]
2026-08-25 10:42:01.295 [sri-files-scheduler-2] [] INFO  c.e.s.services.EnvioSriBatchService - No hay facturas pendientes estado=I
2026-08-25 10:42:01.295 [sri-files-scheduler-2] [] INFO  c.e.s.services.EnvioSriBatchService - [SCHEDULER][sri-files-scheduler-2] FIN automatizacionEnvioFacturasElectonicas | detectados=0 | exitosas=0 | fallidas=0 | duracionMs=1294
2026-08-25 10:42:30.007 [sri-files-scheduler-4] [] INFO  c.e.s.s.NuevoDocumentoScheduler - [SCHEDULER][V1] INICIO recuperación autorizaciones @ 2026-08-25T10:42:30.007580300
2026-08-25 10:42:30.010 [sri-files-scheduler-4] [] INFO  c.e.s.s.NuevoDocumentoScheduler - [SCHEDULER][V1] FIN recuperación | detectados=0 | autorizados=0 | pendientes=0 | duracionMs=3
2026-08-25 10:43:00.007 [sri-files-scheduler-3] [] INFO  c.e.s.s.NuevoDocumentoScheduler - [SCHEDULER][V1] INICIO envío pendientes @ 2026-08-25T10:43:00.007251400
2026-08-25 10:43:00.007 [sri-files-scheduler-2] [] INFO  c.e.s.services.EnvioSriBatchService - [SCHEDULER][sri-files-scheduler-2] INICIO automatizacionEnvioFacturasElectonicas @ 2026-08-25T10:43:00.007251400
2026-08-25 10:43:00.007 [sri-files-scheduler-2] [] INFO  c.e.s.services.EnvioSriBatchService - Ejecutando envio de facturas at=2026-08-25T10:43:00.007251400
2026-08-25 10:43:00.008 [sri-files-scheduler-3] [] INFO  c.e.s.s.NuevoDocumentoScheduler - [SCHEDULER][V1] FIN envío | detectados=0 | exitosos=0 | fallidos=0 | duracionMs=1
2026-08-25 10:43:01.316 [sri-files-scheduler-2] [] INFO  c.e.s.services.EnvioSriBatchService - No hay facturas pendientes estado=I
2026-08-25 10:43:01.316 [sri-files-scheduler-2] [] INFO  c.e.s.services.EnvioSriBatchService - [SCHEDULER][sri-files-scheduler-2] FIN automatizacionEnvioFacturasElectonicas | detectados=0 | exitosas=0 | fallidas=0 | duracionMs=1309
2026-08-25 10:44:00.007 [sri-files-scheduler-2] [] INFO  c.e.s.services.EnvioSriBatchService - [SCHEDULER][sri-files-scheduler-2] INICIO automatizacionEnvioFacturasElectonicas @ 2026-08-25T10:44:00.007641500
2026-08-25 10:44:00.007 [sri-files-scheduler-2] [] INFO  c.e.s.services.EnvioSriBatchService - Ejecutando envio de facturas at=2026-08-25T10:44:00.007641500
2026-08-25 10:44:00.011 [sri-files-scheduler-4] [] INFO  c.e.s.batch.BatchJobScheduler - Batch automático ejecutado: tipo=ENVIAR_CORREO uuid=937ee74f-d476-4b40-8492-573ea575030f
2026-08-25 10:44:00.011 [sri-files-scheduler-3] [] INFO  c.e.s.batch.BatchJobScheduler - Batch automático ejecutado: tipo=ENVIAR_SRI uuid=dc5f78da-5bfa-421e-a6e9-04276caee979
2026-08-25 10:44:00.011 [sri-files-scheduler-4] [] INFO  c.e.s.s.NuevoDocumentoScheduler - [SCHEDULER][V1] INICIO envío pendientes @ 2026-08-25T10:44:00.011640500
2026-08-25 10:44:00.012 [task-25] [dc5f78da-5bfa-421e-a6e9-04276caee979] INFO  c.e.s.batch.BatchProcessorService - Iniciando batch job dc5f78da-5bfa-421e-a6e9-04276caee979 tipo=ENVIAR_SRI [batchJob=dc5f78da-5bfa-421e-a6e9-04276caee979]
2026-08-25 10:44:00.012 [sri-files-scheduler-4] [] INFO  c.e.s.s.NuevoDocumentoScheduler - [SCHEDULER][V1] FIN envío | detectados=0 | exitosos=0 | fallidos=0 | duracionMs=1
2026-08-25 10:44:00.012 [task-24] [937ee74f-d476-4b40-8492-573ea575030f] INFO  c.e.s.batch.BatchProcessorService - Iniciando batch job 937ee74f-d476-4b40-8492-573ea575030f tipo=ENVIAR_CORREO [batchJob=937ee74f-d476-4b40-8492-573ea575030f]
2026-08-25 10:44:00.013 [task-25] [dc5f78da-5bfa-421e-a6e9-04276caee979] INFO  c.e.s.batch.BatchProcessorService - Documentos encontrados: 0 [batchJob=dc5f78da-5bfa-421e-a6e9-04276caee979]
2026-08-25 10:44:00.013 [task-24] [937ee74f-d476-4b40-8492-573ea575030f] INFO  c.e.s.batch.BatchProcessorService - Documentos encontrados: 0 [batchJob=937ee74f-d476-4b40-8492-573ea575030f]
2026-08-25 10:44:00.013 [task-25] [dc5f78da-5bfa-421e-a6e9-04276caee979] INFO  c.e.s.batch.BatchProcessorService - Batch job dc5f78da-5bfa-421e-a6e9-04276caee979 completado: Procesados: 0, Exitosos: 0, Fallidos: 0 [batchJob=dc5f78da-5bfa-421e-a6e9-04276caee979]
2026-08-25 10:44:00.013 [task-24] [937ee74f-d476-4b40-8492-573ea575030f] INFO  c.e.s.batch.BatchProcessorService - Batch job 937ee74f-d476-4b40-8492-573ea575030f completado: Procesados: 0, Exitosos: 0, Fallidos: 0 [batchJob=937ee74f-d476-4b40-8492-573ea575030f]
2026-08-25 10:44:01.334 [sri-files-scheduler-2] [] INFO  c.e.s.services.EnvioSriBatchService - No hay facturas pendientes estado=I
2026-08-25 10:44:01.334 [sri-files-scheduler-2] [] INFO  c.e.s.services.EnvioSriBatchService - [SCHEDULER][sri-files-scheduler-2] FIN automatizacionEnvioFacturasElectonicas | detectados=0 | exitosas=0 | fallidas=0 | duracionMs=1327
2026-08-25 10:44:11.067 [SpringApplicationShutdownHook] [] INFO  o.s.b.w.e.tomcat.GracefulShutdown - Commencing graceful shutdown. Waiting for active requests to complete
2026-08-25 10:44:11.079 [tomcat-shutdown] [] INFO  o.s.b.w.e.tomcat.GracefulShutdown - Graceful shutdown complete
2026-08-25 10:44:41.083 [SpringApplicationShutdownHook] [] WARN  o.s.s.c.ThreadPoolTaskScheduler - Timed out while waiting for executor 'taskScheduler' to terminate
2026-08-25 10:44:41.084 [SpringApplicationShutdownHook] [] INFO  o.s.o.j.LocalContainerEntityManagerFactoryBean - Closing JPA EntityManagerFactory for persistence unit 'default'
2026-08-25 10:44:41.086 [SpringApplicationShutdownHook] [] INFO  com.zaxxer.hikari.HikariDataSource - HikariPool-1 - Shutdown initiated...
2026-08-25 10:44:41.088 [SpringApplicationShutdownHook] [] INFO  com.zaxxer.hikari.HikariDataSource - HikariPool-1 - Shutdown completed.
2026-08-25 10:44:53.610 [main] [] INFO  o.s.c.c.c.ConfigServicePropertySourceLocator - Fetching config from server at : http://localhost:8888
2026-08-25 10:44:53.615 [main] [] INFO  o.s.c.c.c.ConfigServicePropertySourceLocator - Exception on Url - http://localhost:8888:org.springframework.web.client.ResourceAccessException: I/O error on GET request for "http://localhost:8888/msvc-sri/default": Connection refused: getsockopt. Will be trying the next url if available
2026-08-25 10:44:53.615 [main] [] WARN  o.s.c.c.c.ConfigServicePropertySourceLocator - Could not locate PropertySource: I/O error on GET request for "http://localhost:8888/msvc-sri/default": Connection refused: getsockopt
2026-08-25 10:44:53.617 [main] [] INFO  c.erp.sri_files.SriFilesApplication - The following 1 profile is active: "local"
2026-08-25 10:44:53.622 [main] [] INFO  o.s.c.c.c.ConfigServerConfigDataLoader - Fetching config from server at : http://config-server:8888
2026-08-25 10:44:53.623 [main] [] INFO  o.s.c.c.c.ConfigServerConfigDataLoader - Exception on Url - http://config-server:8888:org.springframework.web.client.ResourceAccessException: I/O error on GET request for "http://config-server:8888/msvc-sri/default": config-server. Will be trying the next url if available
2026-08-25 10:44:53.623 [main] [] WARN  o.s.c.c.c.ConfigServerConfigDataLoader - Could not locate PropertySource ([ConfigServerConfigDataResource@4867ab9f uris = array<String>['http://config-server:8888'], optional = true, profiles = 'default']): I/O error on GET request for "http://config-server:8888/msvc-sri/default": config-server
2026-08-25 10:44:53.623 [main] [] INFO  o.s.c.c.c.ConfigServerConfigDataLoader - Fetching config from server at : http://config-server:8888
2026-08-25 10:44:53.623 [main] [] INFO  o.s.c.c.c.ConfigServerConfigDataLoader - Exception on Url - http://config-server:8888:org.springframework.web.client.ResourceAccessException: I/O error on GET request for "http://config-server:8888/msvc-sri/local": config-server. Will be trying the next url if available
2026-08-25 10:44:53.623 [main] [] WARN  o.s.c.c.c.ConfigServerConfigDataLoader - Could not locate PropertySource ([ConfigServerConfigDataResource@2caa5d7c uris = array<String>['http://config-server:8888'], optional = true, profiles = 'local']): I/O error on GET request for "http://config-server:8888/msvc-sri/local": config-server
2026-08-25 10:44:53.623 [main] [] INFO  o.s.c.c.c.ConfigServerConfigDataLoader - Fetching config from server at : http://config-server:8888
2026-08-25 10:44:53.623 [main] [] INFO  o.s.c.c.c.ConfigServerConfigDataLoader - Exception on Url - http://config-server:8888:org.springframework.web.client.ResourceAccessException: I/O error on GET request for "http://config-server:8888/msvc-sri/default": config-server. Will be trying the next url if available
2026-08-25 10:44:53.623 [main] [] WARN  o.s.c.c.c.ConfigServerConfigDataLoader - Could not locate PropertySource ([ConfigServerConfigDataResource@5e671e20 uris = array<String>['http://config-server:8888'], optional = true, profiles = 'default']): I/O error on GET request for "http://config-server:8888/msvc-sri/default": config-server
2026-08-25 10:44:54.011 [main] [] INFO  o.s.d.r.c.RepositoryConfigurationDelegate - Bootstrapping Spring Data JPA repositories in DEFAULT mode.
2026-08-25 10:44:54.090 [main] [] INFO  o.s.d.r.c.RepositoryConfigurationDelegate - Finished Spring Data repository scanning in 72 ms. Found 8 JPA repository interfaces.
2026-08-25 10:44:54.204 [main] [] INFO  o.s.cloud.context.scope.GenericScope - BeanFactory id=7596fd3c-9e54-3dd6-a187-8cd5204cc88c
2026-08-25 10:44:54.401 [main] [] INFO  o.s.b.w.e.tomcat.TomcatWebServer - Tomcat initialized with port 9096 (http)
2026-08-25 10:44:54.407 [main] [] INFO  o.a.coyote.http11.Http11NioProtocol - Initializing ProtocolHandler ["http-nio-9096"]
2026-08-25 10:44:54.409 [main] [] INFO  o.a.catalina.core.StandardService - Starting service [Tomcat]
2026-08-25 10:44:54.409 [main] [] INFO  o.a.catalina.core.StandardEngine - Starting Servlet engine: [Apache Tomcat/10.1.34]
2026-08-25 10:44:54.455 [main] [] INFO  o.a.c.c.C.[Tomcat].[localhost].[/] - Initializing Spring embedded WebApplicationContext
2026-08-25 10:44:54.456 [main] [] INFO  o.s.b.w.s.c.ServletWebServerApplicationContext - Root WebApplicationContext: initialization completed in 832 ms
2026-08-25 10:44:54.490 [main] [] DEBUG c.e.sri_files.config.RateLimitFilter - Filter 'rateLimitFilter' configured for use
2026-08-25 10:44:54.491 [main] [] DEBUG c.e.sri_files.config.RequestIdFilter - Filter 'requestIdFilter' configured for use
2026-08-25 10:44:54.491 [main] [] DEBUG c.erp.sri_files.config.ApiKeyFilter - Filter 'apiKeyFilter' configured for use
2026-08-25 10:44:54.491 [main] [] DEBUG c.e.s.config.SecurityHeadersFilter - Filter 'securityHeadersFilter' configured for use
2026-08-25 10:44:54.717 [main] [] INFO  o.s.o.j.p.SpringPersistenceUnitInfo - No LoadTimeWeaver setup: ignoring JPA class transformer
2026-08-25 10:44:54.730 [main] [] INFO  com.zaxxer.hikari.HikariDataSource - HikariPool-1 - Starting...
2026-08-25 10:44:54.925 [main] [] INFO  com.zaxxer.hikari.pool.HikariPool - HikariPool-1 - Added connection org.postgresql.jdbc.PgConnection@25d9298e
2026-08-25 10:44:54.925 [main] [] INFO  com.zaxxer.hikari.HikariDataSource - HikariPool-1 - Start completed.
2026-08-25 10:44:54.952 [main] [] WARN  org.hibernate.orm.deprecation - HHH90000025: PostgreSQLDialect does not need to be specified explicitly using 'hibernate.dialect' (remove the property setting and it will be selected by default)
2026-08-25 10:44:55.572 [main] [] INFO  o.s.o.j.LocalContainerEntityManagerFactoryBean - Initialized JPA EntityManagerFactory for persistence unit 'default'
2026-08-25 10:44:55.688 [main] [] INFO  o.s.d.j.r.query.QueryEnhancerFactory - Hibernate is in classpath; If applicable, HQL parser will be used.
2026-08-25 10:44:56.584 [main] [] WARN  o.s.b.a.t.ThymeleafAutoConfiguration$DefaultTemplateResolverConfiguration - Cannot find template location: classpath:/templates/ (please add some templates, check your Thymeleaf configuration, or set spring.thymeleaf.check-template-location=false)
2026-08-25 10:44:56.682 [main] [] WARN  o.s.b.a.o.j.JpaBaseConfiguration$JpaWebConfiguration - spring.jpa.open-in-view is enabled by default. Therefore, database queries may be performed during view rendering. Explicitly configure spring.jpa.open-in-view to disable this warning
2026-08-25 10:44:57.902 [main] [] INFO  o.s.cloud.commons.util.InetUtils - Cannot determine local hostname
2026-08-25 10:44:57.908 [main] [] INFO  o.s.c.n.e.c.DiscoveryClientOptionalArgsConfiguration - Eureka HTTP Client uses RestTemplate.
2026-08-25 10:44:57.928 [main] [] WARN  o.s.c.l.c.LoadBalancerCacheAutoConfiguration$LoadBalancerCaffeineWarnLogger - Spring Cloud LoadBalancer is currently working with the default cache. While this cache implementation is useful for development and tests, it's recommended to use Caffeine cache in production.You can switch to using Caffeine cache, by adding it and org.springframework.cache.caffeine.CaffeineCacheManager to the classpath.
2026-08-25 10:44:57.936 [main] [] INFO  o.a.coyote.http11.Http11NioProtocol - Starting ProtocolHandler ["http-nio-9096"]
2026-08-25 10:44:57.944 [main] [] INFO  o.s.b.w.e.tomcat.TomcatWebServer - Tomcat started on port 9096 (http) with context path '/'
2026-08-25 10:44:58.962 [main] [] INFO  o.s.cloud.commons.util.InetUtils - Cannot determine local hostname
2026-08-25 10:44:58.974 [main] [] INFO  c.erp.sri_files.SriFilesApplication - Started SriFilesApplication in 15.32 seconds (process running for 15.722)
2026-08-25 10:45:00.011 [sri-files-scheduler-4] [] INFO  c.e.s.s.NuevoDocumentoScheduler - [SCHEDULER][V1] INICIO envío pendientes @ 2026-08-25T10:45:00.011359900
2026-08-25 10:45:00.106 [sri-files-scheduler-4] [] INFO  c.e.s.s.NuevoDocumentoScheduler - [SCHEDULER][V1] FIN envío | detectados=0 | exitosos=0 | fallidos=0 | duracionMs=95
2026-08-25 10:45:00.109 [sri-files-scheduler-3] [] INFO  c.e.s.services.EnvioSriBatchService - [SCHEDULER][sri-files-scheduler-3] INICIO automatizacionEnvioFacturasElectonicas @ 2026-08-25T10:45:00.109617800
2026-08-25 10:45:00.109 [sri-files-scheduler-3] [] INFO  c.e.s.services.EnvioSriBatchService - Ejecutando envio de facturas at=2026-08-25T10:45:00.109617800
2026-08-25 10:45:00.141 [sri-files-scheduler-1] [] INFO  c.e.s.batch.BatchJobScheduler - Batch automático ejecutado: tipo=CONSULTAR_AUTORIZACION uuid=3543a807-1c58-41c3-8399-018e8faa7db0
2026-08-25 10:45:00.141 [sri-files-scheduler-2] [] INFO  c.e.s.batch.BatchJobScheduler - Batch automático ejecutado: tipo=REINTENTAR_FALLIDOS uuid=df1faaf6-4a8a-44f4-8140-0b4362d16db2
2026-08-25 10:45:00.148 [task-1] [df1faaf6-4a8a-44f4-8140-0b4362d16db2] INFO  c.e.s.batch.BatchProcessorService - Iniciando batch job df1faaf6-4a8a-44f4-8140-0b4362d16db2 tipo=REINTENTAR_FALLIDOS [batchJob=df1faaf6-4a8a-44f4-8140-0b4362d16db2]
2026-08-25 10:45:00.149 [task-2] [3543a807-1c58-41c3-8399-018e8faa7db0] INFO  c.e.s.batch.BatchProcessorService - Iniciando batch job 3543a807-1c58-41c3-8399-018e8faa7db0 tipo=CONSULTAR_AUTORIZACION [batchJob=3543a807-1c58-41c3-8399-018e8faa7db0]
2026-08-25 10:45:00.158 [task-2] [3543a807-1c58-41c3-8399-018e8faa7db0] INFO  c.e.s.batch.BatchProcessorService - Documentos encontrados: 0 [batchJob=3543a807-1c58-41c3-8399-018e8faa7db0]
2026-08-25 10:45:00.159 [task-2] [3543a807-1c58-41c3-8399-018e8faa7db0] INFO  c.e.s.batch.BatchProcessorService - Batch job 3543a807-1c58-41c3-8399-018e8faa7db0 completado: Procesados: 0, Exitosos: 0, Fallidos: 0 [batchJob=3543a807-1c58-41c3-8399-018e8faa7db0]
2026-08-25 10:45:00.161 [task-1] [df1faaf6-4a8a-44f4-8140-0b4362d16db2] INFO  c.e.s.batch.BatchProcessorService - Documentos encontrados: 0 [batchJob=df1faaf6-4a8a-44f4-8140-0b4362d16db2]
2026-08-25 10:45:00.161 [task-1] [df1faaf6-4a8a-44f4-8140-0b4362d16db2] INFO  c.e.s.batch.BatchProcessorService - Batch job df1faaf6-4a8a-44f4-8140-0b4362d16db2 completado: Procesados: 0, Exitosos: 0, Fallidos: 0 [batchJob=df1faaf6-4a8a-44f4-8140-0b4362d16db2]
2026-08-25 10:45:01.531 [sri-files-scheduler-3] [] INFO  c.e.s.services.EnvioSriBatchService - No hay facturas pendientes estado=I
2026-08-25 10:45:01.531 [sri-files-scheduler-3] [] INFO  c.e.s.services.EnvioSriBatchService - [SCHEDULER][sri-files-scheduler-3] FIN automatizacionEnvioFacturasElectonicas | detectados=0 | exitosas=0 | fallidas=0 | duracionMs=1422
2026-08-25 10:45:30.006 [sri-files-scheduler-4] [] INFO  c.e.s.s.NuevoDocumentoScheduler - [SCHEDULER][V1] INICIO recuperación autorizaciones @ 2026-08-25T10:45:30.006528
2026-08-25 10:45:30.006 [sri-files-scheduler-2] [] INFO  c.e.s.services.EnvioSriBatchService - [SCHEDULER][sri-files-scheduler-2] INICIO automatizacionConsultarXml @ 2026-08-25T10:45:30.006528
2026-08-25 10:45:30.006 [sri-files-scheduler-2] [] INFO  c.e.s.services.EnvioSriBatchService - Iniciando consulta de XML pendientes
2026-08-25 10:45:30.009 [sri-files-scheduler-4] [] INFO  c.e.s.s.NuevoDocumentoScheduler - [SCHEDULER][V1] FIN recuperación | detectados=0 | autorizados=0 | pendientes=0 | duracionMs=3
2026-08-25 10:46:00.007 [sri-files-scheduler-3] [] INFO  c.e.s.s.NuevoDocumentoScheduler - [SCHEDULER][V1] INICIO envío pendientes @ 2026-08-25T10:46:00.007313100
2026-08-25 10:46:00.008 [sri-files-scheduler-1] [] INFO  c.e.s.services.EnvioSriBatchService - [SCHEDULER][sri-files-scheduler-1] INICIO automatizacionEnvioFacturasElectonicas @ 2026-08-25T10:46:00.008519100
2026-08-25 10:46:00.008 [sri-files-scheduler-1] [] INFO  c.e.s.services.EnvioSriBatchService - Ejecutando envio de facturas at=2026-08-25T10:46:00.008519100
2026-08-25 10:46:00.011 [sri-files-scheduler-3] [] INFO  c.e.s.s.NuevoDocumentoScheduler - [SCHEDULER][V1] FIN envío | detectados=0 | exitosos=0 | fallidos=0 | duracionMs=4
2026-08-25 10:46:00.015 [sri-files-scheduler-4] [] INFO  c.e.s.batch.BatchJobScheduler - Batch automático ejecutado: tipo=ENVIAR_SRI uuid=b5bb766d-8c88-42d0-8684-e23a3fe364e7
2026-08-25 10:46:00.016 [task-3] [b5bb766d-8c88-42d0-8684-e23a3fe364e7] INFO  c.e.s.batch.BatchProcessorService - Iniciando batch job b5bb766d-8c88-42d0-8684-e23a3fe364e7 tipo=ENVIAR_SRI [batchJob=b5bb766d-8c88-42d0-8684-e23a3fe364e7]
2026-08-25 10:46:00.018 [task-3] [b5bb766d-8c88-42d0-8684-e23a3fe364e7] INFO  c.e.s.batch.BatchProcessorService - Documentos encontrados: 0 [batchJob=b5bb766d-8c88-42d0-8684-e23a3fe364e7]
2026-08-25 10:46:00.018 [task-3] [b5bb766d-8c88-42d0-8684-e23a3fe364e7] INFO  c.e.s.batch.BatchProcessorService - Batch job b5bb766d-8c88-42d0-8684-e23a3fe364e7 completado: Procesados: 0, Exitosos: 0, Fallidos: 0 [batchJob=b5bb766d-8c88-42d0-8684-e23a3fe364e7]
2026-08-25 10:46:01.454 [sri-files-scheduler-1] [] INFO  c.e.s.services.EnvioSriBatchService - No hay facturas pendientes estado=I
2026-08-25 10:46:01.454 [sri-files-scheduler-1] [] INFO  c.e.s.services.EnvioSriBatchService - [SCHEDULER][sri-files-scheduler-1] FIN automatizacionEnvioFacturasElectonicas | detectados=0 | exitosas=0 | fallidas=0 | duracionMs=1446
2026-08-25 10:46:27.796 [SpringApplicationShutdownHook] [] INFO  o.s.b.w.e.tomcat.GracefulShutdown - Commencing graceful shutdown. Waiting for active requests to complete
2026-08-25 10:46:27.808 [tomcat-shutdown] [] INFO  o.s.b.w.e.tomcat.GracefulShutdown - Graceful shutdown complete
2026-08-25 10:46:57.812 [SpringApplicationShutdownHook] [] WARN  o.s.s.c.ThreadPoolTaskScheduler - Timed out while waiting for executor 'taskScheduler' to terminate
2026-08-25 10:46:57.812 [SpringApplicationShutdownHook] [] INFO  o.s.o.j.LocalContainerEntityManagerFactoryBean - Closing JPA EntityManagerFactory for persistence unit 'default'
2026-08-25 10:46:57.814 [SpringApplicationShutdownHook] [] INFO  com.zaxxer.hikari.HikariDataSource - HikariPool-1 - Shutdown initiated...
2026-08-25 10:46:57.816 [SpringApplicationShutdownHook] [] INFO  com.zaxxer.hikari.HikariDataSource - HikariPool-1 - Shutdown completed.
2026-08-25 10:51:06.491 [main] [] INFO  o.s.c.c.c.ConfigServicePropertySourceLocator - Fetching config from server at : http://localhost:8888
2026-08-25 10:51:06.497 [main] [] INFO  o.s.c.c.c.ConfigServicePropertySourceLocator - Exception on Url - http://localhost:8888:org.springframework.web.client.ResourceAccessException: I/O error on GET request for "http://localhost:8888/msvc-sri/default": Connection refused: getsockopt. Will be trying the next url if available
2026-08-25 10:51:06.497 [main] [] WARN  o.s.c.c.c.ConfigServicePropertySourceLocator - Could not locate PropertySource: I/O error on GET request for "http://localhost:8888/msvc-sri/default": Connection refused: getsockopt
2026-08-25 10:51:06.499 [main] [] INFO  c.erp.sri_files.SriFilesApplication - The following 1 profile is active: "local"
2026-08-25 10:51:06.505 [main] [] INFO  o.s.c.c.c.ConfigServerConfigDataLoader - Fetching config from server at : http://config-server:8888
2026-08-25 10:51:06.505 [main] [] INFO  o.s.c.c.c.ConfigServerConfigDataLoader - Exception on Url - http://config-server:8888:org.springframework.web.client.ResourceAccessException: I/O error on GET request for "http://config-server:8888/msvc-sri/default": config-server. Will be trying the next url if available
2026-08-25 10:51:06.505 [main] [] WARN  o.s.c.c.c.ConfigServerConfigDataLoader - Could not locate PropertySource ([ConfigServerConfigDataResource@4867ab9f uris = array<String>['http://config-server:8888'], optional = true, profiles = 'default']): I/O error on GET request for "http://config-server:8888/msvc-sri/default": config-server
2026-08-25 10:51:06.505 [main] [] INFO  o.s.c.c.c.ConfigServerConfigDataLoader - Fetching config from server at : http://config-server:8888
2026-08-25 10:51:06.505 [main] [] INFO  o.s.c.c.c.ConfigServerConfigDataLoader - Exception on Url - http://config-server:8888:org.springframework.web.client.ResourceAccessException: I/O error on GET request for "http://config-server:8888/msvc-sri/local": config-server. Will be trying the next url if available
2026-08-25 10:51:06.505 [main] [] WARN  o.s.c.c.c.ConfigServerConfigDataLoader - Could not locate PropertySource ([ConfigServerConfigDataResource@2caa5d7c uris = array<String>['http://config-server:8888'], optional = true, profiles = 'local']): I/O error on GET request for "http://config-server:8888/msvc-sri/local": config-server
2026-08-25 10:51:06.506 [main] [] INFO  o.s.c.c.c.ConfigServerConfigDataLoader - Fetching config from server at : http://config-server:8888
2026-08-25 10:51:06.506 [main] [] INFO  o.s.c.c.c.ConfigServerConfigDataLoader - Exception on Url - http://config-server:8888:org.springframework.web.client.ResourceAccessException: I/O error on GET request for "http://config-server:8888/msvc-sri/default": config-server. Will be trying the next url if available
2026-08-25 10:51:06.506 [main] [] WARN  o.s.c.c.c.ConfigServerConfigDataLoader - Could not locate PropertySource ([ConfigServerConfigDataResource@5e671e20 uris = array<String>['http://config-server:8888'], optional = true, profiles = 'default']): I/O error on GET request for "http://config-server:8888/msvc-sri/default": config-server
2026-08-25 10:51:06.898 [main] [] INFO  o.s.d.r.c.RepositoryConfigurationDelegate - Bootstrapping Spring Data JPA repositories in DEFAULT mode.
2026-08-25 10:51:06.979 [main] [] INFO  o.s.d.r.c.RepositoryConfigurationDelegate - Finished Spring Data repository scanning in 75 ms. Found 8 JPA repository interfaces.
2026-08-25 10:51:07.097 [main] [] INFO  o.s.cloud.context.scope.GenericScope - BeanFactory id=7596fd3c-9e54-3dd6-a187-8cd5204cc88c
2026-08-25 10:51:07.294 [main] [] INFO  o.s.b.w.e.tomcat.TomcatWebServer - Tomcat initialized with port 9096 (http)
2026-08-25 10:51:07.302 [main] [] INFO  o.a.coyote.http11.Http11NioProtocol - Initializing ProtocolHandler ["http-nio-9096"]
2026-08-25 10:51:07.304 [main] [] INFO  o.a.catalina.core.StandardService - Starting service [Tomcat]
2026-08-25 10:51:07.304 [main] [] INFO  o.a.catalina.core.StandardEngine - Starting Servlet engine: [Apache Tomcat/10.1.34]
2026-08-25 10:51:07.348 [main] [] INFO  o.a.c.c.C.[Tomcat].[localhost].[/] - Initializing Spring embedded WebApplicationContext
2026-08-25 10:51:07.349 [main] [] INFO  o.s.b.w.s.c.ServletWebServerApplicationContext - Root WebApplicationContext: initialization completed in 842 ms
2026-08-25 10:51:07.386 [main] [] DEBUG c.e.sri_files.config.RateLimitFilter - Filter 'rateLimitFilter' configured for use
2026-08-25 10:51:07.386 [main] [] DEBUG c.e.sri_files.config.RequestIdFilter - Filter 'requestIdFilter' configured for use
2026-08-25 10:51:07.386 [main] [] DEBUG c.erp.sri_files.config.ApiKeyFilter - Filter 'apiKeyFilter' configured for use
2026-08-25 10:51:07.386 [main] [] DEBUG c.e.s.config.SecurityHeadersFilter - Filter 'securityHeadersFilter' configured for use
2026-08-25 10:51:07.622 [main] [] INFO  o.s.o.j.p.SpringPersistenceUnitInfo - No LoadTimeWeaver setup: ignoring JPA class transformer
2026-08-25 10:51:07.638 [main] [] INFO  com.zaxxer.hikari.HikariDataSource - HikariPool-1 - Starting...
2026-08-25 10:51:07.723 [main] [] INFO  com.zaxxer.hikari.pool.HikariPool - HikariPool-1 - Added connection org.postgresql.jdbc.PgConnection@25d9298e
2026-08-25 10:51:07.724 [main] [] INFO  com.zaxxer.hikari.HikariDataSource - HikariPool-1 - Start completed.
2026-08-25 10:51:07.749 [main] [] WARN  org.hibernate.orm.deprecation - HHH90000025: PostgreSQLDialect does not need to be specified explicitly using 'hibernate.dialect' (remove the property setting and it will be selected by default)
2026-08-25 10:51:08.403 [main] [] INFO  o.s.o.j.LocalContainerEntityManagerFactoryBean - Initialized JPA EntityManagerFactory for persistence unit 'default'
2026-08-25 10:51:08.552 [main] [] INFO  o.s.d.j.r.query.QueryEnhancerFactory - Hibernate is in classpath; If applicable, HQL parser will be used.
2026-08-25 10:51:09.417 [main] [] WARN  o.s.b.a.t.ThymeleafAutoConfiguration$DefaultTemplateResolverConfiguration - Cannot find template location: classpath:/templates/ (please add some templates, check your Thymeleaf configuration, or set spring.thymeleaf.check-template-location=false)
2026-08-25 10:51:09.510 [main] [] WARN  o.s.b.a.o.j.JpaBaseConfiguration$JpaWebConfiguration - spring.jpa.open-in-view is enabled by default. Therefore, database queries may be performed during view rendering. Explicitly configure spring.jpa.open-in-view to disable this warning
2026-08-25 10:51:10.718 [main] [] INFO  o.s.cloud.commons.util.InetUtils - Cannot determine local hostname
2026-08-25 10:51:10.724 [main] [] INFO  o.s.c.n.e.c.DiscoveryClientOptionalArgsConfiguration - Eureka HTTP Client uses RestTemplate.
2026-08-25 10:51:10.745 [main] [] WARN  o.s.c.l.c.LoadBalancerCacheAutoConfiguration$LoadBalancerCaffeineWarnLogger - Spring Cloud LoadBalancer is currently working with the default cache. While this cache implementation is useful for development and tests, it's recommended to use Caffeine cache in production.You can switch to using Caffeine cache, by adding it and org.springframework.cache.caffeine.CaffeineCacheManager to the classpath.
2026-08-25 10:51:10.754 [main] [] INFO  o.a.coyote.http11.Http11NioProtocol - Starting ProtocolHandler ["http-nio-9096"]
2026-08-25 10:51:10.763 [main] [] INFO  o.s.b.w.e.tomcat.TomcatWebServer - Tomcat started on port 9096 (http) with context path '/'
2026-08-25 10:51:11.778 [main] [] INFO  o.s.cloud.commons.util.InetUtils - Cannot determine local hostname
2026-08-25 10:51:11.787 [main] [] INFO  c.erp.sri_files.SriFilesApplication - Started SriFilesApplication in 15.286 seconds (process running for 15.673)
2026-08-25 10:51:17.123 [http-nio-9096-exec-1] [] INFO  o.a.c.c.C.[Tomcat].[localhost].[/] - Initializing Spring DispatcherServlet 'dispatcherServlet'
2026-08-25 10:51:17.123 [http-nio-9096-exec-1] [] INFO  o.s.web.servlet.DispatcherServlet - Initializing Servlet 'dispatcherServlet'
2026-08-25 10:51:17.123 [http-nio-9096-exec-1] [] INFO  o.s.web.servlet.DispatcherServlet - Completed initialization in 0 ms
2026-08-25 10:51:17.597 [http-nio-9096-exec-9] [13f73ce6-c5be-45db-a351-b6b6bf4f569e] INFO  o.s.api.AbstractOpenApiResource - Init duration for springdoc-openapi is: 305 ms
2026-08-25 10:51:29.046 [SpringApplicationShutdownHook] [] INFO  o.s.b.w.e.tomcat.GracefulShutdown - Commencing graceful shutdown. Waiting for active requests to complete
2026-08-25 10:51:29.057 [tomcat-shutdown] [] INFO  o.s.b.w.e.tomcat.GracefulShutdown - Graceful shutdown complete
2026-08-25 10:51:29.062 [SpringApplicationShutdownHook] [] INFO  o.s.o.j.LocalContainerEntityManagerFactoryBean - Closing JPA EntityManagerFactory for persistence unit 'default'
2026-08-25 10:51:29.063 [SpringApplicationShutdownHook] [] INFO  com.zaxxer.hikari.HikariDataSource - HikariPool-1 - Shutdown initiated...
2026-08-25 10:51:29.064 [SpringApplicationShutdownHook] [] INFO  com.zaxxer.hikari.HikariDataSource - HikariPool-1 - Shutdown completed.
2026-08-25 11:39:41.330 [main] [] INFO  o.s.c.c.c.ConfigServicePropertySourceLocator - Fetching config from server at : http://localhost:8888
2026-08-25 11:39:41.336 [main] [] INFO  o.s.c.c.c.ConfigServicePropertySourceLocator - Exception on Url - http://localhost:8888:org.springframework.web.client.ResourceAccessException: I/O error on GET request for "http://localhost:8888/msvc-sri/default": Connection refused: getsockopt. Will be trying the next url if available
2026-08-25 11:39:41.336 [main] [] WARN  o.s.c.c.c.ConfigServicePropertySourceLocator - Could not locate PropertySource: I/O error on GET request for "http://localhost:8888/msvc-sri/default": Connection refused: getsockopt
2026-08-25 11:39:41.339 [main] [] INFO  c.erp.sri_files.SriFilesApplication - The following 1 profile is active: "local"
2026-08-25 11:39:41.347 [main] [] INFO  o.s.c.c.c.ConfigServerConfigDataLoader - Fetching config from server at : http://config-server:8888
2026-08-25 11:39:41.347 [main] [] INFO  o.s.c.c.c.ConfigServerConfigDataLoader - Exception on Url - http://config-server:8888:org.springframework.web.client.ResourceAccessException: I/O error on GET request for "http://config-server:8888/msvc-sri/default": config-server. Will be trying the next url if available
2026-08-25 11:39:41.347 [main] [] WARN  o.s.c.c.c.ConfigServerConfigDataLoader - Could not locate PropertySource ([ConfigServerConfigDataResource@46c3a14d uris = array<String>['http://config-server:8888'], optional = true, profiles = 'default']): I/O error on GET request for "http://config-server:8888/msvc-sri/default": config-server
2026-08-25 11:39:41.347 [main] [] INFO  o.s.c.c.c.ConfigServerConfigDataLoader - Fetching config from server at : http://config-server:8888
2026-08-25 11:39:41.347 [main] [] INFO  o.s.c.c.c.ConfigServerConfigDataLoader - Exception on Url - http://config-server:8888:org.springframework.web.client.ResourceAccessException: I/O error on GET request for "http://config-server:8888/msvc-sri/local": config-server. Will be trying the next url if available
2026-08-25 11:39:41.347 [main] [] WARN  o.s.c.c.c.ConfigServerConfigDataLoader - Could not locate PropertySource ([ConfigServerConfigDataResource@64968732 uris = array<String>['http://config-server:8888'], optional = true, profiles = 'local']): I/O error on GET request for "http://config-server:8888/msvc-sri/local": config-server
2026-08-25 11:39:41.347 [main] [] INFO  o.s.c.c.c.ConfigServerConfigDataLoader - Fetching config from server at : http://config-server:8888
2026-08-25 11:39:41.347 [main] [] INFO  o.s.c.c.c.ConfigServerConfigDataLoader - Exception on Url - http://config-server:8888:org.springframework.web.client.ResourceAccessException: I/O error on GET request for "http://config-server:8888/msvc-sri/default": config-server. Will be trying the next url if available
2026-08-25 11:39:41.347 [main] [] WARN  o.s.c.c.c.ConfigServerConfigDataLoader - Could not locate PropertySource ([ConfigServerConfigDataResource@3e1a3801 uris = array<String>['http://config-server:8888'], optional = true, profiles = 'default']): I/O error on GET request for "http://config-server:8888/msvc-sri/default": config-server
2026-08-25 11:39:41.797 [main] [] INFO  o.s.d.r.c.RepositoryConfigurationDelegate - Bootstrapping Spring Data JPA repositories in DEFAULT mode.
2026-08-25 11:39:41.880 [main] [] INFO  o.s.d.r.c.RepositoryConfigurationDelegate - Finished Spring Data repository scanning in 79 ms. Found 8 JPA repository interfaces.
2026-08-25 11:39:42.007 [main] [] INFO  o.s.cloud.context.scope.GenericScope - BeanFactory id=114f5d9c-b720-3a0a-9e22-960bd85ad97d
2026-08-25 11:39:42.211 [main] [] INFO  o.s.b.w.e.tomcat.TomcatWebServer - Tomcat initialized with port 9096 (http)
2026-08-25 11:39:42.218 [main] [] INFO  o.a.coyote.http11.Http11NioProtocol - Initializing ProtocolHandler ["http-nio-9096"]
2026-08-25 11:39:42.220 [main] [] INFO  o.a.catalina.core.StandardService - Starting service [Tomcat]
2026-08-25 11:39:42.220 [main] [] INFO  o.a.catalina.core.StandardEngine - Starting Servlet engine: [Apache Tomcat/10.1.34]
2026-08-25 11:39:42.262 [main] [] INFO  o.a.c.c.C.[Tomcat].[localhost].[/] - Initializing Spring embedded WebApplicationContext
2026-08-25 11:39:42.264 [main] [] INFO  o.s.b.w.s.c.ServletWebServerApplicationContext - Root WebApplicationContext: initialization completed in 915 ms
2026-08-25 11:39:42.300 [main] [] DEBUG c.e.sri_files.config.RateLimitFilter - Filter 'rateLimitFilter' configured for use
2026-08-25 11:39:42.300 [main] [] DEBUG c.e.sri_files.config.RequestIdFilter - Filter 'requestIdFilter' configured for use
2026-08-25 11:39:42.300 [main] [] DEBUG c.erp.sri_files.config.ApiKeyFilter - Filter 'apiKeyFilter' configured for use
2026-08-25 11:39:42.300 [main] [] DEBUG c.e.s.config.SecurityHeadersFilter - Filter 'securityHeadersFilter' configured for use
2026-08-25 11:39:42.535 [main] [] INFO  o.s.o.j.p.SpringPersistenceUnitInfo - No LoadTimeWeaver setup: ignoring JPA class transformer
2026-08-25 11:39:42.551 [main] [] INFO  com.zaxxer.hikari.HikariDataSource - HikariPool-1 - Starting...
2026-08-25 11:39:42.633 [main] [] INFO  com.zaxxer.hikari.pool.HikariPool - HikariPool-1 - Added connection org.postgresql.jdbc.PgConnection@782143e8
2026-08-25 11:39:42.634 [main] [] INFO  com.zaxxer.hikari.HikariDataSource - HikariPool-1 - Start completed.
2026-08-25 11:39:42.652 [main] [] WARN  org.hibernate.orm.deprecation - HHH90000025: PostgreSQLDialect does not need to be specified explicitly using 'hibernate.dialect' (remove the property setting and it will be selected by default)
2026-08-25 11:39:43.320 [main] [] INFO  o.s.o.j.LocalContainerEntityManagerFactoryBean - Initialized JPA EntityManagerFactory for persistence unit 'default'
2026-08-25 11:39:43.472 [main] [] INFO  o.s.d.j.r.query.QueryEnhancerFactory - Hibernate is in classpath; If applicable, HQL parser will be used.
2026-08-25 11:39:44.428 [main] [] WARN  o.s.b.a.t.ThymeleafAutoConfiguration$DefaultTemplateResolverConfiguration - Cannot find template location: classpath:/templates/ (please add some templates, check your Thymeleaf configuration, or set spring.thymeleaf.check-template-location=false)
2026-08-25 11:39:44.528 [main] [] WARN  o.s.b.a.o.j.JpaBaseConfiguration$JpaWebConfiguration - spring.jpa.open-in-view is enabled by default. Therefore, database queries may be performed during view rendering. Explicitly configure spring.jpa.open-in-view to disable this warning
2026-08-25 11:39:45.766 [main] [] INFO  o.s.cloud.commons.util.InetUtils - Cannot determine local hostname
2026-08-25 11:39:45.773 [main] [] INFO  o.s.c.n.e.c.DiscoveryClientOptionalArgsConfiguration - Eureka HTTP Client uses RestTemplate.
2026-08-25 11:39:45.798 [main] [] WARN  o.s.c.l.c.LoadBalancerCacheAutoConfiguration$LoadBalancerCaffeineWarnLogger - Spring Cloud LoadBalancer is currently working with the default cache. While this cache implementation is useful for development and tests, it's recommended to use Caffeine cache in production.You can switch to using Caffeine cache, by adding it and org.springframework.cache.caffeine.CaffeineCacheManager to the classpath.
2026-08-25 11:39:45.808 [main] [] INFO  o.a.coyote.http11.Http11NioProtocol - Starting ProtocolHandler ["http-nio-9096"]
2026-08-25 11:39:45.818 [main] [] INFO  o.s.b.w.e.tomcat.TomcatWebServer - Tomcat started on port 9096 (http) with context path '/'
2026-08-25 11:39:46.828 [main] [] INFO  o.s.cloud.commons.util.InetUtils - Cannot determine local hostname
2026-08-25 11:39:46.838 [main] [] INFO  c.erp.sri_files.SriFilesApplication - Started SriFilesApplication in 10.984 seconds (process running for 11.411)
2026-08-25 11:39:48.199 [http-nio-9096-exec-2] [] INFO  o.a.c.c.C.[Tomcat].[localhost].[/] - Initializing Spring DispatcherServlet 'dispatcherServlet'
2026-08-25 11:39:48.199 [http-nio-9096-exec-2] [] INFO  o.s.web.servlet.DispatcherServlet - Initializing Servlet 'dispatcherServlet'
2026-08-25 11:39:48.200 [http-nio-9096-exec-2] [] INFO  o.s.web.servlet.DispatcherServlet - Completed initialization in 1 ms
2026-08-25 11:39:48.677 [http-nio-9096-exec-9] [6da09342-3ac5-440a-9f61-6b8f32cc0059] INFO  o.s.api.AbstractOpenApiResource - Init duration for springdoc-openapi is: 311 ms
2026-08-25 11:40:00.009 [sri-files-scheduler-2] [] INFO  c.e.s.s.NuevoDocumentoScheduler - [SCHEDULER][V1] INICIO envío pendientes @ 2026-08-25T11:40:00.009905200
2026-08-25 11:40:00.014 [sri-files-scheduler-4] [] INFO  c.e.s.services.EnvioSriBatchService - [SCHEDULER][sri-files-scheduler-4] INICIO automatizacionEnvioFacturasElectonicas @ 2026-08-25T11:40:00.014147900
2026-08-25 11:40:00.014 [sri-files-scheduler-4] [] INFO  c.e.s.services.EnvioSriBatchService - Ejecutando envio de facturas at=2026-08-25T11:40:00.014147900
2026-08-25 11:40:00.074 [sri-files-scheduler-2] [] INFO  c.e.s.s.NuevoDocumentoScheduler - [SCHEDULER][V1] FIN envío | detectados=0 | exitosos=0 | fallidos=0 | duracionMs=65
2026-08-25 11:40:00.108 [sri-files-scheduler-1] [] INFO  c.e.s.batch.BatchJobScheduler - Batch automático ejecutado: tipo=ENVIAR_CORREO uuid=3a60ad13-700e-41a6-b656-893784a34625
2026-08-25 11:40:00.108 [sri-files-scheduler-3] [] INFO  c.e.s.batch.BatchJobScheduler - Batch automático ejecutado: tipo=REINTENTAR_FALLIDOS uuid=46af6564-fbee-4e88-b8cd-207d646b8197
2026-08-25 11:40:00.108 [sri-files-scheduler-2] [] INFO  c.e.s.batch.BatchJobScheduler - Batch automático ejecutado: tipo=ENVIAR_SRI uuid=9738229b-fe97-4765-86df-9308ce1f066f
2026-08-25 11:40:00.115 [task-2] [9738229b-fe97-4765-86df-9308ce1f066f] INFO  c.e.s.batch.BatchProcessorService - Iniciando batch job 9738229b-fe97-4765-86df-9308ce1f066f tipo=ENVIAR_SRI [batchJob=9738229b-fe97-4765-86df-9308ce1f066f]
2026-08-25 11:40:00.115 [task-1] [3a60ad13-700e-41a6-b656-893784a34625] INFO  c.e.s.batch.BatchProcessorService - Iniciando batch job 3a60ad13-700e-41a6-b656-893784a34625 tipo=ENVIAR_CORREO [batchJob=3a60ad13-700e-41a6-b656-893784a34625]
2026-08-25 11:40:00.115 [task-3] [46af6564-fbee-4e88-b8cd-207d646b8197] INFO  c.e.s.batch.BatchProcessorService - Iniciando batch job 46af6564-fbee-4e88-b8cd-207d646b8197 tipo=REINTENTAR_FALLIDOS [batchJob=46af6564-fbee-4e88-b8cd-207d646b8197]
2026-08-25 11:40:00.126 [task-3] [46af6564-fbee-4e88-b8cd-207d646b8197] INFO  c.e.s.batch.BatchProcessorService - Documentos encontrados: 0 [batchJob=46af6564-fbee-4e88-b8cd-207d646b8197]
2026-08-25 11:40:00.126 [task-2] [9738229b-fe97-4765-86df-9308ce1f066f] INFO  c.e.s.batch.BatchProcessorService - Documentos encontrados: 0 [batchJob=9738229b-fe97-4765-86df-9308ce1f066f]
2026-08-25 11:40:00.127 [task-3] [46af6564-fbee-4e88-b8cd-207d646b8197] INFO  c.e.s.batch.BatchProcessorService - Batch job 46af6564-fbee-4e88-b8cd-207d646b8197 completado: Procesados: 0, Exitosos: 0, Fallidos: 0 [batchJob=46af6564-fbee-4e88-b8cd-207d646b8197]
2026-08-25 11:40:00.127 [task-2] [9738229b-fe97-4765-86df-9308ce1f066f] INFO  c.e.s.batch.BatchProcessorService - Batch job 9738229b-fe97-4765-86df-9308ce1f066f completado: Procesados: 0, Exitosos: 0, Fallidos: 0 [batchJob=9738229b-fe97-4765-86df-9308ce1f066f]
2026-08-25 11:40:00.129 [task-1] [3a60ad13-700e-41a6-b656-893784a34625] INFO  c.e.s.batch.BatchProcessorService - Documentos encontrados: 0 [batchJob=3a60ad13-700e-41a6-b656-893784a34625]
2026-08-25 11:40:00.129 [task-1] [3a60ad13-700e-41a6-b656-893784a34625] INFO  c.e.s.batch.BatchProcessorService - Batch job 3a60ad13-700e-41a6-b656-893784a34625 completado: Procesados: 0, Exitosos: 0, Fallidos: 0 [batchJob=3a60ad13-700e-41a6-b656-893784a34625]
2026-08-25 11:40:01.703 [sri-files-scheduler-4] [] INFO  c.e.s.services.EnvioSriBatchService - No hay facturas pendientes estado=I
2026-08-25 11:40:01.703 [sri-files-scheduler-4] [] INFO  c.e.s.services.EnvioSriBatchService - [SCHEDULER][sri-files-scheduler-4] FIN automatizacionEnvioFacturasElectonicas | detectados=0 | exitosas=0 | fallidas=0 | duracionMs=1689
2026-08-25 11:41:00.011 [sri-files-scheduler-3] [] INFO  c.e.s.s.NuevoDocumentoScheduler - [SCHEDULER][V1] INICIO envío pendientes @ 2026-08-25T11:41:00.011185
2026-08-25 11:41:00.011 [sri-files-scheduler-4] [] INFO  c.e.s.services.EnvioSriBatchService - [SCHEDULER][sri-files-scheduler-4] INICIO automatizacionEnvioFacturasElectonicas @ 2026-08-25T11:41:00.011185
2026-08-25 11:41:00.011 [sri-files-scheduler-4] [] INFO  c.e.s.services.EnvioSriBatchService - Ejecutando envio de facturas at=2026-08-25T11:41:00.011185
2026-08-25 11:41:00.016 [sri-files-scheduler-3] [] INFO  c.e.s.s.NuevoDocumentoScheduler - [SCHEDULER][V1] FIN envío | detectados=0 | exitosos=0 | fallidos=0 | duracionMs=5
2026-08-25 11:41:01.154 [sri-files-scheduler-4] [] INFO  c.e.s.services.EnvioSriBatchService - No hay facturas pendientes estado=I
2026-08-25 11:41:01.155 [sri-files-scheduler-4] [] INFO  c.e.s.services.EnvioSriBatchService - [SCHEDULER][sri-files-scheduler-4] FIN automatizacionEnvioFacturasElectonicas | detectados=0 | exitosas=0 | fallidas=0 | duracionMs=1144
2026-08-25 11:41:06.917 [SpringApplicationShutdownHook] [] INFO  o.s.b.w.e.tomcat.GracefulShutdown - Commencing graceful shutdown. Waiting for active requests to complete
2026-08-25 11:41:06.929 [tomcat-shutdown] [] INFO  o.s.b.w.e.tomcat.GracefulShutdown - Graceful shutdown complete
2026-08-25 11:41:06.933 [SpringApplicationShutdownHook] [] INFO  o.s.o.j.LocalContainerEntityManagerFactoryBean - Closing JPA EntityManagerFactory for persistence unit 'default'
2026-08-25 11:41:06.934 [SpringApplicationShutdownHook] [] INFO  com.zaxxer.hikari.HikariDataSource - HikariPool-1 - Shutdown initiated...
2026-08-25 11:41:06.936 [SpringApplicationShutdownHook] [] INFO  com.zaxxer.hikari.HikariDataSource - HikariPool-1 - Shutdown completed.
