2026-08-24 15:20:23.491 [main] [] ERROR o.s.boot.SpringApplication - Application run failed
org.yaml.snakeyaml.constructor.DuplicateKeyException: while constructing a mapping
 in 'reader', line 1, column 1:
    spring:
    ^
found duplicate key app
 in 'reader', line 87, column 1:
    app:
    ^

	at org.yaml.snakeyaml.constructor.SafeConstructor.processDuplicateKeys(SafeConstructor.java:126)
	at org.yaml.snakeyaml.constructor.SafeConstructor.flattenMapping(SafeConstructor.java:78)
	at org.yaml.snakeyaml.constructor.SafeConstructor.flattenMapping(SafeConstructor.java:73)
	at org.yaml.snakeyaml.constructor.SafeConstructor.constructMapping2ndStep(SafeConstructor.java:209)
	at org.yaml.snakeyaml.constructor.BaseConstructor.constructMapping(BaseConstructor.java:552)
	at org.yaml.snakeyaml.constructor.SafeConstructor$ConstructYamlMap.construct(SafeConstructor.java:597)
	at org.yaml.snakeyaml.constructor.BaseConstructor.constructObjectNoCheck(BaseConstructor.java:264)
	at org.yaml.snakeyaml.constructor.BaseConstructor.constructObject(BaseConstructor.java:247)
	at org.springframework.boot.env.OriginTrackedYamlLoader$OriginTrackingConstructor.constructObject(OriginTrackedYamlLoader.java:119)
	at org.yaml.snakeyaml.constructor.BaseConstructor.constructDocument(BaseConstructor.java:201)
	at org.yaml.snakeyaml.constructor.BaseConstructor.getData(BaseConstructor.java:166)
	at org.springframework.boot.env.OriginTrackedYamlLoader$OriginTrackingConstructor.getData(OriginTrackedYamlLoader.java:99)
	at org.yaml.snakeyaml.Yaml$1.next(Yaml.java:529)
	at org.springframework.beans.factory.config.YamlProcessor.process(YamlProcessor.java:203)
	at org.springframework.beans.factory.config.YamlProcessor.process(YamlProcessor.java:169)
	at org.springframework.boot.env.OriginTrackedYamlLoader.load(OriginTrackedYamlLoader.java:84)
	at org.springframework.boot.env.YamlPropertySourceLoader.load(YamlPropertySourceLoader.java:50)
	at org.springframework.boot.context.config.StandardConfigDataLoader.load(StandardConfigDataLoader.java:54)
	at org.springframework.boot.context.config.StandardConfigDataLoader.load(StandardConfigDataLoader.java:36)
	at org.springframework.boot.context.config.ConfigDataLoaders.load(ConfigDataLoaders.java:96)
	at org.springframework.boot.context.config.ConfigDataImporter.load(ConfigDataImporter.java:132)
	at org.springframework.boot.context.config.ConfigDataImporter.resolveAndLoad(ConfigDataImporter.java:87)
	at org.springframework.boot.context.config.ConfigDataEnvironmentContributors.withProcessedImports(ConfigDataEnvironmentContributors.java:121)
	at org.springframework.boot.context.config.ConfigDataEnvironment.processInitial(ConfigDataEnvironment.java:245)
	at org.springframework.boot.context.config.ConfigDataEnvironment.processAndApply(ConfigDataEnvironment.java:232)
	at org.springframework.boot.context.config.ConfigDataEnvironmentPostProcessor.postProcessEnvironment(ConfigDataEnvironmentPostProcessor.java:96)
	at org.springframework.boot.context.config.ConfigDataEnvironmentPostProcessor.postProcessEnvironment(ConfigDataEnvironmentPostProcessor.java:89)
	at org.springframework.boot.env.EnvironmentPostProcessorApplicationListener.onApplicationEnvironmentPreparedEvent(EnvironmentPostProcessorApplicationListener.java:132)
	at org.springframework.boot.env.EnvironmentPostProcessorApplicationListener.onApplicationEvent(EnvironmentPostProcessorApplicationListener.java:115)
	at org.springframework.context.event.SimpleApplicationEventMulticaster.doInvokeListener(SimpleApplicationEventMulticaster.java:185)
	at org.springframework.context.event.SimpleApplicationEventMulticaster.invokeListener(SimpleApplicationEventMulticaster.java:178)
	at org.springframework.context.event.SimpleApplicationEventMulticaster.multicastEvent(SimpleApplicationEventMulticaster.java:156)
	at org.springframework.context.event.SimpleApplicationEventMulticaster.multicastEvent(SimpleApplicationEventMulticaster.java:138)
	at org.springframework.boot.context.event.EventPublishingRunListener.multicastInitialEvent(EventPublishingRunListener.java:136)
	at org.springframework.boot.context.event.EventPublishingRunListener.environmentPrepared(EventPublishingRunListener.java:81)
	at org.springframework.boot.SpringApplicationRunListeners.lambda$environmentPrepared$2(SpringApplicationRunListeners.java:64)
	at java.base/java.lang.Iterable.forEach(Iterable.java:75)
	at org.springframework.boot.SpringApplicationRunListeners.doWithListeners(SpringApplicationRunListeners.java:118)
	at org.springframework.boot.SpringApplicationRunListeners.doWithListeners(SpringApplicationRunListeners.java:112)
	at org.springframework.boot.SpringApplicationRunListeners.environmentPrepared(SpringApplicationRunListeners.java:63)
	at org.springframework.boot.SpringApplication.prepareEnvironment(SpringApplication.java:353)
	at org.springframework.boot.SpringApplication.run(SpringApplication.java:313)
	at org.springframework.boot.SpringApplication.run(SpringApplication.java:1361)
	at org.springframework.boot.SpringApplication.run(SpringApplication.java:1350)
	at com.erp.sri_files.SriFilesApplication.main(SriFilesApplication.java:19)
2026-08-24 15:22:40.758 [main] [] INFO  o.s.c.c.c.ConfigServicePropertySourceLocator - Fetching config from server at : http://localhost:8888
2026-08-24 15:22:40.826 [main] [] INFO  o.s.c.c.c.ConfigServicePropertySourceLocator - Located environment: name=msvc-sri, profiles=[default], label=null, version=null, state=null
2026-08-24 15:22:40.827 [main] [] INFO  o.s.c.b.c.PropertySourceBootstrapConfiguration - Located property source: [BootstrapPropertySource {name='bootstrapProperties-configClient'}, BootstrapPropertySource {name='bootstrapProperties-classpath:/config-data/msvc-sri.yml'}]
2026-08-24 15:22:40.841 [main] [] INFO  c.erp.sri_files.SriFilesApplication - The following 1 profile is active: "local"
2026-08-24 15:22:40.848 [main] [] INFO  o.s.c.c.c.ConfigServerConfigDataLoader - Fetching config from server at : http://config-server:8888
2026-08-24 15:22:40.848 [main] [] INFO  o.s.c.c.c.ConfigServerConfigDataLoader - Exception on Url - http://config-server:8888:org.springframework.web.client.ResourceAccessException: I/O error on GET request for "http://config-server:8888/msvc-sri/default": config-server. Will be trying the next url if available
2026-08-24 15:22:40.848 [main] [] WARN  o.s.c.c.c.ConfigServerConfigDataLoader - Could not locate PropertySource ([ConfigServerConfigDataResource@45bf6f39 uris = array<String>['http://config-server:8888'], optional = true, profiles = 'default']): I/O error on GET request for "http://config-server:8888/msvc-sri/default": config-server
2026-08-24 15:22:40.848 [main] [] INFO  o.s.c.c.c.ConfigServerConfigDataLoader - Fetching config from server at : http://config-server:8888
2026-08-24 15:22:40.848 [main] [] INFO  o.s.c.c.c.ConfigServerConfigDataLoader - Exception on Url - http://config-server:8888:org.springframework.web.client.ResourceAccessException: I/O error on GET request for "http://config-server:8888/msvc-sri/local": config-server. Will be trying the next url if available
2026-08-24 15:22:40.848 [main] [] WARN  o.s.c.c.c.ConfigServerConfigDataLoader - Could not locate PropertySource ([ConfigServerConfigDataResource@618ad2aa uris = array<String>['http://config-server:8888'], optional = true, profiles = 'local']): I/O error on GET request for "http://config-server:8888/msvc-sri/local": config-server
2026-08-24 15:22:40.848 [main] [] INFO  o.s.c.c.c.ConfigServerConfigDataLoader - Fetching config from server at : http://config-server:8888
2026-08-24 15:22:40.848 [main] [] INFO  o.s.c.c.c.ConfigServerConfigDataLoader - Exception on Url - http://config-server:8888:org.springframework.web.client.ResourceAccessException: I/O error on GET request for "http://config-server:8888/msvc-sri/default": config-server. Will be trying the next url if available
2026-08-24 15:22:40.848 [main] [] WARN  o.s.c.c.c.ConfigServerConfigDataLoader - Could not locate PropertySource ([ConfigServerConfigDataResource@1aa6e3c0 uris = array<String>['http://config-server:8888'], optional = true, profiles = 'default']): I/O error on GET request for "http://config-server:8888/msvc-sri/default": config-server
2026-08-24 15:22:41.293 [main] [] INFO  o.s.d.r.c.RepositoryConfigurationDelegate - Bootstrapping Spring Data JPA repositories in DEFAULT mode.
2026-08-24 15:22:41.382 [main] [] INFO  o.s.d.r.c.RepositoryConfigurationDelegate - Finished Spring Data repository scanning in 82 ms. Found 8 JPA repository interfaces.
2026-08-24 15:22:41.505 [main] [] INFO  o.s.cloud.context.scope.GenericScope - BeanFactory id=b1df5c56-7dd5-3f3c-9196-f1b7c82c2a60
2026-08-24 15:22:41.739 [main] [] INFO  o.s.b.w.e.tomcat.TomcatWebServer - Tomcat initialized with port 9096 (http)
2026-08-24 15:22:41.747 [main] [] INFO  o.a.coyote.http11.Http11NioProtocol - Initializing ProtocolHandler ["http-nio-9096"]
2026-08-24 15:22:41.748 [main] [] INFO  o.a.catalina.core.StandardService - Starting service [Tomcat]
2026-08-24 15:22:41.748 [main] [] INFO  o.a.catalina.core.StandardEngine - Starting Servlet engine: [Apache Tomcat/10.1.34]
2026-08-24 15:22:41.799 [main] [] INFO  o.a.c.c.C.[Tomcat].[localhost].[/] - Initializing Spring embedded WebApplicationContext
2026-08-24 15:22:41.799 [main] [] INFO  o.s.b.w.s.c.ServletWebServerApplicationContext - Root WebApplicationContext: initialization completed in 951 ms
2026-08-24 15:22:41.842 [main] [] DEBUG c.e.sri_files.config.RateLimitFilter - Filter 'rateLimitFilter' configured for use
2026-08-24 15:22:41.842 [main] [] DEBUG c.e.sri_files.config.RequestIdFilter - Filter 'requestIdFilter' configured for use
2026-08-24 15:22:41.842 [main] [] DEBUG c.erp.sri_files.config.ApiKeyFilter - Filter 'apiKeyFilter' configured for use
2026-08-24 15:22:41.842 [main] [] DEBUG c.e.s.config.SecurityHeadersFilter - Filter 'securityHeadersFilter' configured for use
2026-08-24 15:22:42.179 [main] [] INFO  o.s.o.j.p.SpringPersistenceUnitInfo - No LoadTimeWeaver setup: ignoring JPA class transformer
2026-08-24 15:22:42.200 [main] [] INFO  com.zaxxer.hikari.HikariDataSource - HikariPool-1 - Starting...
2026-08-24 15:22:42.298 [main] [] INFO  com.zaxxer.hikari.pool.HikariPool - HikariPool-1 - Added connection org.postgresql.jdbc.PgConnection@2b3d03b2
2026-08-24 15:22:42.299 [main] [] INFO  com.zaxxer.hikari.HikariDataSource - HikariPool-1 - Start completed.
2026-08-24 15:22:42.332 [main] [] WARN  org.hibernate.orm.deprecation - HHH90000025: PostgreSQLDialect does not need to be specified explicitly using 'hibernate.dialect' (remove the property setting and it will be selected by default)
2026-08-24 15:22:43.088 [main] [] INFO  o.s.o.j.LocalContainerEntityManagerFactoryBean - Initialized JPA EntityManagerFactory for persistence unit 'default'
2026-08-24 15:22:43.281 [main] [] INFO  o.s.d.j.r.query.QueryEnhancerFactory - Hibernate is in classpath; If applicable, HQL parser will be used.
2026-08-24 15:22:44.127 [main] [] WARN  o.s.b.w.s.c.AnnotationConfigServletWebServerApplicationContext - Exception encountered during context initialization - cancelling refresh attempt: org.springframework.beans.factory.UnsatisfiedDependencyException: Error creating bean with name 'facturaController' defined in file [C:\Users\Alexi\Documents\PROYECTOS_EPMAPA-T\microservicesEpmapa-T\sri-files\target\classes\com\erp\sri_files\controllers\FacturaController.class]: Unsatisfied dependency expressed through constructor parameter 0: Error creating bean with name 'facturaR' defined in com.erp.sri_files.repositories.FacturaR defined in @EnableJpaRepositories declared on JpaRepositoriesRegistrar.EnableJpaRepositoriesConfiguration: Could not create query for public abstract java.util.List com.erp.sri_files.repositories.FacturaR.findSinFechaAutorizacion(); Reason: Validation failed for query for method public abstract java.util.List com.erp.sri_files.repositories.FacturaR.findSinFechaAutorizacion()
2026-08-24 15:22:44.128 [main] [] INFO  o.s.o.j.LocalContainerEntityManagerFactoryBean - Closing JPA EntityManagerFactory for persistence unit 'default'
2026-08-24 15:22:44.128 [main] [] INFO  com.zaxxer.hikari.HikariDataSource - HikariPool-1 - Shutdown initiated...
2026-08-24 15:22:44.129 [main] [] INFO  com.zaxxer.hikari.HikariDataSource - HikariPool-1 - Shutdown completed.
2026-08-24 15:22:44.131 [main] [] INFO  o.a.catalina.core.StandardService - Stopping service [Tomcat]
2026-08-24 15:22:44.140 [main] [] INFO  o.s.b.a.l.ConditionEvaluationReportLogger - 

Error starting ApplicationContext. To display the condition evaluation report re-run your application with 'debug' enabled.
2026-08-24 15:22:44.149 [main] [] ERROR o.s.boot.SpringApplication - Application run failed
org.springframework.beans.factory.UnsatisfiedDependencyException: Error creating bean with name 'facturaController' defined in file [C:\Users\Alexi\Documents\PROYECTOS_EPMAPA-T\microservicesEpmapa-T\sri-files\target\classes\com\erp\sri_files\controllers\FacturaController.class]: Unsatisfied dependency expressed through constructor parameter 0: Error creating bean with name 'facturaR' defined in com.erp.sri_files.repositories.FacturaR defined in @EnableJpaRepositories declared on JpaRepositoriesRegistrar.EnableJpaRepositoriesConfiguration: Could not create query for public abstract java.util.List com.erp.sri_files.repositories.FacturaR.findSinFechaAutorizacion(); Reason: Validation failed for query for method public abstract java.util.List com.erp.sri_files.repositories.FacturaR.findSinFechaAutorizacion()
	at org.springframework.beans.factory.support.ConstructorResolver.createArgumentArray(ConstructorResolver.java:804)
	at org.springframework.beans.factory.support.ConstructorResolver.autowireConstructor(ConstructorResolver.java:240)
	at org.springframework.beans.factory.support.AbstractAutowireCapableBeanFactory.autowireConstructor(AbstractAutowireCapableBeanFactory.java:1377)
	at org.springframework.beans.factory.support.AbstractAutowireCapableBeanFactory.createBeanInstance(AbstractAutowireCapableBeanFactory.java:1214)
	at org.springframework.beans.factory.support.AbstractAutowireCapableBeanFactory.doCreateBean(AbstractAutowireCapableBeanFactory.java:563)
	at org.springframework.beans.factory.support.AbstractAutowireCapableBeanFactory.createBean(AbstractAutowireCapableBeanFactory.java:523)
	at org.springframework.beans.factory.support.AbstractBeanFactory.lambda$doGetBean$0(AbstractBeanFactory.java:336)
	at org.springframework.beans.factory.support.DefaultSingletonBeanRegistry.getSingleton(DefaultSingletonBeanRegistry.java:289)
	at org.springframework.beans.factory.support.AbstractBeanFactory.doGetBean(AbstractBeanFactory.java:334)
	at org.springframework.beans.factory.support.AbstractBeanFactory.getBean(AbstractBeanFactory.java:199)
	at org.springframework.beans.factory.support.DefaultListableBeanFactory.instantiateSingleton(DefaultListableBeanFactory.java:1122)
	at org.springframework.beans.factory.support.DefaultListableBeanFactory.preInstantiateSingleton(DefaultListableBeanFactory.java:1093)
	at org.springframework.beans.factory.support.DefaultListableBeanFactory.preInstantiateSingletons(DefaultListableBeanFactory.java:1030)
	at org.springframework.context.support.AbstractApplicationContext.finishBeanFactoryInitialization(AbstractApplicationContext.java:987)
	at org.springframework.context.support.AbstractApplicationContext.refresh(AbstractApplicationContext.java:627)
	at org.springframework.boot.web.servlet.context.ServletWebServerApplicationContext.refresh(ServletWebServerApplicationContext.java:146)
	at org.springframework.boot.SpringApplication.refresh(SpringApplication.java:752)
	at org.springframework.boot.SpringApplication.refreshContext(SpringApplication.java:439)
	at org.springframework.boot.SpringApplication.run(SpringApplication.java:318)
	at org.springframework.boot.SpringApplication.run(SpringApplication.java:1361)
	at org.springframework.boot.SpringApplication.run(SpringApplication.java:1350)
	at com.erp.sri_files.SriFilesApplication.main(SriFilesApplication.java:19)
Caused by: org.springframework.beans.factory.BeanCreationException: Error creating bean with name 'facturaR' defined in com.erp.sri_files.repositories.FacturaR defined in @EnableJpaRepositories declared on JpaRepositoriesRegistrar.EnableJpaRepositoriesConfiguration: Could not create query for public abstract java.util.List com.erp.sri_files.repositories.FacturaR.findSinFechaAutorizacion(); Reason: Validation failed for query for method public abstract java.util.List com.erp.sri_files.repositories.FacturaR.findSinFechaAutorizacion()
	at org.springframework.beans.factory.support.AbstractAutowireCapableBeanFactory.initializeBean(AbstractAutowireCapableBeanFactory.java:1808)
	at org.springframework.beans.factory.support.AbstractAutowireCapableBeanFactory.doCreateBean(AbstractAutowireCapableBeanFactory.java:601)
	at org.springframework.beans.factory.support.AbstractAutowireCapableBeanFactory.createBean(AbstractAutowireCapableBeanFactory.java:523)
	at org.springframework.beans.factory.support.AbstractBeanFactory.lambda$doGetBean$0(AbstractBeanFactory.java:336)
	at org.springframework.beans.factory.support.DefaultSingletonBeanRegistry.getSingleton(DefaultSingletonBeanRegistry.java:289)
	at org.springframework.beans.factory.support.AbstractBeanFactory.doGetBean(AbstractBeanFactory.java:334)
	at org.springframework.beans.factory.support.AbstractBeanFactory.getBean(AbstractBeanFactory.java:199)
	at org.springframework.beans.factory.config.DependencyDescriptor.resolveCandidate(DependencyDescriptor.java:254)
	at org.springframework.beans.factory.support.DefaultListableBeanFactory.doResolveDependency(DefaultListableBeanFactory.java:1631)
	at org.springframework.beans.factory.support.DefaultListableBeanFactory.resolveDependency(DefaultListableBeanFactory.java:1519)
	at org.springframework.beans.factory.support.ConstructorResolver.resolveAutowiredArgument(ConstructorResolver.java:913)
	at org.springframework.beans.factory.support.ConstructorResolver.createArgumentArray(ConstructorResolver.java:791)
	... 21 common frames omitted
Caused by: org.springframework.data.repository.query.QueryCreationException: Could not create query for public abstract java.util.List com.erp.sri_files.repositories.FacturaR.findSinFechaAutorizacion(); Reason: Validation failed for query for method public abstract java.util.List com.erp.sri_files.repositories.FacturaR.findSinFechaAutorizacion()
	at org.springframework.data.repository.query.QueryCreationException.create(QueryCreationException.java:101)
	at org.springframework.data.repository.core.support.QueryExecutorMethodInterceptor.lookupQuery(QueryExecutorMethodInterceptor.java:120)
	at org.springframework.data.repository.core.support.QueryExecutorMethodInterceptor.mapMethodsToQuery(QueryExecutorMethodInterceptor.java:104)
	at org.springframework.data.repository.core.support.QueryExecutorMethodInterceptor.lambda$new$0(QueryExecutorMethodInterceptor.java:92)
	at java.base/java.util.Optional.map(Optional.java:260)
	at org.springframework.data.repository.core.support.QueryExecutorMethodInterceptor.<init>(QueryExecutorMethodInterceptor.java:92)
	at org.springframework.data.repository.core.support.RepositoryFactorySupport.getRepository(RepositoryFactorySupport.java:440)
	at org.springframework.data.repository.core.support.RepositoryFactoryBeanSupport.lambda$afterPropertiesSet$4(RepositoryFactoryBeanSupport.java:350)
	at org.springframework.data.util.Lazy.getNullable(Lazy.java:135)
	at org.springframework.data.util.Lazy.get(Lazy.java:113)
	at org.springframework.data.repository.core.support.RepositoryFactoryBeanSupport.afterPropertiesSet(RepositoryFactoryBeanSupport.java:356)
	at org.springframework.data.jpa.repository.support.JpaRepositoryFactoryBean.afterPropertiesSet(JpaRepositoryFactoryBean.java:132)
	at org.springframework.beans.factory.support.AbstractAutowireCapableBeanFactory.invokeInitMethods(AbstractAutowireCapableBeanFactory.java:1855)
	at org.springframework.beans.factory.support.AbstractAutowireCapableBeanFactory.initializeBean(AbstractAutowireCapableBeanFactory.java:1804)
	... 32 common frames omitted
Caused by: java.lang.IllegalArgumentException: Validation failed for query for method public abstract java.util.List com.erp.sri_files.repositories.FacturaR.findSinFechaAutorizacion()
	at org.springframework.data.jpa.repository.query.SimpleJpaQuery.validateQuery(SimpleJpaQuery.java:97)
	at org.springframework.data.jpa.repository.query.SimpleJpaQuery.<init>(SimpleJpaQuery.java:67)
	at org.springframework.data.jpa.repository.query.JpaQueryFactory.fromMethodWithQueryString(JpaQueryFactory.java:49)
	at org.springframework.data.jpa.repository.query.JpaQueryLookupStrategy$DeclaredQueryLookupStrategy.resolveQuery(JpaQueryLookupStrategy.java:174)
	at org.springframework.data.jpa.repository.query.JpaQueryLookupStrategy$CreateIfNotFoundQueryLookupStrategy.resolveQuery(JpaQueryLookupStrategy.java:256)
	at org.springframework.data.jpa.repository.query.JpaQueryLookupStrategy$AbstractQueryLookupStrategy.resolveQuery(JpaQueryLookupStrategy.java:99)
	at org.springframework.data.repository.core.support.QueryExecutorMethodInterceptor.lookupQuery(QueryExecutorMethodInterceptor.java:116)
	... 44 common frames omitted
Caused by: java.lang.IllegalArgumentException: org.hibernate.query.sqm.UnknownPathException: Could not resolve attribute 'fecha_emision' of 'com.erp.sri_files.models.Factura' [SELECT f FROM Factura f WHERE f.fecha_autorizacion IS NULL AND f.fecha_emision IS NOT NULL]
	at org.hibernate.internal.ExceptionConverterImpl.convert(ExceptionConverterImpl.java:143)
	at org.hibernate.internal.ExceptionConverterImpl.convert(ExceptionConverterImpl.java:167)
	at org.hibernate.internal.ExceptionConverterImpl.convert(ExceptionConverterImpl.java:173)
	at org.hibernate.internal.AbstractSharedSessionContract.createQuery(AbstractSharedSessionContract.java:886)
	at org.hibernate.internal.AbstractSharedSessionContract.createQuery(AbstractSharedSessionContract.java:796)
	at org.hibernate.internal.AbstractSharedSessionContract.createQuery(AbstractSharedSessionContract.java:143)
	at java.base/jdk.internal.reflect.DirectMethodHandleAccessor.invoke(DirectMethodHandleAccessor.java:103)
	at java.base/java.lang.reflect.Method.invoke(Method.java:580)
	at org.springframework.orm.jpa.ExtendedEntityManagerCreator$ExtendedEntityManagerInvocationHandler.invoke(ExtendedEntityManagerCreator.java:364)
	at jdk.proxy2/jdk.proxy2.$Proxy163.createQuery(Unknown Source)
	at org.springframework.data.jpa.repository.query.SimpleJpaQuery.validateQuery(SimpleJpaQuery.java:91)
	... 50 common frames omitted
Caused by: org.hibernate.query.sqm.UnknownPathException: Could not resolve attribute 'fecha_emision' of 'com.erp.sri_files.models.Factura' [SELECT f FROM Factura f WHERE f.fecha_autorizacion IS NULL AND f.fecha_emision IS NOT NULL]
	at org.hibernate.query.hql.internal.StandardHqlTranslator.translate(StandardHqlTranslator.java:88)
	at org.hibernate.query.internal.QueryInterpretationCacheStandardImpl.createHqlInterpretation(QueryInterpretationCacheStandardImpl.java:145)
	at org.hibernate.query.internal.QueryInterpretationCacheStandardImpl.resolveHqlInterpretation(QueryInterpretationCacheStandardImpl.java:132)
	at org.hibernate.query.spi.QueryEngine.interpretHql(QueryEngine.java:54)
	at org.hibernate.internal.AbstractSharedSessionContract.interpretHql(AbstractSharedSessionContract.java:832)
	at org.hibernate.internal.AbstractSharedSessionContract.createQuery(AbstractSharedSessionContract.java:878)
	... 57 common frames omitted
Caused by: org.hibernate.query.sqm.PathElementException: Could not resolve attribute 'fecha_emision' of 'com.erp.sri_files.models.Factura'
	at org.hibernate.query.sqm.SqmPathSource.getSubPathSource(SqmPathSource.java:95)
	at org.hibernate.query.sqm.tree.domain.AbstractSqmPath.get(AbstractSqmPath.java:198)
	at org.hibernate.query.sqm.tree.domain.AbstractSqmFrom.resolvePathPart(AbstractSqmFrom.java:198)
	at org.hibernate.query.hql.internal.DomainPathPart.resolvePathPart(DomainPathPart.java:42)
	at org.hibernate.query.hql.internal.BasicDotIdentifierConsumer.consumeIdentifier(BasicDotIdentifierConsumer.java:92)
	at org.hibernate.query.hql.internal.SemanticQueryBuilder.visitSimplePath(SemanticQueryBuilder.java:5465)
	at org.hibernate.query.hql.internal.SemanticQueryBuilder.visitGeneralPathFragment(SemanticQueryBuilder.java:5298)
	at org.hibernate.query.hql.internal.SemanticQueryBuilder.visitGeneralPathExpression(SemanticQueryBuilder.java:1891)
	at org.hibernate.grammars.hql.HqlParser$GeneralPathExpressionContext.accept(HqlParser.java:8268)
	at org.antlr.v4.runtime.tree.AbstractParseTreeVisitor.visitChildren(AbstractParseTreeVisitor.java:46)
	at org.hibernate.grammars.hql.HqlParserBaseVisitor.visitBarePrimaryExpression(HqlParserBaseVisitor.java:812)
	at org.hibernate.grammars.hql.HqlParser$BarePrimaryExpressionContext.accept(HqlParser.java:7726)
	at org.hibernate.query.hql.internal.SemanticQueryBuilder.visitIsNullPredicate(SemanticQueryBuilder.java:2442)
	at org.hibernate.query.hql.internal.SemanticQueryBuilder.visitIsNullPredicate(SemanticQueryBuilder.java:277)
	at org.hibernate.grammars.hql.HqlParser$IsNullPredicateContext.accept(HqlParser.java:6774)
	at org.hibernate.query.hql.internal.SemanticQueryBuilder.visitAndPredicate(SemanticQueryBuilder.java:2379)
	at org.hibernate.query.hql.internal.SemanticQueryBuilder.visitAndPredicate(SemanticQueryBuilder.java:277)
	at org.hibernate.grammars.hql.HqlParser$AndPredicateContext.accept(HqlParser.java:6461)
	at org.hibernate.query.hql.internal.SemanticQueryBuilder.visitWhereClause(SemanticQueryBuilder.java:2361)
	at org.hibernate.query.hql.internal.SemanticQueryBuilder.visitWhereClause(SemanticQueryBuilder.java:277)
	at org.hibernate.grammars.hql.HqlParser$WhereClauseContext.accept(HqlParser.java:6302)
	at org.hibernate.query.hql.internal.SemanticQueryBuilder.visitQuery(SemanticQueryBuilder.java:1259)
	at org.hibernate.query.hql.internal.SemanticQueryBuilder.visitQuerySpecExpression(SemanticQueryBuilder.java:1040)
	at org.hibernate.query.hql.internal.SemanticQueryBuilder.visitQuerySpecExpression(SemanticQueryBuilder.java:277)
	at org.hibernate.grammars.hql.HqlParser$QuerySpecExpressionContext.accept(HqlParser.java:2134)
	at org.hibernate.query.hql.internal.SemanticQueryBuilder.visitSimpleQueryGroup(SemanticQueryBuilder.java:1025)
	at org.hibernate.query.hql.internal.SemanticQueryBuilder.visitSimpleQueryGroup(SemanticQueryBuilder.java:277)
	at org.hibernate.grammars.hql.HqlParser$SimpleQueryGroupContext.accept(HqlParser.java:2005)
	at org.hibernate.query.hql.internal.SemanticQueryBuilder.visitSelectStatement(SemanticQueryBuilder.java:492)
	at org.hibernate.query.hql.internal.SemanticQueryBuilder.visitStatement(SemanticQueryBuilder.java:451)
	at org.hibernate.query.hql.internal.SemanticQueryBuilder.buildSemanticModel(SemanticQueryBuilder.java:324)
	at org.hibernate.query.hql.internal.StandardHqlTranslator.translate(StandardHqlTranslator.java:71)
	... 62 common frames omitted
2026-08-24 15:38:17.254 [main] [] INFO  o.s.c.c.c.ConfigServicePropertySourceLocator - Fetching config from server at : http://localhost:8888
2026-08-24 15:38:17.282 [main] [] INFO  o.s.c.c.c.ConfigServicePropertySourceLocator - Located environment: name=msvc-sri, profiles=[default], label=null, version=null, state=null
2026-08-24 15:38:17.283 [main] [] INFO  o.s.c.b.c.PropertySourceBootstrapConfiguration - Located property source: [BootstrapPropertySource {name='bootstrapProperties-configClient'}, BootstrapPropertySource {name='bootstrapProperties-classpath:/config-data/msvc-sri.yml'}]
2026-08-24 15:38:17.293 [main] [] INFO  c.erp.sri_files.SriFilesApplication - The following 1 profile is active: "local"
2026-08-24 15:38:17.300 [main] [] INFO  o.s.c.c.c.ConfigServerConfigDataLoader - Fetching config from server at : http://config-server:8888
2026-08-24 15:38:17.300 [main] [] INFO  o.s.c.c.c.ConfigServerConfigDataLoader - Exception on Url - http://config-server:8888:org.springframework.web.client.ResourceAccessException: I/O error on GET request for "http://config-server:8888/msvc-sri/default": config-server. Will be trying the next url if available
2026-08-24 15:38:17.300 [main] [] WARN  o.s.c.c.c.ConfigServerConfigDataLoader - Could not locate PropertySource ([ConfigServerConfigDataResource@45bf6f39 uris = array<String>['http://config-server:8888'], optional = true, profiles = 'default']): I/O error on GET request for "http://config-server:8888/msvc-sri/default": config-server
2026-08-24 15:38:17.300 [main] [] INFO  o.s.c.c.c.ConfigServerConfigDataLoader - Fetching config from server at : http://config-server:8888
2026-08-24 15:38:17.300 [main] [] INFO  o.s.c.c.c.ConfigServerConfigDataLoader - Exception on Url - http://config-server:8888:org.springframework.web.client.ResourceAccessException: I/O error on GET request for "http://config-server:8888/msvc-sri/local": config-server. Will be trying the next url if available
2026-08-24 15:38:17.300 [main] [] WARN  o.s.c.c.c.ConfigServerConfigDataLoader - Could not locate PropertySource ([ConfigServerConfigDataResource@618ad2aa uris = array<String>['http://config-server:8888'], optional = true, profiles = 'local']): I/O error on GET request for "http://config-server:8888/msvc-sri/local": config-server
2026-08-24 15:38:17.300 [main] [] INFO  o.s.c.c.c.ConfigServerConfigDataLoader - Fetching config from server at : http://config-server:8888
2026-08-24 15:38:17.300 [main] [] INFO  o.s.c.c.c.ConfigServerConfigDataLoader - Exception on Url - http://config-server:8888:org.springframework.web.client.ResourceAccessException: I/O error on GET request for "http://config-server:8888/msvc-sri/default": config-server. Will be trying the next url if available
2026-08-24 15:38:17.300 [main] [] WARN  o.s.c.c.c.ConfigServerConfigDataLoader - Could not locate PropertySource ([ConfigServerConfigDataResource@1aa6e3c0 uris = array<String>['http://config-server:8888'], optional = true, profiles = 'default']): I/O error on GET request for "http://config-server:8888/msvc-sri/default": config-server
2026-08-24 15:38:17.702 [main] [] INFO  o.s.d.r.c.RepositoryConfigurationDelegate - Bootstrapping Spring Data JPA repositories in DEFAULT mode.
2026-08-24 15:38:17.785 [main] [] INFO  o.s.d.r.c.RepositoryConfigurationDelegate - Finished Spring Data repository scanning in 77 ms. Found 8 JPA repository interfaces.
2026-08-24 15:38:17.913 [main] [] INFO  o.s.cloud.context.scope.GenericScope - BeanFactory id=b1df5c56-7dd5-3f3c-9196-f1b7c82c2a60
2026-08-24 15:38:18.134 [main] [] INFO  o.s.b.w.e.tomcat.TomcatWebServer - Tomcat initialized with port 9096 (http)
2026-08-24 15:38:18.141 [main] [] INFO  o.a.coyote.http11.Http11NioProtocol - Initializing ProtocolHandler ["http-nio-9096"]
2026-08-24 15:38:18.143 [main] [] INFO  o.a.catalina.core.StandardService - Starting service [Tomcat]
2026-08-24 15:38:18.143 [main] [] INFO  o.a.catalina.core.StandardEngine - Starting Servlet engine: [Apache Tomcat/10.1.34]
2026-08-24 15:38:18.190 [main] [] INFO  o.a.c.c.C.[Tomcat].[localhost].[/] - Initializing Spring embedded WebApplicationContext
2026-08-24 15:38:18.190 [main] [] INFO  o.s.b.w.s.c.ServletWebServerApplicationContext - Root WebApplicationContext: initialization completed in 890 ms
2026-08-24 15:38:18.232 [main] [] DEBUG c.e.sri_files.config.RateLimitFilter - Filter 'rateLimitFilter' configured for use
2026-08-24 15:38:18.232 [main] [] DEBUG c.e.sri_files.config.RequestIdFilter - Filter 'requestIdFilter' configured for use
2026-08-24 15:38:18.232 [main] [] DEBUG c.erp.sri_files.config.ApiKeyFilter - Filter 'apiKeyFilter' configured for use
2026-08-24 15:38:18.232 [main] [] DEBUG c.e.s.config.SecurityHeadersFilter - Filter 'securityHeadersFilter' configured for use
2026-08-24 15:38:18.483 [main] [] INFO  o.s.o.j.p.SpringPersistenceUnitInfo - No LoadTimeWeaver setup: ignoring JPA class transformer
2026-08-24 15:38:18.499 [main] [] INFO  com.zaxxer.hikari.HikariDataSource - HikariPool-1 - Starting...
2026-08-24 15:38:18.699 [main] [] INFO  com.zaxxer.hikari.pool.HikariPool - HikariPool-1 - Added connection org.postgresql.jdbc.PgConnection@2b3d03b2
2026-08-24 15:38:18.700 [main] [] INFO  com.zaxxer.hikari.HikariDataSource - HikariPool-1 - Start completed.
2026-08-24 15:38:18.719 [main] [] WARN  org.hibernate.orm.deprecation - HHH90000025: PostgreSQLDialect does not need to be specified explicitly using 'hibernate.dialect' (remove the property setting and it will be selected by default)
2026-08-24 15:38:19.372 [main] [] INFO  o.s.o.j.LocalContainerEntityManagerFactoryBean - Initialized JPA EntityManagerFactory for persistence unit 'default'
2026-08-24 15:38:19.531 [main] [] INFO  o.s.d.j.r.query.QueryEnhancerFactory - Hibernate is in classpath; If applicable, HQL parser will be used.
2026-08-24 15:38:20.499 [main] [] WARN  o.s.b.a.t.ThymeleafAutoConfiguration$DefaultTemplateResolverConfiguration - Cannot find template location: classpath:/templates/ (please add some templates, check your Thymeleaf configuration, or set spring.thymeleaf.check-template-location=false)
2026-08-24 15:38:20.620 [main] [] WARN  o.s.b.a.o.j.JpaBaseConfiguration$JpaWebConfiguration - spring.jpa.open-in-view is enabled by default. Therefore, database queries may be performed during view rendering. Explicitly configure spring.jpa.open-in-view to disable this warning
2026-08-24 15:38:20.854 [main] [] INFO  o.s.c.n.e.c.DiscoveryClientOptionalArgsConfiguration - Eureka HTTP Client uses RestTemplate.
2026-08-24 15:38:20.875 [main] [] WARN  o.s.c.l.c.LoadBalancerCacheAutoConfiguration$LoadBalancerCaffeineWarnLogger - Spring Cloud LoadBalancer is currently working with the default cache. While this cache implementation is useful for development and tests, it's recommended to use Caffeine cache in production.You can switch to using Caffeine cache, by adding it and org.springframework.cache.caffeine.CaffeineCacheManager to the classpath.
2026-08-24 15:38:20.883 [main] [] INFO  o.a.coyote.http11.Http11NioProtocol - Starting ProtocolHandler ["http-nio-9096"]
2026-08-24 15:38:20.893 [main] [] INFO  o.s.b.w.e.tomcat.TomcatWebServer - Tomcat started on port 9096 (http) with context path '/'
2026-08-24 15:38:20.910 [main] [] INFO  c.erp.sri_files.SriFilesApplication - Started SriFilesApplication in 11.72 seconds (process running for 12.126)
2026-08-24 15:39:00.012 [sri-files-scheduler-2] [] INFO  c.e.s.s.NuevoDocumentoScheduler - [SCHEDULER][V1] INICIO envío pendientes @ 2026-08-24T15:39:00.012084300
2026-08-24 15:39:00.019 [sri-files-scheduler-1] [] INFO  c.e.s.services.EnvioSriBatchService - [SCHEDULER][sri-files-scheduler-1] INICIO automatizacionEnvioFacturasElectonicas @ 2026-08-24T15:39:00.019422200
2026-08-24 15:39:00.019 [sri-files-scheduler-1] [] INFO  c.e.s.services.EnvioSriBatchService - Ejecutando envio de facturas at=2026-08-24T15:39:00.019422200
2026-08-24 15:39:00.074 [sri-files-scheduler-2] [] WARN  o.h.e.jdbc.spi.SqlExceptionHelper - SQL Error: 0, SQLState: 42P01
2026-08-24 15:39:00.074 [sri-files-scheduler-3] [] WARN  o.h.e.jdbc.spi.SqlExceptionHelper - SQL Error: 0, SQLState: 42P01
2026-08-24 15:39:00.074 [sri-files-scheduler-2] [] ERROR o.h.e.jdbc.spi.SqlExceptionHelper - ERROR: no existe la relación «documento_electronico»
  Position: 1107
2026-08-24 15:39:00.074 [sri-files-scheduler-3] [] ERROR o.h.e.jdbc.spi.SqlExceptionHelper - ERROR: no existe la relación «batch_jobs»
  Position: 220
2026-08-24 15:39:00.079 [sri-files-scheduler-2] [] ERROR c.e.s.s.NuevoDocumentoScheduler - [SCHEDULER][V1] Error en ciclo de envío
org.springframework.dao.InvalidDataAccessResourceUsageException: JDBC exception executing SQL [select de1_0.id,de1_0.ambiente,de1_0.clave_acceso,de1_0.created_at,de1_0.created_by,de1_0.documento_origen_id,de1_0.documento_sustituto_id,de1_0.email_receptor,de1_0.establecimiento,de1_0.estado,de1_0.external_id,de1_0.fecha_anulacion,de1_0.fecha_autorizacion_sri,de1_0.fecha_emision,de1_0.fecha_envio_correo,de1_0.fecha_envio_sri,de1_0.fecha_firma,de1_0.fecha_generacion_ride,de1_0.fecha_generacion_xml,de1_0.fecha_recepcion_json,de1_0.fecha_transaccion_origen,de1_0.fecha_ultima_actualizacion,de1_0.id_origen,de1_0.identificacion_receptor,de1_0.importe_total,de1_0.intentos_autorizacion,de1_0.intentos_correo,de1_0.intentos_envio,de1_0.json_original,de1_0.locked_at,de1_0.locked_by,de1_0.mail_enviado,de1_0.mensaje_sri,de1_0.motivo_correccion,de1_0.numero_autorizacion,de1_0.numero_documento,de1_0.origen_sistema,de1_0.processing_lock,de1_0.punto_emision,de1_0.razon_social_receptor,de1_0.ruc_emisor,de1_0.secuencial,de1_0.subestado,de1_0.subtotal,de1_0.tipo_documento,de1_0.total_descuento,de1_0.total_impuestos,de1_0.updated_at,de1_0.uuid,de1_0.xml_autorizado,de1_0.xml_firmado,de1_0.xml_generado from documento_electronico de1_0 where de1_0.estado in ('RECIBIDO','VALIDANDO') order by de1_0.id fetch first ? rows only] [ERROR: no existe la relación «documento_electronico»
  Position: 1107] [n/a]; SQL [n/a]
	at org.springframework.orm.jpa.vendor.HibernateJpaDialect.convertHibernateAccessException(HibernateJpaDialect.java:277)
	at org.springframework.orm.jpa.vendor.HibernateJpaDialect.translateExceptionIfPossible(HibernateJpaDialect.java:241)
	at org.springframework.orm.jpa.AbstractEntityManagerFactoryBean.translateExceptionIfPossible(AbstractEntityManagerFactoryBean.java:560)
	at org.springframework.dao.support.ChainedPersistenceExceptionTranslator.translateExceptionIfPossible(ChainedPersistenceExceptionTranslator.java:61)
	at org.springframework.dao.support.DataAccessUtils.translateIfNecessary(DataAccessUtils.java:343)
	at org.springframework.dao.support.PersistenceExceptionTranslationInterceptor.invoke(PersistenceExceptionTranslationInterceptor.java:160)
	at org.springframework.aop.framework.ReflectiveMethodInvocation.proceed(ReflectiveMethodInvocation.java:184)
	at org.springframework.data.jpa.repository.support.CrudMethodMetadataPostProcessor$CrudMethodMetadataPopulatingMethodInterceptor.invoke(CrudMethodMetadataPostProcessor.java:136)
	at org.springframework.aop.framework.ReflectiveMethodInvocation.proceed(ReflectiveMethodInvocation.java:184)
	at org.springframework.aop.framework.JdkDynamicAopProxy.invoke(JdkDynamicAopProxy.java:223)
	at jdk.proxy2/jdk.proxy2.$Proxy170.findPendientesProcesamiento(Unknown Source)
	at com.erp.sri_files.scheduler.NuevoDocumentoScheduler.procesarPendientesEnvio(NuevoDocumentoScheduler.java:45)
	at java.base/jdk.internal.reflect.DirectMethodHandleAccessor.invoke(DirectMethodHandleAccessor.java:103)
	at java.base/java.lang.reflect.Method.invoke(Method.java:580)
	at org.springframework.scheduling.support.ScheduledMethodRunnable.runInternal(ScheduledMethodRunnable.java:130)
	at org.springframework.scheduling.support.ScheduledMethodRunnable.lambda$run$2(ScheduledMethodRunnable.java:124)
	at io.micrometer.observation.Observation.observe(Observation.java:498)
	at org.springframework.scheduling.support.ScheduledMethodRunnable.run(ScheduledMethodRunnable.java:124)
	at org.springframework.scheduling.config.Task$OutcomeTrackingRunnable.run(Task.java:85)
	at org.springframework.scheduling.support.DelegatingErrorHandlingRunnable.run(DelegatingErrorHandlingRunnable.java:54)
	at org.springframework.scheduling.concurrent.ReschedulingRunnable.run(ReschedulingRunnable.java:96)
	at java.base/java.util.concurrent.Executors$RunnableAdapter.call(Executors.java:572)
	at java.base/java.util.concurrent.FutureTask.run(FutureTask.java:317)
	at java.base/java.util.concurrent.ScheduledThreadPoolExecutor$ScheduledFutureTask.run(ScheduledThreadPoolExecutor.java:304)
	at java.base/java.util.concurrent.ThreadPoolExecutor.runWorker(ThreadPoolExecutor.java:1144)
	at java.base/java.util.concurrent.ThreadPoolExecutor$Worker.run(ThreadPoolExecutor.java:642)
	at java.base/java.lang.Thread.run(Thread.java:1583)
Caused by: org.hibernate.exception.SQLGrammarException: JDBC exception executing SQL [select de1_0.id,de1_0.ambiente,de1_0.clave_acceso,de1_0.created_at,de1_0.created_by,de1_0.documento_origen_id,de1_0.documento_sustituto_id,de1_0.email_receptor,de1_0.establecimiento,de1_0.estado,de1_0.external_id,de1_0.fecha_anulacion,de1_0.fecha_autorizacion_sri,de1_0.fecha_emision,de1_0.fecha_envio_correo,de1_0.fecha_envio_sri,de1_0.fecha_firma,de1_0.fecha_generacion_ride,de1_0.fecha_generacion_xml,de1_0.fecha_recepcion_json,de1_0.fecha_transaccion_origen,de1_0.fecha_ultima_actualizacion,de1_0.id_origen,de1_0.identificacion_receptor,de1_0.importe_total,de1_0.intentos_autorizacion,de1_0.intentos_correo,de1_0.intentos_envio,de1_0.json_original,de1_0.locked_at,de1_0.locked_by,de1_0.mail_enviado,de1_0.mensaje_sri,de1_0.motivo_correccion,de1_0.numero_autorizacion,de1_0.numero_documento,de1_0.origen_sistema,de1_0.processing_lock,de1_0.punto_emision,de1_0.razon_social_receptor,de1_0.ruc_emisor,de1_0.secuencial,de1_0.subestado,de1_0.subtotal,de1_0.tipo_documento,de1_0.total_descuento,de1_0.total_impuestos,de1_0.updated_at,de1_0.uuid,de1_0.xml_autorizado,de1_0.xml_firmado,de1_0.xml_generado from documento_electronico de1_0 where de1_0.estado in ('RECIBIDO','VALIDANDO') order by de1_0.id fetch first ? rows only] [ERROR: no existe la relación «documento_electronico»
  Position: 1107] [n/a]
	at org.hibernate.exception.internal.SQLStateConversionDelegate.convert(SQLStateConversionDelegate.java:91)
	at org.hibernate.exception.internal.StandardSQLExceptionConverter.convert(StandardSQLExceptionConverter.java:58)
	at org.hibernate.engine.jdbc.spi.SqlExceptionHelper.convert(SqlExceptionHelper.java:108)
	at org.hibernate.engine.jdbc.spi.SqlExceptionHelper.convert(SqlExceptionHelper.java:94)
	at org.hibernate.sql.results.jdbc.internal.DeferredResultSetAccess.executeQuery(DeferredResultSetAccess.java:268)
	at org.hibernate.sql.results.jdbc.internal.DeferredResultSetAccess.getResultSet(DeferredResultSetAccess.java:171)
	at org.hibernate.sql.results.jdbc.internal.JdbcValuesResultSetImpl.<init>(JdbcValuesResultSetImpl.java:74)
	at org.hibernate.sql.exec.internal.JdbcSelectExecutorStandardImpl.resolveJdbcValuesSource(JdbcSelectExecutorStandardImpl.java:355)
	at org.hibernate.sql.exec.internal.JdbcSelectExecutorStandardImpl.doExecuteQuery(JdbcSelectExecutorStandardImpl.java:137)
	at org.hibernate.sql.exec.internal.JdbcSelectExecutorStandardImpl.executeQuery(JdbcSelectExecutorStandardImpl.java:102)
	at org.hibernate.sql.exec.spi.JdbcSelectExecutor.executeQuery(JdbcSelectExecutor.java:91)
	at org.hibernate.sql.exec.spi.JdbcSelectExecutor.list(JdbcSelectExecutor.java:165)
	at org.hibernate.query.sqm.internal.ConcreteSqmSelectQueryPlan.lambda$new$1(ConcreteSqmSelectQueryPlan.java:152)
	at org.hibernate.query.sqm.internal.ConcreteSqmSelectQueryPlan.withCacheableSqmInterpretation(ConcreteSqmSelectQueryPlan.java:442)
	at org.hibernate.query.sqm.internal.ConcreteSqmSelectQueryPlan.performList(ConcreteSqmSelectQueryPlan.java:362)
	at org.hibernate.query.sqm.internal.QuerySqmImpl.doList(QuerySqmImpl.java:380)
	at org.hibernate.query.spi.AbstractSelectionQuery.list(AbstractSelectionQuery.java:143)
	at org.hibernate.query.Query.getResultList(Query.java:120)
	at java.base/jdk.internal.reflect.DirectMethodHandleAccessor.invoke(DirectMethodHandleAccessor.java:103)
	at java.base/java.lang.reflect.Method.invoke(Method.java:580)
	at org.springframework.orm.jpa.SharedEntityManagerCreator$DeferredQueryInvocationHandler.invoke(SharedEntityManagerCreator.java:419)
	at jdk.proxy2/jdk.proxy2.$Proxy194.getResultList(Unknown Source)
	at org.springframework.data.jpa.repository.query.JpaQueryExecution$CollectionExecution.doExecute(JpaQueryExecution.java:130)
	at org.springframework.data.jpa.repository.query.JpaQueryExecution.execute(JpaQueryExecution.java:93)
	at org.springframework.data.jpa.repository.query.AbstractJpaQuery.doExecute(AbstractJpaQuery.java:152)
	at org.springframework.data.jpa.repository.query.AbstractJpaQuery.execute(AbstractJpaQuery.java:140)
	at org.springframework.data.repository.core.support.RepositoryMethodInvoker.doInvoke(RepositoryMethodInvoker.java:170)
	at org.springframework.data.repository.core.support.RepositoryMethodInvoker.invoke(RepositoryMethodInvoker.java:158)
	at org.springframework.data.repository.core.support.QueryExecutorMethodInterceptor.doInvoke(QueryExecutorMethodInterceptor.java:170)
	at org.springframework.data.repository.core.support.QueryExecutorMethodInterceptor.invoke(QueryExecutorMethodInterceptor.java:149)
	at org.springframework.aop.framework.ReflectiveMethodInvocation.proceed(ReflectiveMethodInvocation.java:184)
	at org.springframework.data.projection.DefaultMethodInvokingMethodInterceptor.invoke(DefaultMethodInvokingMethodInterceptor.java:69)
	at org.springframework.aop.framework.ReflectiveMethodInvocation.proceed(ReflectiveMethodInvocation.java:184)
	at org.springframework.transaction.interceptor.TransactionAspectSupport.invokeWithinTransaction(TransactionAspectSupport.java:380)
	at org.springframework.transaction.interceptor.TransactionInterceptor.invoke(TransactionInterceptor.java:119)
	at org.springframework.aop.framework.ReflectiveMethodInvocation.proceed(ReflectiveMethodInvocation.java:184)
	at org.springframework.dao.support.PersistenceExceptionTranslationInterceptor.invoke(PersistenceExceptionTranslationInterceptor.java:138)
	... 21 common frames omitted
Caused by: org.postgresql.util.PSQLException: ERROR: no existe la relación «documento_electronico»
  Position: 1107
	at org.postgresql.core.v3.QueryExecutorImpl.receiveErrorResponse(QueryExecutorImpl.java:2733)
	at org.postgresql.core.v3.QueryExecutorImpl.processResults(QueryExecutorImpl.java:2420)
	at org.postgresql.core.v3.QueryExecutorImpl.execute(QueryExecutorImpl.java:372)
	at org.postgresql.jdbc.PgStatement.executeInternal(PgStatement.java:517)
	at org.postgresql.jdbc.PgStatement.execute(PgStatement.java:434)
	at org.postgresql.jdbc.PgPreparedStatement.executeWithFlags(PgPreparedStatement.java:194)
	at org.postgresql.jdbc.PgPreparedStatement.executeQuery(PgPreparedStatement.java:137)
	at com.zaxxer.hikari.pool.ProxyPreparedStatement.executeQuery(ProxyPreparedStatement.java:52)
	at com.zaxxer.hikari.pool.HikariProxyPreparedStatement.executeQuery(HikariProxyPreparedStatement.java)
	at org.hibernate.sql.results.jdbc.internal.DeferredResultSetAccess.executeQuery(DeferredResultSetAccess.java:250)
	... 53 common frames omitted
2026-08-24 15:39:00.080 [sri-files-scheduler-2] [] INFO  c.e.s.s.NuevoDocumentoScheduler - [SCHEDULER][V1] FIN envío | detectados=0 | exitosos=0 | fallidos=0 | duracionMs=68
2026-08-24 15:39:00.079 [sri-files-scheduler-3] [] ERROR o.s.s.s.TaskUtils$LoggingErrorHandler - Unexpected error occurred in scheduled task
org.springframework.dao.InvalidDataAccessResourceUsageException: JDBC exception executing SQL [select bj1_0.id,bj1_0.created_at,bj1_0.estado,bj1_0.exitosos,bj1_0.fallidos,bj1_0.fecha_fin,bj1_0.fecha_inicio,bj1_0.mensaje,bj1_0.procesados,bj1_0.tipo_proceso,bj1_0.total_documentos,bj1_0.triggered_by,bj1_0.uuid from batch_jobs bj1_0 where bj1_0.estado in ('PENDIENTE','EN_PROCESO') order by bj1_0.fecha_inicio] [ERROR: no existe la relación «batch_jobs»
  Position: 220] [n/a]; SQL [n/a]
	at org.springframework.orm.jpa.vendor.HibernateJpaDialect.convertHibernateAccessException(HibernateJpaDialect.java:277)
	at org.springframework.orm.jpa.vendor.HibernateJpaDialect.translateExceptionIfPossible(HibernateJpaDialect.java:241)
	at org.springframework.orm.jpa.AbstractEntityManagerFactoryBean.translateExceptionIfPossible(AbstractEntityManagerFactoryBean.java:560)
	at org.springframework.dao.support.ChainedPersistenceExceptionTranslator.translateExceptionIfPossible(ChainedPersistenceExceptionTranslator.java:61)
	at org.springframework.dao.support.DataAccessUtils.translateIfNecessary(DataAccessUtils.java:343)
	at org.springframework.dao.support.PersistenceExceptionTranslationInterceptor.invoke(PersistenceExceptionTranslationInterceptor.java:160)
	at org.springframework.aop.framework.ReflectiveMethodInvocation.proceed(ReflectiveMethodInvocation.java:184)
	at org.springframework.data.jpa.repository.support.CrudMethodMetadataPostProcessor$CrudMethodMetadataPopulatingMethodInterceptor.invoke(CrudMethodMetadataPostProcessor.java:136)
	at org.springframework.aop.framework.ReflectiveMethodInvocation.proceed(ReflectiveMethodInvocation.java:184)
	at org.springframework.aop.framework.JdkDynamicAopProxy.invoke(JdkDynamicAopProxy.java:223)
	at jdk.proxy2/jdk.proxy2.$Proxy168.findActivos(Unknown Source)
	at com.erp.sri_files.batch.BatchJobScheduler.ejecutarSiNoHayActivo(BatchJobScheduler.java:42)
	at com.erp.sri_files.batch.BatchJobScheduler.consultarAutorizacionesPendientes(BatchJobScheduler.java:28)
	at java.base/jdk.internal.reflect.DirectMethodHandleAccessor.invoke(DirectMethodHandleAccessor.java:103)
	at java.base/java.lang.reflect.Method.invoke(Method.java:580)
	at org.springframework.scheduling.support.ScheduledMethodRunnable.runInternal(ScheduledMethodRunnable.java:130)
	at org.springframework.scheduling.support.ScheduledMethodRunnable.lambda$run$2(ScheduledMethodRunnable.java:124)
	at io.micrometer.observation.Observation.observe(Observation.java:498)
	at org.springframework.scheduling.support.ScheduledMethodRunnable.run(ScheduledMethodRunnable.java:124)
	at org.springframework.scheduling.config.Task$OutcomeTrackingRunnable.run(Task.java:85)
	at org.springframework.scheduling.support.DelegatingErrorHandlingRunnable.run(DelegatingErrorHandlingRunnable.java:54)
	at org.springframework.scheduling.concurrent.ReschedulingRunnable.run(ReschedulingRunnable.java:96)
	at java.base/java.util.concurrent.Executors$RunnableAdapter.call(Executors.java:572)
	at java.base/java.util.concurrent.FutureTask.run(FutureTask.java:317)
	at java.base/java.util.concurrent.ScheduledThreadPoolExecutor$ScheduledFutureTask.run(ScheduledThreadPoolExecutor.java:304)
	at java.base/java.util.concurrent.ThreadPoolExecutor.runWorker(ThreadPoolExecutor.java:1144)
	at java.base/java.util.concurrent.ThreadPoolExecutor$Worker.run(ThreadPoolExecutor.java:642)
	at java.base/java.lang.Thread.run(Thread.java:1583)
Caused by: org.hibernate.exception.SQLGrammarException: JDBC exception executing SQL [select bj1_0.id,bj1_0.created_at,bj1_0.estado,bj1_0.exitosos,bj1_0.fallidos,bj1_0.fecha_fin,bj1_0.fecha_inicio,bj1_0.mensaje,bj1_0.procesados,bj1_0.tipo_proceso,bj1_0.total_documentos,bj1_0.triggered_by,bj1_0.uuid from batch_jobs bj1_0 where bj1_0.estado in ('PENDIENTE','EN_PROCESO') order by bj1_0.fecha_inicio] [ERROR: no existe la relación «batch_jobs»
  Position: 220] [n/a]
	at org.hibernate.exception.internal.SQLStateConversionDelegate.convert(SQLStateConversionDelegate.java:91)
	at org.hibernate.exception.internal.StandardSQLExceptionConverter.convert(StandardSQLExceptionConverter.java:58)
	at org.hibernate.engine.jdbc.spi.SqlExceptionHelper.convert(SqlExceptionHelper.java:108)
	at org.hibernate.engine.jdbc.spi.SqlExceptionHelper.convert(SqlExceptionHelper.java:94)
	at org.hibernate.sql.results.jdbc.internal.DeferredResultSetAccess.executeQuery(DeferredResultSetAccess.java:268)
	at org.hibernate.sql.results.jdbc.internal.DeferredResultSetAccess.getResultSet(DeferredResultSetAccess.java:171)
	at org.hibernate.sql.results.jdbc.internal.JdbcValuesResultSetImpl.<init>(JdbcValuesResultSetImpl.java:74)
	at org.hibernate.sql.exec.internal.JdbcSelectExecutorStandardImpl.resolveJdbcValuesSource(JdbcSelectExecutorStandardImpl.java:355)
	at org.hibernate.sql.exec.internal.JdbcSelectExecutorStandardImpl.doExecuteQuery(JdbcSelectExecutorStandardImpl.java:137)
	at org.hibernate.sql.exec.internal.JdbcSelectExecutorStandardImpl.executeQuery(JdbcSelectExecutorStandardImpl.java:102)
	at org.hibernate.sql.exec.spi.JdbcSelectExecutor.executeQuery(JdbcSelectExecutor.java:91)
	at org.hibernate.sql.exec.spi.JdbcSelectExecutor.list(JdbcSelectExecutor.java:165)
	at org.hibernate.query.sqm.internal.ConcreteSqmSelectQueryPlan.lambda$new$1(ConcreteSqmSelectQueryPlan.java:152)
	at org.hibernate.query.sqm.internal.ConcreteSqmSelectQueryPlan.withCacheableSqmInterpretation(ConcreteSqmSelectQueryPlan.java:442)
	at org.hibernate.query.sqm.internal.ConcreteSqmSelectQueryPlan.performList(ConcreteSqmSelectQueryPlan.java:362)
	at org.hibernate.query.sqm.internal.QuerySqmImpl.doList(QuerySqmImpl.java:380)
	at org.hibernate.query.spi.AbstractSelectionQuery.list(AbstractSelectionQuery.java:143)
	at org.hibernate.query.Query.getResultList(Query.java:120)
	at java.base/jdk.internal.reflect.DirectMethodHandleAccessor.invoke(DirectMethodHandleAccessor.java:103)
	at java.base/java.lang.reflect.Method.invoke(Method.java:580)
	at org.springframework.orm.jpa.SharedEntityManagerCreator$DeferredQueryInvocationHandler.invoke(SharedEntityManagerCreator.java:419)
	at jdk.proxy2/jdk.proxy2.$Proxy194.getResultList(Unknown Source)
	at org.springframework.data.jpa.repository.query.JpaQueryExecution$CollectionExecution.doExecute(JpaQueryExecution.java:130)
	at org.springframework.data.jpa.repository.query.JpaQueryExecution.execute(JpaQueryExecution.java:93)
	at org.springframework.data.jpa.repository.query.AbstractJpaQuery.doExecute(AbstractJpaQuery.java:152)
	at org.springframework.data.jpa.repository.query.AbstractJpaQuery.execute(AbstractJpaQuery.java:140)
	at org.springframework.data.repository.core.support.RepositoryMethodInvoker.doInvoke(RepositoryMethodInvoker.java:170)
	at org.springframework.data.repository.core.support.RepositoryMethodInvoker.invoke(RepositoryMethodInvoker.java:158)
	at org.springframework.data.repository.core.support.QueryExecutorMethodInterceptor.doInvoke(QueryExecutorMethodInterceptor.java:170)
	at org.springframework.data.repository.core.support.QueryExecutorMethodInterceptor.invoke(QueryExecutorMethodInterceptor.java:149)
	at org.springframework.aop.framework.ReflectiveMethodInvocation.proceed(ReflectiveMethodInvocation.java:184)
	at org.springframework.data.projection.DefaultMethodInvokingMethodInterceptor.invoke(DefaultMethodInvokingMethodInterceptor.java:69)
	at org.springframework.aop.framework.ReflectiveMethodInvocation.proceed(ReflectiveMethodInvocation.java:184)
	at org.springframework.transaction.interceptor.TransactionAspectSupport.invokeWithinTransaction(TransactionAspectSupport.java:380)
	at org.springframework.transaction.interceptor.TransactionInterceptor.invoke(TransactionInterceptor.java:119)
	at org.springframework.aop.framework.ReflectiveMethodInvocation.proceed(ReflectiveMethodInvocation.java:184)
	at org.springframework.dao.support.PersistenceExceptionTranslationInterceptor.invoke(PersistenceExceptionTranslationInterceptor.java:138)
	... 22 common frames omitted
Caused by: org.postgresql.util.PSQLException: ERROR: no existe la relación «batch_jobs»
  Position: 220
	at org.postgresql.core.v3.QueryExecutorImpl.receiveErrorResponse(QueryExecutorImpl.java:2733)
	at org.postgresql.core.v3.QueryExecutorImpl.processResults(QueryExecutorImpl.java:2420)
	at org.postgresql.core.v3.QueryExecutorImpl.execute(QueryExecutorImpl.java:372)
	at org.postgresql.jdbc.PgStatement.executeInternal(PgStatement.java:517)
	at org.postgresql.jdbc.PgStatement.execute(PgStatement.java:434)
	at org.postgresql.jdbc.PgPreparedStatement.executeWithFlags(PgPreparedStatement.java:194)
	at org.postgresql.jdbc.PgPreparedStatement.executeQuery(PgPreparedStatement.java:137)
	at com.zaxxer.hikari.pool.ProxyPreparedStatement.executeQuery(ProxyPreparedStatement.java:52)
	at com.zaxxer.hikari.pool.HikariProxyPreparedStatement.executeQuery(HikariProxyPreparedStatement.java)
	at org.hibernate.sql.results.jdbc.internal.DeferredResultSetAccess.executeQuery(DeferredResultSetAccess.java:250)
	... 54 common frames omitted
2026-08-24 15:39:03.647 [sri-files-scheduler-1] [] WARN  c.e.s.services.EnvioSriBatchService - Factura devuelta por recepcion SRI idfactura=852491 errores=Clave: 0707202601046002881000120020180003453319122478610 | [58] ERROR EN LA ESTRUCTURA DE LA CLAVE DE ACCESO (La fecha de emisión Mon Aug 24 00:00:00 GMT-05:00 2026 no consta como parte de la clave de acceso 0707202601046002881000120020180003453319122478610) <ERROR>
2026-08-24 15:39:05.053 [sri-files-scheduler-1] [] WARN  c.e.s.services.EnvioSriBatchService - Factura devuelta por recepcion SRI idfactura=2917784 errores=Clave: 1506202601046002881000120010110001980338938922214 | [58] ERROR EN LA ESTRUCTURA DE LA CLAVE DE ACCESO (La fecha de emisión Mon Aug 24 00:00:00 GMT-05:00 2026 no consta como parte de la clave de acceso 1506202601046002881000120010110001980338938922214) <ERROR>
2026-08-24 15:39:06.340 [sri-files-scheduler-1] [] WARN  c.e.s.services.EnvioSriBatchService - Factura devuelta por recepcion SRI idfactura=2936375 errores=Clave: 1506202601046002881000120010110001980328352981811 | [58] ERROR EN LA ESTRUCTURA DE LA CLAVE DE ACCESO (La fecha de emisión Mon Aug 24 00:00:00 GMT-05:00 2026 no consta como parte de la clave de acceso 1506202601046002881000120010110001980328352981811) <ERROR>
2026-08-24 15:39:07.055 [sri-files-scheduler-1] [] WARN  c.e.s.services.EnvioSriBatchService - Factura devuelta por recepcion SRI idfactura=3019527 errores=Clave: 0408202601046002881000120010100000000268738912411 | [58] ERROR EN LA ESTRUCTURA DE LA CLAVE DE ACCESO (La fecha de emisión Mon Aug 24 00:00:00 GMT-05:00 2026 no consta como parte de la clave de acceso 0408202601046002881000120010100000000268738912411) <ERROR>
2026-08-24 15:39:07.055 [sri-files-scheduler-1] [] INFO  c.e.s.services.EnvioSriBatchService - Lote procesado total=4
2026-08-24 15:39:07.055 [sri-files-scheduler-1] [] INFO  c.e.s.services.EnvioSriBatchService - [SCHEDULER][sri-files-scheduler-1] FIN automatizacionEnvioFacturasElectonicas | detectados=4 | exitosas=4 | fallidas=0 | duracionMs=7036
2026-08-24 15:39:30.000 [sri-files-scheduler-4] [] INFO  c.e.s.s.NuevoDocumentoScheduler - [SCHEDULER][V1] INICIO recuperación autorizaciones @ 2026-08-24T15:39:30.000694
2026-08-24 15:39:30.000 [sri-files-scheduler-2] [] INFO  c.e.s.services.EnvioSriBatchService - [SCHEDULER][sri-files-scheduler-2] INICIO automatizacionConsultarXml @ 2026-08-24T15:39:30.000694
2026-08-24 15:39:30.000 [sri-files-scheduler-2] [] INFO  c.e.s.services.EnvioSriBatchService - Iniciando consulta de XML pendientes
2026-08-24 15:39:30.006 [sri-files-scheduler-4] [] WARN  o.h.e.jdbc.spi.SqlExceptionHelper - SQL Error: 0, SQLState: 42P01
2026-08-24 15:39:30.006 [sri-files-scheduler-4] [] ERROR o.h.e.jdbc.spi.SqlExceptionHelper - ERROR: no existe la relación «documento_electronico»
  Position: 1107
2026-08-24 15:39:30.006 [sri-files-scheduler-4] [] ERROR c.e.s.s.NuevoDocumentoScheduler - [SCHEDULER][V1] Error en recuperación de autorizaciones
org.springframework.dao.InvalidDataAccessResourceUsageException: JDBC exception executing SQL [select de1_0.id,de1_0.ambiente,de1_0.clave_acceso,de1_0.created_at,de1_0.created_by,de1_0.documento_origen_id,de1_0.documento_sustituto_id,de1_0.email_receptor,de1_0.establecimiento,de1_0.estado,de1_0.external_id,de1_0.fecha_anulacion,de1_0.fecha_autorizacion_sri,de1_0.fecha_emision,de1_0.fecha_envio_correo,de1_0.fecha_envio_sri,de1_0.fecha_firma,de1_0.fecha_generacion_ride,de1_0.fecha_generacion_xml,de1_0.fecha_recepcion_json,de1_0.fecha_transaccion_origen,de1_0.fecha_ultima_actualizacion,de1_0.id_origen,de1_0.identificacion_receptor,de1_0.importe_total,de1_0.intentos_autorizacion,de1_0.intentos_correo,de1_0.intentos_envio,de1_0.json_original,de1_0.locked_at,de1_0.locked_by,de1_0.mail_enviado,de1_0.mensaje_sri,de1_0.motivo_correccion,de1_0.numero_autorizacion,de1_0.numero_documento,de1_0.origen_sistema,de1_0.processing_lock,de1_0.punto_emision,de1_0.razon_social_receptor,de1_0.ruc_emisor,de1_0.secuencial,de1_0.subestado,de1_0.subtotal,de1_0.tipo_documento,de1_0.total_descuento,de1_0.total_impuestos,de1_0.updated_at,de1_0.uuid,de1_0.xml_autorizado,de1_0.xml_firmado,de1_0.xml_generado from documento_electronico de1_0 where de1_0.estado in ('PENDIENTE_AUTORIZACION','ENVIANDO_SRI') and (de1_0.intentos_autorizacion<5 or de1_0.intentos_autorizacion is null) order by de1_0.id fetch first ? rows only] [ERROR: no existe la relación «documento_electronico»
  Position: 1107] [n/a]; SQL [n/a]
	at org.springframework.orm.jpa.vendor.HibernateJpaDialect.convertHibernateAccessException(HibernateJpaDialect.java:277)
	at org.springframework.orm.jpa.vendor.HibernateJpaDialect.translateExceptionIfPossible(HibernateJpaDialect.java:241)
	at org.springframework.orm.jpa.AbstractEntityManagerFactoryBean.translateExceptionIfPossible(AbstractEntityManagerFactoryBean.java:560)
	at org.springframework.dao.support.ChainedPersistenceExceptionTranslator.translateExceptionIfPossible(ChainedPersistenceExceptionTranslator.java:61)
	at org.springframework.dao.support.DataAccessUtils.translateIfNecessary(DataAccessUtils.java:343)
	at org.springframework.dao.support.PersistenceExceptionTranslationInterceptor.invoke(PersistenceExceptionTranslationInterceptor.java:160)
	at org.springframework.aop.framework.ReflectiveMethodInvocation.proceed(ReflectiveMethodInvocation.java:184)
	at org.springframework.data.jpa.repository.support.CrudMethodMetadataPostProcessor$CrudMethodMetadataPopulatingMethodInterceptor.invoke(CrudMethodMetadataPostProcessor.java:136)
	at org.springframework.aop.framework.ReflectiveMethodInvocation.proceed(ReflectiveMethodInvocation.java:184)
	at org.springframework.aop.framework.JdkDynamicAopProxy.invoke(JdkDynamicAopProxy.java:223)
	at jdk.proxy2/jdk.proxy2.$Proxy170.findPendientesAutorizacion(Unknown Source)
	at com.erp.sri_files.scheduler.NuevoDocumentoScheduler.recuperarAutorizacionesPendientes(NuevoDocumentoScheduler.java:101)
	at java.base/jdk.internal.reflect.DirectMethodHandleAccessor.invoke(DirectMethodHandleAccessor.java:103)
	at java.base/java.lang.reflect.Method.invoke(Method.java:580)
	at org.springframework.scheduling.support.ScheduledMethodRunnable.runInternal(ScheduledMethodRunnable.java:130)
	at org.springframework.scheduling.support.ScheduledMethodRunnable.lambda$run$2(ScheduledMethodRunnable.java:124)
	at io.micrometer.observation.Observation.observe(Observation.java:498)
	at org.springframework.scheduling.support.ScheduledMethodRunnable.run(ScheduledMethodRunnable.java:124)
	at org.springframework.scheduling.config.Task$OutcomeTrackingRunnable.run(Task.java:85)
	at org.springframework.scheduling.support.DelegatingErrorHandlingRunnable.run(DelegatingErrorHandlingRunnable.java:54)
	at org.springframework.scheduling.concurrent.ReschedulingRunnable.run(ReschedulingRunnable.java:96)
	at java.base/java.util.concurrent.Executors$RunnableAdapter.call(Executors.java:572)
	at java.base/java.util.concurrent.FutureTask.run(FutureTask.java:317)
	at java.base/java.util.concurrent.ScheduledThreadPoolExecutor$ScheduledFutureTask.run(ScheduledThreadPoolExecutor.java:304)
	at java.base/java.util.concurrent.ThreadPoolExecutor.runWorker(ThreadPoolExecutor.java:1144)
	at java.base/java.util.concurrent.ThreadPoolExecutor$Worker.run(ThreadPoolExecutor.java:642)
	at java.base/java.lang.Thread.run(Thread.java:1583)
Caused by: org.hibernate.exception.SQLGrammarException: JDBC exception executing SQL [select de1_0.id,de1_0.ambiente,de1_0.clave_acceso,de1_0.created_at,de1_0.created_by,de1_0.documento_origen_id,de1_0.documento_sustituto_id,de1_0.email_receptor,de1_0.establecimiento,de1_0.estado,de1_0.external_id,de1_0.fecha_anulacion,de1_0.fecha_autorizacion_sri,de1_0.fecha_emision,de1_0.fecha_envio_correo,de1_0.fecha_envio_sri,de1_0.fecha_firma,de1_0.fecha_generacion_ride,de1_0.fecha_generacion_xml,de1_0.fecha_recepcion_json,de1_0.fecha_transaccion_origen,de1_0.fecha_ultima_actualizacion,de1_0.id_origen,de1_0.identificacion_receptor,de1_0.importe_total,de1_0.intentos_autorizacion,de1_0.intentos_correo,de1_0.intentos_envio,de1_0.json_original,de1_0.locked_at,de1_0.locked_by,de1_0.mail_enviado,de1_0.mensaje_sri,de1_0.motivo_correccion,de1_0.numero_autorizacion,de1_0.numero_documento,de1_0.origen_sistema,de1_0.processing_lock,de1_0.punto_emision,de1_0.razon_social_receptor,de1_0.ruc_emisor,de1_0.secuencial,de1_0.subestado,de1_0.subtotal,de1_0.tipo_documento,de1_0.total_descuento,de1_0.total_impuestos,de1_0.updated_at,de1_0.uuid,de1_0.xml_autorizado,de1_0.xml_firmado,de1_0.xml_generado from documento_electronico de1_0 where de1_0.estado in ('PENDIENTE_AUTORIZACION','ENVIANDO_SRI') and (de1_0.intentos_autorizacion<5 or de1_0.intentos_autorizacion is null) order by de1_0.id fetch first ? rows only] [ERROR: no existe la relación «documento_electronico»
  Position: 1107] [n/a]
	at org.hibernate.exception.internal.SQLStateConversionDelegate.convert(SQLStateConversionDelegate.java:91)
	at org.hibernate.exception.internal.StandardSQLExceptionConverter.convert(StandardSQLExceptionConverter.java:58)
	at org.hibernate.engine.jdbc.spi.SqlExceptionHelper.convert(SqlExceptionHelper.java:108)
	at org.hibernate.engine.jdbc.spi.SqlExceptionHelper.convert(SqlExceptionHelper.java:94)
	at org.hibernate.sql.results.jdbc.internal.DeferredResultSetAccess.executeQuery(DeferredResultSetAccess.java:268)
	at org.hibernate.sql.results.jdbc.internal.DeferredResultSetAccess.getResultSet(DeferredResultSetAccess.java:171)
	at org.hibernate.sql.results.jdbc.internal.JdbcValuesResultSetImpl.<init>(JdbcValuesResultSetImpl.java:74)
	at org.hibernate.sql.exec.internal.JdbcSelectExecutorStandardImpl.resolveJdbcValuesSource(JdbcSelectExecutorStandardImpl.java:355)
	at org.hibernate.sql.exec.internal.JdbcSelectExecutorStandardImpl.doExecuteQuery(JdbcSelectExecutorStandardImpl.java:137)
	at org.hibernate.sql.exec.internal.JdbcSelectExecutorStandardImpl.executeQuery(JdbcSelectExecutorStandardImpl.java:102)
	at org.hibernate.sql.exec.spi.JdbcSelectExecutor.executeQuery(JdbcSelectExecutor.java:91)
	at org.hibernate.sql.exec.spi.JdbcSelectExecutor.list(JdbcSelectExecutor.java:165)
	at org.hibernate.query.sqm.internal.ConcreteSqmSelectQueryPlan.lambda$new$1(ConcreteSqmSelectQueryPlan.java:152)
	at org.hibernate.query.sqm.internal.ConcreteSqmSelectQueryPlan.withCacheableSqmInterpretation(ConcreteSqmSelectQueryPlan.java:442)
	at org.hibernate.query.sqm.internal.ConcreteSqmSelectQueryPlan.performList(ConcreteSqmSelectQueryPlan.java:362)
	at org.hibernate.query.sqm.internal.QuerySqmImpl.doList(QuerySqmImpl.java:380)
	at org.hibernate.query.spi.AbstractSelectionQuery.list(AbstractSelectionQuery.java:143)
	at org.hibernate.query.Query.getResultList(Query.java:120)
	at java.base/jdk.internal.reflect.DirectMethodHandleAccessor.invoke(DirectMethodHandleAccessor.java:103)
	at java.base/java.lang.reflect.Method.invoke(Method.java:580)
	at org.springframework.orm.jpa.SharedEntityManagerCreator$DeferredQueryInvocationHandler.invoke(SharedEntityManagerCreator.java:419)
	at jdk.proxy2/jdk.proxy2.$Proxy194.getResultList(Unknown Source)
	at org.springframework.data.jpa.repository.query.JpaQueryExecution$CollectionExecution.doExecute(JpaQueryExecution.java:130)
	at org.springframework.data.jpa.repository.query.JpaQueryExecution.execute(JpaQueryExecution.java:93)
	at org.springframework.data.jpa.repository.query.AbstractJpaQuery.doExecute(AbstractJpaQuery.java:152)
	at org.springframework.data.jpa.repository.query.AbstractJpaQuery.execute(AbstractJpaQuery.java:140)
	at org.springframework.data.repository.core.support.RepositoryMethodInvoker.doInvoke(RepositoryMethodInvoker.java:170)
	at org.springframework.data.repository.core.support.RepositoryMethodInvoker.invoke(RepositoryMethodInvoker.java:158)
	at org.springframework.data.repository.core.support.QueryExecutorMethodInterceptor.doInvoke(QueryExecutorMethodInterceptor.java:170)
	at org.springframework.data.repository.core.support.QueryExecutorMethodInterceptor.invoke(QueryExecutorMethodInterceptor.java:149)
	at org.springframework.aop.framework.ReflectiveMethodInvocation.proceed(ReflectiveMethodInvocation.java:184)
	at org.springframework.data.projection.DefaultMethodInvokingMethodInterceptor.invoke(DefaultMethodInvokingMethodInterceptor.java:69)
	at org.springframework.aop.framework.ReflectiveMethodInvocation.proceed(ReflectiveMethodInvocation.java:184)
	at org.springframework.transaction.interceptor.TransactionAspectSupport.invokeWithinTransaction(TransactionAspectSupport.java:380)
	at org.springframework.transaction.interceptor.TransactionInterceptor.invoke(TransactionInterceptor.java:119)
	at org.springframework.aop.framework.ReflectiveMethodInvocation.proceed(ReflectiveMethodInvocation.java:184)
	at org.springframework.dao.support.PersistenceExceptionTranslationInterceptor.invoke(PersistenceExceptionTranslationInterceptor.java:138)
	... 21 common frames omitted
Caused by: org.postgresql.util.PSQLException: ERROR: no existe la relación «documento_electronico»
  Position: 1107
	at org.postgresql.core.v3.QueryExecutorImpl.receiveErrorResponse(QueryExecutorImpl.java:2733)
	at org.postgresql.core.v3.QueryExecutorImpl.processResults(QueryExecutorImpl.java:2420)
	at org.postgresql.core.v3.QueryExecutorImpl.execute(QueryExecutorImpl.java:372)
	at org.postgresql.jdbc.PgStatement.executeInternal(PgStatement.java:517)
	at org.postgresql.jdbc.PgStatement.execute(PgStatement.java:434)
	at org.postgresql.jdbc.PgPreparedStatement.executeWithFlags(PgPreparedStatement.java:194)
	at org.postgresql.jdbc.PgPreparedStatement.executeQuery(PgPreparedStatement.java:137)
	at com.zaxxer.hikari.pool.ProxyPreparedStatement.executeQuery(ProxyPreparedStatement.java:52)
	at com.zaxxer.hikari.pool.HikariProxyPreparedStatement.executeQuery(HikariProxyPreparedStatement.java)
	at org.hibernate.sql.results.jdbc.internal.DeferredResultSetAccess.executeQuery(DeferredResultSetAccess.java:250)
	... 53 common frames omitted
2026-08-24 15:39:30.007 [sri-files-scheduler-4] [] INFO  c.e.s.s.NuevoDocumentoScheduler - [SCHEDULER][V1] FIN recuperación | detectados=0 | autorizados=0 | pendientes=0 | duracionMs=7
2026-08-24 15:40:00.002 [sri-files-scheduler-1] [] WARN  o.h.e.jdbc.spi.SqlExceptionHelper - SQL Error: 0, SQLState: 42P01
2026-08-24 15:40:00.002 [sri-files-scheduler-4] [] WARN  o.h.e.jdbc.spi.SqlExceptionHelper - SQL Error: 0, SQLState: 42P01
2026-08-24 15:40:00.003 [sri-files-scheduler-1] [] ERROR o.h.e.jdbc.spi.SqlExceptionHelper - ERROR: no existe la relación «batch_jobs»
  Position: 220
2026-08-24 15:40:00.003 [sri-files-scheduler-4] [] ERROR o.h.e.jdbc.spi.SqlExceptionHelper - ERROR: no existe la relación «batch_jobs»
  Position: 220
2026-08-24 15:40:00.003 [sri-files-scheduler-4] [] ERROR o.s.s.s.TaskUtils$LoggingErrorHandler - Unexpected error occurred in scheduled task
org.springframework.dao.InvalidDataAccessResourceUsageException: JDBC exception executing SQL [select bj1_0.id,bj1_0.created_at,bj1_0.estado,bj1_0.exitosos,bj1_0.fallidos,bj1_0.fecha_fin,bj1_0.fecha_inicio,bj1_0.mensaje,bj1_0.procesados,bj1_0.tipo_proceso,bj1_0.total_documentos,bj1_0.triggered_by,bj1_0.uuid from batch_jobs bj1_0 where bj1_0.estado in ('PENDIENTE','EN_PROCESO') order by bj1_0.fecha_inicio] [ERROR: no existe la relación «batch_jobs»
  Position: 220] [n/a]; SQL [n/a]
	at org.springframework.orm.jpa.vendor.HibernateJpaDialect.convertHibernateAccessException(HibernateJpaDialect.java:277)
	at org.springframework.orm.jpa.vendor.HibernateJpaDialect.translateExceptionIfPossible(HibernateJpaDialect.java:241)
	at org.springframework.orm.jpa.AbstractEntityManagerFactoryBean.translateExceptionIfPossible(AbstractEntityManagerFactoryBean.java:560)
	at org.springframework.dao.support.ChainedPersistenceExceptionTranslator.translateExceptionIfPossible(ChainedPersistenceExceptionTranslator.java:61)
	at org.springframework.dao.support.DataAccessUtils.translateIfNecessary(DataAccessUtils.java:343)
	at org.springframework.dao.support.PersistenceExceptionTranslationInterceptor.invoke(PersistenceExceptionTranslationInterceptor.java:160)
	at org.springframework.aop.framework.ReflectiveMethodInvocation.proceed(ReflectiveMethodInvocation.java:184)
	at org.springframework.data.jpa.repository.support.CrudMethodMetadataPostProcessor$CrudMethodMetadataPopulatingMethodInterceptor.invoke(CrudMethodMetadataPostProcessor.java:136)
	at org.springframework.aop.framework.ReflectiveMethodInvocation.proceed(ReflectiveMethodInvocation.java:184)
	at org.springframework.aop.framework.JdkDynamicAopProxy.invoke(JdkDynamicAopProxy.java:223)
	at jdk.proxy2/jdk.proxy2.$Proxy168.findActivos(Unknown Source)
	at com.erp.sri_files.batch.BatchJobScheduler.ejecutarSiNoHayActivo(BatchJobScheduler.java:42)
	at com.erp.sri_files.batch.BatchJobScheduler.reintentarFallidos(BatchJobScheduler.java:33)
	at java.base/jdk.internal.reflect.DirectMethodHandleAccessor.invoke(DirectMethodHandleAccessor.java:103)
	at java.base/java.lang.reflect.Method.invoke(Method.java:580)
	at org.springframework.scheduling.support.ScheduledMethodRunnable.runInternal(ScheduledMethodRunnable.java:130)
	at org.springframework.scheduling.support.ScheduledMethodRunnable.lambda$run$2(ScheduledMethodRunnable.java:124)
	at io.micrometer.observation.Observation.observe(Observation.java:498)
	at org.springframework.scheduling.support.ScheduledMethodRunnable.run(ScheduledMethodRunnable.java:124)
	at org.springframework.scheduling.config.Task$OutcomeTrackingRunnable.run(Task.java:85)
	at org.springframework.scheduling.support.DelegatingErrorHandlingRunnable.run(DelegatingErrorHandlingRunnable.java:54)
	at org.springframework.scheduling.concurrent.ReschedulingRunnable.run(ReschedulingRunnable.java:96)
	at java.base/java.util.concurrent.Executors$RunnableAdapter.call(Executors.java:572)
	at java.base/java.util.concurrent.FutureTask.run(FutureTask.java:317)
	at java.base/java.util.concurrent.ScheduledThreadPoolExecutor$ScheduledFutureTask.run(ScheduledThreadPoolExecutor.java:304)
	at java.base/java.util.concurrent.ThreadPoolExecutor.runWorker(ThreadPoolExecutor.java:1144)
	at java.base/java.util.concurrent.ThreadPoolExecutor$Worker.run(ThreadPoolExecutor.java:642)
	at java.base/java.lang.Thread.run(Thread.java:1583)
Caused by: org.hibernate.exception.SQLGrammarException: JDBC exception executing SQL [select bj1_0.id,bj1_0.created_at,bj1_0.estado,bj1_0.exitosos,bj1_0.fallidos,bj1_0.fecha_fin,bj1_0.fecha_inicio,bj1_0.mensaje,bj1_0.procesados,bj1_0.tipo_proceso,bj1_0.total_documentos,bj1_0.triggered_by,bj1_0.uuid from batch_jobs bj1_0 where bj1_0.estado in ('PENDIENTE','EN_PROCESO') order by bj1_0.fecha_inicio] [ERROR: no existe la relación «batch_jobs»
  Position: 220] [n/a]
	at org.hibernate.exception.internal.SQLStateConversionDelegate.convert(SQLStateConversionDelegate.java:91)
	at org.hibernate.exception.internal.StandardSQLExceptionConverter.convert(StandardSQLExceptionConverter.java:58)
	at org.hibernate.engine.jdbc.spi.SqlExceptionHelper.convert(SqlExceptionHelper.java:108)
	at org.hibernate.engine.jdbc.spi.SqlExceptionHelper.convert(SqlExceptionHelper.java:94)
	at org.hibernate.sql.results.jdbc.internal.DeferredResultSetAccess.executeQuery(DeferredResultSetAccess.java:268)
	at org.hibernate.sql.results.jdbc.internal.DeferredResultSetAccess.getResultSet(DeferredResultSetAccess.java:171)
	at org.hibernate.sql.results.jdbc.internal.JdbcValuesResultSetImpl.<init>(JdbcValuesResultSetImpl.java:74)
	at org.hibernate.sql.exec.internal.JdbcSelectExecutorStandardImpl.resolveJdbcValuesSource(JdbcSelectExecutorStandardImpl.java:355)
	at org.hibernate.sql.exec.internal.JdbcSelectExecutorStandardImpl.doExecuteQuery(JdbcSelectExecutorStandardImpl.java:137)
	at org.hibernate.sql.exec.internal.JdbcSelectExecutorStandardImpl.executeQuery(JdbcSelectExecutorStandardImpl.java:102)
	at org.hibernate.sql.exec.spi.JdbcSelectExecutor.executeQuery(JdbcSelectExecutor.java:91)
	at org.hibernate.sql.exec.spi.JdbcSelectExecutor.list(JdbcSelectExecutor.java:165)
	at org.hibernate.query.sqm.internal.ConcreteSqmSelectQueryPlan.lambda$new$1(ConcreteSqmSelectQueryPlan.java:152)
	at org.hibernate.query.sqm.internal.ConcreteSqmSelectQueryPlan.withCacheableSqmInterpretation(ConcreteSqmSelectQueryPlan.java:442)
	at org.hibernate.query.sqm.internal.ConcreteSqmSelectQueryPlan.performList(ConcreteSqmSelectQueryPlan.java:362)
	at org.hibernate.query.sqm.internal.QuerySqmImpl.doList(QuerySqmImpl.java:380)
	at org.hibernate.query.spi.AbstractSelectionQuery.list(AbstractSelectionQuery.java:143)
	at org.hibernate.query.Query.getResultList(Query.java:120)
	at java.base/jdk.internal.reflect.DirectMethodHandleAccessor.invoke(DirectMethodHandleAccessor.java:103)
	at java.base/java.lang.reflect.Method.invoke(Method.java:580)
	at org.springframework.orm.jpa.SharedEntityManagerCreator$DeferredQueryInvocationHandler.invoke(SharedEntityManagerCreator.java:419)
	at jdk.proxy2/jdk.proxy2.$Proxy194.getResultList(Unknown Source)
	at org.springframework.data.jpa.repository.query.JpaQueryExecution$CollectionExecution.doExecute(JpaQueryExecution.java:130)
	at org.springframework.data.jpa.repository.query.JpaQueryExecution.execute(JpaQueryExecution.java:93)
	at org.springframework.data.jpa.repository.query.AbstractJpaQuery.doExecute(AbstractJpaQuery.java:152)
	at org.springframework.data.jpa.repository.query.AbstractJpaQuery.execute(AbstractJpaQuery.java:140)
	at org.springframework.data.repository.core.support.RepositoryMethodInvoker.doInvoke(RepositoryMethodInvoker.java:170)
	at org.springframework.data.repository.core.support.RepositoryMethodInvoker.invoke(RepositoryMethodInvoker.java:158)
	at org.springframework.data.repository.core.support.QueryExecutorMethodInterceptor.doInvoke(QueryExecutorMethodInterceptor.java:170)
	at org.springframework.data.repository.core.support.QueryExecutorMethodInterceptor.invoke(QueryExecutorMethodInterceptor.java:149)
	at org.springframework.aop.framework.ReflectiveMethodInvocation.proceed(ReflectiveMethodInvocation.java:184)
	at org.springframework.data.projection.DefaultMethodInvokingMethodInterceptor.invoke(DefaultMethodInvokingMethodInterceptor.java:69)
	at org.springframework.aop.framework.ReflectiveMethodInvocation.proceed(ReflectiveMethodInvocation.java:184)
	at org.springframework.transaction.interceptor.TransactionAspectSupport.invokeWithinTransaction(TransactionAspectSupport.java:380)
	at org.springframework.transaction.interceptor.TransactionInterceptor.invoke(TransactionInterceptor.java:119)
	at org.springframework.aop.framework.ReflectiveMethodInvocation.proceed(ReflectiveMethodInvocation.java:184)
	at org.springframework.dao.support.PersistenceExceptionTranslationInterceptor.invoke(PersistenceExceptionTranslationInterceptor.java:138)
	... 22 common frames omitted
Caused by: org.postgresql.util.PSQLException: ERROR: no existe la relación «batch_jobs»
  Position: 220
	at org.postgresql.core.v3.QueryExecutorImpl.receiveErrorResponse(QueryExecutorImpl.java:2733)
	at org.postgresql.core.v3.QueryExecutorImpl.processResults(QueryExecutorImpl.java:2420)
	at org.postgresql.core.v3.QueryExecutorImpl.execute(QueryExecutorImpl.java:372)
	at org.postgresql.jdbc.PgStatement.executeInternal(PgStatement.java:517)
	at org.postgresql.jdbc.PgStatement.execute(PgStatement.java:434)
	at org.postgresql.jdbc.PgPreparedStatement.executeWithFlags(PgPreparedStatement.java:194)
	at org.postgresql.jdbc.PgPreparedStatement.executeQuery(PgPreparedStatement.java:137)
	at com.zaxxer.hikari.pool.ProxyPreparedStatement.executeQuery(ProxyPreparedStatement.java:52)
	at com.zaxxer.hikari.pool.HikariProxyPreparedStatement.executeQuery(HikariProxyPreparedStatement.java)
	at org.hibernate.sql.results.jdbc.internal.DeferredResultSetAccess.executeQuery(DeferredResultSetAccess.java:250)
	... 54 common frames omitted
2026-08-24 15:40:00.003 [sri-files-scheduler-1] [] ERROR o.s.s.s.TaskUtils$LoggingErrorHandler - Unexpected error occurred in scheduled task
org.springframework.dao.InvalidDataAccessResourceUsageException: JDBC exception executing SQL [select bj1_0.id,bj1_0.created_at,bj1_0.estado,bj1_0.exitosos,bj1_0.fallidos,bj1_0.fecha_fin,bj1_0.fecha_inicio,bj1_0.mensaje,bj1_0.procesados,bj1_0.tipo_proceso,bj1_0.total_documentos,bj1_0.triggered_by,bj1_0.uuid from batch_jobs bj1_0 where bj1_0.estado in ('PENDIENTE','EN_PROCESO') order by bj1_0.fecha_inicio] [ERROR: no existe la relación «batch_jobs»
  Position: 220] [n/a]; SQL [n/a]
	at org.springframework.orm.jpa.vendor.HibernateJpaDialect.convertHibernateAccessException(HibernateJpaDialect.java:277)
	at org.springframework.orm.jpa.vendor.HibernateJpaDialect.translateExceptionIfPossible(HibernateJpaDialect.java:241)
	at org.springframework.orm.jpa.AbstractEntityManagerFactoryBean.translateExceptionIfPossible(AbstractEntityManagerFactoryBean.java:560)
	at org.springframework.dao.support.ChainedPersistenceExceptionTranslator.translateExceptionIfPossible(ChainedPersistenceExceptionTranslator.java:61)
	at org.springframework.dao.support.DataAccessUtils.translateIfNecessary(DataAccessUtils.java:343)
	at org.springframework.dao.support.PersistenceExceptionTranslationInterceptor.invoke(PersistenceExceptionTranslationInterceptor.java:160)
	at org.springframework.aop.framework.ReflectiveMethodInvocation.proceed(ReflectiveMethodInvocation.java:184)
	at org.springframework.data.jpa.repository.support.CrudMethodMetadataPostProcessor$CrudMethodMetadataPopulatingMethodInterceptor.invoke(CrudMethodMetadataPostProcessor.java:136)
	at org.springframework.aop.framework.ReflectiveMethodInvocation.proceed(ReflectiveMethodInvocation.java:184)
	at org.springframework.aop.framework.JdkDynamicAopProxy.invoke(JdkDynamicAopProxy.java:223)
	at jdk.proxy2/jdk.proxy2.$Proxy168.findActivos(Unknown Source)
	at com.erp.sri_files.batch.BatchJobScheduler.ejecutarSiNoHayActivo(BatchJobScheduler.java:42)
	at com.erp.sri_files.batch.BatchJobScheduler.enviarCorreosPendientes(BatchJobScheduler.java:38)
	at java.base/jdk.internal.reflect.DirectMethodHandleAccessor.invoke(DirectMethodHandleAccessor.java:103)
	at java.base/java.lang.reflect.Method.invoke(Method.java:580)
	at org.springframework.scheduling.support.ScheduledMethodRunnable.runInternal(ScheduledMethodRunnable.java:130)
	at org.springframework.scheduling.support.ScheduledMethodRunnable.lambda$run$2(ScheduledMethodRunnable.java:124)
	at io.micrometer.observation.Observation.observe(Observation.java:498)
	at org.springframework.scheduling.support.ScheduledMethodRunnable.run(ScheduledMethodRunnable.java:124)
	at org.springframework.scheduling.config.Task$OutcomeTrackingRunnable.run(Task.java:85)
	at org.springframework.scheduling.support.DelegatingErrorHandlingRunnable.run(DelegatingErrorHandlingRunnable.java:54)
	at org.springframework.scheduling.concurrent.ReschedulingRunnable.run(ReschedulingRunnable.java:96)
	at java.base/java.util.concurrent.Executors$RunnableAdapter.call(Executors.java:572)
	at java.base/java.util.concurrent.FutureTask.run(FutureTask.java:317)
	at java.base/java.util.concurrent.ScheduledThreadPoolExecutor$ScheduledFutureTask.run(ScheduledThreadPoolExecutor.java:304)
	at java.base/java.util.concurrent.ThreadPoolExecutor.runWorker(ThreadPoolExecutor.java:1144)
	at java.base/java.util.concurrent.ThreadPoolExecutor$Worker.run(ThreadPoolExecutor.java:642)
	at java.base/java.lang.Thread.run(Thread.java:1583)
Caused by: org.hibernate.exception.SQLGrammarException: JDBC exception executing SQL [select bj1_0.id,bj1_0.created_at,bj1_0.estado,bj1_0.exitosos,bj1_0.fallidos,bj1_0.fecha_fin,bj1_0.fecha_inicio,bj1_0.mensaje,bj1_0.procesados,bj1_0.tipo_proceso,bj1_0.total_documentos,bj1_0.triggered_by,bj1_0.uuid from batch_jobs bj1_0 where bj1_0.estado in ('PENDIENTE','EN_PROCESO') order by bj1_0.fecha_inicio] [ERROR: no existe la relación «batch_jobs»
  Position: 220] [n/a]
	at org.hibernate.exception.internal.SQLStateConversionDelegate.convert(SQLStateConversionDelegate.java:91)
	at org.hibernate.exception.internal.StandardSQLExceptionConverter.convert(StandardSQLExceptionConverter.java:58)
	at org.hibernate.engine.jdbc.spi.SqlExceptionHelper.convert(SqlExceptionHelper.java:108)
	at org.hibernate.engine.jdbc.spi.SqlExceptionHelper.convert(SqlExceptionHelper.java:94)
	at org.hibernate.sql.results.jdbc.internal.DeferredResultSetAccess.executeQuery(DeferredResultSetAccess.java:268)
	at org.hibernate.sql.results.jdbc.internal.DeferredResultSetAccess.getResultSet(DeferredResultSetAccess.java:171)
	at org.hibernate.sql.results.jdbc.internal.JdbcValuesResultSetImpl.<init>(JdbcValuesResultSetImpl.java:74)
	at org.hibernate.sql.exec.internal.JdbcSelectExecutorStandardImpl.resolveJdbcValuesSource(JdbcSelectExecutorStandardImpl.java:355)
	at org.hibernate.sql.exec.internal.JdbcSelectExecutorStandardImpl.doExecuteQuery(JdbcSelectExecutorStandardImpl.java:137)
	at org.hibernate.sql.exec.internal.JdbcSelectExecutorStandardImpl.executeQuery(JdbcSelectExecutorStandardImpl.java:102)
	at org.hibernate.sql.exec.spi.JdbcSelectExecutor.executeQuery(JdbcSelectExecutor.java:91)
	at org.hibernate.sql.exec.spi.JdbcSelectExecutor.list(JdbcSelectExecutor.java:165)
	at org.hibernate.query.sqm.internal.ConcreteSqmSelectQueryPlan.lambda$new$1(ConcreteSqmSelectQueryPlan.java:152)
	at org.hibernate.query.sqm.internal.ConcreteSqmSelectQueryPlan.withCacheableSqmInterpretation(ConcreteSqmSelectQueryPlan.java:442)
	at org.hibernate.query.sqm.internal.ConcreteSqmSelectQueryPlan.performList(ConcreteSqmSelectQueryPlan.java:362)
	at org.hibernate.query.sqm.internal.QuerySqmImpl.doList(QuerySqmImpl.java:380)
	at org.hibernate.query.spi.AbstractSelectionQuery.list(AbstractSelectionQuery.java:143)
	at org.hibernate.query.Query.getResultList(Query.java:120)
	at java.base/jdk.internal.reflect.DirectMethodHandleAccessor.invoke(DirectMethodHandleAccessor.java:103)
	at java.base/java.lang.reflect.Method.invoke(Method.java:580)
	at org.springframework.orm.jpa.SharedEntityManagerCreator$DeferredQueryInvocationHandler.invoke(SharedEntityManagerCreator.java:419)
	at jdk.proxy2/jdk.proxy2.$Proxy194.getResultList(Unknown Source)
	at org.springframework.data.jpa.repository.query.JpaQueryExecution$CollectionExecution.doExecute(JpaQueryExecution.java:130)
	at org.springframework.data.jpa.repository.query.JpaQueryExecution.execute(JpaQueryExecution.java:93)
	at org.springframework.data.jpa.repository.query.AbstractJpaQuery.doExecute(AbstractJpaQuery.java:152)
	at org.springframework.data.jpa.repository.query.AbstractJpaQuery.execute(AbstractJpaQuery.java:140)
	at org.springframework.data.repository.core.support.RepositoryMethodInvoker.doInvoke(RepositoryMethodInvoker.java:170)
	at org.springframework.data.repository.core.support.RepositoryMethodInvoker.invoke(RepositoryMethodInvoker.java:158)
	at org.springframework.data.repository.core.support.QueryExecutorMethodInterceptor.doInvoke(QueryExecutorMethodInterceptor.java:170)
	at org.springframework.data.repository.core.support.QueryExecutorMethodInterceptor.invoke(QueryExecutorMethodInterceptor.java:149)
	at org.springframework.aop.framework.ReflectiveMethodInvocation.proceed(ReflectiveMethodInvocation.java:184)
	at org.springframework.data.projection.DefaultMethodInvokingMethodInterceptor.invoke(DefaultMethodInvokingMethodInterceptor.java:69)
	at org.springframework.aop.framework.ReflectiveMethodInvocation.proceed(ReflectiveMethodInvocation.java:184)
	at org.springframework.transaction.interceptor.TransactionAspectSupport.invokeWithinTransaction(TransactionAspectSupport.java:380)
	at org.springframework.transaction.interceptor.TransactionInterceptor.invoke(TransactionInterceptor.java:119)
	at org.springframework.aop.framework.ReflectiveMethodInvocation.proceed(ReflectiveMethodInvocation.java:184)
	at org.springframework.dao.support.PersistenceExceptionTranslationInterceptor.invoke(PersistenceExceptionTranslationInterceptor.java:138)
	... 22 common frames omitted
Caused by: org.postgresql.util.PSQLException: ERROR: no existe la relación «batch_jobs»
  Position: 220
	at org.postgresql.core.v3.QueryExecutorImpl.receiveErrorResponse(QueryExecutorImpl.java:2733)
	at org.postgresql.core.v3.QueryExecutorImpl.processResults(QueryExecutorImpl.java:2420)
	at org.postgresql.core.v3.QueryExecutorImpl.execute(QueryExecutorImpl.java:372)
	at org.postgresql.jdbc.PgStatement.executeInternal(PgStatement.java:517)
	at org.postgresql.jdbc.PgStatement.execute(PgStatement.java:434)
	at org.postgresql.jdbc.PgPreparedStatement.executeWithFlags(PgPreparedStatement.java:194)
	at org.postgresql.jdbc.PgPreparedStatement.executeQuery(PgPreparedStatement.java:137)
	at com.zaxxer.hikari.pool.ProxyPreparedStatement.executeQuery(ProxyPreparedStatement.java:52)
	at com.zaxxer.hikari.pool.HikariProxyPreparedStatement.executeQuery(HikariProxyPreparedStatement.java)
	at org.hibernate.sql.results.jdbc.internal.DeferredResultSetAccess.executeQuery(DeferredResultSetAccess.java:250)
	... 54 common frames omitted
2026-08-24 15:40:00.004 [sri-files-scheduler-3] [] WARN  o.h.e.jdbc.spi.SqlExceptionHelper - SQL Error: 0, SQLState: 42P01
2026-08-24 15:40:00.004 [sri-files-scheduler-4] [] INFO  c.e.s.s.NuevoDocumentoScheduler - [SCHEDULER][V1] INICIO envío pendientes @ 2026-08-24T15:40:00.004542
2026-08-24 15:40:00.004 [sri-files-scheduler-3] [] ERROR o.h.e.jdbc.spi.SqlExceptionHelper - ERROR: no existe la relación «batch_jobs»
  Position: 220
2026-08-24 15:40:00.005 [sri-files-scheduler-3] [] ERROR o.s.s.s.TaskUtils$LoggingErrorHandler - Unexpected error occurred in scheduled task
org.springframework.dao.InvalidDataAccessResourceUsageException: JDBC exception executing SQL [select bj1_0.id,bj1_0.created_at,bj1_0.estado,bj1_0.exitosos,bj1_0.fallidos,bj1_0.fecha_fin,bj1_0.fecha_inicio,bj1_0.mensaje,bj1_0.procesados,bj1_0.tipo_proceso,bj1_0.total_documentos,bj1_0.triggered_by,bj1_0.uuid from batch_jobs bj1_0 where bj1_0.estado in ('PENDIENTE','EN_PROCESO') order by bj1_0.fecha_inicio] [ERROR: no existe la relación «batch_jobs»
  Position: 220] [n/a]; SQL [n/a]
	at org.springframework.orm.jpa.vendor.HibernateJpaDialect.convertHibernateAccessException(HibernateJpaDialect.java:277)
	at org.springframework.orm.jpa.vendor.HibernateJpaDialect.translateExceptionIfPossible(HibernateJpaDialect.java:241)
	at org.springframework.orm.jpa.AbstractEntityManagerFactoryBean.translateExceptionIfPossible(AbstractEntityManagerFactoryBean.java:560)
	at org.springframework.dao.support.ChainedPersistenceExceptionTranslator.translateExceptionIfPossible(ChainedPersistenceExceptionTranslator.java:61)
	at org.springframework.dao.support.DataAccessUtils.translateIfNecessary(DataAccessUtils.java:343)
	at org.springframework.dao.support.PersistenceExceptionTranslationInterceptor.invoke(PersistenceExceptionTranslationInterceptor.java:160)
	at org.springframework.aop.framework.ReflectiveMethodInvocation.proceed(ReflectiveMethodInvocation.java:184)
	at org.springframework.data.jpa.repository.support.CrudMethodMetadataPostProcessor$CrudMethodMetadataPopulatingMethodInterceptor.invoke(CrudMethodMetadataPostProcessor.java:136)
	at org.springframework.aop.framework.ReflectiveMethodInvocation.proceed(ReflectiveMethodInvocation.java:184)
	at org.springframework.aop.framework.JdkDynamicAopProxy.invoke(JdkDynamicAopProxy.java:223)
	at jdk.proxy2/jdk.proxy2.$Proxy168.findActivos(Unknown Source)
	at com.erp.sri_files.batch.BatchJobScheduler.ejecutarSiNoHayActivo(BatchJobScheduler.java:42)
	at com.erp.sri_files.batch.BatchJobScheduler.enviarPendientesASri(BatchJobScheduler.java:23)
	at java.base/jdk.internal.reflect.DirectMethodHandleAccessor.invoke(DirectMethodHandleAccessor.java:103)
	at java.base/java.lang.reflect.Method.invoke(Method.java:580)
	at org.springframework.scheduling.support.ScheduledMethodRunnable.runInternal(ScheduledMethodRunnable.java:130)
	at org.springframework.scheduling.support.ScheduledMethodRunnable.lambda$run$2(ScheduledMethodRunnable.java:124)
	at io.micrometer.observation.Observation.observe(Observation.java:498)
	at org.springframework.scheduling.support.ScheduledMethodRunnable.run(ScheduledMethodRunnable.java:124)
	at org.springframework.scheduling.config.Task$OutcomeTrackingRunnable.run(Task.java:85)
	at org.springframework.scheduling.support.DelegatingErrorHandlingRunnable.run(DelegatingErrorHandlingRunnable.java:54)
	at org.springframework.scheduling.concurrent.ReschedulingRunnable.run(ReschedulingRunnable.java:96)
	at java.base/java.util.concurrent.Executors$RunnableAdapter.call(Executors.java:572)
	at java.base/java.util.concurrent.FutureTask.run(FutureTask.java:317)
	at java.base/java.util.concurrent.ScheduledThreadPoolExecutor$ScheduledFutureTask.run(ScheduledThreadPoolExecutor.java:304)
	at java.base/java.util.concurrent.ThreadPoolExecutor.runWorker(ThreadPoolExecutor.java:1144)
	at java.base/java.util.concurrent.ThreadPoolExecutor$Worker.run(ThreadPoolExecutor.java:642)
	at java.base/java.lang.Thread.run(Thread.java:1583)
Caused by: org.hibernate.exception.SQLGrammarException: JDBC exception executing SQL [select bj1_0.id,bj1_0.created_at,bj1_0.estado,bj1_0.exitosos,bj1_0.fallidos,bj1_0.fecha_fin,bj1_0.fecha_inicio,bj1_0.mensaje,bj1_0.procesados,bj1_0.tipo_proceso,bj1_0.total_documentos,bj1_0.triggered_by,bj1_0.uuid from batch_jobs bj1_0 where bj1_0.estado in ('PENDIENTE','EN_PROCESO') order by bj1_0.fecha_inicio] [ERROR: no existe la relación «batch_jobs»
  Position: 220] [n/a]
	at org.hibernate.exception.internal.SQLStateConversionDelegate.convert(SQLStateConversionDelegate.java:91)
	at org.hibernate.exception.internal.StandardSQLExceptionConverter.convert(StandardSQLExceptionConverter.java:58)
	at org.hibernate.engine.jdbc.spi.SqlExceptionHelper.convert(SqlExceptionHelper.java:108)
	at org.hibernate.engine.jdbc.spi.SqlExceptionHelper.convert(SqlExceptionHelper.java:94)
	at org.hibernate.sql.results.jdbc.internal.DeferredResultSetAccess.executeQuery(DeferredResultSetAccess.java:268)
	at org.hibernate.sql.results.jdbc.internal.DeferredResultSetAccess.getResultSet(DeferredResultSetAccess.java:171)
	at org.hibernate.sql.results.jdbc.internal.JdbcValuesResultSetImpl.<init>(JdbcValuesResultSetImpl.java:74)
	at org.hibernate.sql.exec.internal.JdbcSelectExecutorStandardImpl.resolveJdbcValuesSource(JdbcSelectExecutorStandardImpl.java:355)
	at org.hibernate.sql.exec.internal.JdbcSelectExecutorStandardImpl.doExecuteQuery(JdbcSelectExecutorStandardImpl.java:137)
	at org.hibernate.sql.exec.internal.JdbcSelectExecutorStandardImpl.executeQuery(JdbcSelectExecutorStandardImpl.java:102)
	at org.hibernate.sql.exec.spi.JdbcSelectExecutor.executeQuery(JdbcSelectExecutor.java:91)
	at org.hibernate.sql.exec.spi.JdbcSelectExecutor.list(JdbcSelectExecutor.java:165)
	at org.hibernate.query.sqm.internal.ConcreteSqmSelectQueryPlan.lambda$new$1(ConcreteSqmSelectQueryPlan.java:152)
	at org.hibernate.query.sqm.internal.ConcreteSqmSelectQueryPlan.withCacheableSqmInterpretation(ConcreteSqmSelectQueryPlan.java:442)
	at org.hibernate.query.sqm.internal.ConcreteSqmSelectQueryPlan.performList(ConcreteSqmSelectQueryPlan.java:362)
	at org.hibernate.query.sqm.internal.QuerySqmImpl.doList(QuerySqmImpl.java:380)
	at org.hibernate.query.spi.AbstractSelectionQuery.list(AbstractSelectionQuery.java:143)
	at org.hibernate.query.Query.getResultList(Query.java:120)
	at java.base/jdk.internal.reflect.DirectMethodHandleAccessor.invoke(DirectMethodHandleAccessor.java:103)
	at java.base/java.lang.reflect.Method.invoke(Method.java:580)
	at org.springframework.orm.jpa.SharedEntityManagerCreator$DeferredQueryInvocationHandler.invoke(SharedEntityManagerCreator.java:419)
	at jdk.proxy2/jdk.proxy2.$Proxy194.getResultList(Unknown Source)
	at org.springframework.data.jpa.repository.query.JpaQueryExecution$CollectionExecution.doExecute(JpaQueryExecution.java:130)
	at org.springframework.data.jpa.repository.query.JpaQueryExecution.execute(JpaQueryExecution.java:93)
	at org.springframework.data.jpa.repository.query.AbstractJpaQuery.doExecute(AbstractJpaQuery.java:152)
	at org.springframework.data.jpa.repository.query.AbstractJpaQuery.execute(AbstractJpaQuery.java:140)
	at org.springframework.data.repository.core.support.RepositoryMethodInvoker.doInvoke(RepositoryMethodInvoker.java:170)
	at org.springframework.data.repository.core.support.RepositoryMethodInvoker.invoke(RepositoryMethodInvoker.java:158)
	at org.springframework.data.repository.core.support.QueryExecutorMethodInterceptor.doInvoke(QueryExecutorMethodInterceptor.java:170)
	at org.springframework.data.repository.core.support.QueryExecutorMethodInterceptor.invoke(QueryExecutorMethodInterceptor.java:149)
	at org.springframework.aop.framework.ReflectiveMethodInvocation.proceed(ReflectiveMethodInvocation.java:184)
	at org.springframework.data.projection.DefaultMethodInvokingMethodInterceptor.invoke(DefaultMethodInvokingMethodInterceptor.java:69)
	at org.springframework.aop.framework.ReflectiveMethodInvocation.proceed(ReflectiveMethodInvocation.java:184)
	at org.springframework.transaction.interceptor.TransactionAspectSupport.invokeWithinTransaction(TransactionAspectSupport.java:380)
	at org.springframework.transaction.interceptor.TransactionInterceptor.invoke(TransactionInterceptor.java:119)
	at org.springframework.aop.framework.ReflectiveMethodInvocation.proceed(ReflectiveMethodInvocation.java:184)
	at org.springframework.dao.support.PersistenceExceptionTranslationInterceptor.invoke(PersistenceExceptionTranslationInterceptor.java:138)
	... 22 common frames omitted
Caused by: org.postgresql.util.PSQLException: ERROR: no existe la relación «batch_jobs»
  Position: 220
	at org.postgresql.core.v3.QueryExecutorImpl.receiveErrorResponse(QueryExecutorImpl.java:2733)
	at org.postgresql.core.v3.QueryExecutorImpl.processResults(QueryExecutorImpl.java:2420)
	at org.postgresql.core.v3.QueryExecutorImpl.execute(QueryExecutorImpl.java:372)
	at org.postgresql.jdbc.PgStatement.executeInternal(PgStatement.java:517)
	at org.postgresql.jdbc.PgStatement.execute(PgStatement.java:434)
	at org.postgresql.jdbc.PgPreparedStatement.executeWithFlags(PgPreparedStatement.java:194)
	at org.postgresql.jdbc.PgPreparedStatement.executeQuery(PgPreparedStatement.java:137)
	at com.zaxxer.hikari.pool.ProxyPreparedStatement.executeQuery(ProxyPreparedStatement.java:52)
	at com.zaxxer.hikari.pool.HikariProxyPreparedStatement.executeQuery(HikariProxyPreparedStatement.java)
	at org.hibernate.sql.results.jdbc.internal.DeferredResultSetAccess.executeQuery(DeferredResultSetAccess.java:250)
	... 54 common frames omitted
2026-08-24 15:40:00.006 [sri-files-scheduler-4] [] WARN  o.h.e.jdbc.spi.SqlExceptionHelper - SQL Error: 0, SQLState: 42P01
2026-08-24 15:40:00.006 [sri-files-scheduler-4] [] ERROR o.h.e.jdbc.spi.SqlExceptionHelper - ERROR: no existe la relación «documento_electronico»
  Position: 1107
2026-08-24 15:40:00.006 [sri-files-scheduler-3] [] INFO  c.e.s.services.EnvioSriBatchService - [SCHEDULER][sri-files-scheduler-3] INICIO automatizacionEnvioFacturasElectonicas @ 2026-08-24T15:40:00.006178100
2026-08-24 15:40:00.006 [sri-files-scheduler-3] [] INFO  c.e.s.services.EnvioSriBatchService - Ejecutando envio de facturas at=2026-08-24T15:40:00.006178100
2026-08-24 15:40:00.006 [sri-files-scheduler-4] [] ERROR c.e.s.s.NuevoDocumentoScheduler - [SCHEDULER][V1] Error en ciclo de envío
org.springframework.dao.InvalidDataAccessResourceUsageException: JDBC exception executing SQL [select de1_0.id,de1_0.ambiente,de1_0.clave_acceso,de1_0.created_at,de1_0.created_by,de1_0.documento_origen_id,de1_0.documento_sustituto_id,de1_0.email_receptor,de1_0.establecimiento,de1_0.estado,de1_0.external_id,de1_0.fecha_anulacion,de1_0.fecha_autorizacion_sri,de1_0.fecha_emision,de1_0.fecha_envio_correo,de1_0.fecha_envio_sri,de1_0.fecha_firma,de1_0.fecha_generacion_ride,de1_0.fecha_generacion_xml,de1_0.fecha_recepcion_json,de1_0.fecha_transaccion_origen,de1_0.fecha_ultima_actualizacion,de1_0.id_origen,de1_0.identificacion_receptor,de1_0.importe_total,de1_0.intentos_autorizacion,de1_0.intentos_correo,de1_0.intentos_envio,de1_0.json_original,de1_0.locked_at,de1_0.locked_by,de1_0.mail_enviado,de1_0.mensaje_sri,de1_0.motivo_correccion,de1_0.numero_autorizacion,de1_0.numero_documento,de1_0.origen_sistema,de1_0.processing_lock,de1_0.punto_emision,de1_0.razon_social_receptor,de1_0.ruc_emisor,de1_0.secuencial,de1_0.subestado,de1_0.subtotal,de1_0.tipo_documento,de1_0.total_descuento,de1_0.total_impuestos,de1_0.updated_at,de1_0.uuid,de1_0.xml_autorizado,de1_0.xml_firmado,de1_0.xml_generado from documento_electronico de1_0 where de1_0.estado in ('RECIBIDO','VALIDANDO') order by de1_0.id fetch first ? rows only] [ERROR: no existe la relación «documento_electronico»
  Position: 1107] [n/a]; SQL [n/a]
	at org.springframework.orm.jpa.vendor.HibernateJpaDialect.convertHibernateAccessException(HibernateJpaDialect.java:277)
	at org.springframework.orm.jpa.vendor.HibernateJpaDialect.translateExceptionIfPossible(HibernateJpaDialect.java:241)
	at org.springframework.orm.jpa.AbstractEntityManagerFactoryBean.translateExceptionIfPossible(AbstractEntityManagerFactoryBean.java:560)
	at org.springframework.dao.support.ChainedPersistenceExceptionTranslator.translateExceptionIfPossible(ChainedPersistenceExceptionTranslator.java:61)
	at org.springframework.dao.support.DataAccessUtils.translateIfNecessary(DataAccessUtils.java:343)
	at org.springframework.dao.support.PersistenceExceptionTranslationInterceptor.invoke(PersistenceExceptionTranslationInterceptor.java:160)
	at org.springframework.aop.framework.ReflectiveMethodInvocation.proceed(ReflectiveMethodInvocation.java:184)
	at org.springframework.data.jpa.repository.support.CrudMethodMetadataPostProcessor$CrudMethodMetadataPopulatingMethodInterceptor.invoke(CrudMethodMetadataPostProcessor.java:136)
	at org.springframework.aop.framework.ReflectiveMethodInvocation.proceed(ReflectiveMethodInvocation.java:184)
	at org.springframework.aop.framework.JdkDynamicAopProxy.invoke(JdkDynamicAopProxy.java:223)
	at jdk.proxy2/jdk.proxy2.$Proxy170.findPendientesProcesamiento(Unknown Source)
	at com.erp.sri_files.scheduler.NuevoDocumentoScheduler.procesarPendientesEnvio(NuevoDocumentoScheduler.java:45)
	at java.base/jdk.internal.reflect.DirectMethodHandleAccessor.invoke(DirectMethodHandleAccessor.java:103)
	at java.base/java.lang.reflect.Method.invoke(Method.java:580)
	at org.springframework.scheduling.support.ScheduledMethodRunnable.runInternal(ScheduledMethodRunnable.java:130)
	at org.springframework.scheduling.support.ScheduledMethodRunnable.lambda$run$2(ScheduledMethodRunnable.java:124)
	at io.micrometer.observation.Observation.observe(Observation.java:498)
	at org.springframework.scheduling.support.ScheduledMethodRunnable.run(ScheduledMethodRunnable.java:124)
	at org.springframework.scheduling.config.Task$OutcomeTrackingRunnable.run(Task.java:85)
	at org.springframework.scheduling.support.DelegatingErrorHandlingRunnable.run(DelegatingErrorHandlingRunnable.java:54)
	at org.springframework.scheduling.concurrent.ReschedulingRunnable.run(ReschedulingRunnable.java:96)
	at java.base/java.util.concurrent.Executors$RunnableAdapter.call(Executors.java:572)
	at java.base/java.util.concurrent.FutureTask.run(FutureTask.java:317)
	at java.base/java.util.concurrent.ScheduledThreadPoolExecutor$ScheduledFutureTask.run(ScheduledThreadPoolExecutor.java:304)
	at java.base/java.util.concurrent.ThreadPoolExecutor.runWorker(ThreadPoolExecutor.java:1144)
	at java.base/java.util.concurrent.ThreadPoolExecutor$Worker.run(ThreadPoolExecutor.java:642)
	at java.base/java.lang.Thread.run(Thread.java:1583)
Caused by: org.hibernate.exception.SQLGrammarException: JDBC exception executing SQL [select de1_0.id,de1_0.ambiente,de1_0.clave_acceso,de1_0.created_at,de1_0.created_by,de1_0.documento_origen_id,de1_0.documento_sustituto_id,de1_0.email_receptor,de1_0.establecimiento,de1_0.estado,de1_0.external_id,de1_0.fecha_anulacion,de1_0.fecha_autorizacion_sri,de1_0.fecha_emision,de1_0.fecha_envio_correo,de1_0.fecha_envio_sri,de1_0.fecha_firma,de1_0.fecha_generacion_ride,de1_0.fecha_generacion_xml,de1_0.fecha_recepcion_json,de1_0.fecha_transaccion_origen,de1_0.fecha_ultima_actualizacion,de1_0.id_origen,de1_0.identificacion_receptor,de1_0.importe_total,de1_0.intentos_autorizacion,de1_0.intentos_correo,de1_0.intentos_envio,de1_0.json_original,de1_0.locked_at,de1_0.locked_by,de1_0.mail_enviado,de1_0.mensaje_sri,de1_0.motivo_correccion,de1_0.numero_autorizacion,de1_0.numero_documento,de1_0.origen_sistema,de1_0.processing_lock,de1_0.punto_emision,de1_0.razon_social_receptor,de1_0.ruc_emisor,de1_0.secuencial,de1_0.subestado,de1_0.subtotal,de1_0.tipo_documento,de1_0.total_descuento,de1_0.total_impuestos,de1_0.updated_at,de1_0.uuid,de1_0.xml_autorizado,de1_0.xml_firmado,de1_0.xml_generado from documento_electronico de1_0 where de1_0.estado in ('RECIBIDO','VALIDANDO') order by de1_0.id fetch first ? rows only] [ERROR: no existe la relación «documento_electronico»
  Position: 1107] [n/a]
	at org.hibernate.exception.internal.SQLStateConversionDelegate.convert(SQLStateConversionDelegate.java:91)
	at org.hibernate.exception.internal.StandardSQLExceptionConverter.convert(StandardSQLExceptionConverter.java:58)
	at org.hibernate.engine.jdbc.spi.SqlExceptionHelper.convert(SqlExceptionHelper.java:108)
	at org.hibernate.engine.jdbc.spi.SqlExceptionHelper.convert(SqlExceptionHelper.java:94)
	at org.hibernate.sql.results.jdbc.internal.DeferredResultSetAccess.executeQuery(DeferredResultSetAccess.java:268)
	at org.hibernate.sql.results.jdbc.internal.DeferredResultSetAccess.getResultSet(DeferredResultSetAccess.java:171)
	at org.hibernate.sql.results.jdbc.internal.JdbcValuesResultSetImpl.<init>(JdbcValuesResultSetImpl.java:74)
	at org.hibernate.sql.exec.internal.JdbcSelectExecutorStandardImpl.resolveJdbcValuesSource(JdbcSelectExecutorStandardImpl.java:355)
	at org.hibernate.sql.exec.internal.JdbcSelectExecutorStandardImpl.doExecuteQuery(JdbcSelectExecutorStandardImpl.java:137)
	at org.hibernate.sql.exec.internal.JdbcSelectExecutorStandardImpl.executeQuery(JdbcSelectExecutorStandardImpl.java:102)
	at org.hibernate.sql.exec.spi.JdbcSelectExecutor.executeQuery(JdbcSelectExecutor.java:91)
	at org.hibernate.sql.exec.spi.JdbcSelectExecutor.list(JdbcSelectExecutor.java:165)
	at org.hibernate.query.sqm.internal.ConcreteSqmSelectQueryPlan.lambda$new$1(ConcreteSqmSelectQueryPlan.java:152)
	at org.hibernate.query.sqm.internal.ConcreteSqmSelectQueryPlan.withCacheableSqmInterpretation(ConcreteSqmSelectQueryPlan.java:442)
	at org.hibernate.query.sqm.internal.ConcreteSqmSelectQueryPlan.performList(ConcreteSqmSelectQueryPlan.java:362)
	at org.hibernate.query.sqm.internal.QuerySqmImpl.doList(QuerySqmImpl.java:380)
	at org.hibernate.query.spi.AbstractSelectionQuery.list(AbstractSelectionQuery.java:143)
	at org.hibernate.query.Query.getResultList(Query.java:120)
	at java.base/jdk.internal.reflect.DirectMethodHandleAccessor.invoke(DirectMethodHandleAccessor.java:103)
	at java.base/java.lang.reflect.Method.invoke(Method.java:580)
	at org.springframework.orm.jpa.SharedEntityManagerCreator$DeferredQueryInvocationHandler.invoke(SharedEntityManagerCreator.java:419)
	at jdk.proxy2/jdk.proxy2.$Proxy194.getResultList(Unknown Source)
	at org.springframework.data.jpa.repository.query.JpaQueryExecution$CollectionExecution.doExecute(JpaQueryExecution.java:130)
	at org.springframework.data.jpa.repository.query.JpaQueryExecution.execute(JpaQueryExecution.java:93)
	at org.springframework.data.jpa.repository.query.AbstractJpaQuery.doExecute(AbstractJpaQuery.java:152)
	at org.springframework.data.jpa.repository.query.AbstractJpaQuery.execute(AbstractJpaQuery.java:140)
	at org.springframework.data.repository.core.support.RepositoryMethodInvoker.doInvoke(RepositoryMethodInvoker.java:170)
	at org.springframework.data.repository.core.support.RepositoryMethodInvoker.invoke(RepositoryMethodInvoker.java:158)
	at org.springframework.data.repository.core.support.QueryExecutorMethodInterceptor.doInvoke(QueryExecutorMethodInterceptor.java:170)
	at org.springframework.data.repository.core.support.QueryExecutorMethodInterceptor.invoke(QueryExecutorMethodInterceptor.java:149)
	at org.springframework.aop.framework.ReflectiveMethodInvocation.proceed(ReflectiveMethodInvocation.java:184)
	at org.springframework.data.projection.DefaultMethodInvokingMethodInterceptor.invoke(DefaultMethodInvokingMethodInterceptor.java:69)
	at org.springframework.aop.framework.ReflectiveMethodInvocation.proceed(ReflectiveMethodInvocation.java:184)
	at org.springframework.transaction.interceptor.TransactionAspectSupport.invokeWithinTransaction(TransactionAspectSupport.java:380)
	at org.springframework.transaction.interceptor.TransactionInterceptor.invoke(TransactionInterceptor.java:119)
	at org.springframework.aop.framework.ReflectiveMethodInvocation.proceed(ReflectiveMethodInvocation.java:184)
	at org.springframework.dao.support.PersistenceExceptionTranslationInterceptor.invoke(PersistenceExceptionTranslationInterceptor.java:138)
	... 21 common frames omitted
Caused by: org.postgresql.util.PSQLException: ERROR: no existe la relación «documento_electronico»
  Position: 1107
	at org.postgresql.core.v3.QueryExecutorImpl.receiveErrorResponse(QueryExecutorImpl.java:2733)
	at org.postgresql.core.v3.QueryExecutorImpl.processResults(QueryExecutorImpl.java:2420)
	at org.postgresql.core.v3.QueryExecutorImpl.execute(QueryExecutorImpl.java:372)
	at org.postgresql.jdbc.PgStatement.executeInternal(PgStatement.java:517)
	at org.postgresql.jdbc.PgStatement.execute(PgStatement.java:434)
	at org.postgresql.jdbc.PgPreparedStatement.executeWithFlags(PgPreparedStatement.java:194)
	at org.postgresql.jdbc.PgPreparedStatement.executeQuery(PgPreparedStatement.java:137)
	at com.zaxxer.hikari.pool.ProxyPreparedStatement.executeQuery(ProxyPreparedStatement.java:52)
	at com.zaxxer.hikari.pool.HikariProxyPreparedStatement.executeQuery(HikariProxyPreparedStatement.java)
	at org.hibernate.sql.results.jdbc.internal.DeferredResultSetAccess.executeQuery(DeferredResultSetAccess.java:250)
	... 53 common frames omitted
2026-08-24 15:40:00.006 [sri-files-scheduler-4] [] INFO  c.e.s.s.NuevoDocumentoScheduler - [SCHEDULER][V1] FIN envío | detectados=0 | exitosos=0 | fallidos=0 | duracionMs=2
2026-08-24 15:40:00.008 [sri-files-scheduler-1] [] WARN  o.h.e.jdbc.spi.SqlExceptionHelper - SQL Error: 0, SQLState: 42P01
2026-08-24 15:40:00.008 [sri-files-scheduler-1] [] ERROR o.h.e.jdbc.spi.SqlExceptionHelper - ERROR: no existe la relación «documento_electronico»
  Position: 1107
2026-08-24 15:40:00.008 [sri-files-scheduler-1] [] ERROR c.e.s.s.NuevoDocumentoScheduler - Error limpiando locks expirados
org.springframework.dao.InvalidDataAccessResourceUsageException: JDBC exception executing SQL [select de1_0.id,de1_0.ambiente,de1_0.clave_acceso,de1_0.created_at,de1_0.created_by,de1_0.documento_origen_id,de1_0.documento_sustituto_id,de1_0.email_receptor,de1_0.establecimiento,de1_0.estado,de1_0.external_id,de1_0.fecha_anulacion,de1_0.fecha_autorizacion_sri,de1_0.fecha_emision,de1_0.fecha_envio_correo,de1_0.fecha_envio_sri,de1_0.fecha_firma,de1_0.fecha_generacion_ride,de1_0.fecha_generacion_xml,de1_0.fecha_recepcion_json,de1_0.fecha_transaccion_origen,de1_0.fecha_ultima_actualizacion,de1_0.id_origen,de1_0.identificacion_receptor,de1_0.importe_total,de1_0.intentos_autorizacion,de1_0.intentos_correo,de1_0.intentos_envio,de1_0.json_original,de1_0.locked_at,de1_0.locked_by,de1_0.mail_enviado,de1_0.mensaje_sri,de1_0.motivo_correccion,de1_0.numero_autorizacion,de1_0.numero_documento,de1_0.origen_sistema,de1_0.processing_lock,de1_0.punto_emision,de1_0.razon_social_receptor,de1_0.ruc_emisor,de1_0.secuencial,de1_0.subestado,de1_0.subtotal,de1_0.tipo_documento,de1_0.total_descuento,de1_0.total_impuestos,de1_0.updated_at,de1_0.uuid,de1_0.xml_autorizado,de1_0.xml_firmado,de1_0.xml_generado from documento_electronico de1_0 where de1_0.processing_lock=true and de1_0.locked_at<?] [ERROR: no existe la relación «documento_electronico»
  Position: 1107] [n/a]; SQL [n/a]
	at org.springframework.orm.jpa.vendor.HibernateJpaDialect.convertHibernateAccessException(HibernateJpaDialect.java:277)
	at org.springframework.orm.jpa.vendor.HibernateJpaDialect.translateExceptionIfPossible(HibernateJpaDialect.java:241)
	at org.springframework.orm.jpa.AbstractEntityManagerFactoryBean.translateExceptionIfPossible(AbstractEntityManagerFactoryBean.java:560)
	at org.springframework.dao.support.ChainedPersistenceExceptionTranslator.translateExceptionIfPossible(ChainedPersistenceExceptionTranslator.java:61)
	at org.springframework.dao.support.DataAccessUtils.translateIfNecessary(DataAccessUtils.java:343)
	at org.springframework.dao.support.PersistenceExceptionTranslationInterceptor.invoke(PersistenceExceptionTranslationInterceptor.java:160)
	at org.springframework.aop.framework.ReflectiveMethodInvocation.proceed(ReflectiveMethodInvocation.java:184)
	at org.springframework.data.jpa.repository.support.CrudMethodMetadataPostProcessor$CrudMethodMetadataPopulatingMethodInterceptor.invoke(CrudMethodMetadataPostProcessor.java:136)
	at org.springframework.aop.framework.ReflectiveMethodInvocation.proceed(ReflectiveMethodInvocation.java:184)
	at org.springframework.aop.framework.JdkDynamicAopProxy.invoke(JdkDynamicAopProxy.java:223)
	at jdk.proxy2/jdk.proxy2.$Proxy170.findLocksExpirados(Unknown Source)
	at com.erp.sri_files.scheduler.NuevoDocumentoScheduler.limpiarLocksExpirados(NuevoDocumentoScheduler.java:154)
	at java.base/jdk.internal.reflect.DirectMethodHandleAccessor.invoke(DirectMethodHandleAccessor.java:103)
	at java.base/java.lang.reflect.Method.invoke(Method.java:580)
	at org.springframework.scheduling.support.ScheduledMethodRunnable.runInternal(ScheduledMethodRunnable.java:130)
	at org.springframework.scheduling.support.ScheduledMethodRunnable.lambda$run$2(ScheduledMethodRunnable.java:124)
	at io.micrometer.observation.Observation.observe(Observation.java:498)
	at org.springframework.scheduling.support.ScheduledMethodRunnable.run(ScheduledMethodRunnable.java:124)
	at org.springframework.scheduling.config.Task$OutcomeTrackingRunnable.run(Task.java:85)
	at org.springframework.scheduling.support.DelegatingErrorHandlingRunnable.run(DelegatingErrorHandlingRunnable.java:54)
	at org.springframework.scheduling.concurrent.ReschedulingRunnable.run(ReschedulingRunnable.java:96)
	at java.base/java.util.concurrent.Executors$RunnableAdapter.call(Executors.java:572)
	at java.base/java.util.concurrent.FutureTask.run(FutureTask.java:317)
	at java.base/java.util.concurrent.ScheduledThreadPoolExecutor$ScheduledFutureTask.run(ScheduledThreadPoolExecutor.java:304)
	at java.base/java.util.concurrent.ThreadPoolExecutor.runWorker(ThreadPoolExecutor.java:1144)
	at java.base/java.util.concurrent.ThreadPoolExecutor$Worker.run(ThreadPoolExecutor.java:642)
	at java.base/java.lang.Thread.run(Thread.java:1583)
Caused by: org.hibernate.exception.SQLGrammarException: JDBC exception executing SQL [select de1_0.id,de1_0.ambiente,de1_0.clave_acceso,de1_0.created_at,de1_0.created_by,de1_0.documento_origen_id,de1_0.documento_sustituto_id,de1_0.email_receptor,de1_0.establecimiento,de1_0.estado,de1_0.external_id,de1_0.fecha_anulacion,de1_0.fecha_autorizacion_sri,de1_0.fecha_emision,de1_0.fecha_envio_correo,de1_0.fecha_envio_sri,de1_0.fecha_firma,de1_0.fecha_generacion_ride,de1_0.fecha_generacion_xml,de1_0.fecha_recepcion_json,de1_0.fecha_transaccion_origen,de1_0.fecha_ultima_actualizacion,de1_0.id_origen,de1_0.identificacion_receptor,de1_0.importe_total,de1_0.intentos_autorizacion,de1_0.intentos_correo,de1_0.intentos_envio,de1_0.json_original,de1_0.locked_at,de1_0.locked_by,de1_0.mail_enviado,de1_0.mensaje_sri,de1_0.motivo_correccion,de1_0.numero_autorizacion,de1_0.numero_documento,de1_0.origen_sistema,de1_0.processing_lock,de1_0.punto_emision,de1_0.razon_social_receptor,de1_0.ruc_emisor,de1_0.secuencial,de1_0.subestado,de1_0.subtotal,de1_0.tipo_documento,de1_0.total_descuento,de1_0.total_impuestos,de1_0.updated_at,de1_0.uuid,de1_0.xml_autorizado,de1_0.xml_firmado,de1_0.xml_generado from documento_electronico de1_0 where de1_0.processing_lock=true and de1_0.locked_at<?] [ERROR: no existe la relación «documento_electronico»
  Position: 1107] [n/a]
	at org.hibernate.exception.internal.SQLStateConversionDelegate.convert(SQLStateConversionDelegate.java:91)
	at org.hibernate.exception.internal.StandardSQLExceptionConverter.convert(StandardSQLExceptionConverter.java:58)
	at org.hibernate.engine.jdbc.spi.SqlExceptionHelper.convert(SqlExceptionHelper.java:108)
	at org.hibernate.engine.jdbc.spi.SqlExceptionHelper.convert(SqlExceptionHelper.java:94)
	at org.hibernate.sql.results.jdbc.internal.DeferredResultSetAccess.executeQuery(DeferredResultSetAccess.java:268)
	at org.hibernate.sql.results.jdbc.internal.DeferredResultSetAccess.getResultSet(DeferredResultSetAccess.java:171)
	at org.hibernate.sql.results.jdbc.internal.JdbcValuesResultSetImpl.<init>(JdbcValuesResultSetImpl.java:74)
	at org.hibernate.sql.exec.internal.JdbcSelectExecutorStandardImpl.resolveJdbcValuesSource(JdbcSelectExecutorStandardImpl.java:355)
	at org.hibernate.sql.exec.internal.JdbcSelectExecutorStandardImpl.doExecuteQuery(JdbcSelectExecutorStandardImpl.java:137)
	at org.hibernate.sql.exec.internal.JdbcSelectExecutorStandardImpl.executeQuery(JdbcSelectExecutorStandardImpl.java:102)
	at org.hibernate.sql.exec.spi.JdbcSelectExecutor.executeQuery(JdbcSelectExecutor.java:91)
	at org.hibernate.sql.exec.spi.JdbcSelectExecutor.list(JdbcSelectExecutor.java:165)
	at org.hibernate.query.sqm.internal.ConcreteSqmSelectQueryPlan.lambda$new$1(ConcreteSqmSelectQueryPlan.java:152)
	at org.hibernate.query.sqm.internal.ConcreteSqmSelectQueryPlan.withCacheableSqmInterpretation(ConcreteSqmSelectQueryPlan.java:442)
	at org.hibernate.query.sqm.internal.ConcreteSqmSelectQueryPlan.performList(ConcreteSqmSelectQueryPlan.java:362)
	at org.hibernate.query.sqm.internal.QuerySqmImpl.doList(QuerySqmImpl.java:380)
	at org.hibernate.query.spi.AbstractSelectionQuery.list(AbstractSelectionQuery.java:143)
	at org.hibernate.query.Query.getResultList(Query.java:120)
	at java.base/jdk.internal.reflect.DirectMethodHandleAccessor.invoke(DirectMethodHandleAccessor.java:103)
	at java.base/java.lang.reflect.Method.invoke(Method.java:580)
	at org.springframework.orm.jpa.SharedEntityManagerCreator$DeferredQueryInvocationHandler.invoke(SharedEntityManagerCreator.java:419)
	at jdk.proxy2/jdk.proxy2.$Proxy194.getResultList(Unknown Source)
	at org.springframework.data.jpa.repository.query.JpaQueryExecution$CollectionExecution.doExecute(JpaQueryExecution.java:130)
	at org.springframework.data.jpa.repository.query.JpaQueryExecution.execute(JpaQueryExecution.java:93)
	at org.springframework.data.jpa.repository.query.AbstractJpaQuery.doExecute(AbstractJpaQuery.java:152)
	at org.springframework.data.jpa.repository.query.AbstractJpaQuery.execute(AbstractJpaQuery.java:140)
	at org.springframework.data.repository.core.support.RepositoryMethodInvoker.doInvoke(RepositoryMethodInvoker.java:170)
	at org.springframework.data.repository.core.support.RepositoryMethodInvoker.invoke(RepositoryMethodInvoker.java:158)
	at org.springframework.data.repository.core.support.QueryExecutorMethodInterceptor.doInvoke(QueryExecutorMethodInterceptor.java:170)
	at org.springframework.data.repository.core.support.QueryExecutorMethodInterceptor.invoke(QueryExecutorMethodInterceptor.java:149)
	at org.springframework.aop.framework.ReflectiveMethodInvocation.proceed(ReflectiveMethodInvocation.java:184)
	at org.springframework.data.projection.DefaultMethodInvokingMethodInterceptor.invoke(DefaultMethodInvokingMethodInterceptor.java:69)
	at org.springframework.aop.framework.ReflectiveMethodInvocation.proceed(ReflectiveMethodInvocation.java:184)
	at org.springframework.transaction.interceptor.TransactionAspectSupport.invokeWithinTransaction(TransactionAspectSupport.java:380)
	at org.springframework.transaction.interceptor.TransactionInterceptor.invoke(TransactionInterceptor.java:119)
	at org.springframework.aop.framework.ReflectiveMethodInvocation.proceed(ReflectiveMethodInvocation.java:184)
	at org.springframework.dao.support.PersistenceExceptionTranslationInterceptor.invoke(PersistenceExceptionTranslationInterceptor.java:138)
	... 21 common frames omitted
Caused by: org.postgresql.util.PSQLException: ERROR: no existe la relación «documento_electronico»
  Position: 1107
	at org.postgresql.core.v3.QueryExecutorImpl.receiveErrorResponse(QueryExecutorImpl.java:2733)
	at org.postgresql.core.v3.QueryExecutorImpl.processResults(QueryExecutorImpl.java:2420)
	at org.postgresql.core.v3.QueryExecutorImpl.execute(QueryExecutorImpl.java:372)
	at org.postgresql.jdbc.PgStatement.executeInternal(PgStatement.java:517)
	at org.postgresql.jdbc.PgStatement.execute(PgStatement.java:434)
	at org.postgresql.jdbc.PgPreparedStatement.executeWithFlags(PgPreparedStatement.java:194)
	at org.postgresql.jdbc.PgPreparedStatement.executeQuery(PgPreparedStatement.java:137)
	at com.zaxxer.hikari.pool.ProxyPreparedStatement.executeQuery(ProxyPreparedStatement.java:52)
	at com.zaxxer.hikari.pool.HikariProxyPreparedStatement.executeQuery(HikariProxyPreparedStatement.java)
	at org.hibernate.sql.results.jdbc.internal.DeferredResultSetAccess.executeQuery(DeferredResultSetAccess.java:250)
	... 53 common frames omitted
2026-08-24 15:40:01.255 [sri-files-scheduler-3] [] INFO  c.e.s.services.EnvioSriBatchService - No hay facturas pendientes estado=I
2026-08-24 15:40:01.255 [sri-files-scheduler-3] [] INFO  c.e.s.services.EnvioSriBatchService - [SCHEDULER][sri-files-scheduler-3] FIN automatizacionEnvioFacturasElectonicas | detectados=0 | exitosas=0 | fallidas=0 | duracionMs=1249
2026-08-24 15:41:00.012 [sri-files-scheduler-1] [] INFO  c.e.s.s.NuevoDocumentoScheduler - [SCHEDULER][V1] INICIO envío pendientes @ 2026-08-24T15:41:00.012405600
2026-08-24 15:41:00.013 [sri-files-scheduler-3] [] INFO  c.e.s.services.EnvioSriBatchService - [SCHEDULER][sri-files-scheduler-3] INICIO automatizacionEnvioFacturasElectonicas @ 2026-08-24T15:41:00.013057600
2026-08-24 15:41:00.013 [sri-files-scheduler-3] [] INFO  c.e.s.services.EnvioSriBatchService - Ejecutando envio de facturas at=2026-08-24T15:41:00.013057600
2026-08-24 15:41:00.014 [sri-files-scheduler-1] [] WARN  o.h.e.jdbc.spi.SqlExceptionHelper - SQL Error: 0, SQLState: 42P01
2026-08-24 15:41:00.014 [sri-files-scheduler-1] [] ERROR o.h.e.jdbc.spi.SqlExceptionHelper - ERROR: no existe la relación «documento_electronico»
  Position: 1107
2026-08-24 15:41:00.015 [sri-files-scheduler-1] [] ERROR c.e.s.s.NuevoDocumentoScheduler - [SCHEDULER][V1] Error en ciclo de envío
org.springframework.dao.InvalidDataAccessResourceUsageException: JDBC exception executing SQL [select de1_0.id,de1_0.ambiente,de1_0.clave_acceso,de1_0.created_at,de1_0.created_by,de1_0.documento_origen_id,de1_0.documento_sustituto_id,de1_0.email_receptor,de1_0.establecimiento,de1_0.estado,de1_0.external_id,de1_0.fecha_anulacion,de1_0.fecha_autorizacion_sri,de1_0.fecha_emision,de1_0.fecha_envio_correo,de1_0.fecha_envio_sri,de1_0.fecha_firma,de1_0.fecha_generacion_ride,de1_0.fecha_generacion_xml,de1_0.fecha_recepcion_json,de1_0.fecha_transaccion_origen,de1_0.fecha_ultima_actualizacion,de1_0.id_origen,de1_0.identificacion_receptor,de1_0.importe_total,de1_0.intentos_autorizacion,de1_0.intentos_correo,de1_0.intentos_envio,de1_0.json_original,de1_0.locked_at,de1_0.locked_by,de1_0.mail_enviado,de1_0.mensaje_sri,de1_0.motivo_correccion,de1_0.numero_autorizacion,de1_0.numero_documento,de1_0.origen_sistema,de1_0.processing_lock,de1_0.punto_emision,de1_0.razon_social_receptor,de1_0.ruc_emisor,de1_0.secuencial,de1_0.subestado,de1_0.subtotal,de1_0.tipo_documento,de1_0.total_descuento,de1_0.total_impuestos,de1_0.updated_at,de1_0.uuid,de1_0.xml_autorizado,de1_0.xml_firmado,de1_0.xml_generado from documento_electronico de1_0 where de1_0.estado in ('RECIBIDO','VALIDANDO') order by de1_0.id fetch first ? rows only] [ERROR: no existe la relación «documento_electronico»
  Position: 1107] [n/a]; SQL [n/a]
	at org.springframework.orm.jpa.vendor.HibernateJpaDialect.convertHibernateAccessException(HibernateJpaDialect.java:277)
	at org.springframework.orm.jpa.vendor.HibernateJpaDialect.translateExceptionIfPossible(HibernateJpaDialect.java:241)
	at org.springframework.orm.jpa.AbstractEntityManagerFactoryBean.translateExceptionIfPossible(AbstractEntityManagerFactoryBean.java:560)
	at org.springframework.dao.support.ChainedPersistenceExceptionTranslator.translateExceptionIfPossible(ChainedPersistenceExceptionTranslator.java:61)
	at org.springframework.dao.support.DataAccessUtils.translateIfNecessary(DataAccessUtils.java:343)
	at org.springframework.dao.support.PersistenceExceptionTranslationInterceptor.invoke(PersistenceExceptionTranslationInterceptor.java:160)
	at org.springframework.aop.framework.ReflectiveMethodInvocation.proceed(ReflectiveMethodInvocation.java:184)
	at org.springframework.data.jpa.repository.support.CrudMethodMetadataPostProcessor$CrudMethodMetadataPopulatingMethodInterceptor.invoke(CrudMethodMetadataPostProcessor.java:136)
	at org.springframework.aop.framework.ReflectiveMethodInvocation.proceed(ReflectiveMethodInvocation.java:184)
	at org.springframework.aop.framework.JdkDynamicAopProxy.invoke(JdkDynamicAopProxy.java:223)
	at jdk.proxy2/jdk.proxy2.$Proxy170.findPendientesProcesamiento(Unknown Source)
	at com.erp.sri_files.scheduler.NuevoDocumentoScheduler.procesarPendientesEnvio(NuevoDocumentoScheduler.java:45)
	at java.base/jdk.internal.reflect.DirectMethodHandleAccessor.invoke(DirectMethodHandleAccessor.java:103)
	at java.base/java.lang.reflect.Method.invoke(Method.java:580)
	at org.springframework.scheduling.support.ScheduledMethodRunnable.runInternal(ScheduledMethodRunnable.java:130)
	at org.springframework.scheduling.support.ScheduledMethodRunnable.lambda$run$2(ScheduledMethodRunnable.java:124)
	at io.micrometer.observation.Observation.observe(Observation.java:498)
	at org.springframework.scheduling.support.ScheduledMethodRunnable.run(ScheduledMethodRunnable.java:124)
	at org.springframework.scheduling.config.Task$OutcomeTrackingRunnable.run(Task.java:85)
	at org.springframework.scheduling.support.DelegatingErrorHandlingRunnable.run(DelegatingErrorHandlingRunnable.java:54)
	at org.springframework.scheduling.concurrent.ReschedulingRunnable.run(ReschedulingRunnable.java:96)
	at java.base/java.util.concurrent.Executors$RunnableAdapter.call(Executors.java:572)
	at java.base/java.util.concurrent.FutureTask.run(FutureTask.java:317)
	at java.base/java.util.concurrent.ScheduledThreadPoolExecutor$ScheduledFutureTask.run(ScheduledThreadPoolExecutor.java:304)
	at java.base/java.util.concurrent.ThreadPoolExecutor.runWorker(ThreadPoolExecutor.java:1144)
	at java.base/java.util.concurrent.ThreadPoolExecutor$Worker.run(ThreadPoolExecutor.java:642)
	at java.base/java.lang.Thread.run(Thread.java:1583)
Caused by: org.hibernate.exception.SQLGrammarException: JDBC exception executing SQL [select de1_0.id,de1_0.ambiente,de1_0.clave_acceso,de1_0.created_at,de1_0.created_by,de1_0.documento_origen_id,de1_0.documento_sustituto_id,de1_0.email_receptor,de1_0.establecimiento,de1_0.estado,de1_0.external_id,de1_0.fecha_anulacion,de1_0.fecha_autorizacion_sri,de1_0.fecha_emision,de1_0.fecha_envio_correo,de1_0.fecha_envio_sri,de1_0.fecha_firma,de1_0.fecha_generacion_ride,de1_0.fecha_generacion_xml,de1_0.fecha_recepcion_json,de1_0.fecha_transaccion_origen,de1_0.fecha_ultima_actualizacion,de1_0.id_origen,de1_0.identificacion_receptor,de1_0.importe_total,de1_0.intentos_autorizacion,de1_0.intentos_correo,de1_0.intentos_envio,de1_0.json_original,de1_0.locked_at,de1_0.locked_by,de1_0.mail_enviado,de1_0.mensaje_sri,de1_0.motivo_correccion,de1_0.numero_autorizacion,de1_0.numero_documento,de1_0.origen_sistema,de1_0.processing_lock,de1_0.punto_emision,de1_0.razon_social_receptor,de1_0.ruc_emisor,de1_0.secuencial,de1_0.subestado,de1_0.subtotal,de1_0.tipo_documento,de1_0.total_descuento,de1_0.total_impuestos,de1_0.updated_at,de1_0.uuid,de1_0.xml_autorizado,de1_0.xml_firmado,de1_0.xml_generado from documento_electronico de1_0 where de1_0.estado in ('RECIBIDO','VALIDANDO') order by de1_0.id fetch first ? rows only] [ERROR: no existe la relación «documento_electronico»
  Position: 1107] [n/a]
	at org.hibernate.exception.internal.SQLStateConversionDelegate.convert(SQLStateConversionDelegate.java:91)
	at org.hibernate.exception.internal.StandardSQLExceptionConverter.convert(StandardSQLExceptionConverter.java:58)
	at org.hibernate.engine.jdbc.spi.SqlExceptionHelper.convert(SqlExceptionHelper.java:108)
	at org.hibernate.engine.jdbc.spi.SqlExceptionHelper.convert(SqlExceptionHelper.java:94)
	at org.hibernate.sql.results.jdbc.internal.DeferredResultSetAccess.executeQuery(DeferredResultSetAccess.java:268)
	at org.hibernate.sql.results.jdbc.internal.DeferredResultSetAccess.getResultSet(DeferredResultSetAccess.java:171)
	at org.hibernate.sql.results.jdbc.internal.JdbcValuesResultSetImpl.<init>(JdbcValuesResultSetImpl.java:74)
	at org.hibernate.sql.exec.internal.JdbcSelectExecutorStandardImpl.resolveJdbcValuesSource(JdbcSelectExecutorStandardImpl.java:355)
	at org.hibernate.sql.exec.internal.JdbcSelectExecutorStandardImpl.doExecuteQuery(JdbcSelectExecutorStandardImpl.java:137)
	at org.hibernate.sql.exec.internal.JdbcSelectExecutorStandardImpl.executeQuery(JdbcSelectExecutorStandardImpl.java:102)
	at org.hibernate.sql.exec.spi.JdbcSelectExecutor.executeQuery(JdbcSelectExecutor.java:91)
	at org.hibernate.sql.exec.spi.JdbcSelectExecutor.list(JdbcSelectExecutor.java:165)
	at org.hibernate.query.sqm.internal.ConcreteSqmSelectQueryPlan.lambda$new$1(ConcreteSqmSelectQueryPlan.java:152)
	at org.hibernate.query.sqm.internal.ConcreteSqmSelectQueryPlan.withCacheableSqmInterpretation(ConcreteSqmSelectQueryPlan.java:442)
	at org.hibernate.query.sqm.internal.ConcreteSqmSelectQueryPlan.performList(ConcreteSqmSelectQueryPlan.java:362)
	at org.hibernate.query.sqm.internal.QuerySqmImpl.doList(QuerySqmImpl.java:380)
	at org.hibernate.query.spi.AbstractSelectionQuery.list(AbstractSelectionQuery.java:143)
	at org.hibernate.query.Query.getResultList(Query.java:120)
	at java.base/jdk.internal.reflect.DirectMethodHandleAccessor.invoke(DirectMethodHandleAccessor.java:103)
	at java.base/java.lang.reflect.Method.invoke(Method.java:580)
	at org.springframework.orm.jpa.SharedEntityManagerCreator$DeferredQueryInvocationHandler.invoke(SharedEntityManagerCreator.java:419)
	at jdk.proxy2/jdk.proxy2.$Proxy194.getResultList(Unknown Source)
	at org.springframework.data.jpa.repository.query.JpaQueryExecution$CollectionExecution.doExecute(JpaQueryExecution.java:130)
	at org.springframework.data.jpa.repository.query.JpaQueryExecution.execute(JpaQueryExecution.java:93)
	at org.springframework.data.jpa.repository.query.AbstractJpaQuery.doExecute(AbstractJpaQuery.java:152)
	at org.springframework.data.jpa.repository.query.AbstractJpaQuery.execute(AbstractJpaQuery.java:140)
	at org.springframework.data.repository.core.support.RepositoryMethodInvoker.doInvoke(RepositoryMethodInvoker.java:170)
	at org.springframework.data.repository.core.support.RepositoryMethodInvoker.invoke(RepositoryMethodInvoker.java:158)
	at org.springframework.data.repository.core.support.QueryExecutorMethodInterceptor.doInvoke(QueryExecutorMethodInterceptor.java:170)
	at org.springframework.data.repository.core.support.QueryExecutorMethodInterceptor.invoke(QueryExecutorMethodInterceptor.java:149)
	at org.springframework.aop.framework.ReflectiveMethodInvocation.proceed(ReflectiveMethodInvocation.java:184)
	at org.springframework.data.projection.DefaultMethodInvokingMethodInterceptor.invoke(DefaultMethodInvokingMethodInterceptor.java:69)
	at org.springframework.aop.framework.ReflectiveMethodInvocation.proceed(ReflectiveMethodInvocation.java:184)
	at org.springframework.transaction.interceptor.TransactionAspectSupport.invokeWithinTransaction(TransactionAspectSupport.java:380)
	at org.springframework.transaction.interceptor.TransactionInterceptor.invoke(TransactionInterceptor.java:119)
	at org.springframework.aop.framework.ReflectiveMethodInvocation.proceed(ReflectiveMethodInvocation.java:184)
	at org.springframework.dao.support.PersistenceExceptionTranslationInterceptor.invoke(PersistenceExceptionTranslationInterceptor.java:138)
	... 21 common frames omitted
Caused by: org.postgresql.util.PSQLException: ERROR: no existe la relación «documento_electronico»
  Position: 1107
	at org.postgresql.core.v3.QueryExecutorImpl.receiveErrorResponse(QueryExecutorImpl.java:2733)
	at org.postgresql.core.v3.QueryExecutorImpl.processResults(QueryExecutorImpl.java:2420)
	at org.postgresql.core.v3.QueryExecutorImpl.execute(QueryExecutorImpl.java:372)
	at org.postgresql.jdbc.PgStatement.executeInternal(PgStatement.java:517)
	at org.postgresql.jdbc.PgStatement.execute(PgStatement.java:434)
	at org.postgresql.jdbc.PgPreparedStatement.executeWithFlags(PgPreparedStatement.java:194)
	at org.postgresql.jdbc.PgPreparedStatement.executeQuery(PgPreparedStatement.java:137)
	at com.zaxxer.hikari.pool.ProxyPreparedStatement.executeQuery(ProxyPreparedStatement.java:52)
	at com.zaxxer.hikari.pool.HikariProxyPreparedStatement.executeQuery(HikariProxyPreparedStatement.java)
	at org.hibernate.sql.results.jdbc.internal.DeferredResultSetAccess.executeQuery(DeferredResultSetAccess.java:250)
	... 53 common frames omitted
2026-08-24 15:41:00.015 [sri-files-scheduler-1] [] INFO  c.e.s.s.NuevoDocumentoScheduler - [SCHEDULER][V1] FIN envío | detectados=0 | exitosos=0 | fallidos=0 | duracionMs=3
2026-08-24 15:41:01.181 [sri-files-scheduler-3] [] INFO  c.e.s.services.EnvioSriBatchService - No hay facturas pendientes estado=I
2026-08-24 15:41:01.181 [sri-files-scheduler-3] [] INFO  c.e.s.services.EnvioSriBatchService - [SCHEDULER][sri-files-scheduler-3] FIN automatizacionEnvioFacturasElectonicas | detectados=0 | exitosas=0 | fallidas=0 | duracionMs=1168
2026-08-24 15:42:00.003 [sri-files-scheduler-3] [] INFO  c.e.s.s.NuevoDocumentoScheduler - [SCHEDULER][V1] INICIO envío pendientes @ 2026-08-24T15:42:00.003971900
2026-08-24 15:42:00.004 [sri-files-scheduler-1] [] INFO  c.e.s.services.EnvioSriBatchService - [SCHEDULER][sri-files-scheduler-1] INICIO automatizacionEnvioFacturasElectonicas @ 2026-08-24T15:42:00.004981100
2026-08-24 15:42:00.004 [sri-files-scheduler-1] [] INFO  c.e.s.services.EnvioSriBatchService - Ejecutando envio de facturas at=2026-08-24T15:42:00.004981100
2026-08-24 15:42:00.004 [sri-files-scheduler-3] [] WARN  o.h.e.jdbc.spi.SqlExceptionHelper - SQL Error: 0, SQLState: 42P01
2026-08-24 15:42:00.004 [sri-files-scheduler-4] [] WARN  o.h.e.jdbc.spi.SqlExceptionHelper - SQL Error: 0, SQLState: 42P01
2026-08-24 15:42:00.004 [sri-files-scheduler-3] [] ERROR o.h.e.jdbc.spi.SqlExceptionHelper - ERROR: no existe la relación «documento_electronico»
  Position: 1107
2026-08-24 15:42:00.004 [sri-files-scheduler-4] [] ERROR o.h.e.jdbc.spi.SqlExceptionHelper - ERROR: no existe la relación «batch_jobs»
  Position: 220
2026-08-24 15:42:00.004 [sri-files-scheduler-3] [] ERROR c.e.s.s.NuevoDocumentoScheduler - [SCHEDULER][V1] Error en ciclo de envío
org.springframework.dao.InvalidDataAccessResourceUsageException: JDBC exception executing SQL [select de1_0.id,de1_0.ambiente,de1_0.clave_acceso,de1_0.created_at,de1_0.created_by,de1_0.documento_origen_id,de1_0.documento_sustituto_id,de1_0.email_receptor,de1_0.establecimiento,de1_0.estado,de1_0.external_id,de1_0.fecha_anulacion,de1_0.fecha_autorizacion_sri,de1_0.fecha_emision,de1_0.fecha_envio_correo,de1_0.fecha_envio_sri,de1_0.fecha_firma,de1_0.fecha_generacion_ride,de1_0.fecha_generacion_xml,de1_0.fecha_recepcion_json,de1_0.fecha_transaccion_origen,de1_0.fecha_ultima_actualizacion,de1_0.id_origen,de1_0.identificacion_receptor,de1_0.importe_total,de1_0.intentos_autorizacion,de1_0.intentos_correo,de1_0.intentos_envio,de1_0.json_original,de1_0.locked_at,de1_0.locked_by,de1_0.mail_enviado,de1_0.mensaje_sri,de1_0.motivo_correccion,de1_0.numero_autorizacion,de1_0.numero_documento,de1_0.origen_sistema,de1_0.processing_lock,de1_0.punto_emision,de1_0.razon_social_receptor,de1_0.ruc_emisor,de1_0.secuencial,de1_0.subestado,de1_0.subtotal,de1_0.tipo_documento,de1_0.total_descuento,de1_0.total_impuestos,de1_0.updated_at,de1_0.uuid,de1_0.xml_autorizado,de1_0.xml_firmado,de1_0.xml_generado from documento_electronico de1_0 where de1_0.estado in ('RECIBIDO','VALIDANDO') order by de1_0.id fetch first ? rows only] [ERROR: no existe la relación «documento_electronico»
  Position: 1107] [n/a]; SQL [n/a]
	at org.springframework.orm.jpa.vendor.HibernateJpaDialect.convertHibernateAccessException(HibernateJpaDialect.java:277)
	at org.springframework.orm.jpa.vendor.HibernateJpaDialect.translateExceptionIfPossible(HibernateJpaDialect.java:241)
	at org.springframework.orm.jpa.AbstractEntityManagerFactoryBean.translateExceptionIfPossible(AbstractEntityManagerFactoryBean.java:560)
	at org.springframework.dao.support.ChainedPersistenceExceptionTranslator.translateExceptionIfPossible(ChainedPersistenceExceptionTranslator.java:61)
	at org.springframework.dao.support.DataAccessUtils.translateIfNecessary(DataAccessUtils.java:343)
	at org.springframework.dao.support.PersistenceExceptionTranslationInterceptor.invoke(PersistenceExceptionTranslationInterceptor.java:160)
	at org.springframework.aop.framework.ReflectiveMethodInvocation.proceed(ReflectiveMethodInvocation.java:184)
	at org.springframework.data.jpa.repository.support.CrudMethodMetadataPostProcessor$CrudMethodMetadataPopulatingMethodInterceptor.invoke(CrudMethodMetadataPostProcessor.java:136)
	at org.springframework.aop.framework.ReflectiveMethodInvocation.proceed(ReflectiveMethodInvocation.java:184)
	at org.springframework.aop.framework.JdkDynamicAopProxy.invoke(JdkDynamicAopProxy.java:223)
	at jdk.proxy2/jdk.proxy2.$Proxy170.findPendientesProcesamiento(Unknown Source)
	at com.erp.sri_files.scheduler.NuevoDocumentoScheduler.procesarPendientesEnvio(NuevoDocumentoScheduler.java:45)
	at java.base/jdk.internal.reflect.DirectMethodHandleAccessor.invoke(DirectMethodHandleAccessor.java:103)
	at java.base/java.lang.reflect.Method.invoke(Method.java:580)
	at org.springframework.scheduling.support.ScheduledMethodRunnable.runInternal(ScheduledMethodRunnable.java:130)
	at org.springframework.scheduling.support.ScheduledMethodRunnable.lambda$run$2(ScheduledMethodRunnable.java:124)
	at io.micrometer.observation.Observation.observe(Observation.java:498)
	at org.springframework.scheduling.support.ScheduledMethodRunnable.run(ScheduledMethodRunnable.java:124)
	at org.springframework.scheduling.config.Task$OutcomeTrackingRunnable.run(Task.java:85)
	at org.springframework.scheduling.support.DelegatingErrorHandlingRunnable.run(DelegatingErrorHandlingRunnable.java:54)
	at org.springframework.scheduling.concurrent.ReschedulingRunnable.run(ReschedulingRunnable.java:96)
	at java.base/java.util.concurrent.Executors$RunnableAdapter.call(Executors.java:572)
	at java.base/java.util.concurrent.FutureTask.run(FutureTask.java:317)
	at java.base/java.util.concurrent.ScheduledThreadPoolExecutor$ScheduledFutureTask.run(ScheduledThreadPoolExecutor.java:304)
	at java.base/java.util.concurrent.ThreadPoolExecutor.runWorker(ThreadPoolExecutor.java:1144)
	at java.base/java.util.concurrent.ThreadPoolExecutor$Worker.run(ThreadPoolExecutor.java:642)
	at java.base/java.lang.Thread.run(Thread.java:1583)
Caused by: org.hibernate.exception.SQLGrammarException: JDBC exception executing SQL [select de1_0.id,de1_0.ambiente,de1_0.clave_acceso,de1_0.created_at,de1_0.created_by,de1_0.documento_origen_id,de1_0.documento_sustituto_id,de1_0.email_receptor,de1_0.establecimiento,de1_0.estado,de1_0.external_id,de1_0.fecha_anulacion,de1_0.fecha_autorizacion_sri,de1_0.fecha_emision,de1_0.fecha_envio_correo,de1_0.fecha_envio_sri,de1_0.fecha_firma,de1_0.fecha_generacion_ride,de1_0.fecha_generacion_xml,de1_0.fecha_recepcion_json,de1_0.fecha_transaccion_origen,de1_0.fecha_ultima_actualizacion,de1_0.id_origen,de1_0.identificacion_receptor,de1_0.importe_total,de1_0.intentos_autorizacion,de1_0.intentos_correo,de1_0.intentos_envio,de1_0.json_original,de1_0.locked_at,de1_0.locked_by,de1_0.mail_enviado,de1_0.mensaje_sri,de1_0.motivo_correccion,de1_0.numero_autorizacion,de1_0.numero_documento,de1_0.origen_sistema,de1_0.processing_lock,de1_0.punto_emision,de1_0.razon_social_receptor,de1_0.ruc_emisor,de1_0.secuencial,de1_0.subestado,de1_0.subtotal,de1_0.tipo_documento,de1_0.total_descuento,de1_0.total_impuestos,de1_0.updated_at,de1_0.uuid,de1_0.xml_autorizado,de1_0.xml_firmado,de1_0.xml_generado from documento_electronico de1_0 where de1_0.estado in ('RECIBIDO','VALIDANDO') order by de1_0.id fetch first ? rows only] [ERROR: no existe la relación «documento_electronico»
  Position: 1107] [n/a]
	at org.hibernate.exception.internal.SQLStateConversionDelegate.convert(SQLStateConversionDelegate.java:91)
	at org.hibernate.exception.internal.StandardSQLExceptionConverter.convert(StandardSQLExceptionConverter.java:58)
	at org.hibernate.engine.jdbc.spi.SqlExceptionHelper.convert(SqlExceptionHelper.java:108)
	at org.hibernate.engine.jdbc.spi.SqlExceptionHelper.convert(SqlExceptionHelper.java:94)
	at org.hibernate.sql.results.jdbc.internal.DeferredResultSetAccess.executeQuery(DeferredResultSetAccess.java:268)
	at org.hibernate.sql.results.jdbc.internal.DeferredResultSetAccess.getResultSet(DeferredResultSetAccess.java:171)
	at org.hibernate.sql.results.jdbc.internal.JdbcValuesResultSetImpl.<init>(JdbcValuesResultSetImpl.java:74)
	at org.hibernate.sql.exec.internal.JdbcSelectExecutorStandardImpl.resolveJdbcValuesSource(JdbcSelectExecutorStandardImpl.java:355)
	at org.hibernate.sql.exec.internal.JdbcSelectExecutorStandardImpl.doExecuteQuery(JdbcSelectExecutorStandardImpl.java:137)
	at org.hibernate.sql.exec.internal.JdbcSelectExecutorStandardImpl.executeQuery(JdbcSelectExecutorStandardImpl.java:102)
	at org.hibernate.sql.exec.spi.JdbcSelectExecutor.executeQuery(JdbcSelectExecutor.java:91)
	at org.hibernate.sql.exec.spi.JdbcSelectExecutor.list(JdbcSelectExecutor.java:165)
	at org.hibernate.query.sqm.internal.ConcreteSqmSelectQueryPlan.lambda$new$1(ConcreteSqmSelectQueryPlan.java:152)
	at org.hibernate.query.sqm.internal.ConcreteSqmSelectQueryPlan.withCacheableSqmInterpretation(ConcreteSqmSelectQueryPlan.java:442)
	at org.hibernate.query.sqm.internal.ConcreteSqmSelectQueryPlan.performList(ConcreteSqmSelectQueryPlan.java:362)
	at org.hibernate.query.sqm.internal.QuerySqmImpl.doList(QuerySqmImpl.java:380)
	at org.hibernate.query.spi.AbstractSelectionQuery.list(AbstractSelectionQuery.java:143)
	at org.hibernate.query.Query.getResultList(Query.java:120)
	at java.base/jdk.internal.reflect.DirectMethodHandleAccessor.invoke(DirectMethodHandleAccessor.java:103)
	at java.base/java.lang.reflect.Method.invoke(Method.java:580)
	at org.springframework.orm.jpa.SharedEntityManagerCreator$DeferredQueryInvocationHandler.invoke(SharedEntityManagerCreator.java:419)
	at jdk.proxy2/jdk.proxy2.$Proxy194.getResultList(Unknown Source)
	at org.springframework.data.jpa.repository.query.JpaQueryExecution$CollectionExecution.doExecute(JpaQueryExecution.java:130)
	at org.springframework.data.jpa.repository.query.JpaQueryExecution.execute(JpaQueryExecution.java:93)
	at org.springframework.data.jpa.repository.query.AbstractJpaQuery.doExecute(AbstractJpaQuery.java:152)
	at org.springframework.data.jpa.repository.query.AbstractJpaQuery.execute(AbstractJpaQuery.java:140)
	at org.springframework.data.repository.core.support.RepositoryMethodInvoker.doInvoke(RepositoryMethodInvoker.java:170)
	at org.springframework.data.repository.core.support.RepositoryMethodInvoker.invoke(RepositoryMethodInvoker.java:158)
	at org.springframework.data.repository.core.support.QueryExecutorMethodInterceptor.doInvoke(QueryExecutorMethodInterceptor.java:170)
	at org.springframework.data.repository.core.support.QueryExecutorMethodInterceptor.invoke(QueryExecutorMethodInterceptor.java:149)
	at org.springframework.aop.framework.ReflectiveMethodInvocation.proceed(ReflectiveMethodInvocation.java:184)
	at org.springframework.data.projection.DefaultMethodInvokingMethodInterceptor.invoke(DefaultMethodInvokingMethodInterceptor.java:69)
	at org.springframework.aop.framework.ReflectiveMethodInvocation.proceed(ReflectiveMethodInvocation.java:184)
	at org.springframework.transaction.interceptor.TransactionAspectSupport.invokeWithinTransaction(TransactionAspectSupport.java:380)
	at org.springframework.transaction.interceptor.TransactionInterceptor.invoke(TransactionInterceptor.java:119)
	at org.springframework.aop.framework.ReflectiveMethodInvocation.proceed(ReflectiveMethodInvocation.java:184)
	at org.springframework.dao.support.PersistenceExceptionTranslationInterceptor.invoke(PersistenceExceptionTranslationInterceptor.java:138)
	... 21 common frames omitted
Caused by: org.postgresql.util.PSQLException: ERROR: no existe la relación «documento_electronico»
  Position: 1107
	at org.postgresql.core.v3.QueryExecutorImpl.receiveErrorResponse(QueryExecutorImpl.java:2733)
	at org.postgresql.core.v3.QueryExecutorImpl.processResults(QueryExecutorImpl.java:2420)
	at org.postgresql.core.v3.QueryExecutorImpl.execute(QueryExecutorImpl.java:372)
	at org.postgresql.jdbc.PgStatement.executeInternal(PgStatement.java:517)
	at org.postgresql.jdbc.PgStatement.execute(PgStatement.java:434)
	at org.postgresql.jdbc.PgPreparedStatement.executeWithFlags(PgPreparedStatement.java:194)
	at org.postgresql.jdbc.PgPreparedStatement.executeQuery(PgPreparedStatement.java:137)
	at com.zaxxer.hikari.pool.ProxyPreparedStatement.executeQuery(ProxyPreparedStatement.java:52)
	at com.zaxxer.hikari.pool.HikariProxyPreparedStatement.executeQuery(HikariProxyPreparedStatement.java)
	at org.hibernate.sql.results.jdbc.internal.DeferredResultSetAccess.executeQuery(DeferredResultSetAccess.java:250)
	... 53 common frames omitted
2026-08-24 15:42:00.006 [sri-files-scheduler-4] [] ERROR o.s.s.s.TaskUtils$LoggingErrorHandler - Unexpected error occurred in scheduled task
org.springframework.dao.InvalidDataAccessResourceUsageException: JDBC exception executing SQL [select bj1_0.id,bj1_0.created_at,bj1_0.estado,bj1_0.exitosos,bj1_0.fallidos,bj1_0.fecha_fin,bj1_0.fecha_inicio,bj1_0.mensaje,bj1_0.procesados,bj1_0.tipo_proceso,bj1_0.total_documentos,bj1_0.triggered_by,bj1_0.uuid from batch_jobs bj1_0 where bj1_0.estado in ('PENDIENTE','EN_PROCESO') order by bj1_0.fecha_inicio] [ERROR: no existe la relación «batch_jobs»
  Position: 220] [n/a]; SQL [n/a]
	at org.springframework.orm.jpa.vendor.HibernateJpaDialect.convertHibernateAccessException(HibernateJpaDialect.java:277)
	at org.springframework.orm.jpa.vendor.HibernateJpaDialect.translateExceptionIfPossible(HibernateJpaDialect.java:241)
	at org.springframework.orm.jpa.AbstractEntityManagerFactoryBean.translateExceptionIfPossible(AbstractEntityManagerFactoryBean.java:560)
	at org.springframework.dao.support.ChainedPersistenceExceptionTranslator.translateExceptionIfPossible(ChainedPersistenceExceptionTranslator.java:61)
	at org.springframework.dao.support.DataAccessUtils.translateIfNecessary(DataAccessUtils.java:343)
	at org.springframework.dao.support.PersistenceExceptionTranslationInterceptor.invoke(PersistenceExceptionTranslationInterceptor.java:160)
	at org.springframework.aop.framework.ReflectiveMethodInvocation.proceed(ReflectiveMethodInvocation.java:184)
	at org.springframework.data.jpa.repository.support.CrudMethodMetadataPostProcessor$CrudMethodMetadataPopulatingMethodInterceptor.invoke(CrudMethodMetadataPostProcessor.java:136)
	at org.springframework.aop.framework.ReflectiveMethodInvocation.proceed(ReflectiveMethodInvocation.java:184)
	at org.springframework.aop.framework.JdkDynamicAopProxy.invoke(JdkDynamicAopProxy.java:223)
	at jdk.proxy2/jdk.proxy2.$Proxy168.findActivos(Unknown Source)
	at com.erp.sri_files.batch.BatchJobScheduler.ejecutarSiNoHayActivo(BatchJobScheduler.java:42)
	at com.erp.sri_files.batch.BatchJobScheduler.consultarAutorizacionesPendientes(BatchJobScheduler.java:28)
	at java.base/jdk.internal.reflect.DirectMethodHandleAccessor.invoke(DirectMethodHandleAccessor.java:103)
	at java.base/java.lang.reflect.Method.invoke(Method.java:580)
	at org.springframework.scheduling.support.ScheduledMethodRunnable.runInternal(ScheduledMethodRunnable.java:130)
	at org.springframework.scheduling.support.ScheduledMethodRunnable.lambda$run$2(ScheduledMethodRunnable.java:124)
	at io.micrometer.observation.Observation.observe(Observation.java:498)
	at org.springframework.scheduling.support.ScheduledMethodRunnable.run(ScheduledMethodRunnable.java:124)
	at org.springframework.scheduling.config.Task$OutcomeTrackingRunnable.run(Task.java:85)
	at org.springframework.scheduling.support.DelegatingErrorHandlingRunnable.run(DelegatingErrorHandlingRunnable.java:54)
	at org.springframework.scheduling.concurrent.ReschedulingRunnable.run(ReschedulingRunnable.java:96)
	at java.base/java.util.concurrent.Executors$RunnableAdapter.call(Executors.java:572)
	at java.base/java.util.concurrent.FutureTask.run(FutureTask.java:317)
	at java.base/java.util.concurrent.ScheduledThreadPoolExecutor$ScheduledFutureTask.run(ScheduledThreadPoolExecutor.java:304)
	at java.base/java.util.concurrent.ThreadPoolExecutor.runWorker(ThreadPoolExecutor.java:1144)
	at java.base/java.util.concurrent.ThreadPoolExecutor$Worker.run(ThreadPoolExecutor.java:642)
	at java.base/java.lang.Thread.run(Thread.java:1583)
Caused by: org.hibernate.exception.SQLGrammarException: JDBC exception executing SQL [select bj1_0.id,bj1_0.created_at,bj1_0.estado,bj1_0.exitosos,bj1_0.fallidos,bj1_0.fecha_fin,bj1_0.fecha_inicio,bj1_0.mensaje,bj1_0.procesados,bj1_0.tipo_proceso,bj1_0.total_documentos,bj1_0.triggered_by,bj1_0.uuid from batch_jobs bj1_0 where bj1_0.estado in ('PENDIENTE','EN_PROCESO') order by bj1_0.fecha_inicio] [ERROR: no existe la relación «batch_jobs»
  Position: 220] [n/a]
	at org.hibernate.exception.internal.SQLStateConversionDelegate.convert(SQLStateConversionDelegate.java:91)
	at org.hibernate.exception.internal.StandardSQLExceptionConverter.convert(StandardSQLExceptionConverter.java:58)
	at org.hibernate.engine.jdbc.spi.SqlExceptionHelper.convert(SqlExceptionHelper.java:108)
	at org.hibernate.engine.jdbc.spi.SqlExceptionHelper.convert(SqlExceptionHelper.java:94)
	at org.hibernate.sql.results.jdbc.internal.DeferredResultSetAccess.executeQuery(DeferredResultSetAccess.java:268)
	at org.hibernate.sql.results.jdbc.internal.DeferredResultSetAccess.getResultSet(DeferredResultSetAccess.java:171)
	at org.hibernate.sql.results.jdbc.internal.JdbcValuesResultSetImpl.<init>(JdbcValuesResultSetImpl.java:74)
	at org.hibernate.sql.exec.internal.JdbcSelectExecutorStandardImpl.resolveJdbcValuesSource(JdbcSelectExecutorStandardImpl.java:355)
	at org.hibernate.sql.exec.internal.JdbcSelectExecutorStandardImpl.doExecuteQuery(JdbcSelectExecutorStandardImpl.java:137)
	at org.hibernate.sql.exec.internal.JdbcSelectExecutorStandardImpl.executeQuery(JdbcSelectExecutorStandardImpl.java:102)
	at org.hibernate.sql.exec.spi.JdbcSelectExecutor.executeQuery(JdbcSelectExecutor.java:91)
	at org.hibernate.sql.exec.spi.JdbcSelectExecutor.list(JdbcSelectExecutor.java:165)
	at org.hibernate.query.sqm.internal.ConcreteSqmSelectQueryPlan.lambda$new$1(ConcreteSqmSelectQueryPlan.java:152)
	at org.hibernate.query.sqm.internal.ConcreteSqmSelectQueryPlan.withCacheableSqmInterpretation(ConcreteSqmSelectQueryPlan.java:442)
	at org.hibernate.query.sqm.internal.ConcreteSqmSelectQueryPlan.performList(ConcreteSqmSelectQueryPlan.java:362)
	at org.hibernate.query.sqm.internal.QuerySqmImpl.doList(QuerySqmImpl.java:380)
	at org.hibernate.query.spi.AbstractSelectionQuery.list(AbstractSelectionQuery.java:143)
	at org.hibernate.query.Query.getResultList(Query.java:120)
	at java.base/jdk.internal.reflect.DirectMethodHandleAccessor.invoke(DirectMethodHandleAccessor.java:103)
	at java.base/java.lang.reflect.Method.invoke(Method.java:580)
	at org.springframework.orm.jpa.SharedEntityManagerCreator$DeferredQueryInvocationHandler.invoke(SharedEntityManagerCreator.java:419)
	at jdk.proxy2/jdk.proxy2.$Proxy194.getResultList(Unknown Source)
	at org.springframework.data.jpa.repository.query.JpaQueryExecution$CollectionExecution.doExecute(JpaQueryExecution.java:130)
	at org.springframework.data.jpa.repository.query.JpaQueryExecution.execute(JpaQueryExecution.java:93)
	at org.springframework.data.jpa.repository.query.AbstractJpaQuery.doExecute(AbstractJpaQuery.java:152)
	at org.springframework.data.jpa.repository.query.AbstractJpaQuery.execute(AbstractJpaQuery.java:140)
	at org.springframework.data.repository.core.support.RepositoryMethodInvoker.doInvoke(RepositoryMethodInvoker.java:170)
	at org.springframework.data.repository.core.support.RepositoryMethodInvoker.invoke(RepositoryMethodInvoker.java:158)
	at org.springframework.data.repository.core.support.QueryExecutorMethodInterceptor.doInvoke(QueryExecutorMethodInterceptor.java:170)
	at org.springframework.data.repository.core.support.QueryExecutorMethodInterceptor.invoke(QueryExecutorMethodInterceptor.java:149)
	at org.springframework.aop.framework.ReflectiveMethodInvocation.proceed(ReflectiveMethodInvocation.java:184)
	at org.springframework.data.projection.DefaultMethodInvokingMethodInterceptor.invoke(DefaultMethodInvokingMethodInterceptor.java:69)
	at org.springframework.aop.framework.ReflectiveMethodInvocation.proceed(ReflectiveMethodInvocation.java:184)
	at org.springframework.transaction.interceptor.TransactionAspectSupport.invokeWithinTransaction(TransactionAspectSupport.java:380)
	at org.springframework.transaction.interceptor.TransactionInterceptor.invoke(TransactionInterceptor.java:119)
	at org.springframework.aop.framework.ReflectiveMethodInvocation.proceed(ReflectiveMethodInvocation.java:184)
	at org.springframework.dao.support.PersistenceExceptionTranslationInterceptor.invoke(PersistenceExceptionTranslationInterceptor.java:138)
	... 22 common frames omitted
Caused by: org.postgresql.util.PSQLException: ERROR: no existe la relación «batch_jobs»
  Position: 220
	at org.postgresql.core.v3.QueryExecutorImpl.receiveErrorResponse(QueryExecutorImpl.java:2733)
	at org.postgresql.core.v3.QueryExecutorImpl.processResults(QueryExecutorImpl.java:2420)
	at org.postgresql.core.v3.QueryExecutorImpl.execute(QueryExecutorImpl.java:372)
	at org.postgresql.jdbc.PgStatement.executeInternal(PgStatement.java:517)
	at org.postgresql.jdbc.PgStatement.execute(PgStatement.java:434)
	at org.postgresql.jdbc.PgPreparedStatement.executeWithFlags(PgPreparedStatement.java:194)
	at org.postgresql.jdbc.PgPreparedStatement.executeQuery(PgPreparedStatement.java:137)
	at com.zaxxer.hikari.pool.ProxyPreparedStatement.executeQuery(ProxyPreparedStatement.java:52)
	at com.zaxxer.hikari.pool.HikariProxyPreparedStatement.executeQuery(HikariProxyPreparedStatement.java)
	at org.hibernate.sql.results.jdbc.internal.DeferredResultSetAccess.executeQuery(DeferredResultSetAccess.java:250)
	... 54 common frames omitted
2026-08-24 15:42:00.006 [sri-files-scheduler-3] [] INFO  c.e.s.s.NuevoDocumentoScheduler - [SCHEDULER][V1] FIN envío | detectados=0 | exitosos=0 | fallidos=0 | duracionMs=3
2026-08-24 15:42:00.006 [sri-files-scheduler-4] [] WARN  o.h.e.jdbc.spi.SqlExceptionHelper - SQL Error: 0, SQLState: 42P01
2026-08-24 15:42:00.006 [sri-files-scheduler-4] [] ERROR o.h.e.jdbc.spi.SqlExceptionHelper - ERROR: no existe la relación «batch_jobs»
  Position: 220
2026-08-24 15:42:00.006 [sri-files-scheduler-4] [] ERROR o.s.s.s.TaskUtils$LoggingErrorHandler - Unexpected error occurred in scheduled task
org.springframework.dao.InvalidDataAccessResourceUsageException: JDBC exception executing SQL [select bj1_0.id,bj1_0.created_at,bj1_0.estado,bj1_0.exitosos,bj1_0.fallidos,bj1_0.fecha_fin,bj1_0.fecha_inicio,bj1_0.mensaje,bj1_0.procesados,bj1_0.tipo_proceso,bj1_0.total_documentos,bj1_0.triggered_by,bj1_0.uuid from batch_jobs bj1_0 where bj1_0.estado in ('PENDIENTE','EN_PROCESO') order by bj1_0.fecha_inicio] [ERROR: no existe la relación «batch_jobs»
  Position: 220] [n/a]; SQL [n/a]
	at org.springframework.orm.jpa.vendor.HibernateJpaDialect.convertHibernateAccessException(HibernateJpaDialect.java:277)
	at org.springframework.orm.jpa.vendor.HibernateJpaDialect.translateExceptionIfPossible(HibernateJpaDialect.java:241)
	at org.springframework.orm.jpa.AbstractEntityManagerFactoryBean.translateExceptionIfPossible(AbstractEntityManagerFactoryBean.java:560)
	at org.springframework.dao.support.ChainedPersistenceExceptionTranslator.translateExceptionIfPossible(ChainedPersistenceExceptionTranslator.java:61)
	at org.springframework.dao.support.DataAccessUtils.translateIfNecessary(DataAccessUtils.java:343)
	at org.springframework.dao.support.PersistenceExceptionTranslationInterceptor.invoke(PersistenceExceptionTranslationInterceptor.java:160)
	at org.springframework.aop.framework.ReflectiveMethodInvocation.proceed(ReflectiveMethodInvocation.java:184)
	at org.springframework.data.jpa.repository.support.CrudMethodMetadataPostProcessor$CrudMethodMetadataPopulatingMethodInterceptor.invoke(CrudMethodMetadataPostProcessor.java:136)
	at org.springframework.aop.framework.ReflectiveMethodInvocation.proceed(ReflectiveMethodInvocation.java:184)
	at org.springframework.aop.framework.JdkDynamicAopProxy.invoke(JdkDynamicAopProxy.java:223)
	at jdk.proxy2/jdk.proxy2.$Proxy168.findActivos(Unknown Source)
	at com.erp.sri_files.batch.BatchJobScheduler.ejecutarSiNoHayActivo(BatchJobScheduler.java:42)
	at com.erp.sri_files.batch.BatchJobScheduler.enviarPendientesASri(BatchJobScheduler.java:23)
	at java.base/jdk.internal.reflect.DirectMethodHandleAccessor.invoke(DirectMethodHandleAccessor.java:103)
	at java.base/java.lang.reflect.Method.invoke(Method.java:580)
	at org.springframework.scheduling.support.ScheduledMethodRunnable.runInternal(ScheduledMethodRunnable.java:130)
	at org.springframework.scheduling.support.ScheduledMethodRunnable.lambda$run$2(ScheduledMethodRunnable.java:124)
	at io.micrometer.observation.Observation.observe(Observation.java:498)
	at org.springframework.scheduling.support.ScheduledMethodRunnable.run(ScheduledMethodRunnable.java:124)
	at org.springframework.scheduling.config.Task$OutcomeTrackingRunnable.run(Task.java:85)
	at org.springframework.scheduling.support.DelegatingErrorHandlingRunnable.run(DelegatingErrorHandlingRunnable.java:54)
	at org.springframework.scheduling.concurrent.ReschedulingRunnable.run(ReschedulingRunnable.java:96)
	at java.base/java.util.concurrent.Executors$RunnableAdapter.call(Executors.java:572)
	at java.base/java.util.concurrent.FutureTask.run(FutureTask.java:317)
	at java.base/java.util.concurrent.ScheduledThreadPoolExecutor$ScheduledFutureTask.run(ScheduledThreadPoolExecutor.java:304)
	at java.base/java.util.concurrent.ThreadPoolExecutor.runWorker(ThreadPoolExecutor.java:1144)
	at java.base/java.util.concurrent.ThreadPoolExecutor$Worker.run(ThreadPoolExecutor.java:642)
	at java.base/java.lang.Thread.run(Thread.java:1583)
Caused by: org.hibernate.exception.SQLGrammarException: JDBC exception executing SQL [select bj1_0.id,bj1_0.created_at,bj1_0.estado,bj1_0.exitosos,bj1_0.fallidos,bj1_0.fecha_fin,bj1_0.fecha_inicio,bj1_0.mensaje,bj1_0.procesados,bj1_0.tipo_proceso,bj1_0.total_documentos,bj1_0.triggered_by,bj1_0.uuid from batch_jobs bj1_0 where bj1_0.estado in ('PENDIENTE','EN_PROCESO') order by bj1_0.fecha_inicio] [ERROR: no existe la relación «batch_jobs»
  Position: 220] [n/a]
	at org.hibernate.exception.internal.SQLStateConversionDelegate.convert(SQLStateConversionDelegate.java:91)
	at org.hibernate.exception.internal.StandardSQLExceptionConverter.convert(StandardSQLExceptionConverter.java:58)
	at org.hibernate.engine.jdbc.spi.SqlExceptionHelper.convert(SqlExceptionHelper.java:108)
	at org.hibernate.engine.jdbc.spi.SqlExceptionHelper.convert(SqlExceptionHelper.java:94)
	at org.hibernate.sql.results.jdbc.internal.DeferredResultSetAccess.executeQuery(DeferredResultSetAccess.java:268)
	at org.hibernate.sql.results.jdbc.internal.DeferredResultSetAccess.getResultSet(DeferredResultSetAccess.java:171)
	at org.hibernate.sql.results.jdbc.internal.JdbcValuesResultSetImpl.<init>(JdbcValuesResultSetImpl.java:74)
	at org.hibernate.sql.exec.internal.JdbcSelectExecutorStandardImpl.resolveJdbcValuesSource(JdbcSelectExecutorStandardImpl.java:355)
	at org.hibernate.sql.exec.internal.JdbcSelectExecutorStandardImpl.doExecuteQuery(JdbcSelectExecutorStandardImpl.java:137)
	at org.hibernate.sql.exec.internal.JdbcSelectExecutorStandardImpl.executeQuery(JdbcSelectExecutorStandardImpl.java:102)
	at org.hibernate.sql.exec.spi.JdbcSelectExecutor.executeQuery(JdbcSelectExecutor.java:91)
	at org.hibernate.sql.exec.spi.JdbcSelectExecutor.list(JdbcSelectExecutor.java:165)
	at org.hibernate.query.sqm.internal.ConcreteSqmSelectQueryPlan.lambda$new$1(ConcreteSqmSelectQueryPlan.java:152)
	at org.hibernate.query.sqm.internal.ConcreteSqmSelectQueryPlan.withCacheableSqmInterpretation(ConcreteSqmSelectQueryPlan.java:442)
	at org.hibernate.query.sqm.internal.ConcreteSqmSelectQueryPlan.performList(ConcreteSqmSelectQueryPlan.java:362)
	at org.hibernate.query.sqm.internal.QuerySqmImpl.doList(QuerySqmImpl.java:380)
	at org.hibernate.query.spi.AbstractSelectionQuery.list(AbstractSelectionQuery.java:143)
	at org.hibernate.query.Query.getResultList(Query.java:120)
	at java.base/jdk.internal.reflect.DirectMethodHandleAccessor.invoke(DirectMethodHandleAccessor.java:103)
	at java.base/java.lang.reflect.Method.invoke(Method.java:580)
	at org.springframework.orm.jpa.SharedEntityManagerCreator$DeferredQueryInvocationHandler.invoke(SharedEntityManagerCreator.java:419)
	at jdk.proxy2/jdk.proxy2.$Proxy194.getResultList(Unknown Source)
	at org.springframework.data.jpa.repository.query.JpaQueryExecution$CollectionExecution.doExecute(JpaQueryExecution.java:130)
	at org.springframework.data.jpa.repository.query.JpaQueryExecution.execute(JpaQueryExecution.java:93)
	at org.springframework.data.jpa.repository.query.AbstractJpaQuery.doExecute(AbstractJpaQuery.java:152)
	at org.springframework.data.jpa.repository.query.AbstractJpaQuery.execute(AbstractJpaQuery.java:140)
	at org.springframework.data.repository.core.support.RepositoryMethodInvoker.doInvoke(RepositoryMethodInvoker.java:170)
	at org.springframework.data.repository.core.support.RepositoryMethodInvoker.invoke(RepositoryMethodInvoker.java:158)
	at org.springframework.data.repository.core.support.QueryExecutorMethodInterceptor.doInvoke(QueryExecutorMethodInterceptor.java:170)
	at org.springframework.data.repository.core.support.QueryExecutorMethodInterceptor.invoke(QueryExecutorMethodInterceptor.java:149)
	at org.springframework.aop.framework.ReflectiveMethodInvocation.proceed(ReflectiveMethodInvocation.java:184)
	at org.springframework.data.projection.DefaultMethodInvokingMethodInterceptor.invoke(DefaultMethodInvokingMethodInterceptor.java:69)
	at org.springframework.aop.framework.ReflectiveMethodInvocation.proceed(ReflectiveMethodInvocation.java:184)
	at org.springframework.transaction.interceptor.TransactionAspectSupport.invokeWithinTransaction(TransactionAspectSupport.java:380)
	at org.springframework.transaction.interceptor.TransactionInterceptor.invoke(TransactionInterceptor.java:119)
	at org.springframework.aop.framework.ReflectiveMethodInvocation.proceed(ReflectiveMethodInvocation.java:184)
	at org.springframework.dao.support.PersistenceExceptionTranslationInterceptor.invoke(PersistenceExceptionTranslationInterceptor.java:138)
	... 22 common frames omitted
Caused by: org.postgresql.util.PSQLException: ERROR: no existe la relación «batch_jobs»
  Position: 220
	at org.postgresql.core.v3.QueryExecutorImpl.receiveErrorResponse(QueryExecutorImpl.java:2733)
	at org.postgresql.core.v3.QueryExecutorImpl.processResults(QueryExecutorImpl.java:2420)
	at org.postgresql.core.v3.QueryExecutorImpl.execute(QueryExecutorImpl.java:372)
	at org.postgresql.jdbc.PgStatement.executeInternal(PgStatement.java:517)
	at org.postgresql.jdbc.PgStatement.execute(PgStatement.java:434)
	at org.postgresql.jdbc.PgPreparedStatement.executeWithFlags(PgPreparedStatement.java:194)
	at org.postgresql.jdbc.PgPreparedStatement.executeQuery(PgPreparedStatement.java:137)
	at com.zaxxer.hikari.pool.ProxyPreparedStatement.executeQuery(ProxyPreparedStatement.java:52)
	at com.zaxxer.hikari.pool.HikariProxyPreparedStatement.executeQuery(HikariProxyPreparedStatement.java)
	at org.hibernate.sql.results.jdbc.internal.DeferredResultSetAccess.executeQuery(DeferredResultSetAccess.java:250)
	... 54 common frames omitted
2026-08-24 15:42:01.124 [sri-files-scheduler-1] [] INFO  c.e.s.services.EnvioSriBatchService - No hay facturas pendientes estado=I
2026-08-24 15:42:01.124 [sri-files-scheduler-1] [] INFO  c.e.s.services.EnvioSriBatchService - [SCHEDULER][sri-files-scheduler-1] FIN automatizacionEnvioFacturasElectonicas | detectados=0 | exitosas=0 | fallidas=0 | duracionMs=1120
2026-08-24 15:42:30.004 [sri-files-scheduler-3] [] INFO  c.e.s.s.NuevoDocumentoScheduler - [SCHEDULER][V1] INICIO recuperación autorizaciones @ 2026-08-24T15:42:30.004529500
2026-08-24 15:42:30.006 [sri-files-scheduler-3] [] WARN  o.h.e.jdbc.spi.SqlExceptionHelper - SQL Error: 0, SQLState: 42P01
2026-08-24 15:42:30.006 [sri-files-scheduler-3] [] ERROR o.h.e.jdbc.spi.SqlExceptionHelper - ERROR: no existe la relación «documento_electronico»
  Position: 1107
2026-08-24 15:42:30.006 [sri-files-scheduler-3] [] ERROR c.e.s.s.NuevoDocumentoScheduler - [SCHEDULER][V1] Error en recuperación de autorizaciones
org.springframework.dao.InvalidDataAccessResourceUsageException: JDBC exception executing SQL [select de1_0.id,de1_0.ambiente,de1_0.clave_acceso,de1_0.created_at,de1_0.created_by,de1_0.documento_origen_id,de1_0.documento_sustituto_id,de1_0.email_receptor,de1_0.establecimiento,de1_0.estado,de1_0.external_id,de1_0.fecha_anulacion,de1_0.fecha_autorizacion_sri,de1_0.fecha_emision,de1_0.fecha_envio_correo,de1_0.fecha_envio_sri,de1_0.fecha_firma,de1_0.fecha_generacion_ride,de1_0.fecha_generacion_xml,de1_0.fecha_recepcion_json,de1_0.fecha_transaccion_origen,de1_0.fecha_ultima_actualizacion,de1_0.id_origen,de1_0.identificacion_receptor,de1_0.importe_total,de1_0.intentos_autorizacion,de1_0.intentos_correo,de1_0.intentos_envio,de1_0.json_original,de1_0.locked_at,de1_0.locked_by,de1_0.mail_enviado,de1_0.mensaje_sri,de1_0.motivo_correccion,de1_0.numero_autorizacion,de1_0.numero_documento,de1_0.origen_sistema,de1_0.processing_lock,de1_0.punto_emision,de1_0.razon_social_receptor,de1_0.ruc_emisor,de1_0.secuencial,de1_0.subestado,de1_0.subtotal,de1_0.tipo_documento,de1_0.total_descuento,de1_0.total_impuestos,de1_0.updated_at,de1_0.uuid,de1_0.xml_autorizado,de1_0.xml_firmado,de1_0.xml_generado from documento_electronico de1_0 where de1_0.estado in ('PENDIENTE_AUTORIZACION','ENVIANDO_SRI') and (de1_0.intentos_autorizacion<5 or de1_0.intentos_autorizacion is null) order by de1_0.id fetch first ? rows only] [ERROR: no existe la relación «documento_electronico»
  Position: 1107] [n/a]; SQL [n/a]
	at org.springframework.orm.jpa.vendor.HibernateJpaDialect.convertHibernateAccessException(HibernateJpaDialect.java:277)
	at org.springframework.orm.jpa.vendor.HibernateJpaDialect.translateExceptionIfPossible(HibernateJpaDialect.java:241)
	at org.springframework.orm.jpa.AbstractEntityManagerFactoryBean.translateExceptionIfPossible(AbstractEntityManagerFactoryBean.java:560)
	at org.springframework.dao.support.ChainedPersistenceExceptionTranslator.translateExceptionIfPossible(ChainedPersistenceExceptionTranslator.java:61)
	at org.springframework.dao.support.DataAccessUtils.translateIfNecessary(DataAccessUtils.java:343)
	at org.springframework.dao.support.PersistenceExceptionTranslationInterceptor.invoke(PersistenceExceptionTranslationInterceptor.java:160)
	at org.springframework.aop.framework.ReflectiveMethodInvocation.proceed(ReflectiveMethodInvocation.java:184)
	at org.springframework.data.jpa.repository.support.CrudMethodMetadataPostProcessor$CrudMethodMetadataPopulatingMethodInterceptor.invoke(CrudMethodMetadataPostProcessor.java:136)
	at org.springframework.aop.framework.ReflectiveMethodInvocation.proceed(ReflectiveMethodInvocation.java:184)
	at org.springframework.aop.framework.JdkDynamicAopProxy.invoke(JdkDynamicAopProxy.java:223)
	at jdk.proxy2/jdk.proxy2.$Proxy170.findPendientesAutorizacion(Unknown Source)
	at com.erp.sri_files.scheduler.NuevoDocumentoScheduler.recuperarAutorizacionesPendientes(NuevoDocumentoScheduler.java:101)
	at java.base/jdk.internal.reflect.DirectMethodHandleAccessor.invoke(DirectMethodHandleAccessor.java:103)
	at java.base/java.lang.reflect.Method.invoke(Method.java:580)
	at org.springframework.scheduling.support.ScheduledMethodRunnable.runInternal(ScheduledMethodRunnable.java:130)
	at org.springframework.scheduling.support.ScheduledMethodRunnable.lambda$run$2(ScheduledMethodRunnable.java:124)
	at io.micrometer.observation.Observation.observe(Observation.java:498)
	at org.springframework.scheduling.support.ScheduledMethodRunnable.run(ScheduledMethodRunnable.java:124)
	at org.springframework.scheduling.config.Task$OutcomeTrackingRunnable.run(Task.java:85)
	at org.springframework.scheduling.support.DelegatingErrorHandlingRunnable.run(DelegatingErrorHandlingRunnable.java:54)
	at org.springframework.scheduling.concurrent.ReschedulingRunnable.run(ReschedulingRunnable.java:96)
	at java.base/java.util.concurrent.Executors$RunnableAdapter.call(Executors.java:572)
	at java.base/java.util.concurrent.FutureTask.run(FutureTask.java:317)
	at java.base/java.util.concurrent.ScheduledThreadPoolExecutor$ScheduledFutureTask.run(ScheduledThreadPoolExecutor.java:304)
	at java.base/java.util.concurrent.ThreadPoolExecutor.runWorker(ThreadPoolExecutor.java:1144)
	at java.base/java.util.concurrent.ThreadPoolExecutor$Worker.run(ThreadPoolExecutor.java:642)
	at java.base/java.lang.Thread.run(Thread.java:1583)
Caused by: org.hibernate.exception.SQLGrammarException: JDBC exception executing SQL [select de1_0.id,de1_0.ambiente,de1_0.clave_acceso,de1_0.created_at,de1_0.created_by,de1_0.documento_origen_id,de1_0.documento_sustituto_id,de1_0.email_receptor,de1_0.establecimiento,de1_0.estado,de1_0.external_id,de1_0.fecha_anulacion,de1_0.fecha_autorizacion_sri,de1_0.fecha_emision,de1_0.fecha_envio_correo,de1_0.fecha_envio_sri,de1_0.fecha_firma,de1_0.fecha_generacion_ride,de1_0.fecha_generacion_xml,de1_0.fecha_recepcion_json,de1_0.fecha_transaccion_origen,de1_0.fecha_ultima_actualizacion,de1_0.id_origen,de1_0.identificacion_receptor,de1_0.importe_total,de1_0.intentos_autorizacion,de1_0.intentos_correo,de1_0.intentos_envio,de1_0.json_original,de1_0.locked_at,de1_0.locked_by,de1_0.mail_enviado,de1_0.mensaje_sri,de1_0.motivo_correccion,de1_0.numero_autorizacion,de1_0.numero_documento,de1_0.origen_sistema,de1_0.processing_lock,de1_0.punto_emision,de1_0.razon_social_receptor,de1_0.ruc_emisor,de1_0.secuencial,de1_0.subestado,de1_0.subtotal,de1_0.tipo_documento,de1_0.total_descuento,de1_0.total_impuestos,de1_0.updated_at,de1_0.uuid,de1_0.xml_autorizado,de1_0.xml_firmado,de1_0.xml_generado from documento_electronico de1_0 where de1_0.estado in ('PENDIENTE_AUTORIZACION','ENVIANDO_SRI') and (de1_0.intentos_autorizacion<5 or de1_0.intentos_autorizacion is null) order by de1_0.id fetch first ? rows only] [ERROR: no existe la relación «documento_electronico»
  Position: 1107] [n/a]
	at org.hibernate.exception.internal.SQLStateConversionDelegate.convert(SQLStateConversionDelegate.java:91)
	at org.hibernate.exception.internal.StandardSQLExceptionConverter.convert(StandardSQLExceptionConverter.java:58)
	at org.hibernate.engine.jdbc.spi.SqlExceptionHelper.convert(SqlExceptionHelper.java:108)
	at org.hibernate.engine.jdbc.spi.SqlExceptionHelper.convert(SqlExceptionHelper.java:94)
	at org.hibernate.sql.results.jdbc.internal.DeferredResultSetAccess.executeQuery(DeferredResultSetAccess.java:268)
	at org.hibernate.sql.results.jdbc.internal.DeferredResultSetAccess.getResultSet(DeferredResultSetAccess.java:171)
	at org.hibernate.sql.results.jdbc.internal.JdbcValuesResultSetImpl.<init>(JdbcValuesResultSetImpl.java:74)
	at org.hibernate.sql.exec.internal.JdbcSelectExecutorStandardImpl.resolveJdbcValuesSource(JdbcSelectExecutorStandardImpl.java:355)
	at org.hibernate.sql.exec.internal.JdbcSelectExecutorStandardImpl.doExecuteQuery(JdbcSelectExecutorStandardImpl.java:137)
	at org.hibernate.sql.exec.internal.JdbcSelectExecutorStandardImpl.executeQuery(JdbcSelectExecutorStandardImpl.java:102)
	at org.hibernate.sql.exec.spi.JdbcSelectExecutor.executeQuery(JdbcSelectExecutor.java:91)
	at org.hibernate.sql.exec.spi.JdbcSelectExecutor.list(JdbcSelectExecutor.java:165)
	at org.hibernate.query.sqm.internal.ConcreteSqmSelectQueryPlan.lambda$new$1(ConcreteSqmSelectQueryPlan.java:152)
	at org.hibernate.query.sqm.internal.ConcreteSqmSelectQueryPlan.withCacheableSqmInterpretation(ConcreteSqmSelectQueryPlan.java:442)
	at org.hibernate.query.sqm.internal.ConcreteSqmSelectQueryPlan.performList(ConcreteSqmSelectQueryPlan.java:362)
	at org.hibernate.query.sqm.internal.QuerySqmImpl.doList(QuerySqmImpl.java:380)
	at org.hibernate.query.spi.AbstractSelectionQuery.list(AbstractSelectionQuery.java:143)
	at org.hibernate.query.Query.getResultList(Query.java:120)
	at java.base/jdk.internal.reflect.DirectMethodHandleAccessor.invoke(DirectMethodHandleAccessor.java:103)
	at java.base/java.lang.reflect.Method.invoke(Method.java:580)
	at org.springframework.orm.jpa.SharedEntityManagerCreator$DeferredQueryInvocationHandler.invoke(SharedEntityManagerCreator.java:419)
	at jdk.proxy2/jdk.proxy2.$Proxy194.getResultList(Unknown Source)
	at org.springframework.data.jpa.repository.query.JpaQueryExecution$CollectionExecution.doExecute(JpaQueryExecution.java:130)
	at org.springframework.data.jpa.repository.query.JpaQueryExecution.execute(JpaQueryExecution.java:93)
	at org.springframework.data.jpa.repository.query.AbstractJpaQuery.doExecute(AbstractJpaQuery.java:152)
	at org.springframework.data.jpa.repository.query.AbstractJpaQuery.execute(AbstractJpaQuery.java:140)
	at org.springframework.data.repository.core.support.RepositoryMethodInvoker.doInvoke(RepositoryMethodInvoker.java:170)
	at org.springframework.data.repository.core.support.RepositoryMethodInvoker.invoke(RepositoryMethodInvoker.java:158)
	at org.springframework.data.repository.core.support.QueryExecutorMethodInterceptor.doInvoke(QueryExecutorMethodInterceptor.java:170)
	at org.springframework.data.repository.core.support.QueryExecutorMethodInterceptor.invoke(QueryExecutorMethodInterceptor.java:149)
	at org.springframework.aop.framework.ReflectiveMethodInvocation.proceed(ReflectiveMethodInvocation.java:184)
	at org.springframework.data.projection.DefaultMethodInvokingMethodInterceptor.invoke(DefaultMethodInvokingMethodInterceptor.java:69)
	at org.springframework.aop.framework.ReflectiveMethodInvocation.proceed(ReflectiveMethodInvocation.java:184)
	at org.springframework.transaction.interceptor.TransactionAspectSupport.invokeWithinTransaction(TransactionAspectSupport.java:380)
	at org.springframework.transaction.interceptor.TransactionInterceptor.invoke(TransactionInterceptor.java:119)
	at org.springframework.aop.framework.ReflectiveMethodInvocation.proceed(ReflectiveMethodInvocation.java:184)
	at org.springframework.dao.support.PersistenceExceptionTranslationInterceptor.invoke(PersistenceExceptionTranslationInterceptor.java:138)
	... 21 common frames omitted
Caused by: org.postgresql.util.PSQLException: ERROR: no existe la relación «documento_electronico»
  Position: 1107
	at org.postgresql.core.v3.QueryExecutorImpl.receiveErrorResponse(QueryExecutorImpl.java:2733)
	at org.postgresql.core.v3.QueryExecutorImpl.processResults(QueryExecutorImpl.java:2420)
	at org.postgresql.core.v3.QueryExecutorImpl.execute(QueryExecutorImpl.java:372)
	at org.postgresql.jdbc.PgStatement.executeInternal(PgStatement.java:517)
	at org.postgresql.jdbc.PgStatement.execute(PgStatement.java:434)
	at org.postgresql.jdbc.PgPreparedStatement.executeWithFlags(PgPreparedStatement.java:194)
	at org.postgresql.jdbc.PgPreparedStatement.executeQuery(PgPreparedStatement.java:137)
	at com.zaxxer.hikari.pool.ProxyPreparedStatement.executeQuery(ProxyPreparedStatement.java:52)
	at com.zaxxer.hikari.pool.HikariProxyPreparedStatement.executeQuery(HikariProxyPreparedStatement.java)
	at org.hibernate.sql.results.jdbc.internal.DeferredResultSetAccess.executeQuery(DeferredResultSetAccess.java:250)
	... 53 common frames omitted
2026-08-24 15:42:30.006 [sri-files-scheduler-3] [] INFO  c.e.s.s.NuevoDocumentoScheduler - [SCHEDULER][V1] FIN recuperación | detectados=0 | autorizados=0 | pendientes=0 | duracionMs=2
2026-08-24 15:43:00.010 [sri-files-scheduler-1] [] INFO  c.e.s.s.NuevoDocumentoScheduler - [SCHEDULER][V1] INICIO envío pendientes @ 2026-08-24T15:43:00.010479900
2026-08-24 15:43:00.011 [sri-files-scheduler-4] [] INFO  c.e.s.services.EnvioSriBatchService - [SCHEDULER][sri-files-scheduler-4] INICIO automatizacionEnvioFacturasElectonicas @ 2026-08-24T15:43:00.011380400
2026-08-24 15:43:00.011 [sri-files-scheduler-4] [] INFO  c.e.s.services.EnvioSriBatchService - Ejecutando envio de facturas at=2026-08-24T15:43:00.011380400
2026-08-24 15:43:00.011 [sri-files-scheduler-1] [] WARN  o.h.e.jdbc.spi.SqlExceptionHelper - SQL Error: 0, SQLState: 42P01
2026-08-24 15:43:00.011 [sri-files-scheduler-1] [] ERROR o.h.e.jdbc.spi.SqlExceptionHelper - ERROR: no existe la relación «documento_electronico»
  Position: 1107
2026-08-24 15:43:00.012 [sri-files-scheduler-1] [] ERROR c.e.s.s.NuevoDocumentoScheduler - [SCHEDULER][V1] Error en ciclo de envío
org.springframework.dao.InvalidDataAccessResourceUsageException: JDBC exception executing SQL [select de1_0.id,de1_0.ambiente,de1_0.clave_acceso,de1_0.created_at,de1_0.created_by,de1_0.documento_origen_id,de1_0.documento_sustituto_id,de1_0.email_receptor,de1_0.establecimiento,de1_0.estado,de1_0.external_id,de1_0.fecha_anulacion,de1_0.fecha_autorizacion_sri,de1_0.fecha_emision,de1_0.fecha_envio_correo,de1_0.fecha_envio_sri,de1_0.fecha_firma,de1_0.fecha_generacion_ride,de1_0.fecha_generacion_xml,de1_0.fecha_recepcion_json,de1_0.fecha_transaccion_origen,de1_0.fecha_ultima_actualizacion,de1_0.id_origen,de1_0.identificacion_receptor,de1_0.importe_total,de1_0.intentos_autorizacion,de1_0.intentos_correo,de1_0.intentos_envio,de1_0.json_original,de1_0.locked_at,de1_0.locked_by,de1_0.mail_enviado,de1_0.mensaje_sri,de1_0.motivo_correccion,de1_0.numero_autorizacion,de1_0.numero_documento,de1_0.origen_sistema,de1_0.processing_lock,de1_0.punto_emision,de1_0.razon_social_receptor,de1_0.ruc_emisor,de1_0.secuencial,de1_0.subestado,de1_0.subtotal,de1_0.tipo_documento,de1_0.total_descuento,de1_0.total_impuestos,de1_0.updated_at,de1_0.uuid,de1_0.xml_autorizado,de1_0.xml_firmado,de1_0.xml_generado from documento_electronico de1_0 where de1_0.estado in ('RECIBIDO','VALIDANDO') order by de1_0.id fetch first ? rows only] [ERROR: no existe la relación «documento_electronico»
  Position: 1107] [n/a]; SQL [n/a]
	at org.springframework.orm.jpa.vendor.HibernateJpaDialect.convertHibernateAccessException(HibernateJpaDialect.java:277)
	at org.springframework.orm.jpa.vendor.HibernateJpaDialect.translateExceptionIfPossible(HibernateJpaDialect.java:241)
	at org.springframework.orm.jpa.AbstractEntityManagerFactoryBean.translateExceptionIfPossible(AbstractEntityManagerFactoryBean.java:560)
	at org.springframework.dao.support.ChainedPersistenceExceptionTranslator.translateExceptionIfPossible(ChainedPersistenceExceptionTranslator.java:61)
	at org.springframework.dao.support.DataAccessUtils.translateIfNecessary(DataAccessUtils.java:343)
	at org.springframework.dao.support.PersistenceExceptionTranslationInterceptor.invoke(PersistenceExceptionTranslationInterceptor.java:160)
	at org.springframework.aop.framework.ReflectiveMethodInvocation.proceed(ReflectiveMethodInvocation.java:184)
	at org.springframework.data.jpa.repository.support.CrudMethodMetadataPostProcessor$CrudMethodMetadataPopulatingMethodInterceptor.invoke(CrudMethodMetadataPostProcessor.java:136)
	at org.springframework.aop.framework.ReflectiveMethodInvocation.proceed(ReflectiveMethodInvocation.java:184)
	at org.springframework.aop.framework.JdkDynamicAopProxy.invoke(JdkDynamicAopProxy.java:223)
	at jdk.proxy2/jdk.proxy2.$Proxy170.findPendientesProcesamiento(Unknown Source)
	at com.erp.sri_files.scheduler.NuevoDocumentoScheduler.procesarPendientesEnvio(NuevoDocumentoScheduler.java:45)
	at java.base/jdk.internal.reflect.DirectMethodHandleAccessor.invoke(DirectMethodHandleAccessor.java:103)
	at java.base/java.lang.reflect.Method.invoke(Method.java:580)
	at org.springframework.scheduling.support.ScheduledMethodRunnable.runInternal(ScheduledMethodRunnable.java:130)
	at org.springframework.scheduling.support.ScheduledMethodRunnable.lambda$run$2(ScheduledMethodRunnable.java:124)
	at io.micrometer.observation.Observation.observe(Observation.java:498)
	at org.springframework.scheduling.support.ScheduledMethodRunnable.run(ScheduledMethodRunnable.java:124)
	at org.springframework.scheduling.config.Task$OutcomeTrackingRunnable.run(Task.java:85)
	at org.springframework.scheduling.support.DelegatingErrorHandlingRunnable.run(DelegatingErrorHandlingRunnable.java:54)
	at org.springframework.scheduling.concurrent.ReschedulingRunnable.run(ReschedulingRunnable.java:96)
	at java.base/java.util.concurrent.Executors$RunnableAdapter.call(Executors.java:572)
	at java.base/java.util.concurrent.FutureTask.run(FutureTask.java:317)
	at java.base/java.util.concurrent.ScheduledThreadPoolExecutor$ScheduledFutureTask.run(ScheduledThreadPoolExecutor.java:304)
	at java.base/java.util.concurrent.ThreadPoolExecutor.runWorker(ThreadPoolExecutor.java:1144)
	at java.base/java.util.concurrent.ThreadPoolExecutor$Worker.run(ThreadPoolExecutor.java:642)
	at java.base/java.lang.Thread.run(Thread.java:1583)
Caused by: org.hibernate.exception.SQLGrammarException: JDBC exception executing SQL [select de1_0.id,de1_0.ambiente,de1_0.clave_acceso,de1_0.created_at,de1_0.created_by,de1_0.documento_origen_id,de1_0.documento_sustituto_id,de1_0.email_receptor,de1_0.establecimiento,de1_0.estado,de1_0.external_id,de1_0.fecha_anulacion,de1_0.fecha_autorizacion_sri,de1_0.fecha_emision,de1_0.fecha_envio_correo,de1_0.fecha_envio_sri,de1_0.fecha_firma,de1_0.fecha_generacion_ride,de1_0.fecha_generacion_xml,de1_0.fecha_recepcion_json,de1_0.fecha_transaccion_origen,de1_0.fecha_ultima_actualizacion,de1_0.id_origen,de1_0.identificacion_receptor,de1_0.importe_total,de1_0.intentos_autorizacion,de1_0.intentos_correo,de1_0.intentos_envio,de1_0.json_original,de1_0.locked_at,de1_0.locked_by,de1_0.mail_enviado,de1_0.mensaje_sri,de1_0.motivo_correccion,de1_0.numero_autorizacion,de1_0.numero_documento,de1_0.origen_sistema,de1_0.processing_lock,de1_0.punto_emision,de1_0.razon_social_receptor,de1_0.ruc_emisor,de1_0.secuencial,de1_0.subestado,de1_0.subtotal,de1_0.tipo_documento,de1_0.total_descuento,de1_0.total_impuestos,de1_0.updated_at,de1_0.uuid,de1_0.xml_autorizado,de1_0.xml_firmado,de1_0.xml_generado from documento_electronico de1_0 where de1_0.estado in ('RECIBIDO','VALIDANDO') order by de1_0.id fetch first ? rows only] [ERROR: no existe la relación «documento_electronico»
  Position: 1107] [n/a]
	at org.hibernate.exception.internal.SQLStateConversionDelegate.convert(SQLStateConversionDelegate.java:91)
	at org.hibernate.exception.internal.StandardSQLExceptionConverter.convert(StandardSQLExceptionConverter.java:58)
	at org.hibernate.engine.jdbc.spi.SqlExceptionHelper.convert(SqlExceptionHelper.java:108)
	at org.hibernate.engine.jdbc.spi.SqlExceptionHelper.convert(SqlExceptionHelper.java:94)
	at org.hibernate.sql.results.jdbc.internal.DeferredResultSetAccess.executeQuery(DeferredResultSetAccess.java:268)
	at org.hibernate.sql.results.jdbc.internal.DeferredResultSetAccess.getResultSet(DeferredResultSetAccess.java:171)
	at org.hibernate.sql.results.jdbc.internal.JdbcValuesResultSetImpl.<init>(JdbcValuesResultSetImpl.java:74)
	at org.hibernate.sql.exec.internal.JdbcSelectExecutorStandardImpl.resolveJdbcValuesSource(JdbcSelectExecutorStandardImpl.java:355)
	at org.hibernate.sql.exec.internal.JdbcSelectExecutorStandardImpl.doExecuteQuery(JdbcSelectExecutorStandardImpl.java:137)
	at org.hibernate.sql.exec.internal.JdbcSelectExecutorStandardImpl.executeQuery(JdbcSelectExecutorStandardImpl.java:102)
	at org.hibernate.sql.exec.spi.JdbcSelectExecutor.executeQuery(JdbcSelectExecutor.java:91)
	at org.hibernate.sql.exec.spi.JdbcSelectExecutor.list(JdbcSelectExecutor.java:165)
	at org.hibernate.query.sqm.internal.ConcreteSqmSelectQueryPlan.lambda$new$1(ConcreteSqmSelectQueryPlan.java:152)
	at org.hibernate.query.sqm.internal.ConcreteSqmSelectQueryPlan.withCacheableSqmInterpretation(ConcreteSqmSelectQueryPlan.java:442)
	at org.hibernate.query.sqm.internal.ConcreteSqmSelectQueryPlan.performList(ConcreteSqmSelectQueryPlan.java:362)
	at org.hibernate.query.sqm.internal.QuerySqmImpl.doList(QuerySqmImpl.java:380)
	at org.hibernate.query.spi.AbstractSelectionQuery.list(AbstractSelectionQuery.java:143)
	at org.hibernate.query.Query.getResultList(Query.java:120)
	at java.base/jdk.internal.reflect.DirectMethodHandleAccessor.invoke(DirectMethodHandleAccessor.java:103)
	at java.base/java.lang.reflect.Method.invoke(Method.java:580)
	at org.springframework.orm.jpa.SharedEntityManagerCreator$DeferredQueryInvocationHandler.invoke(SharedEntityManagerCreator.java:419)
	at jdk.proxy2/jdk.proxy2.$Proxy194.getResultList(Unknown Source)
	at org.springframework.data.jpa.repository.query.JpaQueryExecution$CollectionExecution.doExecute(JpaQueryExecution.java:130)
	at org.springframework.data.jpa.repository.query.JpaQueryExecution.execute(JpaQueryExecution.java:93)
	at org.springframework.data.jpa.repository.query.AbstractJpaQuery.doExecute(AbstractJpaQuery.java:152)
	at org.springframework.data.jpa.repository.query.AbstractJpaQuery.execute(AbstractJpaQuery.java:140)
	at org.springframework.data.repository.core.support.RepositoryMethodInvoker.doInvoke(RepositoryMethodInvoker.java:170)
	at org.springframework.data.repository.core.support.RepositoryMethodInvoker.invoke(RepositoryMethodInvoker.java:158)
	at org.springframework.data.repository.core.support.QueryExecutorMethodInterceptor.doInvoke(QueryExecutorMethodInterceptor.java:170)
	at org.springframework.data.repository.core.support.QueryExecutorMethodInterceptor.invoke(QueryExecutorMethodInterceptor.java:149)
	at org.springframework.aop.framework.ReflectiveMethodInvocation.proceed(ReflectiveMethodInvocation.java:184)
	at org.springframework.data.projection.DefaultMethodInvokingMethodInterceptor.invoke(DefaultMethodInvokingMethodInterceptor.java:69)
	at org.springframework.aop.framework.ReflectiveMethodInvocation.proceed(ReflectiveMethodInvocation.java:184)
	at org.springframework.transaction.interceptor.TransactionAspectSupport.invokeWithinTransaction(TransactionAspectSupport.java:380)
	at org.springframework.transaction.interceptor.TransactionInterceptor.invoke(TransactionInterceptor.java:119)
	at org.springframework.aop.framework.ReflectiveMethodInvocation.proceed(ReflectiveMethodInvocation.java:184)
	at org.springframework.dao.support.PersistenceExceptionTranslationInterceptor.invoke(PersistenceExceptionTranslationInterceptor.java:138)
	... 21 common frames omitted
Caused by: org.postgresql.util.PSQLException: ERROR: no existe la relación «documento_electronico»
  Position: 1107
	at org.postgresql.core.v3.QueryExecutorImpl.receiveErrorResponse(QueryExecutorImpl.java:2733)
	at org.postgresql.core.v3.QueryExecutorImpl.processResults(QueryExecutorImpl.java:2420)
	at org.postgresql.core.v3.QueryExecutorImpl.execute(QueryExecutorImpl.java:372)
	at org.postgresql.jdbc.PgStatement.executeInternal(PgStatement.java:517)
	at org.postgresql.jdbc.PgStatement.execute(PgStatement.java:434)
	at org.postgresql.jdbc.PgPreparedStatement.executeWithFlags(PgPreparedStatement.java:194)
	at org.postgresql.jdbc.PgPreparedStatement.executeQuery(PgPreparedStatement.java:137)
	at com.zaxxer.hikari.pool.ProxyPreparedStatement.executeQuery(ProxyPreparedStatement.java:52)
	at com.zaxxer.hikari.pool.HikariProxyPreparedStatement.executeQuery(HikariProxyPreparedStatement.java)
	at org.hibernate.sql.results.jdbc.internal.DeferredResultSetAccess.executeQuery(DeferredResultSetAccess.java:250)
	... 53 common frames omitted
2026-08-24 15:43:00.012 [sri-files-scheduler-1] [] INFO  c.e.s.s.NuevoDocumentoScheduler - [SCHEDULER][V1] FIN envío | detectados=0 | exitosos=0 | fallidos=0 | duracionMs=2
2026-08-24 15:43:01.222 [sri-files-scheduler-4] [] INFO  c.e.s.services.EnvioSriBatchService - No hay facturas pendientes estado=I
2026-08-24 15:43:01.222 [sri-files-scheduler-4] [] INFO  c.e.s.services.EnvioSriBatchService - [SCHEDULER][sri-files-scheduler-4] FIN automatizacionEnvioFacturasElectonicas | detectados=0 | exitosas=0 | fallidas=0 | duracionMs=1212
2026-08-24 15:44:00.001 [sri-files-scheduler-3] [] WARN  o.h.e.jdbc.spi.SqlExceptionHelper - SQL Error: 0, SQLState: 42P01
2026-08-24 15:44:00.002 [sri-files-scheduler-3] [] ERROR o.h.e.jdbc.spi.SqlExceptionHelper - ERROR: no existe la relación «batch_jobs»
  Position: 220
2026-08-24 15:44:00.002 [sri-files-scheduler-3] [] ERROR o.s.s.s.TaskUtils$LoggingErrorHandler - Unexpected error occurred in scheduled task
org.springframework.dao.InvalidDataAccessResourceUsageException: JDBC exception executing SQL [select bj1_0.id,bj1_0.created_at,bj1_0.estado,bj1_0.exitosos,bj1_0.fallidos,bj1_0.fecha_fin,bj1_0.fecha_inicio,bj1_0.mensaje,bj1_0.procesados,bj1_0.tipo_proceso,bj1_0.total_documentos,bj1_0.triggered_by,bj1_0.uuid from batch_jobs bj1_0 where bj1_0.estado in ('PENDIENTE','EN_PROCESO') order by bj1_0.fecha_inicio] [ERROR: no existe la relación «batch_jobs»
  Position: 220] [n/a]; SQL [n/a]
	at org.springframework.orm.jpa.vendor.HibernateJpaDialect.convertHibernateAccessException(HibernateJpaDialect.java:277)
	at org.springframework.orm.jpa.vendor.HibernateJpaDialect.translateExceptionIfPossible(HibernateJpaDialect.java:241)
	at org.springframework.orm.jpa.AbstractEntityManagerFactoryBean.translateExceptionIfPossible(AbstractEntityManagerFactoryBean.java:560)
	at org.springframework.dao.support.ChainedPersistenceExceptionTranslator.translateExceptionIfPossible(ChainedPersistenceExceptionTranslator.java:61)
	at org.springframework.dao.support.DataAccessUtils.translateIfNecessary(DataAccessUtils.java:343)
	at org.springframework.dao.support.PersistenceExceptionTranslationInterceptor.invoke(PersistenceExceptionTranslationInterceptor.java:160)
	at org.springframework.aop.framework.ReflectiveMethodInvocation.proceed(ReflectiveMethodInvocation.java:184)
	at org.springframework.data.jpa.repository.support.CrudMethodMetadataPostProcessor$CrudMethodMetadataPopulatingMethodInterceptor.invoke(CrudMethodMetadataPostProcessor.java:136)
	at org.springframework.aop.framework.ReflectiveMethodInvocation.proceed(ReflectiveMethodInvocation.java:184)
	at org.springframework.aop.framework.JdkDynamicAopProxy.invoke(JdkDynamicAopProxy.java:223)
	at jdk.proxy2/jdk.proxy2.$Proxy168.findActivos(Unknown Source)
	at com.erp.sri_files.batch.BatchJobScheduler.ejecutarSiNoHayActivo(BatchJobScheduler.java:42)
	at com.erp.sri_files.batch.BatchJobScheduler.enviarPendientesASri(BatchJobScheduler.java:23)
	at java.base/jdk.internal.reflect.DirectMethodHandleAccessor.invoke(DirectMethodHandleAccessor.java:103)
	at java.base/java.lang.reflect.Method.invoke(Method.java:580)
	at org.springframework.scheduling.support.ScheduledMethodRunnable.runInternal(ScheduledMethodRunnable.java:130)
	at org.springframework.scheduling.support.ScheduledMethodRunnable.lambda$run$2(ScheduledMethodRunnable.java:124)
	at io.micrometer.observation.Observation.observe(Observation.java:498)
	at org.springframework.scheduling.support.ScheduledMethodRunnable.run(ScheduledMethodRunnable.java:124)
	at org.springframework.scheduling.config.Task$OutcomeTrackingRunnable.run(Task.java:85)
	at org.springframework.scheduling.support.DelegatingErrorHandlingRunnable.run(DelegatingErrorHandlingRunnable.java:54)
	at org.springframework.scheduling.concurrent.ReschedulingRunnable.run(ReschedulingRunnable.java:96)
	at java.base/java.util.concurrent.Executors$RunnableAdapter.call(Executors.java:572)
	at java.base/java.util.concurrent.FutureTask.run(FutureTask.java:317)
	at java.base/java.util.concurrent.ScheduledThreadPoolExecutor$ScheduledFutureTask.run(ScheduledThreadPoolExecutor.java:304)
	at java.base/java.util.concurrent.ThreadPoolExecutor.runWorker(ThreadPoolExecutor.java:1144)
	at java.base/java.util.concurrent.ThreadPoolExecutor$Worker.run(ThreadPoolExecutor.java:642)
	at java.base/java.lang.Thread.run(Thread.java:1583)
Caused by: org.hibernate.exception.SQLGrammarException: JDBC exception executing SQL [select bj1_0.id,bj1_0.created_at,bj1_0.estado,bj1_0.exitosos,bj1_0.fallidos,bj1_0.fecha_fin,bj1_0.fecha_inicio,bj1_0.mensaje,bj1_0.procesados,bj1_0.tipo_proceso,bj1_0.total_documentos,bj1_0.triggered_by,bj1_0.uuid from batch_jobs bj1_0 where bj1_0.estado in ('PENDIENTE','EN_PROCESO') order by bj1_0.fecha_inicio] [ERROR: no existe la relación «batch_jobs»
  Position: 220] [n/a]
	at org.hibernate.exception.internal.SQLStateConversionDelegate.convert(SQLStateConversionDelegate.java:91)
	at org.hibernate.exception.internal.StandardSQLExceptionConverter.convert(StandardSQLExceptionConverter.java:58)
	at org.hibernate.engine.jdbc.spi.SqlExceptionHelper.convert(SqlExceptionHelper.java:108)
	at org.hibernate.engine.jdbc.spi.SqlExceptionHelper.convert(SqlExceptionHelper.java:94)
	at org.hibernate.sql.results.jdbc.internal.DeferredResultSetAccess.executeQuery(DeferredResultSetAccess.java:268)
	at org.hibernate.sql.results.jdbc.internal.DeferredResultSetAccess.getResultSet(DeferredResultSetAccess.java:171)
	at org.hibernate.sql.results.jdbc.internal.JdbcValuesResultSetImpl.<init>(JdbcValuesResultSetImpl.java:74)
	at org.hibernate.sql.exec.internal.JdbcSelectExecutorStandardImpl.resolveJdbcValuesSource(JdbcSelectExecutorStandardImpl.java:355)
	at org.hibernate.sql.exec.internal.JdbcSelectExecutorStandardImpl.doExecuteQuery(JdbcSelectExecutorStandardImpl.java:137)
	at org.hibernate.sql.exec.internal.JdbcSelectExecutorStandardImpl.executeQuery(JdbcSelectExecutorStandardImpl.java:102)
	at org.hibernate.sql.exec.spi.JdbcSelectExecutor.executeQuery(JdbcSelectExecutor.java:91)
	at org.hibernate.sql.exec.spi.JdbcSelectExecutor.list(JdbcSelectExecutor.java:165)
	at org.hibernate.query.sqm.internal.ConcreteSqmSelectQueryPlan.lambda$new$1(ConcreteSqmSelectQueryPlan.java:152)
	at org.hibernate.query.sqm.internal.ConcreteSqmSelectQueryPlan.withCacheableSqmInterpretation(ConcreteSqmSelectQueryPlan.java:442)
	at org.hibernate.query.sqm.internal.ConcreteSqmSelectQueryPlan.performList(ConcreteSqmSelectQueryPlan.java:362)
	at org.hibernate.query.sqm.internal.QuerySqmImpl.doList(QuerySqmImpl.java:380)
	at org.hibernate.query.spi.AbstractSelectionQuery.list(AbstractSelectionQuery.java:143)
	at org.hibernate.query.Query.getResultList(Query.java:120)
	at java.base/jdk.internal.reflect.DirectMethodHandleAccessor.invoke(DirectMethodHandleAccessor.java:103)
	at java.base/java.lang.reflect.Method.invoke(Method.java:580)
	at org.springframework.orm.jpa.SharedEntityManagerCreator$DeferredQueryInvocationHandler.invoke(SharedEntityManagerCreator.java:419)
	at jdk.proxy2/jdk.proxy2.$Proxy194.getResultList(Unknown Source)
	at org.springframework.data.jpa.repository.query.JpaQueryExecution$CollectionExecution.doExecute(JpaQueryExecution.java:130)
	at org.springframework.data.jpa.repository.query.JpaQueryExecution.execute(JpaQueryExecution.java:93)
	at org.springframework.data.jpa.repository.query.AbstractJpaQuery.doExecute(AbstractJpaQuery.java:152)
	at org.springframework.data.jpa.repository.query.AbstractJpaQuery.execute(AbstractJpaQuery.java:140)
	at org.springframework.data.repository.core.support.RepositoryMethodInvoker.doInvoke(RepositoryMethodInvoker.java:170)
	at org.springframework.data.repository.core.support.RepositoryMethodInvoker.invoke(RepositoryMethodInvoker.java:158)
	at org.springframework.data.repository.core.support.QueryExecutorMethodInterceptor.doInvoke(QueryExecutorMethodInterceptor.java:170)
	at org.springframework.data.repository.core.support.QueryExecutorMethodInterceptor.invoke(QueryExecutorMethodInterceptor.java:149)
	at org.springframework.aop.framework.ReflectiveMethodInvocation.proceed(ReflectiveMethodInvocation.java:184)
	at org.springframework.data.projection.DefaultMethodInvokingMethodInterceptor.invoke(DefaultMethodInvokingMethodInterceptor.java:69)
	at org.springframework.aop.framework.ReflectiveMethodInvocation.proceed(ReflectiveMethodInvocation.java:184)
	at org.springframework.transaction.interceptor.TransactionAspectSupport.invokeWithinTransaction(TransactionAspectSupport.java:380)
	at org.springframework.transaction.interceptor.TransactionInterceptor.invoke(TransactionInterceptor.java:119)
	at org.springframework.aop.framework.ReflectiveMethodInvocation.proceed(ReflectiveMethodInvocation.java:184)
	at org.springframework.dao.support.PersistenceExceptionTranslationInterceptor.invoke(PersistenceExceptionTranslationInterceptor.java:138)
	... 22 common frames omitted
Caused by: org.postgresql.util.PSQLException: ERROR: no existe la relación «batch_jobs»
  Position: 220
	at org.postgresql.core.v3.QueryExecutorImpl.receiveErrorResponse(QueryExecutorImpl.java:2733)
	at org.postgresql.core.v3.QueryExecutorImpl.processResults(QueryExecutorImpl.java:2420)
	at org.postgresql.core.v3.QueryExecutorImpl.execute(QueryExecutorImpl.java:372)
	at org.postgresql.jdbc.PgStatement.executeInternal(PgStatement.java:517)
	at org.postgresql.jdbc.PgStatement.execute(PgStatement.java:434)
	at org.postgresql.jdbc.PgPreparedStatement.executeWithFlags(PgPreparedStatement.java:194)
	at org.postgresql.jdbc.PgPreparedStatement.executeQuery(PgPreparedStatement.java:137)
	at com.zaxxer.hikari.pool.ProxyPreparedStatement.executeQuery(ProxyPreparedStatement.java:52)
	at com.zaxxer.hikari.pool.HikariProxyPreparedStatement.executeQuery(HikariProxyPreparedStatement.java)
	at org.hibernate.sql.results.jdbc.internal.DeferredResultSetAccess.executeQuery(DeferredResultSetAccess.java:250)
	... 54 common frames omitted
2026-08-24 15:44:00.002 [sri-files-scheduler-3] [] INFO  c.e.s.services.EnvioSriBatchService - [SCHEDULER][sri-files-scheduler-3] INICIO automatizacionEnvioFacturasElectonicas @ 2026-08-24T15:44:00.002490600
2026-08-24 15:44:00.002 [sri-files-scheduler-3] [] INFO  c.e.s.services.EnvioSriBatchService - Ejecutando envio de facturas at=2026-08-24T15:44:00.002490600
2026-08-24 15:44:00.015 [sri-files-scheduler-1] [] INFO  c.e.s.s.NuevoDocumentoScheduler - [SCHEDULER][V1] INICIO envío pendientes @ 2026-08-24T15:44:00.015350100
2026-08-24 15:44:00.016 [sri-files-scheduler-1] [] WARN  o.h.e.jdbc.spi.SqlExceptionHelper - SQL Error: 0, SQLState: 42P01
2026-08-24 15:44:00.016 [sri-files-scheduler-4] [] WARN  o.h.e.jdbc.spi.SqlExceptionHelper - SQL Error: 0, SQLState: 42P01
2026-08-24 15:44:00.016 [sri-files-scheduler-1] [] ERROR o.h.e.jdbc.spi.SqlExceptionHelper - ERROR: no existe la relación «documento_electronico»
  Position: 1107
2026-08-24 15:44:00.016 [sri-files-scheduler-4] [] ERROR o.h.e.jdbc.spi.SqlExceptionHelper - ERROR: no existe la relación «batch_jobs»
  Position: 220
2026-08-24 15:44:00.016 [sri-files-scheduler-1] [] ERROR c.e.s.s.NuevoDocumentoScheduler - [SCHEDULER][V1] Error en ciclo de envío
org.springframework.dao.InvalidDataAccessResourceUsageException: JDBC exception executing SQL [select de1_0.id,de1_0.ambiente,de1_0.clave_acceso,de1_0.created_at,de1_0.created_by,de1_0.documento_origen_id,de1_0.documento_sustituto_id,de1_0.email_receptor,de1_0.establecimiento,de1_0.estado,de1_0.external_id,de1_0.fecha_anulacion,de1_0.fecha_autorizacion_sri,de1_0.fecha_emision,de1_0.fecha_envio_correo,de1_0.fecha_envio_sri,de1_0.fecha_firma,de1_0.fecha_generacion_ride,de1_0.fecha_generacion_xml,de1_0.fecha_recepcion_json,de1_0.fecha_transaccion_origen,de1_0.fecha_ultima_actualizacion,de1_0.id_origen,de1_0.identificacion_receptor,de1_0.importe_total,de1_0.intentos_autorizacion,de1_0.intentos_correo,de1_0.intentos_envio,de1_0.json_original,de1_0.locked_at,de1_0.locked_by,de1_0.mail_enviado,de1_0.mensaje_sri,de1_0.motivo_correccion,de1_0.numero_autorizacion,de1_0.numero_documento,de1_0.origen_sistema,de1_0.processing_lock,de1_0.punto_emision,de1_0.razon_social_receptor,de1_0.ruc_emisor,de1_0.secuencial,de1_0.subestado,de1_0.subtotal,de1_0.tipo_documento,de1_0.total_descuento,de1_0.total_impuestos,de1_0.updated_at,de1_0.uuid,de1_0.xml_autorizado,de1_0.xml_firmado,de1_0.xml_generado from documento_electronico de1_0 where de1_0.estado in ('RECIBIDO','VALIDANDO') order by de1_0.id fetch first ? rows only] [ERROR: no existe la relación «documento_electronico»
  Position: 1107] [n/a]; SQL [n/a]
	at org.springframework.orm.jpa.vendor.HibernateJpaDialect.convertHibernateAccessException(HibernateJpaDialect.java:277)
	at org.springframework.orm.jpa.vendor.HibernateJpaDialect.translateExceptionIfPossible(HibernateJpaDialect.java:241)
	at org.springframework.orm.jpa.AbstractEntityManagerFactoryBean.translateExceptionIfPossible(AbstractEntityManagerFactoryBean.java:560)
	at org.springframework.dao.support.ChainedPersistenceExceptionTranslator.translateExceptionIfPossible(ChainedPersistenceExceptionTranslator.java:61)
	at org.springframework.dao.support.DataAccessUtils.translateIfNecessary(DataAccessUtils.java:343)
	at org.springframework.dao.support.PersistenceExceptionTranslationInterceptor.invoke(PersistenceExceptionTranslationInterceptor.java:160)
	at org.springframework.aop.framework.ReflectiveMethodInvocation.proceed(ReflectiveMethodInvocation.java:184)
	at org.springframework.data.jpa.repository.support.CrudMethodMetadataPostProcessor$CrudMethodMetadataPopulatingMethodInterceptor.invoke(CrudMethodMetadataPostProcessor.java:136)
	at org.springframework.aop.framework.ReflectiveMethodInvocation.proceed(ReflectiveMethodInvocation.java:184)
	at org.springframework.aop.framework.JdkDynamicAopProxy.invoke(JdkDynamicAopProxy.java:223)
	at jdk.proxy2/jdk.proxy2.$Proxy170.findPendientesProcesamiento(Unknown Source)
	at com.erp.sri_files.scheduler.NuevoDocumentoScheduler.procesarPendientesEnvio(NuevoDocumentoScheduler.java:45)
	at java.base/jdk.internal.reflect.DirectMethodHandleAccessor.invoke(DirectMethodHandleAccessor.java:103)
	at java.base/java.lang.reflect.Method.invoke(Method.java:580)
	at org.springframework.scheduling.support.ScheduledMethodRunnable.runInternal(ScheduledMethodRunnable.java:130)
	at org.springframework.scheduling.support.ScheduledMethodRunnable.lambda$run$2(ScheduledMethodRunnable.java:124)
	at io.micrometer.observation.Observation.observe(Observation.java:498)
	at org.springframework.scheduling.support.ScheduledMethodRunnable.run(ScheduledMethodRunnable.java:124)
	at org.springframework.scheduling.config.Task$OutcomeTrackingRunnable.run(Task.java:85)
	at org.springframework.scheduling.support.DelegatingErrorHandlingRunnable.run(DelegatingErrorHandlingRunnable.java:54)
	at org.springframework.scheduling.concurrent.ReschedulingRunnable.run(ReschedulingRunnable.java:96)
	at java.base/java.util.concurrent.Executors$RunnableAdapter.call(Executors.java:572)
	at java.base/java.util.concurrent.FutureTask.run(FutureTask.java:317)
	at java.base/java.util.concurrent.ScheduledThreadPoolExecutor$ScheduledFutureTask.run(ScheduledThreadPoolExecutor.java:304)
	at java.base/java.util.concurrent.ThreadPoolExecutor.runWorker(ThreadPoolExecutor.java:1144)
	at java.base/java.util.concurrent.ThreadPoolExecutor$Worker.run(ThreadPoolExecutor.java:642)
	at java.base/java.lang.Thread.run(Thread.java:1583)
Caused by: org.hibernate.exception.SQLGrammarException: JDBC exception executing SQL [select de1_0.id,de1_0.ambiente,de1_0.clave_acceso,de1_0.created_at,de1_0.created_by,de1_0.documento_origen_id,de1_0.documento_sustituto_id,de1_0.email_receptor,de1_0.establecimiento,de1_0.estado,de1_0.external_id,de1_0.fecha_anulacion,de1_0.fecha_autorizacion_sri,de1_0.fecha_emision,de1_0.fecha_envio_correo,de1_0.fecha_envio_sri,de1_0.fecha_firma,de1_0.fecha_generacion_ride,de1_0.fecha_generacion_xml,de1_0.fecha_recepcion_json,de1_0.fecha_transaccion_origen,de1_0.fecha_ultima_actualizacion,de1_0.id_origen,de1_0.identificacion_receptor,de1_0.importe_total,de1_0.intentos_autorizacion,de1_0.intentos_correo,de1_0.intentos_envio,de1_0.json_original,de1_0.locked_at,de1_0.locked_by,de1_0.mail_enviado,de1_0.mensaje_sri,de1_0.motivo_correccion,de1_0.numero_autorizacion,de1_0.numero_documento,de1_0.origen_sistema,de1_0.processing_lock,de1_0.punto_emision,de1_0.razon_social_receptor,de1_0.ruc_emisor,de1_0.secuencial,de1_0.subestado,de1_0.subtotal,de1_0.tipo_documento,de1_0.total_descuento,de1_0.total_impuestos,de1_0.updated_at,de1_0.uuid,de1_0.xml_autorizado,de1_0.xml_firmado,de1_0.xml_generado from documento_electronico de1_0 where de1_0.estado in ('RECIBIDO','VALIDANDO') order by de1_0.id fetch first ? rows only] [ERROR: no existe la relación «documento_electronico»
  Position: 1107] [n/a]
	at org.hibernate.exception.internal.SQLStateConversionDelegate.convert(SQLStateConversionDelegate.java:91)
	at org.hibernate.exception.internal.StandardSQLExceptionConverter.convert(StandardSQLExceptionConverter.java:58)
	at org.hibernate.engine.jdbc.spi.SqlExceptionHelper.convert(SqlExceptionHelper.java:108)
	at org.hibernate.engine.jdbc.spi.SqlExceptionHelper.convert(SqlExceptionHelper.java:94)
	at org.hibernate.sql.results.jdbc.internal.DeferredResultSetAccess.executeQuery(DeferredResultSetAccess.java:268)
	at org.hibernate.sql.results.jdbc.internal.DeferredResultSetAccess.getResultSet(DeferredResultSetAccess.java:171)
	at org.hibernate.sql.results.jdbc.internal.JdbcValuesResultSetImpl.<init>(JdbcValuesResultSetImpl.java:74)
	at org.hibernate.sql.exec.internal.JdbcSelectExecutorStandardImpl.resolveJdbcValuesSource(JdbcSelectExecutorStandardImpl.java:355)
	at org.hibernate.sql.exec.internal.JdbcSelectExecutorStandardImpl.doExecuteQuery(JdbcSelectExecutorStandardImpl.java:137)
	at org.hibernate.sql.exec.internal.JdbcSelectExecutorStandardImpl.executeQuery(JdbcSelectExecutorStandardImpl.java:102)
	at org.hibernate.sql.exec.spi.JdbcSelectExecutor.executeQuery(JdbcSelectExecutor.java:91)
	at org.hibernate.sql.exec.spi.JdbcSelectExecutor.list(JdbcSelectExecutor.java:165)
	at org.hibernate.query.sqm.internal.ConcreteSqmSelectQueryPlan.lambda$new$1(ConcreteSqmSelectQueryPlan.java:152)
	at org.hibernate.query.sqm.internal.ConcreteSqmSelectQueryPlan.withCacheableSqmInterpretation(ConcreteSqmSelectQueryPlan.java:442)
	at org.hibernate.query.sqm.internal.ConcreteSqmSelectQueryPlan.performList(ConcreteSqmSelectQueryPlan.java:362)
	at org.hibernate.query.sqm.internal.QuerySqmImpl.doList(QuerySqmImpl.java:380)
	at org.hibernate.query.spi.AbstractSelectionQuery.list(AbstractSelectionQuery.java:143)
	at org.hibernate.query.Query.getResultList(Query.java:120)
	at java.base/jdk.internal.reflect.DirectMethodHandleAccessor.invoke(DirectMethodHandleAccessor.java:103)
	at java.base/java.lang.reflect.Method.invoke(Method.java:580)
	at org.springframework.orm.jpa.SharedEntityManagerCreator$DeferredQueryInvocationHandler.invoke(SharedEntityManagerCreator.java:419)
	at jdk.proxy2/jdk.proxy2.$Proxy194.getResultList(Unknown Source)
	at org.springframework.data.jpa.repository.query.JpaQueryExecution$CollectionExecution.doExecute(JpaQueryExecution.java:130)
	at org.springframework.data.jpa.repository.query.JpaQueryExecution.execute(JpaQueryExecution.java:93)
	at org.springframework.data.jpa.repository.query.AbstractJpaQuery.doExecute(AbstractJpaQuery.java:152)
	at org.springframework.data.jpa.repository.query.AbstractJpaQuery.execute(AbstractJpaQuery.java:140)
	at org.springframework.data.repository.core.support.RepositoryMethodInvoker.doInvoke(RepositoryMethodInvoker.java:170)
	at org.springframework.data.repository.core.support.RepositoryMethodInvoker.invoke(RepositoryMethodInvoker.java:158)
	at org.springframework.data.repository.core.support.QueryExecutorMethodInterceptor.doInvoke(QueryExecutorMethodInterceptor.java:170)
	at org.springframework.data.repository.core.support.QueryExecutorMethodInterceptor.invoke(QueryExecutorMethodInterceptor.java:149)
	at org.springframework.aop.framework.ReflectiveMethodInvocation.proceed(ReflectiveMethodInvocation.java:184)
	at org.springframework.data.projection.DefaultMethodInvokingMethodInterceptor.invoke(DefaultMethodInvokingMethodInterceptor.java:69)
	at org.springframework.aop.framework.ReflectiveMethodInvocation.proceed(ReflectiveMethodInvocation.java:184)
	at org.springframework.transaction.interceptor.TransactionAspectSupport.invokeWithinTransaction(TransactionAspectSupport.java:380)
	at org.springframework.transaction.interceptor.TransactionInterceptor.invoke(TransactionInterceptor.java:119)
	at org.springframework.aop.framework.ReflectiveMethodInvocation.proceed(ReflectiveMethodInvocation.java:184)
	at org.springframework.dao.support.PersistenceExceptionTranslationInterceptor.invoke(PersistenceExceptionTranslationInterceptor.java:138)
	... 21 common frames omitted
Caused by: org.postgresql.util.PSQLException: ERROR: no existe la relación «documento_electronico»
  Position: 1107
	at org.postgresql.core.v3.QueryExecutorImpl.receiveErrorResponse(QueryExecutorImpl.java:2733)
	at org.postgresql.core.v3.QueryExecutorImpl.processResults(QueryExecutorImpl.java:2420)
	at org.postgresql.core.v3.QueryExecutorImpl.execute(QueryExecutorImpl.java:372)
	at org.postgresql.jdbc.PgStatement.executeInternal(PgStatement.java:517)
	at org.postgresql.jdbc.PgStatement.execute(PgStatement.java:434)
	at org.postgresql.jdbc.PgPreparedStatement.executeWithFlags(PgPreparedStatement.java:194)
	at org.postgresql.jdbc.PgPreparedStatement.executeQuery(PgPreparedStatement.java:137)
	at com.zaxxer.hikari.pool.ProxyPreparedStatement.executeQuery(ProxyPreparedStatement.java:52)
	at com.zaxxer.hikari.pool.HikariProxyPreparedStatement.executeQuery(HikariProxyPreparedStatement.java)
	at org.hibernate.sql.results.jdbc.internal.DeferredResultSetAccess.executeQuery(DeferredResultSetAccess.java:250)
	... 53 common frames omitted
2026-08-24 15:44:00.017 [sri-files-scheduler-1] [] INFO  c.e.s.s.NuevoDocumentoScheduler - [SCHEDULER][V1] FIN envío | detectados=0 | exitosos=0 | fallidos=0 | duracionMs=2
2026-08-24 15:44:00.016 [sri-files-scheduler-4] [] ERROR o.s.s.s.TaskUtils$LoggingErrorHandler - Unexpected error occurred in scheduled task
org.springframework.dao.InvalidDataAccessResourceUsageException: JDBC exception executing SQL [select bj1_0.id,bj1_0.created_at,bj1_0.estado,bj1_0.exitosos,bj1_0.fallidos,bj1_0.fecha_fin,bj1_0.fecha_inicio,bj1_0.mensaje,bj1_0.procesados,bj1_0.tipo_proceso,bj1_0.total_documentos,bj1_0.triggered_by,bj1_0.uuid from batch_jobs bj1_0 where bj1_0.estado in ('PENDIENTE','EN_PROCESO') order by bj1_0.fecha_inicio] [ERROR: no existe la relación «batch_jobs»
  Position: 220] [n/a]; SQL [n/a]
	at org.springframework.orm.jpa.vendor.HibernateJpaDialect.convertHibernateAccessException(HibernateJpaDialect.java:277)
	at org.springframework.orm.jpa.vendor.HibernateJpaDialect.translateExceptionIfPossible(HibernateJpaDialect.java:241)
	at org.springframework.orm.jpa.AbstractEntityManagerFactoryBean.translateExceptionIfPossible(AbstractEntityManagerFactoryBean.java:560)
	at org.springframework.dao.support.ChainedPersistenceExceptionTranslator.translateExceptionIfPossible(ChainedPersistenceExceptionTranslator.java:61)
	at org.springframework.dao.support.DataAccessUtils.translateIfNecessary(DataAccessUtils.java:343)
	at org.springframework.dao.support.PersistenceExceptionTranslationInterceptor.invoke(PersistenceExceptionTranslationInterceptor.java:160)
	at org.springframework.aop.framework.ReflectiveMethodInvocation.proceed(ReflectiveMethodInvocation.java:184)
	at org.springframework.data.jpa.repository.support.CrudMethodMetadataPostProcessor$CrudMethodMetadataPopulatingMethodInterceptor.invoke(CrudMethodMetadataPostProcessor.java:136)
	at org.springframework.aop.framework.ReflectiveMethodInvocation.proceed(ReflectiveMethodInvocation.java:184)
	at org.springframework.aop.framework.JdkDynamicAopProxy.invoke(JdkDynamicAopProxy.java:223)
	at jdk.proxy2/jdk.proxy2.$Proxy168.findActivos(Unknown Source)
	at com.erp.sri_files.batch.BatchJobScheduler.ejecutarSiNoHayActivo(BatchJobScheduler.java:42)
	at com.erp.sri_files.batch.BatchJobScheduler.enviarCorreosPendientes(BatchJobScheduler.java:38)
	at java.base/jdk.internal.reflect.DirectMethodHandleAccessor.invoke(DirectMethodHandleAccessor.java:103)
	at java.base/java.lang.reflect.Method.invoke(Method.java:580)
	at org.springframework.scheduling.support.ScheduledMethodRunnable.runInternal(ScheduledMethodRunnable.java:130)
	at org.springframework.scheduling.support.ScheduledMethodRunnable.lambda$run$2(ScheduledMethodRunnable.java:124)
	at io.micrometer.observation.Observation.observe(Observation.java:498)
	at org.springframework.scheduling.support.ScheduledMethodRunnable.run(ScheduledMethodRunnable.java:124)
	at org.springframework.scheduling.config.Task$OutcomeTrackingRunnable.run(Task.java:85)
	at org.springframework.scheduling.support.DelegatingErrorHandlingRunnable.run(DelegatingErrorHandlingRunnable.java:54)
	at org.springframework.scheduling.concurrent.ReschedulingRunnable.run(ReschedulingRunnable.java:96)
	at java.base/java.util.concurrent.Executors$RunnableAdapter.call(Executors.java:572)
	at java.base/java.util.concurrent.FutureTask.run(FutureTask.java:317)
	at java.base/java.util.concurrent.ScheduledThreadPoolExecutor$ScheduledFutureTask.run(ScheduledThreadPoolExecutor.java:304)
	at java.base/java.util.concurrent.ThreadPoolExecutor.runWorker(ThreadPoolExecutor.java:1144)
	at java.base/java.util.concurrent.ThreadPoolExecutor$Worker.run(ThreadPoolExecutor.java:642)
	at java.base/java.lang.Thread.run(Thread.java:1583)
Caused by: org.hibernate.exception.SQLGrammarException: JDBC exception executing SQL [select bj1_0.id,bj1_0.created_at,bj1_0.estado,bj1_0.exitosos,bj1_0.fallidos,bj1_0.fecha_fin,bj1_0.fecha_inicio,bj1_0.mensaje,bj1_0.procesados,bj1_0.tipo_proceso,bj1_0.total_documentos,bj1_0.triggered_by,bj1_0.uuid from batch_jobs bj1_0 where bj1_0.estado in ('PENDIENTE','EN_PROCESO') order by bj1_0.fecha_inicio] [ERROR: no existe la relación «batch_jobs»
  Position: 220] [n/a]
	at org.hibernate.exception.internal.SQLStateConversionDelegate.convert(SQLStateConversionDelegate.java:91)
	at org.hibernate.exception.internal.StandardSQLExceptionConverter.convert(StandardSQLExceptionConverter.java:58)
	at org.hibernate.engine.jdbc.spi.SqlExceptionHelper.convert(SqlExceptionHelper.java:108)
	at org.hibernate.engine.jdbc.spi.SqlExceptionHelper.convert(SqlExceptionHelper.java:94)
	at org.hibernate.sql.results.jdbc.internal.DeferredResultSetAccess.executeQuery(DeferredResultSetAccess.java:268)
	at org.hibernate.sql.results.jdbc.internal.DeferredResultSetAccess.getResultSet(DeferredResultSetAccess.java:171)
	at org.hibernate.sql.results.jdbc.internal.JdbcValuesResultSetImpl.<init>(JdbcValuesResultSetImpl.java:74)
	at org.hibernate.sql.exec.internal.JdbcSelectExecutorStandardImpl.resolveJdbcValuesSource(JdbcSelectExecutorStandardImpl.java:355)
	at org.hibernate.sql.exec.internal.JdbcSelectExecutorStandardImpl.doExecuteQuery(JdbcSelectExecutorStandardImpl.java:137)
	at org.hibernate.sql.exec.internal.JdbcSelectExecutorStandardImpl.executeQuery(JdbcSelectExecutorStandardImpl.java:102)
	at org.hibernate.sql.exec.spi.JdbcSelectExecutor.executeQuery(JdbcSelectExecutor.java:91)
	at org.hibernate.sql.exec.spi.JdbcSelectExecutor.list(JdbcSelectExecutor.java:165)
	at org.hibernate.query.sqm.internal.ConcreteSqmSelectQueryPlan.lambda$new$1(ConcreteSqmSelectQueryPlan.java:152)
	at org.hibernate.query.sqm.internal.ConcreteSqmSelectQueryPlan.withCacheableSqmInterpretation(ConcreteSqmSelectQueryPlan.java:442)
	at org.hibernate.query.sqm.internal.ConcreteSqmSelectQueryPlan.performList(ConcreteSqmSelectQueryPlan.java:362)
	at org.hibernate.query.sqm.internal.QuerySqmImpl.doList(QuerySqmImpl.java:380)
	at org.hibernate.query.spi.AbstractSelectionQuery.list(AbstractSelectionQuery.java:143)
	at org.hibernate.query.Query.getResultList(Query.java:120)
	at java.base/jdk.internal.reflect.DirectMethodHandleAccessor.invoke(DirectMethodHandleAccessor.java:103)
	at java.base/java.lang.reflect.Method.invoke(Method.java:580)
	at org.springframework.orm.jpa.SharedEntityManagerCreator$DeferredQueryInvocationHandler.invoke(SharedEntityManagerCreator.java:419)
	at jdk.proxy2/jdk.proxy2.$Proxy194.getResultList(Unknown Source)
	at org.springframework.data.jpa.repository.query.JpaQueryExecution$CollectionExecution.doExecute(JpaQueryExecution.java:130)
	at org.springframework.data.jpa.repository.query.JpaQueryExecution.execute(JpaQueryExecution.java:93)
	at org.springframework.data.jpa.repository.query.AbstractJpaQuery.doExecute(AbstractJpaQuery.java:152)
	at org.springframework.data.jpa.repository.query.AbstractJpaQuery.execute(AbstractJpaQuery.java:140)
	at org.springframework.data.repository.core.support.RepositoryMethodInvoker.doInvoke(RepositoryMethodInvoker.java:170)
	at org.springframework.data.repository.core.support.RepositoryMethodInvoker.invoke(RepositoryMethodInvoker.java:158)
	at org.springframework.data.repository.core.support.QueryExecutorMethodInterceptor.doInvoke(QueryExecutorMethodInterceptor.java:170)
	at org.springframework.data.repository.core.support.QueryExecutorMethodInterceptor.invoke(QueryExecutorMethodInterceptor.java:149)
	at org.springframework.aop.framework.ReflectiveMethodInvocation.proceed(ReflectiveMethodInvocation.java:184)
	at org.springframework.data.projection.DefaultMethodInvokingMethodInterceptor.invoke(DefaultMethodInvokingMethodInterceptor.java:69)
	at org.springframework.aop.framework.ReflectiveMethodInvocation.proceed(ReflectiveMethodInvocation.java:184)
	at org.springframework.transaction.interceptor.TransactionAspectSupport.invokeWithinTransaction(TransactionAspectSupport.java:380)
	at org.springframework.transaction.interceptor.TransactionInterceptor.invoke(TransactionInterceptor.java:119)
	at org.springframework.aop.framework.ReflectiveMethodInvocation.proceed(ReflectiveMethodInvocation.java:184)
	at org.springframework.dao.support.PersistenceExceptionTranslationInterceptor.invoke(PersistenceExceptionTranslationInterceptor.java:138)
	... 22 common frames omitted
Caused by: org.postgresql.util.PSQLException: ERROR: no existe la relación «batch_jobs»
  Position: 220
	at org.postgresql.core.v3.QueryExecutorImpl.receiveErrorResponse(QueryExecutorImpl.java:2733)
	at org.postgresql.core.v3.QueryExecutorImpl.processResults(QueryExecutorImpl.java:2420)
	at org.postgresql.core.v3.QueryExecutorImpl.execute(QueryExecutorImpl.java:372)
	at org.postgresql.jdbc.PgStatement.executeInternal(PgStatement.java:517)
	at org.postgresql.jdbc.PgStatement.execute(PgStatement.java:434)
	at org.postgresql.jdbc.PgPreparedStatement.executeWithFlags(PgPreparedStatement.java:194)
	at org.postgresql.jdbc.PgPreparedStatement.executeQuery(PgPreparedStatement.java:137)
	at com.zaxxer.hikari.pool.ProxyPreparedStatement.executeQuery(ProxyPreparedStatement.java:52)
	at com.zaxxer.hikari.pool.HikariProxyPreparedStatement.executeQuery(HikariProxyPreparedStatement.java)
	at org.hibernate.sql.results.jdbc.internal.DeferredResultSetAccess.executeQuery(DeferredResultSetAccess.java:250)
	... 54 common frames omitted
2026-08-24 15:44:01.205 [sri-files-scheduler-3] [] INFO  c.e.s.services.EnvioSriBatchService - No hay facturas pendientes estado=I
2026-08-24 15:44:01.205 [sri-files-scheduler-3] [] INFO  c.e.s.services.EnvioSriBatchService - [SCHEDULER][sri-files-scheduler-3] FIN automatizacionEnvioFacturasElectonicas | detectados=0 | exitosas=0 | fallidas=0 | duracionMs=1203
2026-08-24 15:45:00.008 [sri-files-scheduler-3] [] INFO  c.e.s.s.NuevoDocumentoScheduler - [SCHEDULER][V1] INICIO envío pendientes @ 2026-08-24T15:45:00.008580600
2026-08-24 15:45:00.009 [sri-files-scheduler-3] [] WARN  o.h.e.jdbc.spi.SqlExceptionHelper - SQL Error: 0, SQLState: 42P01
2026-08-24 15:45:00.009 [sri-files-scheduler-4] [] WARN  o.h.e.jdbc.spi.SqlExceptionHelper - SQL Error: 0, SQLState: 42P01
2026-08-24 15:45:00.009 [sri-files-scheduler-3] [] ERROR o.h.e.jdbc.spi.SqlExceptionHelper - ERROR: no existe la relación «documento_electronico»
  Position: 1107
2026-08-24 15:45:00.009 [sri-files-scheduler-4] [] ERROR o.h.e.jdbc.spi.SqlExceptionHelper - ERROR: no existe la relación «batch_jobs»
  Position: 220
2026-08-24 15:45:00.009 [sri-files-scheduler-1] [] WARN  o.h.e.jdbc.spi.SqlExceptionHelper - SQL Error: 0, SQLState: 42P01
2026-08-24 15:45:00.009 [sri-files-scheduler-1] [] ERROR o.h.e.jdbc.spi.SqlExceptionHelper - ERROR: no existe la relación «batch_jobs»
  Position: 220
2026-08-24 15:45:00.009 [sri-files-scheduler-3] [] ERROR c.e.s.s.NuevoDocumentoScheduler - [SCHEDULER][V1] Error en ciclo de envío
org.springframework.dao.InvalidDataAccessResourceUsageException: JDBC exception executing SQL [select de1_0.id,de1_0.ambiente,de1_0.clave_acceso,de1_0.created_at,de1_0.created_by,de1_0.documento_origen_id,de1_0.documento_sustituto_id,de1_0.email_receptor,de1_0.establecimiento,de1_0.estado,de1_0.external_id,de1_0.fecha_anulacion,de1_0.fecha_autorizacion_sri,de1_0.fecha_emision,de1_0.fecha_envio_correo,de1_0.fecha_envio_sri,de1_0.fecha_firma,de1_0.fecha_generacion_ride,de1_0.fecha_generacion_xml,de1_0.fecha_recepcion_json,de1_0.fecha_transaccion_origen,de1_0.fecha_ultima_actualizacion,de1_0.id_origen,de1_0.identificacion_receptor,de1_0.importe_total,de1_0.intentos_autorizacion,de1_0.intentos_correo,de1_0.intentos_envio,de1_0.json_original,de1_0.locked_at,de1_0.locked_by,de1_0.mail_enviado,de1_0.mensaje_sri,de1_0.motivo_correccion,de1_0.numero_autorizacion,de1_0.numero_documento,de1_0.origen_sistema,de1_0.processing_lock,de1_0.punto_emision,de1_0.razon_social_receptor,de1_0.ruc_emisor,de1_0.secuencial,de1_0.subestado,de1_0.subtotal,de1_0.tipo_documento,de1_0.total_descuento,de1_0.total_impuestos,de1_0.updated_at,de1_0.uuid,de1_0.xml_autorizado,de1_0.xml_firmado,de1_0.xml_generado from documento_electronico de1_0 where de1_0.estado in ('RECIBIDO','VALIDANDO') order by de1_0.id fetch first ? rows only] [ERROR: no existe la relación «documento_electronico»
  Position: 1107] [n/a]; SQL [n/a]
	at org.springframework.orm.jpa.vendor.HibernateJpaDialect.convertHibernateAccessException(HibernateJpaDialect.java:277)
	at org.springframework.orm.jpa.vendor.HibernateJpaDialect.translateExceptionIfPossible(HibernateJpaDialect.java:241)
	at org.springframework.orm.jpa.AbstractEntityManagerFactoryBean.translateExceptionIfPossible(AbstractEntityManagerFactoryBean.java:560)
	at org.springframework.dao.support.ChainedPersistenceExceptionTranslator.translateExceptionIfPossible(ChainedPersistenceExceptionTranslator.java:61)
	at org.springframework.dao.support.DataAccessUtils.translateIfNecessary(DataAccessUtils.java:343)
	at org.springframework.dao.support.PersistenceExceptionTranslationInterceptor.invoke(PersistenceExceptionTranslationInterceptor.java:160)
	at org.springframework.aop.framework.ReflectiveMethodInvocation.proceed(ReflectiveMethodInvocation.java:184)
	at org.springframework.data.jpa.repository.support.CrudMethodMetadataPostProcessor$CrudMethodMetadataPopulatingMethodInterceptor.invoke(CrudMethodMetadataPostProcessor.java:136)
	at org.springframework.aop.framework.ReflectiveMethodInvocation.proceed(ReflectiveMethodInvocation.java:184)
	at org.springframework.aop.framework.JdkDynamicAopProxy.invoke(JdkDynamicAopProxy.java:223)
	at jdk.proxy2/jdk.proxy2.$Proxy170.findPendientesProcesamiento(Unknown Source)
	at com.erp.sri_files.scheduler.NuevoDocumentoScheduler.procesarPendientesEnvio(NuevoDocumentoScheduler.java:45)
	at java.base/jdk.internal.reflect.DirectMethodHandleAccessor.invoke(DirectMethodHandleAccessor.java:103)
	at java.base/java.lang.reflect.Method.invoke(Method.java:580)
	at org.springframework.scheduling.support.ScheduledMethodRunnable.runInternal(ScheduledMethodRunnable.java:130)
	at org.springframework.scheduling.support.ScheduledMethodRunnable.lambda$run$2(ScheduledMethodRunnable.java:124)
	at io.micrometer.observation.Observation.observe(Observation.java:498)
	at org.springframework.scheduling.support.ScheduledMethodRunnable.run(ScheduledMethodRunnable.java:124)
	at org.springframework.scheduling.config.Task$OutcomeTrackingRunnable.run(Task.java:85)
	at org.springframework.scheduling.support.DelegatingErrorHandlingRunnable.run(DelegatingErrorHandlingRunnable.java:54)
	at org.springframework.scheduling.concurrent.ReschedulingRunnable.run(ReschedulingRunnable.java:96)
	at java.base/java.util.concurrent.Executors$RunnableAdapter.call(Executors.java:572)
	at java.base/java.util.concurrent.FutureTask.run(FutureTask.java:317)
	at java.base/java.util.concurrent.ScheduledThreadPoolExecutor$ScheduledFutureTask.run(ScheduledThreadPoolExecutor.java:304)
	at java.base/java.util.concurrent.ThreadPoolExecutor.runWorker(ThreadPoolExecutor.java:1144)
	at java.base/java.util.concurrent.ThreadPoolExecutor$Worker.run(ThreadPoolExecutor.java:642)
	at java.base/java.lang.Thread.run(Thread.java:1583)
Caused by: org.hibernate.exception.SQLGrammarException: JDBC exception executing SQL [select de1_0.id,de1_0.ambiente,de1_0.clave_acceso,de1_0.created_at,de1_0.created_by,de1_0.documento_origen_id,de1_0.documento_sustituto_id,de1_0.email_receptor,de1_0.establecimiento,de1_0.estado,de1_0.external_id,de1_0.fecha_anulacion,de1_0.fecha_autorizacion_sri,de1_0.fecha_emision,de1_0.fecha_envio_correo,de1_0.fecha_envio_sri,de1_0.fecha_firma,de1_0.fecha_generacion_ride,de1_0.fecha_generacion_xml,de1_0.fecha_recepcion_json,de1_0.fecha_transaccion_origen,de1_0.fecha_ultima_actualizacion,de1_0.id_origen,de1_0.identificacion_receptor,de1_0.importe_total,de1_0.intentos_autorizacion,de1_0.intentos_correo,de1_0.intentos_envio,de1_0.json_original,de1_0.locked_at,de1_0.locked_by,de1_0.mail_enviado,de1_0.mensaje_sri,de1_0.motivo_correccion,de1_0.numero_autorizacion,de1_0.numero_documento,de1_0.origen_sistema,de1_0.processing_lock,de1_0.punto_emision,de1_0.razon_social_receptor,de1_0.ruc_emisor,de1_0.secuencial,de1_0.subestado,de1_0.subtotal,de1_0.tipo_documento,de1_0.total_descuento,de1_0.total_impuestos,de1_0.updated_at,de1_0.uuid,de1_0.xml_autorizado,de1_0.xml_firmado,de1_0.xml_generado from documento_electronico de1_0 where de1_0.estado in ('RECIBIDO','VALIDANDO') order by de1_0.id fetch first ? rows only] [ERROR: no existe la relación «documento_electronico»
  Position: 1107] [n/a]
	at org.hibernate.exception.internal.SQLStateConversionDelegate.convert(SQLStateConversionDelegate.java:91)
	at org.hibernate.exception.internal.StandardSQLExceptionConverter.convert(StandardSQLExceptionConverter.java:58)
	at org.hibernate.engine.jdbc.spi.SqlExceptionHelper.convert(SqlExceptionHelper.java:108)
	at org.hibernate.engine.jdbc.spi.SqlExceptionHelper.convert(SqlExceptionHelper.java:94)
	at org.hibernate.sql.results.jdbc.internal.DeferredResultSetAccess.executeQuery(DeferredResultSetAccess.java:268)
	at org.hibernate.sql.results.jdbc.internal.DeferredResultSetAccess.getResultSet(DeferredResultSetAccess.java:171)
	at org.hibernate.sql.results.jdbc.internal.JdbcValuesResultSetImpl.<init>(JdbcValuesResultSetImpl.java:74)
	at org.hibernate.sql.exec.internal.JdbcSelectExecutorStandardImpl.resolveJdbcValuesSource(JdbcSelectExecutorStandardImpl.java:355)
	at org.hibernate.sql.exec.internal.JdbcSelectExecutorStandardImpl.doExecuteQuery(JdbcSelectExecutorStandardImpl.java:137)
	at org.hibernate.sql.exec.internal.JdbcSelectExecutorStandardImpl.executeQuery(JdbcSelectExecutorStandardImpl.java:102)
	at org.hibernate.sql.exec.spi.JdbcSelectExecutor.executeQuery(JdbcSelectExecutor.java:91)
	at org.hibernate.sql.exec.spi.JdbcSelectExecutor.list(JdbcSelectExecutor.java:165)
	at org.hibernate.query.sqm.internal.ConcreteSqmSelectQueryPlan.lambda$new$1(ConcreteSqmSelectQueryPlan.java:152)
	at org.hibernate.query.sqm.internal.ConcreteSqmSelectQueryPlan.withCacheableSqmInterpretation(ConcreteSqmSelectQueryPlan.java:442)
	at org.hibernate.query.sqm.internal.ConcreteSqmSelectQueryPlan.performList(ConcreteSqmSelectQueryPlan.java:362)
	at org.hibernate.query.sqm.internal.QuerySqmImpl.doList(QuerySqmImpl.java:380)
	at org.hibernate.query.spi.AbstractSelectionQuery.list(AbstractSelectionQuery.java:143)
	at org.hibernate.query.Query.getResultList(Query.java:120)
	at java.base/jdk.internal.reflect.DirectMethodHandleAccessor.invoke(DirectMethodHandleAccessor.java:103)
	at java.base/java.lang.reflect.Method.invoke(Method.java:580)
	at org.springframework.orm.jpa.SharedEntityManagerCreator$DeferredQueryInvocationHandler.invoke(SharedEntityManagerCreator.java:419)
	at jdk.proxy2/jdk.proxy2.$Proxy194.getResultList(Unknown Source)
	at org.springframework.data.jpa.repository.query.JpaQueryExecution$CollectionExecution.doExecute(JpaQueryExecution.java:130)
	at org.springframework.data.jpa.repository.query.JpaQueryExecution.execute(JpaQueryExecution.java:93)
	at org.springframework.data.jpa.repository.query.AbstractJpaQuery.doExecute(AbstractJpaQuery.java:152)
	at org.springframework.data.jpa.repository.query.AbstractJpaQuery.execute(AbstractJpaQuery.java:140)
	at org.springframework.data.repository.core.support.RepositoryMethodInvoker.doInvoke(RepositoryMethodInvoker.java:170)
	at org.springframework.data.repository.core.support.RepositoryMethodInvoker.invoke(RepositoryMethodInvoker.java:158)
	at org.springframework.data.repository.core.support.QueryExecutorMethodInterceptor.doInvoke(QueryExecutorMethodInterceptor.java:170)
	at org.springframework.data.repository.core.support.QueryExecutorMethodInterceptor.invoke(QueryExecutorMethodInterceptor.java:149)
	at org.springframework.aop.framework.ReflectiveMethodInvocation.proceed(ReflectiveMethodInvocation.java:184)
	at org.springframework.data.projection.DefaultMethodInvokingMethodInterceptor.invoke(DefaultMethodInvokingMethodInterceptor.java:69)
	at org.springframework.aop.framework.ReflectiveMethodInvocation.proceed(ReflectiveMethodInvocation.java:184)
	at org.springframework.transaction.interceptor.TransactionAspectSupport.invokeWithinTransaction(TransactionAspectSupport.java:380)
	at org.springframework.transaction.interceptor.TransactionInterceptor.invoke(TransactionInterceptor.java:119)
	at org.springframework.aop.framework.ReflectiveMethodInvocation.proceed(ReflectiveMethodInvocation.java:184)
	at org.springframework.dao.support.PersistenceExceptionTranslationInterceptor.invoke(PersistenceExceptionTranslationInterceptor.java:138)
	... 21 common frames omitted
Caused by: org.postgresql.util.PSQLException: ERROR: no existe la relación «documento_electronico»
  Position: 1107
	at org.postgresql.core.v3.QueryExecutorImpl.receiveErrorResponse(QueryExecutorImpl.java:2733)
	at org.postgresql.core.v3.QueryExecutorImpl.processResults(QueryExecutorImpl.java:2420)
	at org.postgresql.core.v3.QueryExecutorImpl.execute(QueryExecutorImpl.java:372)
	at org.postgresql.jdbc.PgStatement.executeInternal(PgStatement.java:517)
	at org.postgresql.jdbc.PgStatement.execute(PgStatement.java:434)
	at org.postgresql.jdbc.PgPreparedStatement.executeWithFlags(PgPreparedStatement.java:194)
	at org.postgresql.jdbc.PgPreparedStatement.executeQuery(PgPreparedStatement.java:137)
	at com.zaxxer.hikari.pool.ProxyPreparedStatement.executeQuery(ProxyPreparedStatement.java:52)
	at com.zaxxer.hikari.pool.HikariProxyPreparedStatement.executeQuery(HikariProxyPreparedStatement.java)
	at org.hibernate.sql.results.jdbc.internal.DeferredResultSetAccess.executeQuery(DeferredResultSetAccess.java:250)
	... 53 common frames omitted
2026-08-24 15:45:00.009 [sri-files-scheduler-3] [] INFO  c.e.s.s.NuevoDocumentoScheduler - [SCHEDULER][V1] FIN envío | detectados=0 | exitosos=0 | fallidos=0 | duracionMs=1
2026-08-24 15:45:00.009 [sri-files-scheduler-4] [] ERROR o.s.s.s.TaskUtils$LoggingErrorHandler - Unexpected error occurred in scheduled task
org.springframework.dao.InvalidDataAccessResourceUsageException: JDBC exception executing SQL [select bj1_0.id,bj1_0.created_at,bj1_0.estado,bj1_0.exitosos,bj1_0.fallidos,bj1_0.fecha_fin,bj1_0.fecha_inicio,bj1_0.mensaje,bj1_0.procesados,bj1_0.tipo_proceso,bj1_0.total_documentos,bj1_0.triggered_by,bj1_0.uuid from batch_jobs bj1_0 where bj1_0.estado in ('PENDIENTE','EN_PROCESO') order by bj1_0.fecha_inicio] [ERROR: no existe la relación «batch_jobs»
  Position: 220] [n/a]; SQL [n/a]
	at org.springframework.orm.jpa.vendor.HibernateJpaDialect.convertHibernateAccessException(HibernateJpaDialect.java:277)
	at org.springframework.orm.jpa.vendor.HibernateJpaDialect.translateExceptionIfPossible(HibernateJpaDialect.java:241)
	at org.springframework.orm.jpa.AbstractEntityManagerFactoryBean.translateExceptionIfPossible(AbstractEntityManagerFactoryBean.java:560)
	at org.springframework.dao.support.ChainedPersistenceExceptionTranslator.translateExceptionIfPossible(ChainedPersistenceExceptionTranslator.java:61)
	at org.springframework.dao.support.DataAccessUtils.translateIfNecessary(DataAccessUtils.java:343)
	at org.springframework.dao.support.PersistenceExceptionTranslationInterceptor.invoke(PersistenceExceptionTranslationInterceptor.java:160)
	at org.springframework.aop.framework.ReflectiveMethodInvocation.proceed(ReflectiveMethodInvocation.java:184)
	at org.springframework.data.jpa.repository.support.CrudMethodMetadataPostProcessor$CrudMethodMetadataPopulatingMethodInterceptor.invoke(CrudMethodMetadataPostProcessor.java:136)
	at org.springframework.aop.framework.ReflectiveMethodInvocation.proceed(ReflectiveMethodInvocation.java:184)
	at org.springframework.aop.framework.JdkDynamicAopProxy.invoke(JdkDynamicAopProxy.java:223)
	at jdk.proxy2/jdk.proxy2.$Proxy168.findActivos(Unknown Source)
	at com.erp.sri_files.batch.BatchJobScheduler.ejecutarSiNoHayActivo(BatchJobScheduler.java:42)
	at com.erp.sri_files.batch.BatchJobScheduler.consultarAutorizacionesPendientes(BatchJobScheduler.java:28)
	at java.base/jdk.internal.reflect.DirectMethodHandleAccessor.invoke(DirectMethodHandleAccessor.java:103)
	at java.base/java.lang.reflect.Method.invoke(Method.java:580)
	at org.springframework.scheduling.support.ScheduledMethodRunnable.runInternal(ScheduledMethodRunnable.java:130)
	at org.springframework.scheduling.support.ScheduledMethodRunnable.lambda$run$2(ScheduledMethodRunnable.java:124)
	at io.micrometer.observation.Observation.observe(Observation.java:498)
	at org.springframework.scheduling.support.ScheduledMethodRunnable.run(ScheduledMethodRunnable.java:124)
	at org.springframework.scheduling.config.Task$OutcomeTrackingRunnable.run(Task.java:85)
	at org.springframework.scheduling.support.DelegatingErrorHandlingRunnable.run(DelegatingErrorHandlingRunnable.java:54)
	at org.springframework.scheduling.concurrent.ReschedulingRunnable.run(ReschedulingRunnable.java:96)
	at java.base/java.util.concurrent.Executors$RunnableAdapter.call(Executors.java:572)
	at java.base/java.util.concurrent.FutureTask.run(FutureTask.java:317)
	at java.base/java.util.concurrent.ScheduledThreadPoolExecutor$ScheduledFutureTask.run(ScheduledThreadPoolExecutor.java:304)
	at java.base/java.util.concurrent.ThreadPoolExecutor.runWorker(ThreadPoolExecutor.java:1144)
	at java.base/java.util.concurrent.ThreadPoolExecutor$Worker.run(ThreadPoolExecutor.java:642)
	at java.base/java.lang.Thread.run(Thread.java:1583)
Caused by: org.hibernate.exception.SQLGrammarException: JDBC exception executing SQL [select bj1_0.id,bj1_0.created_at,bj1_0.estado,bj1_0.exitosos,bj1_0.fallidos,bj1_0.fecha_fin,bj1_0.fecha_inicio,bj1_0.mensaje,bj1_0.procesados,bj1_0.tipo_proceso,bj1_0.total_documentos,bj1_0.triggered_by,bj1_0.uuid from batch_jobs bj1_0 where bj1_0.estado in ('PENDIENTE','EN_PROCESO') order by bj1_0.fecha_inicio] [ERROR: no existe la relación «batch_jobs»
  Position: 220] [n/a]
	at org.hibernate.exception.internal.SQLStateConversionDelegate.convert(SQLStateConversionDelegate.java:91)
	at org.hibernate.exception.internal.StandardSQLExceptionConverter.convert(StandardSQLExceptionConverter.java:58)
	at org.hibernate.engine.jdbc.spi.SqlExceptionHelper.convert(SqlExceptionHelper.java:108)
	at org.hibernate.engine.jdbc.spi.SqlExceptionHelper.convert(SqlExceptionHelper.java:94)
	at org.hibernate.sql.results.jdbc.internal.DeferredResultSetAccess.executeQuery(DeferredResultSetAccess.java:268)
	at org.hibernate.sql.results.jdbc.internal.DeferredResultSetAccess.getResultSet(DeferredResultSetAccess.java:171)
	at org.hibernate.sql.results.jdbc.internal.JdbcValuesResultSetImpl.<init>(JdbcValuesResultSetImpl.java:74)
	at org.hibernate.sql.exec.internal.JdbcSelectExecutorStandardImpl.resolveJdbcValuesSource(JdbcSelectExecutorStandardImpl.java:355)
	at org.hibernate.sql.exec.internal.JdbcSelectExecutorStandardImpl.doExecuteQuery(JdbcSelectExecutorStandardImpl.java:137)
	at org.hibernate.sql.exec.internal.JdbcSelectExecutorStandardImpl.executeQuery(JdbcSelectExecutorStandardImpl.java:102)
	at org.hibernate.sql.exec.spi.JdbcSelectExecutor.executeQuery(JdbcSelectExecutor.java:91)
	at org.hibernate.sql.exec.spi.JdbcSelectExecutor.list(JdbcSelectExecutor.java:165)
	at org.hibernate.query.sqm.internal.ConcreteSqmSelectQueryPlan.lambda$new$1(ConcreteSqmSelectQueryPlan.java:152)
	at org.hibernate.query.sqm.internal.ConcreteSqmSelectQueryPlan.withCacheableSqmInterpretation(ConcreteSqmSelectQueryPlan.java:442)
	at org.hibernate.query.sqm.internal.ConcreteSqmSelectQueryPlan.performList(ConcreteSqmSelectQueryPlan.java:362)
	at org.hibernate.query.sqm.internal.QuerySqmImpl.doList(QuerySqmImpl.java:380)
	at org.hibernate.query.spi.AbstractSelectionQuery.list(AbstractSelectionQuery.java:143)
	at org.hibernate.query.Query.getResultList(Query.java:120)
	at java.base/jdk.internal.reflect.DirectMethodHandleAccessor.invoke(DirectMethodHandleAccessor.java:103)
	at java.base/java.lang.reflect.Method.invoke(Method.java:580)
	at org.springframework.orm.jpa.SharedEntityManagerCreator$DeferredQueryInvocationHandler.invoke(SharedEntityManagerCreator.java:419)
	at jdk.proxy2/jdk.proxy2.$Proxy194.getResultList(Unknown Source)
	at org.springframework.data.jpa.repository.query.JpaQueryExecution$CollectionExecution.doExecute(JpaQueryExecution.java:130)
	at org.springframework.data.jpa.repository.query.JpaQueryExecution.execute(JpaQueryExecution.java:93)
	at org.springframework.data.jpa.repository.query.AbstractJpaQuery.doExecute(AbstractJpaQuery.java:152)
	at org.springframework.data.jpa.repository.query.AbstractJpaQuery.execute(AbstractJpaQuery.java:140)
	at org.springframework.data.repository.core.support.RepositoryMethodInvoker.doInvoke(RepositoryMethodInvoker.java:170)
	at org.springframework.data.repository.core.support.RepositoryMethodInvoker.invoke(RepositoryMethodInvoker.java:158)
	at org.springframework.data.repository.core.support.QueryExecutorMethodInterceptor.doInvoke(QueryExecutorMethodInterceptor.java:170)
	at org.springframework.data.repository.core.support.QueryExecutorMethodInterceptor.invoke(QueryExecutorMethodInterceptor.java:149)
	at org.springframework.aop.framework.ReflectiveMethodInvocation.proceed(ReflectiveMethodInvocation.java:184)
	at org.springframework.data.projection.DefaultMethodInvokingMethodInterceptor.invoke(DefaultMethodInvokingMethodInterceptor.java:69)
	at org.springframework.aop.framework.ReflectiveMethodInvocation.proceed(ReflectiveMethodInvocation.java:184)
	at org.springframework.transaction.interceptor.TransactionAspectSupport.invokeWithinTransaction(TransactionAspectSupport.java:380)
	at org.springframework.transaction.interceptor.TransactionInterceptor.invoke(TransactionInterceptor.java:119)
	at org.springframework.aop.framework.ReflectiveMethodInvocation.proceed(ReflectiveMethodInvocation.java:184)
	at org.springframework.dao.support.PersistenceExceptionTranslationInterceptor.invoke(PersistenceExceptionTranslationInterceptor.java:138)
	... 22 common frames omitted
Caused by: org.postgresql.util.PSQLException: ERROR: no existe la relación «batch_jobs»
  Position: 220
	at org.postgresql.core.v3.QueryExecutorImpl.receiveErrorResponse(QueryExecutorImpl.java:2733)
	at org.postgresql.core.v3.QueryExecutorImpl.processResults(QueryExecutorImpl.java:2420)
	at org.postgresql.core.v3.QueryExecutorImpl.execute(QueryExecutorImpl.java:372)
	at org.postgresql.jdbc.PgStatement.executeInternal(PgStatement.java:517)
	at org.postgresql.jdbc.PgStatement.execute(PgStatement.java:434)
	at org.postgresql.jdbc.PgPreparedStatement.executeWithFlags(PgPreparedStatement.java:194)
	at org.postgresql.jdbc.PgPreparedStatement.executeQuery(PgPreparedStatement.java:137)
	at com.zaxxer.hikari.pool.ProxyPreparedStatement.executeQuery(ProxyPreparedStatement.java:52)
	at com.zaxxer.hikari.pool.HikariProxyPreparedStatement.executeQuery(HikariProxyPreparedStatement.java)
	at org.hibernate.sql.results.jdbc.internal.DeferredResultSetAccess.executeQuery(DeferredResultSetAccess.java:250)
	... 54 common frames omitted
2026-08-24 15:45:00.009 [sri-files-scheduler-1] [] ERROR o.s.s.s.TaskUtils$LoggingErrorHandler - Unexpected error occurred in scheduled task
org.springframework.dao.InvalidDataAccessResourceUsageException: JDBC exception executing SQL [select bj1_0.id,bj1_0.created_at,bj1_0.estado,bj1_0.exitosos,bj1_0.fallidos,bj1_0.fecha_fin,bj1_0.fecha_inicio,bj1_0.mensaje,bj1_0.procesados,bj1_0.tipo_proceso,bj1_0.total_documentos,bj1_0.triggered_by,bj1_0.uuid from batch_jobs bj1_0 where bj1_0.estado in ('PENDIENTE','EN_PROCESO') order by bj1_0.fecha_inicio] [ERROR: no existe la relación «batch_jobs»
  Position: 220] [n/a]; SQL [n/a]
	at org.springframework.orm.jpa.vendor.HibernateJpaDialect.convertHibernateAccessException(HibernateJpaDialect.java:277)
	at org.springframework.orm.jpa.vendor.HibernateJpaDialect.translateExceptionIfPossible(HibernateJpaDialect.java:241)
	at org.springframework.orm.jpa.AbstractEntityManagerFactoryBean.translateExceptionIfPossible(AbstractEntityManagerFactoryBean.java:560)
	at org.springframework.dao.support.ChainedPersistenceExceptionTranslator.translateExceptionIfPossible(ChainedPersistenceExceptionTranslator.java:61)
	at org.springframework.dao.support.DataAccessUtils.translateIfNecessary(DataAccessUtils.java:343)
	at org.springframework.dao.support.PersistenceExceptionTranslationInterceptor.invoke(PersistenceExceptionTranslationInterceptor.java:160)
	at org.springframework.aop.framework.ReflectiveMethodInvocation.proceed(ReflectiveMethodInvocation.java:184)
	at org.springframework.data.jpa.repository.support.CrudMethodMetadataPostProcessor$CrudMethodMetadataPopulatingMethodInterceptor.invoke(CrudMethodMetadataPostProcessor.java:136)
	at org.springframework.aop.framework.ReflectiveMethodInvocation.proceed(ReflectiveMethodInvocation.java:184)
	at org.springframework.aop.framework.JdkDynamicAopProxy.invoke(JdkDynamicAopProxy.java:223)
	at jdk.proxy2/jdk.proxy2.$Proxy168.findActivos(Unknown Source)
	at com.erp.sri_files.batch.BatchJobScheduler.ejecutarSiNoHayActivo(BatchJobScheduler.java:42)
	at com.erp.sri_files.batch.BatchJobScheduler.reintentarFallidos(BatchJobScheduler.java:33)
	at java.base/jdk.internal.reflect.DirectMethodHandleAccessor.invoke(DirectMethodHandleAccessor.java:103)
	at java.base/java.lang.reflect.Method.invoke(Method.java:580)
	at org.springframework.scheduling.support.ScheduledMethodRunnable.runInternal(ScheduledMethodRunnable.java:130)
	at org.springframework.scheduling.support.ScheduledMethodRunnable.lambda$run$2(ScheduledMethodRunnable.java:124)
	at io.micrometer.observation.Observation.observe(Observation.java:498)
	at org.springframework.scheduling.support.ScheduledMethodRunnable.run(ScheduledMethodRunnable.java:124)
	at org.springframework.scheduling.config.Task$OutcomeTrackingRunnable.run(Task.java:85)
	at org.springframework.scheduling.support.DelegatingErrorHandlingRunnable.run(DelegatingErrorHandlingRunnable.java:54)
	at org.springframework.scheduling.concurrent.ReschedulingRunnable.run(ReschedulingRunnable.java:96)
	at java.base/java.util.concurrent.Executors$RunnableAdapter.call(Executors.java:572)
	at java.base/java.util.concurrent.FutureTask.run(FutureTask.java:317)
	at java.base/java.util.concurrent.ScheduledThreadPoolExecutor$ScheduledFutureTask.run(ScheduledThreadPoolExecutor.java:304)
	at java.base/java.util.concurrent.ThreadPoolExecutor.runWorker(ThreadPoolExecutor.java:1144)
	at java.base/java.util.concurrent.ThreadPoolExecutor$Worker.run(ThreadPoolExecutor.java:642)
	at java.base/java.lang.Thread.run(Thread.java:1583)
Caused by: org.hibernate.exception.SQLGrammarException: JDBC exception executing SQL [select bj1_0.id,bj1_0.created_at,bj1_0.estado,bj1_0.exitosos,bj1_0.fallidos,bj1_0.fecha_fin,bj1_0.fecha_inicio,bj1_0.mensaje,bj1_0.procesados,bj1_0.tipo_proceso,bj1_0.total_documentos,bj1_0.triggered_by,bj1_0.uuid from batch_jobs bj1_0 where bj1_0.estado in ('PENDIENTE','EN_PROCESO') order by bj1_0.fecha_inicio] [ERROR: no existe la relación «batch_jobs»
  Position: 220] [n/a]
	at org.hibernate.exception.internal.SQLStateConversionDelegate.convert(SQLStateConversionDelegate.java:91)
	at org.hibernate.exception.internal.StandardSQLExceptionConverter.convert(StandardSQLExceptionConverter.java:58)
	at org.hibernate.engine.jdbc.spi.SqlExceptionHelper.convert(SqlExceptionHelper.java:108)
	at org.hibernate.engine.jdbc.spi.SqlExceptionHelper.convert(SqlExceptionHelper.java:94)
	at org.hibernate.sql.results.jdbc.internal.DeferredResultSetAccess.executeQuery(DeferredResultSetAccess.java:268)
	at org.hibernate.sql.results.jdbc.internal.DeferredResultSetAccess.getResultSet(DeferredResultSetAccess.java:171)
	at org.hibernate.sql.results.jdbc.internal.JdbcValuesResultSetImpl.<init>(JdbcValuesResultSetImpl.java:74)
	at org.hibernate.sql.exec.internal.JdbcSelectExecutorStandardImpl.resolveJdbcValuesSource(JdbcSelectExecutorStandardImpl.java:355)
	at org.hibernate.sql.exec.internal.JdbcSelectExecutorStandardImpl.doExecuteQuery(JdbcSelectExecutorStandardImpl.java:137)
	at org.hibernate.sql.exec.internal.JdbcSelectExecutorStandardImpl.executeQuery(JdbcSelectExecutorStandardImpl.java:102)
	at org.hibernate.sql.exec.spi.JdbcSelectExecutor.executeQuery(JdbcSelectExecutor.java:91)
	at org.hibernate.sql.exec.spi.JdbcSelectExecutor.list(JdbcSelectExecutor.java:165)
	at org.hibernate.query.sqm.internal.ConcreteSqmSelectQueryPlan.lambda$new$1(ConcreteSqmSelectQueryPlan.java:152)
	at org.hibernate.query.sqm.internal.ConcreteSqmSelectQueryPlan.withCacheableSqmInterpretation(ConcreteSqmSelectQueryPlan.java:442)
	at org.hibernate.query.sqm.internal.ConcreteSqmSelectQueryPlan.performList(ConcreteSqmSelectQueryPlan.java:362)
	at org.hibernate.query.sqm.internal.QuerySqmImpl.doList(QuerySqmImpl.java:380)
	at org.hibernate.query.spi.AbstractSelectionQuery.list(AbstractSelectionQuery.java:143)
	at org.hibernate.query.Query.getResultList(Query.java:120)
	at java.base/jdk.internal.reflect.DirectMethodHandleAccessor.invoke(DirectMethodHandleAccessor.java:103)
	at java.base/java.lang.reflect.Method.invoke(Method.java:580)
	at org.springframework.orm.jpa.SharedEntityManagerCreator$DeferredQueryInvocationHandler.invoke(SharedEntityManagerCreator.java:419)
	at jdk.proxy2/jdk.proxy2.$Proxy194.getResultList(Unknown Source)
	at org.springframework.data.jpa.repository.query.JpaQueryExecution$CollectionExecution.doExecute(JpaQueryExecution.java:130)
	at org.springframework.data.jpa.repository.query.JpaQueryExecution.execute(JpaQueryExecution.java:93)
	at org.springframework.data.jpa.repository.query.AbstractJpaQuery.doExecute(AbstractJpaQuery.java:152)
	at org.springframework.data.jpa.repository.query.AbstractJpaQuery.execute(AbstractJpaQuery.java:140)
	at org.springframework.data.repository.core.support.RepositoryMethodInvoker.doInvoke(RepositoryMethodInvoker.java:170)
	at org.springframework.data.repository.core.support.RepositoryMethodInvoker.invoke(RepositoryMethodInvoker.java:158)
	at org.springframework.data.repository.core.support.QueryExecutorMethodInterceptor.doInvoke(QueryExecutorMethodInterceptor.java:170)
	at org.springframework.data.repository.core.support.QueryExecutorMethodInterceptor.invoke(QueryExecutorMethodInterceptor.java:149)
	at org.springframework.aop.framework.ReflectiveMethodInvocation.proceed(ReflectiveMethodInvocation.java:184)
	at org.springframework.data.projection.DefaultMethodInvokingMethodInterceptor.invoke(DefaultMethodInvokingMethodInterceptor.java:69)
	at org.springframework.aop.framework.ReflectiveMethodInvocation.proceed(ReflectiveMethodInvocation.java:184)
	at org.springframework.transaction.interceptor.TransactionAspectSupport.invokeWithinTransaction(TransactionAspectSupport.java:380)
	at org.springframework.transaction.interceptor.TransactionInterceptor.invoke(TransactionInterceptor.java:119)
	at org.springframework.aop.framework.ReflectiveMethodInvocation.proceed(ReflectiveMethodInvocation.java:184)
	at org.springframework.dao.support.PersistenceExceptionTranslationInterceptor.invoke(PersistenceExceptionTranslationInterceptor.java:138)
	... 22 common frames omitted
Caused by: org.postgresql.util.PSQLException: ERROR: no existe la relación «batch_jobs»
  Position: 220
	at org.postgresql.core.v3.QueryExecutorImpl.receiveErrorResponse(QueryExecutorImpl.java:2733)
	at org.postgresql.core.v3.QueryExecutorImpl.processResults(QueryExecutorImpl.java:2420)
	at org.postgresql.core.v3.QueryExecutorImpl.execute(QueryExecutorImpl.java:372)
	at org.postgresql.jdbc.PgStatement.executeInternal(PgStatement.java:517)
	at org.postgresql.jdbc.PgStatement.execute(PgStatement.java:434)
	at org.postgresql.jdbc.PgPreparedStatement.executeWithFlags(PgPreparedStatement.java:194)
	at org.postgresql.jdbc.PgPreparedStatement.executeQuery(PgPreparedStatement.java:137)
	at com.zaxxer.hikari.pool.ProxyPreparedStatement.executeQuery(ProxyPreparedStatement.java:52)
	at com.zaxxer.hikari.pool.HikariProxyPreparedStatement.executeQuery(HikariProxyPreparedStatement.java)
	at org.hibernate.sql.results.jdbc.internal.DeferredResultSetAccess.executeQuery(DeferredResultSetAccess.java:250)
	... 54 common frames omitted
2026-08-24 15:45:00.010 [sri-files-scheduler-3] [] INFO  c.e.s.services.EnvioSriBatchService - [SCHEDULER][sri-files-scheduler-3] INICIO automatizacionEnvioFacturasElectonicas @ 2026-08-24T15:45:00.010713500
2026-08-24 15:45:00.010 [sri-files-scheduler-3] [] INFO  c.e.s.services.EnvioSriBatchService - Ejecutando envio de facturas at=2026-08-24T15:45:00.010713500
2026-08-24 15:45:00.011 [sri-files-scheduler-4] [] WARN  o.h.e.jdbc.spi.SqlExceptionHelper - SQL Error: 0, SQLState: 42P01
2026-08-24 15:45:00.011 [sri-files-scheduler-4] [] ERROR o.h.e.jdbc.spi.SqlExceptionHelper - ERROR: no existe la relación «documento_electronico»
  Position: 1107
2026-08-24 15:45:00.011 [sri-files-scheduler-4] [] ERROR c.e.s.s.NuevoDocumentoScheduler - Error limpiando locks expirados
org.springframework.dao.InvalidDataAccessResourceUsageException: JDBC exception executing SQL [select de1_0.id,de1_0.ambiente,de1_0.clave_acceso,de1_0.created_at,de1_0.created_by,de1_0.documento_origen_id,de1_0.documento_sustituto_id,de1_0.email_receptor,de1_0.establecimiento,de1_0.estado,de1_0.external_id,de1_0.fecha_anulacion,de1_0.fecha_autorizacion_sri,de1_0.fecha_emision,de1_0.fecha_envio_correo,de1_0.fecha_envio_sri,de1_0.fecha_firma,de1_0.fecha_generacion_ride,de1_0.fecha_generacion_xml,de1_0.fecha_recepcion_json,de1_0.fecha_transaccion_origen,de1_0.fecha_ultima_actualizacion,de1_0.id_origen,de1_0.identificacion_receptor,de1_0.importe_total,de1_0.intentos_autorizacion,de1_0.intentos_correo,de1_0.intentos_envio,de1_0.json_original,de1_0.locked_at,de1_0.locked_by,de1_0.mail_enviado,de1_0.mensaje_sri,de1_0.motivo_correccion,de1_0.numero_autorizacion,de1_0.numero_documento,de1_0.origen_sistema,de1_0.processing_lock,de1_0.punto_emision,de1_0.razon_social_receptor,de1_0.ruc_emisor,de1_0.secuencial,de1_0.subestado,de1_0.subtotal,de1_0.tipo_documento,de1_0.total_descuento,de1_0.total_impuestos,de1_0.updated_at,de1_0.uuid,de1_0.xml_autorizado,de1_0.xml_firmado,de1_0.xml_generado from documento_electronico de1_0 where de1_0.processing_lock=true and de1_0.locked_at<?] [ERROR: no existe la relación «documento_electronico»
  Position: 1107] [n/a]; SQL [n/a]
	at org.springframework.orm.jpa.vendor.HibernateJpaDialect.convertHibernateAccessException(HibernateJpaDialect.java:277)
	at org.springframework.orm.jpa.vendor.HibernateJpaDialect.translateExceptionIfPossible(HibernateJpaDialect.java:241)
	at org.springframework.orm.jpa.AbstractEntityManagerFactoryBean.translateExceptionIfPossible(AbstractEntityManagerFactoryBean.java:560)
	at org.springframework.dao.support.ChainedPersistenceExceptionTranslator.translateExceptionIfPossible(ChainedPersistenceExceptionTranslator.java:61)
	at org.springframework.dao.support.DataAccessUtils.translateIfNecessary(DataAccessUtils.java:343)
	at org.springframework.dao.support.PersistenceExceptionTranslationInterceptor.invoke(PersistenceExceptionTranslationInterceptor.java:160)
	at org.springframework.aop.framework.ReflectiveMethodInvocation.proceed(ReflectiveMethodInvocation.java:184)
	at org.springframework.data.jpa.repository.support.CrudMethodMetadataPostProcessor$CrudMethodMetadataPopulatingMethodInterceptor.invoke(CrudMethodMetadataPostProcessor.java:136)
	at org.springframework.aop.framework.ReflectiveMethodInvocation.proceed(ReflectiveMethodInvocation.java:184)
	at org.springframework.aop.framework.JdkDynamicAopProxy.invoke(JdkDynamicAopProxy.java:223)
	at jdk.proxy2/jdk.proxy2.$Proxy170.findLocksExpirados(Unknown Source)
	at com.erp.sri_files.scheduler.NuevoDocumentoScheduler.limpiarLocksExpirados(NuevoDocumentoScheduler.java:154)
	at java.base/jdk.internal.reflect.DirectMethodHandleAccessor.invoke(DirectMethodHandleAccessor.java:103)
	at java.base/java.lang.reflect.Method.invoke(Method.java:580)
	at org.springframework.scheduling.support.ScheduledMethodRunnable.runInternal(ScheduledMethodRunnable.java:130)
	at org.springframework.scheduling.support.ScheduledMethodRunnable.lambda$run$2(ScheduledMethodRunnable.java:124)
	at io.micrometer.observation.Observation.observe(Observation.java:498)
	at org.springframework.scheduling.support.ScheduledMethodRunnable.run(ScheduledMethodRunnable.java:124)
	at org.springframework.scheduling.config.Task$OutcomeTrackingRunnable.run(Task.java:85)
	at org.springframework.scheduling.support.DelegatingErrorHandlingRunnable.run(DelegatingErrorHandlingRunnable.java:54)
	at org.springframework.scheduling.concurrent.ReschedulingRunnable.run(ReschedulingRunnable.java:96)
	at java.base/java.util.concurrent.Executors$RunnableAdapter.call(Executors.java:572)
	at java.base/java.util.concurrent.FutureTask.run(FutureTask.java:317)
	at java.base/java.util.concurrent.ScheduledThreadPoolExecutor$ScheduledFutureTask.run(ScheduledThreadPoolExecutor.java:304)
	at java.base/java.util.concurrent.ThreadPoolExecutor.runWorker(ThreadPoolExecutor.java:1144)
	at java.base/java.util.concurrent.ThreadPoolExecutor$Worker.run(ThreadPoolExecutor.java:642)
	at java.base/java.lang.Thread.run(Thread.java:1583)
Caused by: org.hibernate.exception.SQLGrammarException: JDBC exception executing SQL [select de1_0.id,de1_0.ambiente,de1_0.clave_acceso,de1_0.created_at,de1_0.created_by,de1_0.documento_origen_id,de1_0.documento_sustituto_id,de1_0.email_receptor,de1_0.establecimiento,de1_0.estado,de1_0.external_id,de1_0.fecha_anulacion,de1_0.fecha_autorizacion_sri,de1_0.fecha_emision,de1_0.fecha_envio_correo,de1_0.fecha_envio_sri,de1_0.fecha_firma,de1_0.fecha_generacion_ride,de1_0.fecha_generacion_xml,de1_0.fecha_recepcion_json,de1_0.fecha_transaccion_origen,de1_0.fecha_ultima_actualizacion,de1_0.id_origen,de1_0.identificacion_receptor,de1_0.importe_total,de1_0.intentos_autorizacion,de1_0.intentos_correo,de1_0.intentos_envio,de1_0.json_original,de1_0.locked_at,de1_0.locked_by,de1_0.mail_enviado,de1_0.mensaje_sri,de1_0.motivo_correccion,de1_0.numero_autorizacion,de1_0.numero_documento,de1_0.origen_sistema,de1_0.processing_lock,de1_0.punto_emision,de1_0.razon_social_receptor,de1_0.ruc_emisor,de1_0.secuencial,de1_0.subestado,de1_0.subtotal,de1_0.tipo_documento,de1_0.total_descuento,de1_0.total_impuestos,de1_0.updated_at,de1_0.uuid,de1_0.xml_autorizado,de1_0.xml_firmado,de1_0.xml_generado from documento_electronico de1_0 where de1_0.processing_lock=true and de1_0.locked_at<?] [ERROR: no existe la relación «documento_electronico»
  Position: 1107] [n/a]
	at org.hibernate.exception.internal.SQLStateConversionDelegate.convert(SQLStateConversionDelegate.java:91)
	at org.hibernate.exception.internal.StandardSQLExceptionConverter.convert(StandardSQLExceptionConverter.java:58)
	at org.hibernate.engine.jdbc.spi.SqlExceptionHelper.convert(SqlExceptionHelper.java:108)
	at org.hibernate.engine.jdbc.spi.SqlExceptionHelper.convert(SqlExceptionHelper.java:94)
	at org.hibernate.sql.results.jdbc.internal.DeferredResultSetAccess.executeQuery(DeferredResultSetAccess.java:268)
	at org.hibernate.sql.results.jdbc.internal.DeferredResultSetAccess.getResultSet(DeferredResultSetAccess.java:171)
	at org.hibernate.sql.results.jdbc.internal.JdbcValuesResultSetImpl.<init>(JdbcValuesResultSetImpl.java:74)
	at org.hibernate.sql.exec.internal.JdbcSelectExecutorStandardImpl.resolveJdbcValuesSource(JdbcSelectExecutorStandardImpl.java:355)
	at org.hibernate.sql.exec.internal.JdbcSelectExecutorStandardImpl.doExecuteQuery(JdbcSelectExecutorStandardImpl.java:137)
	at org.hibernate.sql.exec.internal.JdbcSelectExecutorStandardImpl.executeQuery(JdbcSelectExecutorStandardImpl.java:102)
	at org.hibernate.sql.exec.spi.JdbcSelectExecutor.executeQuery(JdbcSelectExecutor.java:91)
	at org.hibernate.sql.exec.spi.JdbcSelectExecutor.list(JdbcSelectExecutor.java:165)
	at org.hibernate.query.sqm.internal.ConcreteSqmSelectQueryPlan.lambda$new$1(ConcreteSqmSelectQueryPlan.java:152)
	at org.hibernate.query.sqm.internal.ConcreteSqmSelectQueryPlan.withCacheableSqmInterpretation(ConcreteSqmSelectQueryPlan.java:442)
	at org.hibernate.query.sqm.internal.ConcreteSqmSelectQueryPlan.performList(ConcreteSqmSelectQueryPlan.java:362)
	at org.hibernate.query.sqm.internal.QuerySqmImpl.doList(QuerySqmImpl.java:380)
	at org.hibernate.query.spi.AbstractSelectionQuery.list(AbstractSelectionQuery.java:143)
	at org.hibernate.query.Query.getResultList(Query.java:120)
	at java.base/jdk.internal.reflect.DirectMethodHandleAccessor.invoke(DirectMethodHandleAccessor.java:103)
	at java.base/java.lang.reflect.Method.invoke(Method.java:580)
	at org.springframework.orm.jpa.SharedEntityManagerCreator$DeferredQueryInvocationHandler.invoke(SharedEntityManagerCreator.java:419)
	at jdk.proxy2/jdk.proxy2.$Proxy194.getResultList(Unknown Source)
	at org.springframework.data.jpa.repository.query.JpaQueryExecution$CollectionExecution.doExecute(JpaQueryExecution.java:130)
	at org.springframework.data.jpa.repository.query.JpaQueryExecution.execute(JpaQueryExecution.java:93)
	at org.springframework.data.jpa.repository.query.AbstractJpaQuery.doExecute(AbstractJpaQuery.java:152)
	at org.springframework.data.jpa.repository.query.AbstractJpaQuery.execute(AbstractJpaQuery.java:140)
	at org.springframework.data.repository.core.support.RepositoryMethodInvoker.doInvoke(RepositoryMethodInvoker.java:170)
	at org.springframework.data.repository.core.support.RepositoryMethodInvoker.invoke(RepositoryMethodInvoker.java:158)
	at org.springframework.data.repository.core.support.QueryExecutorMethodInterceptor.doInvoke(QueryExecutorMethodInterceptor.java:170)
	at org.springframework.data.repository.core.support.QueryExecutorMethodInterceptor.invoke(QueryExecutorMethodInterceptor.java:149)
	at org.springframework.aop.framework.ReflectiveMethodInvocation.proceed(ReflectiveMethodInvocation.java:184)
	at org.springframework.data.projection.DefaultMethodInvokingMethodInterceptor.invoke(DefaultMethodInvokingMethodInterceptor.java:69)
	at org.springframework.aop.framework.ReflectiveMethodInvocation.proceed(ReflectiveMethodInvocation.java:184)
	at org.springframework.transaction.interceptor.TransactionAspectSupport.invokeWithinTransaction(TransactionAspectSupport.java:380)
	at org.springframework.transaction.interceptor.TransactionInterceptor.invoke(TransactionInterceptor.java:119)
	at org.springframework.aop.framework.ReflectiveMethodInvocation.proceed(ReflectiveMethodInvocation.java:184)
	at org.springframework.dao.support.PersistenceExceptionTranslationInterceptor.invoke(PersistenceExceptionTranslationInterceptor.java:138)
	... 21 common frames omitted
Caused by: org.postgresql.util.PSQLException: ERROR: no existe la relación «documento_electronico»
  Position: 1107
	at org.postgresql.core.v3.QueryExecutorImpl.receiveErrorResponse(QueryExecutorImpl.java:2733)
	at org.postgresql.core.v3.QueryExecutorImpl.processResults(QueryExecutorImpl.java:2420)
	at org.postgresql.core.v3.QueryExecutorImpl.execute(QueryExecutorImpl.java:372)
	at org.postgresql.jdbc.PgStatement.executeInternal(PgStatement.java:517)
	at org.postgresql.jdbc.PgStatement.execute(PgStatement.java:434)
	at org.postgresql.jdbc.PgPreparedStatement.executeWithFlags(PgPreparedStatement.java:194)
	at org.postgresql.jdbc.PgPreparedStatement.executeQuery(PgPreparedStatement.java:137)
	at com.zaxxer.hikari.pool.ProxyPreparedStatement.executeQuery(ProxyPreparedStatement.java:52)
	at com.zaxxer.hikari.pool.HikariProxyPreparedStatement.executeQuery(HikariProxyPreparedStatement.java)
	at org.hibernate.sql.results.jdbc.internal.DeferredResultSetAccess.executeQuery(DeferredResultSetAccess.java:250)
	... 53 common frames omitted
2026-08-24 15:45:01.204 [sri-files-scheduler-3] [] INFO  c.e.s.services.EnvioSriBatchService - No hay facturas pendientes estado=I
2026-08-24 15:45:01.204 [sri-files-scheduler-3] [] INFO  c.e.s.services.EnvioSriBatchService - [SCHEDULER][sri-files-scheduler-3] FIN automatizacionEnvioFacturasElectonicas | detectados=0 | exitosas=0 | fallidas=0 | duracionMs=1194
2026-08-24 15:45:30.013 [sri-files-scheduler-1] [] INFO  c.e.s.s.NuevoDocumentoScheduler - [SCHEDULER][V1] INICIO recuperación autorizaciones @ 2026-08-24T15:45:30.013987100
2026-08-24 15:45:30.015 [sri-files-scheduler-1] [] WARN  o.h.e.jdbc.spi.SqlExceptionHelper - SQL Error: 0, SQLState: 42P01
2026-08-24 15:45:30.015 [sri-files-scheduler-1] [] ERROR o.h.e.jdbc.spi.SqlExceptionHelper - ERROR: no existe la relación «documento_electronico»
  Position: 1107
2026-08-24 15:45:30.015 [sri-files-scheduler-1] [] ERROR c.e.s.s.NuevoDocumentoScheduler - [SCHEDULER][V1] Error en recuperación de autorizaciones
org.springframework.dao.InvalidDataAccessResourceUsageException: JDBC exception executing SQL [select de1_0.id,de1_0.ambiente,de1_0.clave_acceso,de1_0.created_at,de1_0.created_by,de1_0.documento_origen_id,de1_0.documento_sustituto_id,de1_0.email_receptor,de1_0.establecimiento,de1_0.estado,de1_0.external_id,de1_0.fecha_anulacion,de1_0.fecha_autorizacion_sri,de1_0.fecha_emision,de1_0.fecha_envio_correo,de1_0.fecha_envio_sri,de1_0.fecha_firma,de1_0.fecha_generacion_ride,de1_0.fecha_generacion_xml,de1_0.fecha_recepcion_json,de1_0.fecha_transaccion_origen,de1_0.fecha_ultima_actualizacion,de1_0.id_origen,de1_0.identificacion_receptor,de1_0.importe_total,de1_0.intentos_autorizacion,de1_0.intentos_correo,de1_0.intentos_envio,de1_0.json_original,de1_0.locked_at,de1_0.locked_by,de1_0.mail_enviado,de1_0.mensaje_sri,de1_0.motivo_correccion,de1_0.numero_autorizacion,de1_0.numero_documento,de1_0.origen_sistema,de1_0.processing_lock,de1_0.punto_emision,de1_0.razon_social_receptor,de1_0.ruc_emisor,de1_0.secuencial,de1_0.subestado,de1_0.subtotal,de1_0.tipo_documento,de1_0.total_descuento,de1_0.total_impuestos,de1_0.updated_at,de1_0.uuid,de1_0.xml_autorizado,de1_0.xml_firmado,de1_0.xml_generado from documento_electronico de1_0 where de1_0.estado in ('PENDIENTE_AUTORIZACION','ENVIANDO_SRI') and (de1_0.intentos_autorizacion<5 or de1_0.intentos_autorizacion is null) order by de1_0.id fetch first ? rows only] [ERROR: no existe la relación «documento_electronico»
  Position: 1107] [n/a]; SQL [n/a]
	at org.springframework.orm.jpa.vendor.HibernateJpaDialect.convertHibernateAccessException(HibernateJpaDialect.java:277)
	at org.springframework.orm.jpa.vendor.HibernateJpaDialect.translateExceptionIfPossible(HibernateJpaDialect.java:241)
	at org.springframework.orm.jpa.AbstractEntityManagerFactoryBean.translateExceptionIfPossible(AbstractEntityManagerFactoryBean.java:560)
	at org.springframework.dao.support.ChainedPersistenceExceptionTranslator.translateExceptionIfPossible(ChainedPersistenceExceptionTranslator.java:61)
	at org.springframework.dao.support.DataAccessUtils.translateIfNecessary(DataAccessUtils.java:343)
	at org.springframework.dao.support.PersistenceExceptionTranslationInterceptor.invoke(PersistenceExceptionTranslationInterceptor.java:160)
	at org.springframework.aop.framework.ReflectiveMethodInvocation.proceed(ReflectiveMethodInvocation.java:184)
	at org.springframework.data.jpa.repository.support.CrudMethodMetadataPostProcessor$CrudMethodMetadataPopulatingMethodInterceptor.invoke(CrudMethodMetadataPostProcessor.java:136)
	at org.springframework.aop.framework.ReflectiveMethodInvocation.proceed(ReflectiveMethodInvocation.java:184)
	at org.springframework.aop.framework.JdkDynamicAopProxy.invoke(JdkDynamicAopProxy.java:223)
	at jdk.proxy2/jdk.proxy2.$Proxy170.findPendientesAutorizacion(Unknown Source)
	at com.erp.sri_files.scheduler.NuevoDocumentoScheduler.recuperarAutorizacionesPendientes(NuevoDocumentoScheduler.java:101)
	at java.base/jdk.internal.reflect.DirectMethodHandleAccessor.invoke(DirectMethodHandleAccessor.java:103)
	at java.base/java.lang.reflect.Method.invoke(Method.java:580)
	at org.springframework.scheduling.support.ScheduledMethodRunnable.runInternal(ScheduledMethodRunnable.java:130)
	at org.springframework.scheduling.support.ScheduledMethodRunnable.lambda$run$2(ScheduledMethodRunnable.java:124)
	at io.micrometer.observation.Observation.observe(Observation.java:498)
	at org.springframework.scheduling.support.ScheduledMethodRunnable.run(ScheduledMethodRunnable.java:124)
	at org.springframework.scheduling.config.Task$OutcomeTrackingRunnable.run(Task.java:85)
	at org.springframework.scheduling.support.DelegatingErrorHandlingRunnable.run(DelegatingErrorHandlingRunnable.java:54)
	at org.springframework.scheduling.concurrent.ReschedulingRunnable.run(ReschedulingRunnable.java:96)
	at java.base/java.util.concurrent.Executors$RunnableAdapter.call(Executors.java:572)
	at java.base/java.util.concurrent.FutureTask.run(FutureTask.java:317)
	at java.base/java.util.concurrent.ScheduledThreadPoolExecutor$ScheduledFutureTask.run(ScheduledThreadPoolExecutor.java:304)
	at java.base/java.util.concurrent.ThreadPoolExecutor.runWorker(ThreadPoolExecutor.java:1144)
	at java.base/java.util.concurrent.ThreadPoolExecutor$Worker.run(ThreadPoolExecutor.java:642)
	at java.base/java.lang.Thread.run(Thread.java:1583)
Caused by: org.hibernate.exception.SQLGrammarException: JDBC exception executing SQL [select de1_0.id,de1_0.ambiente,de1_0.clave_acceso,de1_0.created_at,de1_0.created_by,de1_0.documento_origen_id,de1_0.documento_sustituto_id,de1_0.email_receptor,de1_0.establecimiento,de1_0.estado,de1_0.external_id,de1_0.fecha_anulacion,de1_0.fecha_autorizacion_sri,de1_0.fecha_emision,de1_0.fecha_envio_correo,de1_0.fecha_envio_sri,de1_0.fecha_firma,de1_0.fecha_generacion_ride,de1_0.fecha_generacion_xml,de1_0.fecha_recepcion_json,de1_0.fecha_transaccion_origen,de1_0.fecha_ultima_actualizacion,de1_0.id_origen,de1_0.identificacion_receptor,de1_0.importe_total,de1_0.intentos_autorizacion,de1_0.intentos_correo,de1_0.intentos_envio,de1_0.json_original,de1_0.locked_at,de1_0.locked_by,de1_0.mail_enviado,de1_0.mensaje_sri,de1_0.motivo_correccion,de1_0.numero_autorizacion,de1_0.numero_documento,de1_0.origen_sistema,de1_0.processing_lock,de1_0.punto_emision,de1_0.razon_social_receptor,de1_0.ruc_emisor,de1_0.secuencial,de1_0.subestado,de1_0.subtotal,de1_0.tipo_documento,de1_0.total_descuento,de1_0.total_impuestos,de1_0.updated_at,de1_0.uuid,de1_0.xml_autorizado,de1_0.xml_firmado,de1_0.xml_generado from documento_electronico de1_0 where de1_0.estado in ('PENDIENTE_AUTORIZACION','ENVIANDO_SRI') and (de1_0.intentos_autorizacion<5 or de1_0.intentos_autorizacion is null) order by de1_0.id fetch first ? rows only] [ERROR: no existe la relación «documento_electronico»
  Position: 1107] [n/a]
	at org.hibernate.exception.internal.SQLStateConversionDelegate.convert(SQLStateConversionDelegate.java:91)
	at org.hibernate.exception.internal.StandardSQLExceptionConverter.convert(StandardSQLExceptionConverter.java:58)
	at org.hibernate.engine.jdbc.spi.SqlExceptionHelper.convert(SqlExceptionHelper.java:108)
	at org.hibernate.engine.jdbc.spi.SqlExceptionHelper.convert(SqlExceptionHelper.java:94)
	at org.hibernate.sql.results.jdbc.internal.DeferredResultSetAccess.executeQuery(DeferredResultSetAccess.java:268)
	at org.hibernate.sql.results.jdbc.internal.DeferredResultSetAccess.getResultSet(DeferredResultSetAccess.java:171)
	at org.hibernate.sql.results.jdbc.internal.JdbcValuesResultSetImpl.<init>(JdbcValuesResultSetImpl.java:74)
	at org.hibernate.sql.exec.internal.JdbcSelectExecutorStandardImpl.resolveJdbcValuesSource(JdbcSelectExecutorStandardImpl.java:355)
	at org.hibernate.sql.exec.internal.JdbcSelectExecutorStandardImpl.doExecuteQuery(JdbcSelectExecutorStandardImpl.java:137)
	at org.hibernate.sql.exec.internal.JdbcSelectExecutorStandardImpl.executeQuery(JdbcSelectExecutorStandardImpl.java:102)
	at org.hibernate.sql.exec.spi.JdbcSelectExecutor.executeQuery(JdbcSelectExecutor.java:91)
	at org.hibernate.sql.exec.spi.JdbcSelectExecutor.list(JdbcSelectExecutor.java:165)
	at org.hibernate.query.sqm.internal.ConcreteSqmSelectQueryPlan.lambda$new$1(ConcreteSqmSelectQueryPlan.java:152)
	at org.hibernate.query.sqm.internal.ConcreteSqmSelectQueryPlan.withCacheableSqmInterpretation(ConcreteSqmSelectQueryPlan.java:442)
	at org.hibernate.query.sqm.internal.ConcreteSqmSelectQueryPlan.performList(ConcreteSqmSelectQueryPlan.java:362)
	at org.hibernate.query.sqm.internal.QuerySqmImpl.doList(QuerySqmImpl.java:380)
	at org.hibernate.query.spi.AbstractSelectionQuery.list(AbstractSelectionQuery.java:143)
	at org.hibernate.query.Query.getResultList(Query.java:120)
	at java.base/jdk.internal.reflect.DirectMethodHandleAccessor.invoke(DirectMethodHandleAccessor.java:103)
	at java.base/java.lang.reflect.Method.invoke(Method.java:580)
	at org.springframework.orm.jpa.SharedEntityManagerCreator$DeferredQueryInvocationHandler.invoke(SharedEntityManagerCreator.java:419)
	at jdk.proxy2/jdk.proxy2.$Proxy194.getResultList(Unknown Source)
	at org.springframework.data.jpa.repository.query.JpaQueryExecution$CollectionExecution.doExecute(JpaQueryExecution.java:130)
	at org.springframework.data.jpa.repository.query.JpaQueryExecution.execute(JpaQueryExecution.java:93)
	at org.springframework.data.jpa.repository.query.AbstractJpaQuery.doExecute(AbstractJpaQuery.java:152)
	at org.springframework.data.jpa.repository.query.AbstractJpaQuery.execute(AbstractJpaQuery.java:140)
	at org.springframework.data.repository.core.support.RepositoryMethodInvoker.doInvoke(RepositoryMethodInvoker.java:170)
	at org.springframework.data.repository.core.support.RepositoryMethodInvoker.invoke(RepositoryMethodInvoker.java:158)
	at org.springframework.data.repository.core.support.QueryExecutorMethodInterceptor.doInvoke(QueryExecutorMethodInterceptor.java:170)
	at org.springframework.data.repository.core.support.QueryExecutorMethodInterceptor.invoke(QueryExecutorMethodInterceptor.java:149)
	at org.springframework.aop.framework.ReflectiveMethodInvocation.proceed(ReflectiveMethodInvocation.java:184)
	at org.springframework.data.projection.DefaultMethodInvokingMethodInterceptor.invoke(DefaultMethodInvokingMethodInterceptor.java:69)
	at org.springframework.aop.framework.ReflectiveMethodInvocation.proceed(ReflectiveMethodInvocation.java:184)
	at org.springframework.transaction.interceptor.TransactionAspectSupport.invokeWithinTransaction(TransactionAspectSupport.java:380)
	at org.springframework.transaction.interceptor.TransactionInterceptor.invoke(TransactionInterceptor.java:119)
	at org.springframework.aop.framework.ReflectiveMethodInvocation.proceed(ReflectiveMethodInvocation.java:184)
	at org.springframework.dao.support.PersistenceExceptionTranslationInterceptor.invoke(PersistenceExceptionTranslationInterceptor.java:138)
	... 21 common frames omitted
Caused by: org.postgresql.util.PSQLException: ERROR: no existe la relación «documento_electronico»
  Position: 1107
	at org.postgresql.core.v3.QueryExecutorImpl.receiveErrorResponse(QueryExecutorImpl.java:2733)
	at org.postgresql.core.v3.QueryExecutorImpl.processResults(QueryExecutorImpl.java:2420)
	at org.postgresql.core.v3.QueryExecutorImpl.execute(QueryExecutorImpl.java:372)
	at org.postgresql.jdbc.PgStatement.executeInternal(PgStatement.java:517)
	at org.postgresql.jdbc.PgStatement.execute(PgStatement.java:434)
	at org.postgresql.jdbc.PgPreparedStatement.executeWithFlags(PgPreparedStatement.java:194)
	at org.postgresql.jdbc.PgPreparedStatement.executeQuery(PgPreparedStatement.java:137)
	at com.zaxxer.hikari.pool.ProxyPreparedStatement.executeQuery(ProxyPreparedStatement.java:52)
	at com.zaxxer.hikari.pool.HikariProxyPreparedStatement.executeQuery(HikariProxyPreparedStatement.java)
	at org.hibernate.sql.results.jdbc.internal.DeferredResultSetAccess.executeQuery(DeferredResultSetAccess.java:250)
	... 53 common frames omitted
2026-08-24 15:45:30.015 [sri-files-scheduler-1] [] INFO  c.e.s.s.NuevoDocumentoScheduler - [SCHEDULER][V1] FIN recuperación | detectados=0 | autorizados=0 | pendientes=0 | duracionMs=2
2026-08-24 15:46:00.014 [sri-files-scheduler-3] [] INFO  c.e.s.s.NuevoDocumentoScheduler - [SCHEDULER][V1] INICIO envío pendientes @ 2026-08-24T15:46:00.014832300
2026-08-24 15:46:00.014 [sri-files-scheduler-1] [] INFO  c.e.s.services.EnvioSriBatchService - [SCHEDULER][sri-files-scheduler-1] INICIO automatizacionEnvioFacturasElectonicas @ 2026-08-24T15:46:00.014832300
2026-08-24 15:46:00.014 [sri-files-scheduler-1] [] INFO  c.e.s.services.EnvioSriBatchService - Ejecutando envio de facturas at=2026-08-24T15:46:00.014832300
2026-08-24 15:46:00.014 [sri-files-scheduler-4] [] WARN  o.h.e.jdbc.spi.SqlExceptionHelper - SQL Error: 0, SQLState: 42P01
2026-08-24 15:46:00.014 [sri-files-scheduler-4] [] ERROR o.h.e.jdbc.spi.SqlExceptionHelper - ERROR: no existe la relación «batch_jobs»
  Position: 220
2026-08-24 15:46:00.016 [sri-files-scheduler-3] [] WARN  o.h.e.jdbc.spi.SqlExceptionHelper - SQL Error: 0, SQLState: 42P01
2026-08-24 15:46:00.016 [sri-files-scheduler-3] [] ERROR o.h.e.jdbc.spi.SqlExceptionHelper - ERROR: no existe la relación «documento_electronico»
  Position: 1107
2026-08-24 15:46:00.016 [sri-files-scheduler-4] [] ERROR o.s.s.s.TaskUtils$LoggingErrorHandler - Unexpected error occurred in scheduled task
org.springframework.dao.InvalidDataAccessResourceUsageException: JDBC exception executing SQL [select bj1_0.id,bj1_0.created_at,bj1_0.estado,bj1_0.exitosos,bj1_0.fallidos,bj1_0.fecha_fin,bj1_0.fecha_inicio,bj1_0.mensaje,bj1_0.procesados,bj1_0.tipo_proceso,bj1_0.total_documentos,bj1_0.triggered_by,bj1_0.uuid from batch_jobs bj1_0 where bj1_0.estado in ('PENDIENTE','EN_PROCESO') order by bj1_0.fecha_inicio] [ERROR: no existe la relación «batch_jobs»
  Position: 220] [n/a]; SQL [n/a]
	at org.springframework.orm.jpa.vendor.HibernateJpaDialect.convertHibernateAccessException(HibernateJpaDialect.java:277)
	at org.springframework.orm.jpa.vendor.HibernateJpaDialect.translateExceptionIfPossible(HibernateJpaDialect.java:241)
	at org.springframework.orm.jpa.AbstractEntityManagerFactoryBean.translateExceptionIfPossible(AbstractEntityManagerFactoryBean.java:560)
	at org.springframework.dao.support.ChainedPersistenceExceptionTranslator.translateExceptionIfPossible(ChainedPersistenceExceptionTranslator.java:61)
	at org.springframework.dao.support.DataAccessUtils.translateIfNecessary(DataAccessUtils.java:343)
	at org.springframework.dao.support.PersistenceExceptionTranslationInterceptor.invoke(PersistenceExceptionTranslationInterceptor.java:160)
	at org.springframework.aop.framework.ReflectiveMethodInvocation.proceed(ReflectiveMethodInvocation.java:184)
	at org.springframework.data.jpa.repository.support.CrudMethodMetadataPostProcessor$CrudMethodMetadataPopulatingMethodInterceptor.invoke(CrudMethodMetadataPostProcessor.java:136)
	at org.springframework.aop.framework.ReflectiveMethodInvocation.proceed(ReflectiveMethodInvocation.java:184)
	at org.springframework.aop.framework.JdkDynamicAopProxy.invoke(JdkDynamicAopProxy.java:223)
	at jdk.proxy2/jdk.proxy2.$Proxy168.findActivos(Unknown Source)
	at com.erp.sri_files.batch.BatchJobScheduler.ejecutarSiNoHayActivo(BatchJobScheduler.java:42)
	at com.erp.sri_files.batch.BatchJobScheduler.enviarPendientesASri(BatchJobScheduler.java:23)
	at java.base/jdk.internal.reflect.DirectMethodHandleAccessor.invoke(DirectMethodHandleAccessor.java:103)
	at java.base/java.lang.reflect.Method.invoke(Method.java:580)
	at org.springframework.scheduling.support.ScheduledMethodRunnable.runInternal(ScheduledMethodRunnable.java:130)
	at org.springframework.scheduling.support.ScheduledMethodRunnable.lambda$run$2(ScheduledMethodRunnable.java:124)
	at io.micrometer.observation.Observation.observe(Observation.java:498)
	at org.springframework.scheduling.support.ScheduledMethodRunnable.run(ScheduledMethodRunnable.java:124)
	at org.springframework.scheduling.config.Task$OutcomeTrackingRunnable.run(Task.java:85)
	at org.springframework.scheduling.support.DelegatingErrorHandlingRunnable.run(DelegatingErrorHandlingRunnable.java:54)
	at org.springframework.scheduling.concurrent.ReschedulingRunnable.run(ReschedulingRunnable.java:96)
	at java.base/java.util.concurrent.Executors$RunnableAdapter.call(Executors.java:572)
	at java.base/java.util.concurrent.FutureTask.run(FutureTask.java:317)
	at java.base/java.util.concurrent.ScheduledThreadPoolExecutor$ScheduledFutureTask.run(ScheduledThreadPoolExecutor.java:304)
	at java.base/java.util.concurrent.ThreadPoolExecutor.runWorker(ThreadPoolExecutor.java:1144)
	at java.base/java.util.concurrent.ThreadPoolExecutor$Worker.run(ThreadPoolExecutor.java:642)
	at java.base/java.lang.Thread.run(Thread.java:1583)
Caused by: org.hibernate.exception.SQLGrammarException: JDBC exception executing SQL [select bj1_0.id,bj1_0.created_at,bj1_0.estado,bj1_0.exitosos,bj1_0.fallidos,bj1_0.fecha_fin,bj1_0.fecha_inicio,bj1_0.mensaje,bj1_0.procesados,bj1_0.tipo_proceso,bj1_0.total_documentos,bj1_0.triggered_by,bj1_0.uuid from batch_jobs bj1_0 where bj1_0.estado in ('PENDIENTE','EN_PROCESO') order by bj1_0.fecha_inicio] [ERROR: no existe la relación «batch_jobs»
  Position: 220] [n/a]
	at org.hibernate.exception.internal.SQLStateConversionDelegate.convert(SQLStateConversionDelegate.java:91)
	at org.hibernate.exception.internal.StandardSQLExceptionConverter.convert(StandardSQLExceptionConverter.java:58)
	at org.hibernate.engine.jdbc.spi.SqlExceptionHelper.convert(SqlExceptionHelper.java:108)
	at org.hibernate.engine.jdbc.spi.SqlExceptionHelper.convert(SqlExceptionHelper.java:94)
	at org.hibernate.sql.results.jdbc.internal.DeferredResultSetAccess.executeQuery(DeferredResultSetAccess.java:268)
	at org.hibernate.sql.results.jdbc.internal.DeferredResultSetAccess.getResultSet(DeferredResultSetAccess.java:171)
	at org.hibernate.sql.results.jdbc.internal.JdbcValuesResultSetImpl.<init>(JdbcValuesResultSetImpl.java:74)
	at org.hibernate.sql.exec.internal.JdbcSelectExecutorStandardImpl.resolveJdbcValuesSource(JdbcSelectExecutorStandardImpl.java:355)
	at org.hibernate.sql.exec.internal.JdbcSelectExecutorStandardImpl.doExecuteQuery(JdbcSelectExecutorStandardImpl.java:137)
	at org.hibernate.sql.exec.internal.JdbcSelectExecutorStandardImpl.executeQuery(JdbcSelectExecutorStandardImpl.java:102)
	at org.hibernate.sql.exec.spi.JdbcSelectExecutor.executeQuery(JdbcSelectExecutor.java:91)
	at org.hibernate.sql.exec.spi.JdbcSelectExecutor.list(JdbcSelectExecutor.java:165)
	at org.hibernate.query.sqm.internal.ConcreteSqmSelectQueryPlan.lambda$new$1(ConcreteSqmSelectQueryPlan.java:152)
	at org.hibernate.query.sqm.internal.ConcreteSqmSelectQueryPlan.withCacheableSqmInterpretation(ConcreteSqmSelectQueryPlan.java:442)
	at org.hibernate.query.sqm.internal.ConcreteSqmSelectQueryPlan.performList(ConcreteSqmSelectQueryPlan.java:362)
	at org.hibernate.query.sqm.internal.QuerySqmImpl.doList(QuerySqmImpl.java:380)
	at org.hibernate.query.spi.AbstractSelectionQuery.list(AbstractSelectionQuery.java:143)
	at org.hibernate.query.Query.getResultList(Query.java:120)
	at java.base/jdk.internal.reflect.DirectMethodHandleAccessor.invoke(DirectMethodHandleAccessor.java:103)
	at java.base/java.lang.reflect.Method.invoke(Method.java:580)
	at org.springframework.orm.jpa.SharedEntityManagerCreator$DeferredQueryInvocationHandler.invoke(SharedEntityManagerCreator.java:419)
	at jdk.proxy2/jdk.proxy2.$Proxy194.getResultList(Unknown Source)
	at org.springframework.data.jpa.repository.query.JpaQueryExecution$CollectionExecution.doExecute(JpaQueryExecution.java:130)
	at org.springframework.data.jpa.repository.query.JpaQueryExecution.execute(JpaQueryExecution.java:93)
	at org.springframework.data.jpa.repository.query.AbstractJpaQuery.doExecute(AbstractJpaQuery.java:152)
	at org.springframework.data.jpa.repository.query.AbstractJpaQuery.execute(AbstractJpaQuery.java:140)
	at org.springframework.data.repository.core.support.RepositoryMethodInvoker.doInvoke(RepositoryMethodInvoker.java:170)
	at org.springframework.data.repository.core.support.RepositoryMethodInvoker.invoke(RepositoryMethodInvoker.java:158)
	at org.springframework.data.repository.core.support.QueryExecutorMethodInterceptor.doInvoke(QueryExecutorMethodInterceptor.java:170)
	at org.springframework.data.repository.core.support.QueryExecutorMethodInterceptor.invoke(QueryExecutorMethodInterceptor.java:149)
	at org.springframework.aop.framework.ReflectiveMethodInvocation.proceed(ReflectiveMethodInvocation.java:184)
	at org.springframework.data.projection.DefaultMethodInvokingMethodInterceptor.invoke(DefaultMethodInvokingMethodInterceptor.java:69)
	at org.springframework.aop.framework.ReflectiveMethodInvocation.proceed(ReflectiveMethodInvocation.java:184)
	at org.springframework.transaction.interceptor.TransactionAspectSupport.invokeWithinTransaction(TransactionAspectSupport.java:380)
	at org.springframework.transaction.interceptor.TransactionInterceptor.invoke(TransactionInterceptor.java:119)
	at org.springframework.aop.framework.ReflectiveMethodInvocation.proceed(ReflectiveMethodInvocation.java:184)
	at org.springframework.dao.support.PersistenceExceptionTranslationInterceptor.invoke(PersistenceExceptionTranslationInterceptor.java:138)
	... 22 common frames omitted
Caused by: org.postgresql.util.PSQLException: ERROR: no existe la relación «batch_jobs»
  Position: 220
	at org.postgresql.core.v3.QueryExecutorImpl.receiveErrorResponse(QueryExecutorImpl.java:2733)
	at org.postgresql.core.v3.QueryExecutorImpl.processResults(QueryExecutorImpl.java:2420)
	at org.postgresql.core.v3.QueryExecutorImpl.execute(QueryExecutorImpl.java:372)
	at org.postgresql.jdbc.PgStatement.executeInternal(PgStatement.java:517)
	at org.postgresql.jdbc.PgStatement.execute(PgStatement.java:434)
	at org.postgresql.jdbc.PgPreparedStatement.executeWithFlags(PgPreparedStatement.java:194)
	at org.postgresql.jdbc.PgPreparedStatement.executeQuery(PgPreparedStatement.java:137)
	at com.zaxxer.hikari.pool.ProxyPreparedStatement.executeQuery(ProxyPreparedStatement.java:52)
	at com.zaxxer.hikari.pool.HikariProxyPreparedStatement.executeQuery(HikariProxyPreparedStatement.java)
	at org.hibernate.sql.results.jdbc.internal.DeferredResultSetAccess.executeQuery(DeferredResultSetAccess.java:250)
	... 54 common frames omitted
2026-08-24 15:46:00.016 [sri-files-scheduler-3] [] ERROR c.e.s.s.NuevoDocumentoScheduler - [SCHEDULER][V1] Error en ciclo de envío
org.springframework.dao.InvalidDataAccessResourceUsageException: JDBC exception executing SQL [select de1_0.id,de1_0.ambiente,de1_0.clave_acceso,de1_0.created_at,de1_0.created_by,de1_0.documento_origen_id,de1_0.documento_sustituto_id,de1_0.email_receptor,de1_0.establecimiento,de1_0.estado,de1_0.external_id,de1_0.fecha_anulacion,de1_0.fecha_autorizacion_sri,de1_0.fecha_emision,de1_0.fecha_envio_correo,de1_0.fecha_envio_sri,de1_0.fecha_firma,de1_0.fecha_generacion_ride,de1_0.fecha_generacion_xml,de1_0.fecha_recepcion_json,de1_0.fecha_transaccion_origen,de1_0.fecha_ultima_actualizacion,de1_0.id_origen,de1_0.identificacion_receptor,de1_0.importe_total,de1_0.intentos_autorizacion,de1_0.intentos_correo,de1_0.intentos_envio,de1_0.json_original,de1_0.locked_at,de1_0.locked_by,de1_0.mail_enviado,de1_0.mensaje_sri,de1_0.motivo_correccion,de1_0.numero_autorizacion,de1_0.numero_documento,de1_0.origen_sistema,de1_0.processing_lock,de1_0.punto_emision,de1_0.razon_social_receptor,de1_0.ruc_emisor,de1_0.secuencial,de1_0.subestado,de1_0.subtotal,de1_0.tipo_documento,de1_0.total_descuento,de1_0.total_impuestos,de1_0.updated_at,de1_0.uuid,de1_0.xml_autorizado,de1_0.xml_firmado,de1_0.xml_generado from documento_electronico de1_0 where de1_0.estado in ('RECIBIDO','VALIDANDO') order by de1_0.id fetch first ? rows only] [ERROR: no existe la relación «documento_electronico»
  Position: 1107] [n/a]; SQL [n/a]
	at org.springframework.orm.jpa.vendor.HibernateJpaDialect.convertHibernateAccessException(HibernateJpaDialect.java:277)
	at org.springframework.orm.jpa.vendor.HibernateJpaDialect.translateExceptionIfPossible(HibernateJpaDialect.java:241)
	at org.springframework.orm.jpa.AbstractEntityManagerFactoryBean.translateExceptionIfPossible(AbstractEntityManagerFactoryBean.java:560)
	at org.springframework.dao.support.ChainedPersistenceExceptionTranslator.translateExceptionIfPossible(ChainedPersistenceExceptionTranslator.java:61)
	at org.springframework.dao.support.DataAccessUtils.translateIfNecessary(DataAccessUtils.java:343)
	at org.springframework.dao.support.PersistenceExceptionTranslationInterceptor.invoke(PersistenceExceptionTranslationInterceptor.java:160)
	at org.springframework.aop.framework.ReflectiveMethodInvocation.proceed(ReflectiveMethodInvocation.java:184)
	at org.springframework.data.jpa.repository.support.CrudMethodMetadataPostProcessor$CrudMethodMetadataPopulatingMethodInterceptor.invoke(CrudMethodMetadataPostProcessor.java:136)
	at org.springframework.aop.framework.ReflectiveMethodInvocation.proceed(ReflectiveMethodInvocation.java:184)
	at org.springframework.aop.framework.JdkDynamicAopProxy.invoke(JdkDynamicAopProxy.java:223)
	at jdk.proxy2/jdk.proxy2.$Proxy170.findPendientesProcesamiento(Unknown Source)
	at com.erp.sri_files.scheduler.NuevoDocumentoScheduler.procesarPendientesEnvio(NuevoDocumentoScheduler.java:45)
	at java.base/jdk.internal.reflect.DirectMethodHandleAccessor.invoke(DirectMethodHandleAccessor.java:103)
	at java.base/java.lang.reflect.Method.invoke(Method.java:580)
	at org.springframework.scheduling.support.ScheduledMethodRunnable.runInternal(ScheduledMethodRunnable.java:130)
	at org.springframework.scheduling.support.ScheduledMethodRunnable.lambda$run$2(ScheduledMethodRunnable.java:124)
	at io.micrometer.observation.Observation.observe(Observation.java:498)
	at org.springframework.scheduling.support.ScheduledMethodRunnable.run(ScheduledMethodRunnable.java:124)
	at org.springframework.scheduling.config.Task$OutcomeTrackingRunnable.run(Task.java:85)
	at org.springframework.scheduling.support.DelegatingErrorHandlingRunnable.run(DelegatingErrorHandlingRunnable.java:54)
	at org.springframework.scheduling.concurrent.ReschedulingRunnable.run(ReschedulingRunnable.java:96)
	at java.base/java.util.concurrent.Executors$RunnableAdapter.call(Executors.java:572)
	at java.base/java.util.concurrent.FutureTask.run(FutureTask.java:317)
	at java.base/java.util.concurrent.ScheduledThreadPoolExecutor$ScheduledFutureTask.run(ScheduledThreadPoolExecutor.java:304)
	at java.base/java.util.concurrent.ThreadPoolExecutor.runWorker(ThreadPoolExecutor.java:1144)
	at java.base/java.util.concurrent.ThreadPoolExecutor$Worker.run(ThreadPoolExecutor.java:642)
	at java.base/java.lang.Thread.run(Thread.java:1583)
Caused by: org.hibernate.exception.SQLGrammarException: JDBC exception executing SQL [select de1_0.id,de1_0.ambiente,de1_0.clave_acceso,de1_0.created_at,de1_0.created_by,de1_0.documento_origen_id,de1_0.documento_sustituto_id,de1_0.email_receptor,de1_0.establecimiento,de1_0.estado,de1_0.external_id,de1_0.fecha_anulacion,de1_0.fecha_autorizacion_sri,de1_0.fecha_emision,de1_0.fecha_envio_correo,de1_0.fecha_envio_sri,de1_0.fecha_firma,de1_0.fecha_generacion_ride,de1_0.fecha_generacion_xml,de1_0.fecha_recepcion_json,de1_0.fecha_transaccion_origen,de1_0.fecha_ultima_actualizacion,de1_0.id_origen,de1_0.identificacion_receptor,de1_0.importe_total,de1_0.intentos_autorizacion,de1_0.intentos_correo,de1_0.intentos_envio,de1_0.json_original,de1_0.locked_at,de1_0.locked_by,de1_0.mail_enviado,de1_0.mensaje_sri,de1_0.motivo_correccion,de1_0.numero_autorizacion,de1_0.numero_documento,de1_0.origen_sistema,de1_0.processing_lock,de1_0.punto_emision,de1_0.razon_social_receptor,de1_0.ruc_emisor,de1_0.secuencial,de1_0.subestado,de1_0.subtotal,de1_0.tipo_documento,de1_0.total_descuento,de1_0.total_impuestos,de1_0.updated_at,de1_0.uuid,de1_0.xml_autorizado,de1_0.xml_firmado,de1_0.xml_generado from documento_electronico de1_0 where de1_0.estado in ('RECIBIDO','VALIDANDO') order by de1_0.id fetch first ? rows only] [ERROR: no existe la relación «documento_electronico»
  Position: 1107] [n/a]
	at org.hibernate.exception.internal.SQLStateConversionDelegate.convert(SQLStateConversionDelegate.java:91)
	at org.hibernate.exception.internal.StandardSQLExceptionConverter.convert(StandardSQLExceptionConverter.java:58)
	at org.hibernate.engine.jdbc.spi.SqlExceptionHelper.convert(SqlExceptionHelper.java:108)
	at org.hibernate.engine.jdbc.spi.SqlExceptionHelper.convert(SqlExceptionHelper.java:94)
	at org.hibernate.sql.results.jdbc.internal.DeferredResultSetAccess.executeQuery(DeferredResultSetAccess.java:268)
	at org.hibernate.sql.results.jdbc.internal.DeferredResultSetAccess.getResultSet(DeferredResultSetAccess.java:171)
	at org.hibernate.sql.results.jdbc.internal.JdbcValuesResultSetImpl.<init>(JdbcValuesResultSetImpl.java:74)
	at org.hibernate.sql.exec.internal.JdbcSelectExecutorStandardImpl.resolveJdbcValuesSource(JdbcSelectExecutorStandardImpl.java:355)
	at org.hibernate.sql.exec.internal.JdbcSelectExecutorStandardImpl.doExecuteQuery(JdbcSelectExecutorStandardImpl.java:137)
	at org.hibernate.sql.exec.internal.JdbcSelectExecutorStandardImpl.executeQuery(JdbcSelectExecutorStandardImpl.java:102)
	at org.hibernate.sql.exec.spi.JdbcSelectExecutor.executeQuery(JdbcSelectExecutor.java:91)
	at org.hibernate.sql.exec.spi.JdbcSelectExecutor.list(JdbcSelectExecutor.java:165)
	at org.hibernate.query.sqm.internal.ConcreteSqmSelectQueryPlan.lambda$new$1(ConcreteSqmSelectQueryPlan.java:152)
	at org.hibernate.query.sqm.internal.ConcreteSqmSelectQueryPlan.withCacheableSqmInterpretation(ConcreteSqmSelectQueryPlan.java:442)
	at org.hibernate.query.sqm.internal.ConcreteSqmSelectQueryPlan.performList(ConcreteSqmSelectQueryPlan.java:362)
	at org.hibernate.query.sqm.internal.QuerySqmImpl.doList(QuerySqmImpl.java:380)
	at org.hibernate.query.spi.AbstractSelectionQuery.list(AbstractSelectionQuery.java:143)
	at org.hibernate.query.Query.getResultList(Query.java:120)
	at java.base/jdk.internal.reflect.DirectMethodHandleAccessor.invoke(DirectMethodHandleAccessor.java:103)
	at java.base/java.lang.reflect.Method.invoke(Method.java:580)
	at org.springframework.orm.jpa.SharedEntityManagerCreator$DeferredQueryInvocationHandler.invoke(SharedEntityManagerCreator.java:419)
	at jdk.proxy2/jdk.proxy2.$Proxy194.getResultList(Unknown Source)
	at org.springframework.data.jpa.repository.query.JpaQueryExecution$CollectionExecution.doExecute(JpaQueryExecution.java:130)
	at org.springframework.data.jpa.repository.query.JpaQueryExecution.execute(JpaQueryExecution.java:93)
	at org.springframework.data.jpa.repository.query.AbstractJpaQuery.doExecute(AbstractJpaQuery.java:152)
	at org.springframework.data.jpa.repository.query.AbstractJpaQuery.execute(AbstractJpaQuery.java:140)
	at org.springframework.data.repository.core.support.RepositoryMethodInvoker.doInvoke(RepositoryMethodInvoker.java:170)
	at org.springframework.data.repository.core.support.RepositoryMethodInvoker.invoke(RepositoryMethodInvoker.java:158)
	at org.springframework.data.repository.core.support.QueryExecutorMethodInterceptor.doInvoke(QueryExecutorMethodInterceptor.java:170)
	at org.springframework.data.repository.core.support.QueryExecutorMethodInterceptor.invoke(QueryExecutorMethodInterceptor.java:149)
	at org.springframework.aop.framework.ReflectiveMethodInvocation.proceed(ReflectiveMethodInvocation.java:184)
	at org.springframework.data.projection.DefaultMethodInvokingMethodInterceptor.invoke(DefaultMethodInvokingMethodInterceptor.java:69)
	at org.springframework.aop.framework.ReflectiveMethodInvocation.proceed(ReflectiveMethodInvocation.java:184)
	at org.springframework.transaction.interceptor.TransactionAspectSupport.invokeWithinTransaction(TransactionAspectSupport.java:380)
	at org.springframework.transaction.interceptor.TransactionInterceptor.invoke(TransactionInterceptor.java:119)
	at org.springframework.aop.framework.ReflectiveMethodInvocation.proceed(ReflectiveMethodInvocation.java:184)
	at org.springframework.dao.support.PersistenceExceptionTranslationInterceptor.invoke(PersistenceExceptionTranslationInterceptor.java:138)
	... 21 common frames omitted
Caused by: org.postgresql.util.PSQLException: ERROR: no existe la relación «documento_electronico»
  Position: 1107
	at org.postgresql.core.v3.QueryExecutorImpl.receiveErrorResponse(QueryExecutorImpl.java:2733)
	at org.postgresql.core.v3.QueryExecutorImpl.processResults(QueryExecutorImpl.java:2420)
	at org.postgresql.core.v3.QueryExecutorImpl.execute(QueryExecutorImpl.java:372)
	at org.postgresql.jdbc.PgStatement.executeInternal(PgStatement.java:517)
	at org.postgresql.jdbc.PgStatement.execute(PgStatement.java:434)
	at org.postgresql.jdbc.PgPreparedStatement.executeWithFlags(PgPreparedStatement.java:194)
	at org.postgresql.jdbc.PgPreparedStatement.executeQuery(PgPreparedStatement.java:137)
	at com.zaxxer.hikari.pool.ProxyPreparedStatement.executeQuery(ProxyPreparedStatement.java:52)
	at com.zaxxer.hikari.pool.HikariProxyPreparedStatement.executeQuery(HikariProxyPreparedStatement.java)
	at org.hibernate.sql.results.jdbc.internal.DeferredResultSetAccess.executeQuery(DeferredResultSetAccess.java:250)
	... 53 common frames omitted
2026-08-24 15:46:00.016 [sri-files-scheduler-3] [] INFO  c.e.s.s.NuevoDocumentoScheduler - [SCHEDULER][V1] FIN envío | detectados=0 | exitosos=0 | fallidos=0 | duracionMs=2
2026-08-24 15:46:01.182 [sri-files-scheduler-1] [] INFO  c.e.s.services.EnvioSriBatchService - No hay facturas pendientes estado=I
2026-08-24 15:46:01.182 [sri-files-scheduler-1] [] INFO  c.e.s.services.EnvioSriBatchService - [SCHEDULER][sri-files-scheduler-1] FIN automatizacionEnvioFacturasElectonicas | detectados=0 | exitosas=0 | fallidas=0 | duracionMs=1168
2026-08-24 15:47:00.000 [sri-files-scheduler-4] [] INFO  c.e.s.s.NuevoDocumentoScheduler - [SCHEDULER][V1] INICIO envío pendientes @ 2026-08-24T15:47:00.000143700
2026-08-24 15:47:00.000 [sri-files-scheduler-3] [] INFO  c.e.s.services.EnvioSriBatchService - [SCHEDULER][sri-files-scheduler-3] INICIO automatizacionEnvioFacturasElectonicas @ 2026-08-24T15:47:00.000671800
2026-08-24 15:47:00.000 [sri-files-scheduler-3] [] INFO  c.e.s.services.EnvioSriBatchService - Ejecutando envio de facturas at=2026-08-24T15:47:00.000671800
2026-08-24 15:47:00.001 [sri-files-scheduler-4] [] WARN  o.h.e.jdbc.spi.SqlExceptionHelper - SQL Error: 0, SQLState: 42P01
2026-08-24 15:47:00.001 [sri-files-scheduler-4] [] ERROR o.h.e.jdbc.spi.SqlExceptionHelper - ERROR: no existe la relación «documento_electronico»
  Position: 1107
2026-08-24 15:47:00.001 [sri-files-scheduler-4] [] ERROR c.e.s.s.NuevoDocumentoScheduler - [SCHEDULER][V1] Error en ciclo de envío
org.springframework.dao.InvalidDataAccessResourceUsageException: JDBC exception executing SQL [select de1_0.id,de1_0.ambiente,de1_0.clave_acceso,de1_0.created_at,de1_0.created_by,de1_0.documento_origen_id,de1_0.documento_sustituto_id,de1_0.email_receptor,de1_0.establecimiento,de1_0.estado,de1_0.external_id,de1_0.fecha_anulacion,de1_0.fecha_autorizacion_sri,de1_0.fecha_emision,de1_0.fecha_envio_correo,de1_0.fecha_envio_sri,de1_0.fecha_firma,de1_0.fecha_generacion_ride,de1_0.fecha_generacion_xml,de1_0.fecha_recepcion_json,de1_0.fecha_transaccion_origen,de1_0.fecha_ultima_actualizacion,de1_0.id_origen,de1_0.identificacion_receptor,de1_0.importe_total,de1_0.intentos_autorizacion,de1_0.intentos_correo,de1_0.intentos_envio,de1_0.json_original,de1_0.locked_at,de1_0.locked_by,de1_0.mail_enviado,de1_0.mensaje_sri,de1_0.motivo_correccion,de1_0.numero_autorizacion,de1_0.numero_documento,de1_0.origen_sistema,de1_0.processing_lock,de1_0.punto_emision,de1_0.razon_social_receptor,de1_0.ruc_emisor,de1_0.secuencial,de1_0.subestado,de1_0.subtotal,de1_0.tipo_documento,de1_0.total_descuento,de1_0.total_impuestos,de1_0.updated_at,de1_0.uuid,de1_0.xml_autorizado,de1_0.xml_firmado,de1_0.xml_generado from documento_electronico de1_0 where de1_0.estado in ('RECIBIDO','VALIDANDO') order by de1_0.id fetch first ? rows only] [ERROR: no existe la relación «documento_electronico»
  Position: 1107] [n/a]; SQL [n/a]
	at org.springframework.orm.jpa.vendor.HibernateJpaDialect.convertHibernateAccessException(HibernateJpaDialect.java:277)
	at org.springframework.orm.jpa.vendor.HibernateJpaDialect.translateExceptionIfPossible(HibernateJpaDialect.java:241)
	at org.springframework.orm.jpa.AbstractEntityManagerFactoryBean.translateExceptionIfPossible(AbstractEntityManagerFactoryBean.java:560)
	at org.springframework.dao.support.ChainedPersistenceExceptionTranslator.translateExceptionIfPossible(ChainedPersistenceExceptionTranslator.java:61)
	at org.springframework.dao.support.DataAccessUtils.translateIfNecessary(DataAccessUtils.java:343)
	at org.springframework.dao.support.PersistenceExceptionTranslationInterceptor.invoke(PersistenceExceptionTranslationInterceptor.java:160)
	at org.springframework.aop.framework.ReflectiveMethodInvocation.proceed(ReflectiveMethodInvocation.java:184)
	at org.springframework.data.jpa.repository.support.CrudMethodMetadataPostProcessor$CrudMethodMetadataPopulatingMethodInterceptor.invoke(CrudMethodMetadataPostProcessor.java:136)
	at org.springframework.aop.framework.ReflectiveMethodInvocation.proceed(ReflectiveMethodInvocation.java:184)
	at org.springframework.aop.framework.JdkDynamicAopProxy.invoke(JdkDynamicAopProxy.java:223)
	at jdk.proxy2/jdk.proxy2.$Proxy170.findPendientesProcesamiento(Unknown Source)
	at com.erp.sri_files.scheduler.NuevoDocumentoScheduler.procesarPendientesEnvio(NuevoDocumentoScheduler.java:45)
	at java.base/jdk.internal.reflect.DirectMethodHandleAccessor.invoke(DirectMethodHandleAccessor.java:103)
	at java.base/java.lang.reflect.Method.invoke(Method.java:580)
	at org.springframework.scheduling.support.ScheduledMethodRunnable.runInternal(ScheduledMethodRunnable.java:130)
	at org.springframework.scheduling.support.ScheduledMethodRunnable.lambda$run$2(ScheduledMethodRunnable.java:124)
	at io.micrometer.observation.Observation.observe(Observation.java:498)
	at org.springframework.scheduling.support.ScheduledMethodRunnable.run(ScheduledMethodRunnable.java:124)
	at org.springframework.scheduling.config.Task$OutcomeTrackingRunnable.run(Task.java:85)
	at org.springframework.scheduling.support.DelegatingErrorHandlingRunnable.run(DelegatingErrorHandlingRunnable.java:54)
	at org.springframework.scheduling.concurrent.ReschedulingRunnable.run(ReschedulingRunnable.java:96)
	at java.base/java.util.concurrent.Executors$RunnableAdapter.call(Executors.java:572)
	at java.base/java.util.concurrent.FutureTask.run(FutureTask.java:317)
	at java.base/java.util.concurrent.ScheduledThreadPoolExecutor$ScheduledFutureTask.run(ScheduledThreadPoolExecutor.java:304)
	at java.base/java.util.concurrent.ThreadPoolExecutor.runWorker(ThreadPoolExecutor.java:1144)
	at java.base/java.util.concurrent.ThreadPoolExecutor$Worker.run(ThreadPoolExecutor.java:642)
	at java.base/java.lang.Thread.run(Thread.java:1583)
Caused by: org.hibernate.exception.SQLGrammarException: JDBC exception executing SQL [select de1_0.id,de1_0.ambiente,de1_0.clave_acceso,de1_0.created_at,de1_0.created_by,de1_0.documento_origen_id,de1_0.documento_sustituto_id,de1_0.email_receptor,de1_0.establecimiento,de1_0.estado,de1_0.external_id,de1_0.fecha_anulacion,de1_0.fecha_autorizacion_sri,de1_0.fecha_emision,de1_0.fecha_envio_correo,de1_0.fecha_envio_sri,de1_0.fecha_firma,de1_0.fecha_generacion_ride,de1_0.fecha_generacion_xml,de1_0.fecha_recepcion_json,de1_0.fecha_transaccion_origen,de1_0.fecha_ultima_actualizacion,de1_0.id_origen,de1_0.identificacion_receptor,de1_0.importe_total,de1_0.intentos_autorizacion,de1_0.intentos_correo,de1_0.intentos_envio,de1_0.json_original,de1_0.locked_at,de1_0.locked_by,de1_0.mail_enviado,de1_0.mensaje_sri,de1_0.motivo_correccion,de1_0.numero_autorizacion,de1_0.numero_documento,de1_0.origen_sistema,de1_0.processing_lock,de1_0.punto_emision,de1_0.razon_social_receptor,de1_0.ruc_emisor,de1_0.secuencial,de1_0.subestado,de1_0.subtotal,de1_0.tipo_documento,de1_0.total_descuento,de1_0.total_impuestos,de1_0.updated_at,de1_0.uuid,de1_0.xml_autorizado,de1_0.xml_firmado,de1_0.xml_generado from documento_electronico de1_0 where de1_0.estado in ('RECIBIDO','VALIDANDO') order by de1_0.id fetch first ? rows only] [ERROR: no existe la relación «documento_electronico»
  Position: 1107] [n/a]
	at org.hibernate.exception.internal.SQLStateConversionDelegate.convert(SQLStateConversionDelegate.java:91)
	at org.hibernate.exception.internal.StandardSQLExceptionConverter.convert(StandardSQLExceptionConverter.java:58)
	at org.hibernate.engine.jdbc.spi.SqlExceptionHelper.convert(SqlExceptionHelper.java:108)
	at org.hibernate.engine.jdbc.spi.SqlExceptionHelper.convert(SqlExceptionHelper.java:94)
	at org.hibernate.sql.results.jdbc.internal.DeferredResultSetAccess.executeQuery(DeferredResultSetAccess.java:268)
	at org.hibernate.sql.results.jdbc.internal.DeferredResultSetAccess.getResultSet(DeferredResultSetAccess.java:171)
	at org.hibernate.sql.results.jdbc.internal.JdbcValuesResultSetImpl.<init>(JdbcValuesResultSetImpl.java:74)
	at org.hibernate.sql.exec.internal.JdbcSelectExecutorStandardImpl.resolveJdbcValuesSource(JdbcSelectExecutorStandardImpl.java:355)
	at org.hibernate.sql.exec.internal.JdbcSelectExecutorStandardImpl.doExecuteQuery(JdbcSelectExecutorStandardImpl.java:137)
	at org.hibernate.sql.exec.internal.JdbcSelectExecutorStandardImpl.executeQuery(JdbcSelectExecutorStandardImpl.java:102)
	at org.hibernate.sql.exec.spi.JdbcSelectExecutor.executeQuery(JdbcSelectExecutor.java:91)
	at org.hibernate.sql.exec.spi.JdbcSelectExecutor.list(JdbcSelectExecutor.java:165)
	at org.hibernate.query.sqm.internal.ConcreteSqmSelectQueryPlan.lambda$new$1(ConcreteSqmSelectQueryPlan.java:152)
	at org.hibernate.query.sqm.internal.ConcreteSqmSelectQueryPlan.withCacheableSqmInterpretation(ConcreteSqmSelectQueryPlan.java:442)
	at org.hibernate.query.sqm.internal.ConcreteSqmSelectQueryPlan.performList(ConcreteSqmSelectQueryPlan.java:362)
	at org.hibernate.query.sqm.internal.QuerySqmImpl.doList(QuerySqmImpl.java:380)
	at org.hibernate.query.spi.AbstractSelectionQuery.list(AbstractSelectionQuery.java:143)
	at org.hibernate.query.Query.getResultList(Query.java:120)
	at java.base/jdk.internal.reflect.DirectMethodHandleAccessor.invoke(DirectMethodHandleAccessor.java:103)
	at java.base/java.lang.reflect.Method.invoke(Method.java:580)
	at org.springframework.orm.jpa.SharedEntityManagerCreator$DeferredQueryInvocationHandler.invoke(SharedEntityManagerCreator.java:419)
	at jdk.proxy2/jdk.proxy2.$Proxy194.getResultList(Unknown Source)
	at org.springframework.data.jpa.repository.query.JpaQueryExecution$CollectionExecution.doExecute(JpaQueryExecution.java:130)
	at org.springframework.data.jpa.repository.query.JpaQueryExecution.execute(JpaQueryExecution.java:93)
	at org.springframework.data.jpa.repository.query.AbstractJpaQuery.doExecute(AbstractJpaQuery.java:152)
	at org.springframework.data.jpa.repository.query.AbstractJpaQuery.execute(AbstractJpaQuery.java:140)
	at org.springframework.data.repository.core.support.RepositoryMethodInvoker.doInvoke(RepositoryMethodInvoker.java:170)
	at org.springframework.data.repository.core.support.RepositoryMethodInvoker.invoke(RepositoryMethodInvoker.java:158)
	at org.springframework.data.repository.core.support.QueryExecutorMethodInterceptor.doInvoke(QueryExecutorMethodInterceptor.java:170)
	at org.springframework.data.repository.core.support.QueryExecutorMethodInterceptor.invoke(QueryExecutorMethodInterceptor.java:149)
	at org.springframework.aop.framework.ReflectiveMethodInvocation.proceed(ReflectiveMethodInvocation.java:184)
	at org.springframework.data.projection.DefaultMethodInvokingMethodInterceptor.invoke(DefaultMethodInvokingMethodInterceptor.java:69)
	at org.springframework.aop.framework.ReflectiveMethodInvocation.proceed(ReflectiveMethodInvocation.java:184)
	at org.springframework.transaction.interceptor.TransactionAspectSupport.invokeWithinTransaction(TransactionAspectSupport.java:380)
	at org.springframework.transaction.interceptor.TransactionInterceptor.invoke(TransactionInterceptor.java:119)
	at org.springframework.aop.framework.ReflectiveMethodInvocation.proceed(ReflectiveMethodInvocation.java:184)
	at org.springframework.dao.support.PersistenceExceptionTranslationInterceptor.invoke(PersistenceExceptionTranslationInterceptor.java:138)
	... 21 common frames omitted
Caused by: org.postgresql.util.PSQLException: ERROR: no existe la relación «documento_electronico»
  Position: 1107
	at org.postgresql.core.v3.QueryExecutorImpl.receiveErrorResponse(QueryExecutorImpl.java:2733)
	at org.postgresql.core.v3.QueryExecutorImpl.processResults(QueryExecutorImpl.java:2420)
	at org.postgresql.core.v3.QueryExecutorImpl.execute(QueryExecutorImpl.java:372)
	at org.postgresql.jdbc.PgStatement.executeInternal(PgStatement.java:517)
	at org.postgresql.jdbc.PgStatement.execute(PgStatement.java:434)
	at org.postgresql.jdbc.PgPreparedStatement.executeWithFlags(PgPreparedStatement.java:194)
	at org.postgresql.jdbc.PgPreparedStatement.executeQuery(PgPreparedStatement.java:137)
	at com.zaxxer.hikari.pool.ProxyPreparedStatement.executeQuery(ProxyPreparedStatement.java:52)
	at com.zaxxer.hikari.pool.HikariProxyPreparedStatement.executeQuery(HikariProxyPreparedStatement.java)
	at org.hibernate.sql.results.jdbc.internal.DeferredResultSetAccess.executeQuery(DeferredResultSetAccess.java:250)
	... 53 common frames omitted
2026-08-24 15:47:00.001 [sri-files-scheduler-4] [] INFO  c.e.s.s.NuevoDocumentoScheduler - [SCHEDULER][V1] FIN envío | detectados=0 | exitosos=0 | fallidos=0 | duracionMs=1
2026-08-24 15:47:01.178 [sri-files-scheduler-3] [] INFO  c.e.s.services.EnvioSriBatchService - No hay facturas pendientes estado=I
2026-08-24 15:47:01.178 [sri-files-scheduler-3] [] INFO  c.e.s.services.EnvioSriBatchService - [SCHEDULER][sri-files-scheduler-3] FIN automatizacionEnvioFacturasElectonicas | detectados=0 | exitosas=0 | fallidas=0 | duracionMs=1178
2026-08-24 15:47:24.905 [SpringApplicationShutdownHook] [] INFO  o.s.b.w.e.tomcat.GracefulShutdown - Commencing graceful shutdown. Waiting for active requests to complete
2026-08-24 15:47:24.918 [tomcat-shutdown] [] INFO  o.s.b.w.e.tomcat.GracefulShutdown - Graceful shutdown complete
2026-08-24 15:47:54.935 [SpringApplicationShutdownHook] [] WARN  o.s.s.c.ThreadPoolTaskScheduler - Timed out while waiting for executor 'taskScheduler' to terminate
2026-08-24 15:47:54.936 [SpringApplicationShutdownHook] [] INFO  o.s.o.j.LocalContainerEntityManagerFactoryBean - Closing JPA EntityManagerFactory for persistence unit 'default'
2026-08-24 15:47:54.938 [SpringApplicationShutdownHook] [] INFO  com.zaxxer.hikari.HikariDataSource - HikariPool-1 - Shutdown initiated...
2026-08-24 15:47:54.940 [SpringApplicationShutdownHook] [] INFO  com.zaxxer.hikari.HikariDataSource - HikariPool-1 - Shutdown completed.
2026-08-24 15:48:07.676 [main] [] INFO  o.s.c.c.c.ConfigServicePropertySourceLocator - Fetching config from server at : http://localhost:8888
2026-08-24 15:48:07.713 [main] [] INFO  o.s.c.c.c.ConfigServicePropertySourceLocator - Located environment: name=msvc-sri, profiles=[default], label=null, version=null, state=null
2026-08-24 15:48:07.713 [main] [] INFO  o.s.c.b.c.PropertySourceBootstrapConfiguration - Located property source: [BootstrapPropertySource {name='bootstrapProperties-configClient'}, BootstrapPropertySource {name='bootstrapProperties-classpath:/config-data/msvc-sri.yml'}]
2026-08-24 15:48:07.730 [main] [] INFO  c.erp.sri_files.SriFilesApplication - The following 1 profile is active: "local"
2026-08-24 15:48:07.740 [main] [] INFO  o.s.c.c.c.ConfigServerConfigDataLoader - Fetching config from server at : http://config-server:8888
2026-08-24 15:48:07.740 [main] [] INFO  o.s.c.c.c.ConfigServerConfigDataLoader - Exception on Url - http://config-server:8888:org.springframework.web.client.ResourceAccessException: I/O error on GET request for "http://config-server:8888/msvc-sri/default": config-server. Will be trying the next url if available
2026-08-24 15:48:07.740 [main] [] WARN  o.s.c.c.c.ConfigServerConfigDataLoader - Could not locate PropertySource ([ConfigServerConfigDataResource@17a703f5 uris = array<String>['http://config-server:8888'], optional = true, profiles = 'default']): I/O error on GET request for "http://config-server:8888/msvc-sri/default": config-server
2026-08-24 15:48:07.742 [main] [] INFO  o.s.c.c.c.ConfigServerConfigDataLoader - Fetching config from server at : http://config-server:8888
2026-08-24 15:48:07.742 [main] [] INFO  o.s.c.c.c.ConfigServerConfigDataLoader - Exception on Url - http://config-server:8888:org.springframework.web.client.ResourceAccessException: I/O error on GET request for "http://config-server:8888/msvc-sri/local": config-server. Will be trying the next url if available
2026-08-24 15:48:07.742 [main] [] WARN  o.s.c.c.c.ConfigServerConfigDataLoader - Could not locate PropertySource ([ConfigServerConfigDataResource@3531f3ca uris = array<String>['http://config-server:8888'], optional = true, profiles = 'local']): I/O error on GET request for "http://config-server:8888/msvc-sri/local": config-server
2026-08-24 15:48:07.742 [main] [] INFO  o.s.c.c.c.ConfigServerConfigDataLoader - Fetching config from server at : http://config-server:8888
2026-08-24 15:48:07.742 [main] [] INFO  o.s.c.c.c.ConfigServerConfigDataLoader - Exception on Url - http://config-server:8888:org.springframework.web.client.ResourceAccessException: I/O error on GET request for "http://config-server:8888/msvc-sri/default": config-server. Will be trying the next url if available
2026-08-24 15:48:07.742 [main] [] WARN  o.s.c.c.c.ConfigServerConfigDataLoader - Could not locate PropertySource ([ConfigServerConfigDataResource@7fcf294e uris = array<String>['http://config-server:8888'], optional = true, profiles = 'default']): I/O error on GET request for "http://config-server:8888/msvc-sri/default": config-server
2026-08-24 15:48:08.475 [main] [] INFO  o.s.d.r.c.RepositoryConfigurationDelegate - Bootstrapping Spring Data JPA repositories in DEFAULT mode.
2026-08-24 15:48:08.620 [main] [] INFO  o.s.d.r.c.RepositoryConfigurationDelegate - Finished Spring Data repository scanning in 137 ms. Found 8 JPA repository interfaces.
2026-08-24 15:48:08.825 [main] [] INFO  o.s.cloud.context.scope.GenericScope - BeanFactory id=b1df5c56-7dd5-3f3c-9196-f1b7c82c2a60
2026-08-24 15:48:09.182 [main] [] INFO  o.s.b.w.e.tomcat.TomcatWebServer - Tomcat initialized with port 9096 (http)
2026-08-24 15:48:09.195 [main] [] INFO  o.a.coyote.http11.Http11NioProtocol - Initializing ProtocolHandler ["http-nio-9096"]
2026-08-24 15:48:09.199 [main] [] INFO  o.a.catalina.core.StandardService - Starting service [Tomcat]
2026-08-24 15:48:09.199 [main] [] INFO  o.a.catalina.core.StandardEngine - Starting Servlet engine: [Apache Tomcat/10.1.34]
2026-08-24 15:48:09.278 [main] [] INFO  o.a.c.c.C.[Tomcat].[localhost].[/] - Initializing Spring embedded WebApplicationContext
2026-08-24 15:48:09.280 [main] [] INFO  o.s.b.w.s.c.ServletWebServerApplicationContext - Root WebApplicationContext: initialization completed in 1536 ms
2026-08-24 15:48:09.348 [main] [] DEBUG c.e.sri_files.config.RateLimitFilter - Filter 'rateLimitFilter' configured for use
2026-08-24 15:48:09.350 [main] [] DEBUG c.e.sri_files.config.RequestIdFilter - Filter 'requestIdFilter' configured for use
2026-08-24 15:48:09.350 [main] [] DEBUG c.erp.sri_files.config.ApiKeyFilter - Filter 'apiKeyFilter' configured for use
2026-08-24 15:48:09.350 [main] [] DEBUG c.e.s.config.SecurityHeadersFilter - Filter 'securityHeadersFilter' configured for use
2026-08-24 15:48:09.784 [main] [] INFO  o.s.o.j.p.SpringPersistenceUnitInfo - No LoadTimeWeaver setup: ignoring JPA class transformer
2026-08-24 15:48:09.811 [main] [] INFO  com.zaxxer.hikari.HikariDataSource - HikariPool-1 - Starting...
2026-08-24 15:48:09.948 [main] [] INFO  com.zaxxer.hikari.pool.HikariPool - HikariPool-1 - Added connection org.postgresql.jdbc.PgConnection@6f2a1ff0
2026-08-24 15:48:09.948 [main] [] INFO  com.zaxxer.hikari.HikariDataSource - HikariPool-1 - Start completed.
2026-08-24 15:48:09.989 [main] [] WARN  org.hibernate.orm.deprecation - HHH90000025: PostgreSQLDialect does not need to be specified explicitly using 'hibernate.dialect' (remove the property setting and it will be selected by default)
2026-08-24 15:48:11.576 [main] [] WARN  o.h.t.s.i.ExceptionHandlerLoggedImpl - GenerationTarget encountered exception accepting command : Error executing DDL "alter table if exists definir alter column tipoambiente set data type smallint" via JDBC [ERROR: la columna «tipoambiente» no puede convertirse automáticamente al tipo smallint
  Hint: Puede ser necesario especificar «USING tipoambiente::smallint».]
org.hibernate.tool.schema.spi.CommandAcceptanceException: Error executing DDL "alter table if exists definir alter column tipoambiente set data type smallint" via JDBC [ERROR: la columna «tipoambiente» no puede convertirse automáticamente al tipo smallint
  Hint: Puede ser necesario especificar «USING tipoambiente::smallint».]
	at org.hibernate.tool.schema.internal.exec.GenerationTargetToDatabase.accept(GenerationTargetToDatabase.java:94)
	at org.hibernate.tool.schema.internal.AbstractSchemaMigrator.applySqlString(AbstractSchemaMigrator.java:576)
	at org.hibernate.tool.schema.internal.AbstractSchemaMigrator.applySqlStrings(AbstractSchemaMigrator.java:516)
	at org.hibernate.tool.schema.internal.AbstractSchemaMigrator.migrateTable(AbstractSchemaMigrator.java:334)
	at org.hibernate.tool.schema.internal.GroupedSchemaMigratorImpl.performTablesMigration(GroupedSchemaMigratorImpl.java:84)
	at org.hibernate.tool.schema.internal.AbstractSchemaMigrator.performMigration(AbstractSchemaMigrator.java:233)
	at org.hibernate.tool.schema.internal.AbstractSchemaMigrator.doMigration(AbstractSchemaMigrator.java:112)
	at org.hibernate.tool.schema.spi.SchemaManagementToolCoordinator.performDatabaseAction(SchemaManagementToolCoordinator.java:280)
	at org.hibernate.tool.schema.spi.SchemaManagementToolCoordinator.lambda$process$5(SchemaManagementToolCoordinator.java:144)
	at java.base/java.util.HashMap.forEach(HashMap.java:1429)
	at org.hibernate.tool.schema.spi.SchemaManagementToolCoordinator.process(SchemaManagementToolCoordinator.java:141)
	at org.hibernate.boot.internal.SessionFactoryObserverForSchemaExport.sessionFactoryCreated(SessionFactoryObserverForSchemaExport.java:37)
	at org.hibernate.internal.SessionFactoryObserverChain.sessionFactoryCreated(SessionFactoryObserverChain.java:35)
	at org.hibernate.internal.SessionFactoryImpl.<init>(SessionFactoryImpl.java:324)
	at org.hibernate.boot.internal.SessionFactoryBuilderImpl.build(SessionFactoryBuilderImpl.java:463)
	at org.hibernate.jpa.boot.internal.EntityManagerFactoryBuilderImpl.build(EntityManagerFactoryBuilderImpl.java:1506)
	at org.springframework.orm.jpa.vendor.SpringHibernateJpaPersistenceProvider.createContainerEntityManagerFactory(SpringHibernateJpaPersistenceProvider.java:66)
	at org.springframework.orm.jpa.LocalContainerEntityManagerFactoryBean.createNativeEntityManagerFactory(LocalContainerEntityManagerFactoryBean.java:390)
	at org.springframework.orm.jpa.AbstractEntityManagerFactoryBean.buildNativeEntityManagerFactory(AbstractEntityManagerFactoryBean.java:419)
	at org.springframework.orm.jpa.AbstractEntityManagerFactoryBean.afterPropertiesSet(AbstractEntityManagerFactoryBean.java:400)
	at org.springframework.orm.jpa.LocalContainerEntityManagerFactoryBean.afterPropertiesSet(LocalContainerEntityManagerFactoryBean.java:366)
	at org.springframework.beans.factory.support.AbstractAutowireCapableBeanFactory.invokeInitMethods(AbstractAutowireCapableBeanFactory.java:1855)
	at org.springframework.beans.factory.support.AbstractAutowireCapableBeanFactory.initializeBean(AbstractAutowireCapableBeanFactory.java:1804)
	at org.springframework.beans.factory.support.AbstractAutowireCapableBeanFactory.doCreateBean(AbstractAutowireCapableBeanFactory.java:601)
	at org.springframework.beans.factory.support.AbstractAutowireCapableBeanFactory.createBean(AbstractAutowireCapableBeanFactory.java:523)
	at org.springframework.beans.factory.support.AbstractBeanFactory.lambda$doGetBean$0(AbstractBeanFactory.java:336)
	at org.springframework.beans.factory.support.DefaultSingletonBeanRegistry.getSingleton(DefaultSingletonBeanRegistry.java:289)
	at org.springframework.beans.factory.support.AbstractBeanFactory.doGetBean(AbstractBeanFactory.java:334)
	at org.springframework.beans.factory.support.AbstractBeanFactory.getBean(AbstractBeanFactory.java:204)
	at org.springframework.context.support.AbstractApplicationContext.finishBeanFactoryInitialization(AbstractApplicationContext.java:970)
	at org.springframework.context.support.AbstractApplicationContext.refresh(AbstractApplicationContext.java:627)
	at org.springframework.boot.web.servlet.context.ServletWebServerApplicationContext.refresh(ServletWebServerApplicationContext.java:146)
	at org.springframework.boot.SpringApplication.refresh(SpringApplication.java:752)
	at org.springframework.boot.SpringApplication.refreshContext(SpringApplication.java:439)
	at org.springframework.boot.SpringApplication.run(SpringApplication.java:318)
	at org.springframework.boot.SpringApplication.run(SpringApplication.java:1361)
	at org.springframework.boot.SpringApplication.run(SpringApplication.java:1350)
	at com.erp.sri_files.SriFilesApplication.main(SriFilesApplication.java:19)
Caused by: org.postgresql.util.PSQLException: ERROR: la columna «tipoambiente» no puede convertirse automáticamente al tipo smallint
  Hint: Puede ser necesario especificar «USING tipoambiente::smallint».
	at org.postgresql.core.v3.QueryExecutorImpl.receiveErrorResponse(QueryExecutorImpl.java:2733)
	at org.postgresql.core.v3.QueryExecutorImpl.processResults(QueryExecutorImpl.java:2420)
	at org.postgresql.core.v3.QueryExecutorImpl.execute(QueryExecutorImpl.java:372)
	at org.postgresql.jdbc.PgStatement.executeInternal(PgStatement.java:517)
	at org.postgresql.jdbc.PgStatement.execute(PgStatement.java:434)
	at org.postgresql.jdbc.PgStatement.executeWithFlags(PgStatement.java:356)
	at org.postgresql.jdbc.PgStatement.executeCachedSql(PgStatement.java:341)
	at org.postgresql.jdbc.PgStatement.executeWithFlags(PgStatement.java:317)
	at org.postgresql.jdbc.PgStatement.execute(PgStatement.java:312)
	at com.zaxxer.hikari.pool.ProxyStatement.execute(ProxyStatement.java:94)
	at com.zaxxer.hikari.pool.HikariProxyStatement.execute(HikariProxyStatement.java)
	at org.hibernate.tool.schema.internal.exec.GenerationTargetToDatabase.accept(GenerationTargetToDatabase.java:80)
	... 37 common frames omitted
2026-08-24 15:50:58.856 [main] [] INFO  o.s.c.c.c.ConfigServicePropertySourceLocator - Fetching config from server at : http://localhost:8888
2026-08-24 15:50:58.863 [main] [] INFO  o.s.c.c.c.ConfigServicePropertySourceLocator - Exception on Url - http://localhost:8888:org.springframework.web.client.ResourceAccessException: I/O error on GET request for "http://localhost:8888/msvc-sri/default": Connection refused: getsockopt. Will be trying the next url if available
2026-08-24 15:50:58.863 [main] [] WARN  o.s.c.c.c.ConfigServicePropertySourceLocator - Could not locate PropertySource: I/O error on GET request for "http://localhost:8888/msvc-sri/default": Connection refused: getsockopt
2026-08-24 15:50:58.865 [main] [] INFO  c.erp.sri_files.SriFilesApplication - The following 1 profile is active: "local"
2026-08-24 15:50:58.873 [main] [] INFO  o.s.c.c.c.ConfigServerConfigDataLoader - Fetching config from server at : http://config-server:8888
2026-08-24 15:50:58.873 [main] [] INFO  o.s.c.c.c.ConfigServerConfigDataLoader - Exception on Url - http://config-server:8888:org.springframework.web.client.ResourceAccessException: I/O error on GET request for "http://config-server:8888/msvc-sri/default": config-server. Will be trying the next url if available
2026-08-24 15:50:58.873 [main] [] WARN  o.s.c.c.c.ConfigServerConfigDataLoader - Could not locate PropertySource ([ConfigServerConfigDataResource@45bf6f39 uris = array<String>['http://config-server:8888'], optional = true, profiles = 'default']): I/O error on GET request for "http://config-server:8888/msvc-sri/default": config-server
2026-08-24 15:50:58.873 [main] [] INFO  o.s.c.c.c.ConfigServerConfigDataLoader - Fetching config from server at : http://config-server:8888
2026-08-24 15:50:58.873 [main] [] INFO  o.s.c.c.c.ConfigServerConfigDataLoader - Exception on Url - http://config-server:8888:org.springframework.web.client.ResourceAccessException: I/O error on GET request for "http://config-server:8888/msvc-sri/local": config-server. Will be trying the next url if available
2026-08-24 15:50:58.873 [main] [] WARN  o.s.c.c.c.ConfigServerConfigDataLoader - Could not locate PropertySource ([ConfigServerConfigDataResource@618ad2aa uris = array<String>['http://config-server:8888'], optional = true, profiles = 'local']): I/O error on GET request for "http://config-server:8888/msvc-sri/local": config-server
2026-08-24 15:50:58.873 [main] [] INFO  o.s.c.c.c.ConfigServerConfigDataLoader - Fetching config from server at : http://config-server:8888
2026-08-24 15:50:58.873 [main] [] INFO  o.s.c.c.c.ConfigServerConfigDataLoader - Exception on Url - http://config-server:8888:org.springframework.web.client.ResourceAccessException: I/O error on GET request for "http://config-server:8888/msvc-sri/default": config-server. Will be trying the next url if available
2026-08-24 15:50:58.873 [main] [] WARN  o.s.c.c.c.ConfigServerConfigDataLoader - Could not locate PropertySource ([ConfigServerConfigDataResource@1aa6e3c0 uris = array<String>['http://config-server:8888'], optional = true, profiles = 'default']): I/O error on GET request for "http://config-server:8888/msvc-sri/default": config-server
2026-08-24 15:50:59.289 [main] [] INFO  o.s.d.r.c.RepositoryConfigurationDelegate - Bootstrapping Spring Data JPA repositories in DEFAULT mode.
2026-08-24 15:50:59.367 [main] [] INFO  o.s.d.r.c.RepositoryConfigurationDelegate - Finished Spring Data repository scanning in 73 ms. Found 8 JPA repository interfaces.
2026-08-24 15:50:59.492 [main] [] INFO  o.s.cloud.context.scope.GenericScope - BeanFactory id=b1df5c56-7dd5-3f3c-9196-f1b7c82c2a60
2026-08-24 15:50:59.695 [main] [] INFO  o.s.b.w.e.tomcat.TomcatWebServer - Tomcat initialized with port 9096 (http)
2026-08-24 15:50:59.701 [main] [] INFO  o.a.coyote.http11.Http11NioProtocol - Initializing ProtocolHandler ["http-nio-9096"]
2026-08-24 15:50:59.702 [main] [] INFO  o.a.catalina.core.StandardService - Starting service [Tomcat]
2026-08-24 15:50:59.703 [main] [] INFO  o.a.catalina.core.StandardEngine - Starting Servlet engine: [Apache Tomcat/10.1.34]
2026-08-24 15:50:59.746 [main] [] INFO  o.a.c.c.C.[Tomcat].[localhost].[/] - Initializing Spring embedded WebApplicationContext
2026-08-24 15:50:59.746 [main] [] INFO  o.s.b.w.s.c.ServletWebServerApplicationContext - Root WebApplicationContext: initialization completed in 873 ms
2026-08-24 15:50:59.782 [main] [] DEBUG c.e.sri_files.config.RateLimitFilter - Filter 'rateLimitFilter' configured for use
2026-08-24 15:50:59.783 [main] [] DEBUG c.e.sri_files.config.RequestIdFilter - Filter 'requestIdFilter' configured for use
2026-08-24 15:50:59.783 [main] [] DEBUG c.erp.sri_files.config.ApiKeyFilter - Filter 'apiKeyFilter' configured for use
2026-08-24 15:50:59.783 [main] [] DEBUG c.e.s.config.SecurityHeadersFilter - Filter 'securityHeadersFilter' configured for use
2026-08-24 15:51:00.014 [main] [] INFO  o.s.o.j.p.SpringPersistenceUnitInfo - No LoadTimeWeaver setup: ignoring JPA class transformer
2026-08-24 15:51:00.030 [main] [] INFO  com.zaxxer.hikari.HikariDataSource - HikariPool-1 - Starting...
2026-08-24 15:51:00.119 [main] [] INFO  com.zaxxer.hikari.pool.HikariPool - HikariPool-1 - Added connection org.postgresql.jdbc.PgConnection@584fb03d
2026-08-24 15:51:00.120 [main] [] INFO  com.zaxxer.hikari.HikariDataSource - HikariPool-1 - Start completed.
2026-08-24 15:51:00.146 [main] [] WARN  org.hibernate.orm.deprecation - HHH90000025: PostgreSQLDialect does not need to be specified explicitly using 'hibernate.dialect' (remove the property setting and it will be selected by default)
2026-08-24 15:51:00.987 [main] [] WARN  o.h.t.s.i.ExceptionHandlerLoggedImpl - GenerationTarget encountered exception accepting command : Error executing DDL "alter table if exists definir alter column tipoambiente set data type smallint" via JDBC [ERROR: la columna «tipoambiente» no puede convertirse automáticamente al tipo smallint
  Hint: Puede ser necesario especificar «USING tipoambiente::smallint».]
org.hibernate.tool.schema.spi.CommandAcceptanceException: Error executing DDL "alter table if exists definir alter column tipoambiente set data type smallint" via JDBC [ERROR: la columna «tipoambiente» no puede convertirse automáticamente al tipo smallint
  Hint: Puede ser necesario especificar «USING tipoambiente::smallint».]
	at org.hibernate.tool.schema.internal.exec.GenerationTargetToDatabase.accept(GenerationTargetToDatabase.java:94)
	at org.hibernate.tool.schema.internal.AbstractSchemaMigrator.applySqlString(AbstractSchemaMigrator.java:576)
	at org.hibernate.tool.schema.internal.AbstractSchemaMigrator.applySqlStrings(AbstractSchemaMigrator.java:516)
	at org.hibernate.tool.schema.internal.AbstractSchemaMigrator.migrateTable(AbstractSchemaMigrator.java:334)
	at org.hibernate.tool.schema.internal.GroupedSchemaMigratorImpl.performTablesMigration(GroupedSchemaMigratorImpl.java:84)
	at org.hibernate.tool.schema.internal.AbstractSchemaMigrator.performMigration(AbstractSchemaMigrator.java:233)
	at org.hibernate.tool.schema.internal.AbstractSchemaMigrator.doMigration(AbstractSchemaMigrator.java:112)
	at org.hibernate.tool.schema.spi.SchemaManagementToolCoordinator.performDatabaseAction(SchemaManagementToolCoordinator.java:280)
	at org.hibernate.tool.schema.spi.SchemaManagementToolCoordinator.lambda$process$5(SchemaManagementToolCoordinator.java:144)
	at java.base/java.util.HashMap.forEach(HashMap.java:1429)
	at org.hibernate.tool.schema.spi.SchemaManagementToolCoordinator.process(SchemaManagementToolCoordinator.java:141)
	at org.hibernate.boot.internal.SessionFactoryObserverForSchemaExport.sessionFactoryCreated(SessionFactoryObserverForSchemaExport.java:37)
	at org.hibernate.internal.SessionFactoryObserverChain.sessionFactoryCreated(SessionFactoryObserverChain.java:35)
	at org.hibernate.internal.SessionFactoryImpl.<init>(SessionFactoryImpl.java:324)
	at org.hibernate.boot.internal.SessionFactoryBuilderImpl.build(SessionFactoryBuilderImpl.java:463)
	at org.hibernate.jpa.boot.internal.EntityManagerFactoryBuilderImpl.build(EntityManagerFactoryBuilderImpl.java:1506)
	at org.springframework.orm.jpa.vendor.SpringHibernateJpaPersistenceProvider.createContainerEntityManagerFactory(SpringHibernateJpaPersistenceProvider.java:66)
	at org.springframework.orm.jpa.LocalContainerEntityManagerFactoryBean.createNativeEntityManagerFactory(LocalContainerEntityManagerFactoryBean.java:390)
	at org.springframework.orm.jpa.AbstractEntityManagerFactoryBean.buildNativeEntityManagerFactory(AbstractEntityManagerFactoryBean.java:419)
	at org.springframework.orm.jpa.AbstractEntityManagerFactoryBean.afterPropertiesSet(AbstractEntityManagerFactoryBean.java:400)
	at org.springframework.orm.jpa.LocalContainerEntityManagerFactoryBean.afterPropertiesSet(LocalContainerEntityManagerFactoryBean.java:366)
	at org.springframework.beans.factory.support.AbstractAutowireCapableBeanFactory.invokeInitMethods(AbstractAutowireCapableBeanFactory.java:1855)
	at org.springframework.beans.factory.support.AbstractAutowireCapableBeanFactory.initializeBean(AbstractAutowireCapableBeanFactory.java:1804)
	at org.springframework.beans.factory.support.AbstractAutowireCapableBeanFactory.doCreateBean(AbstractAutowireCapableBeanFactory.java:601)
	at org.springframework.beans.factory.support.AbstractAutowireCapableBeanFactory.createBean(AbstractAutowireCapableBeanFactory.java:523)
	at org.springframework.beans.factory.support.AbstractBeanFactory.lambda$doGetBean$0(AbstractBeanFactory.java:336)
	at org.springframework.beans.factory.support.DefaultSingletonBeanRegistry.getSingleton(DefaultSingletonBeanRegistry.java:289)
	at org.springframework.beans.factory.support.AbstractBeanFactory.doGetBean(AbstractBeanFactory.java:334)
	at org.springframework.beans.factory.support.AbstractBeanFactory.getBean(AbstractBeanFactory.java:204)
	at org.springframework.context.support.AbstractApplicationContext.finishBeanFactoryInitialization(AbstractApplicationContext.java:970)
	at org.springframework.context.support.AbstractApplicationContext.refresh(AbstractApplicationContext.java:627)
	at org.springframework.boot.web.servlet.context.ServletWebServerApplicationContext.refresh(ServletWebServerApplicationContext.java:146)
	at org.springframework.boot.SpringApplication.refresh(SpringApplication.java:752)
	at org.springframework.boot.SpringApplication.refreshContext(SpringApplication.java:439)
	at org.springframework.boot.SpringApplication.run(SpringApplication.java:318)
	at org.springframework.boot.SpringApplication.run(SpringApplication.java:1361)
	at org.springframework.boot.SpringApplication.run(SpringApplication.java:1350)
	at com.erp.sri_files.SriFilesApplication.main(SriFilesApplication.java:19)
Caused by: org.postgresql.util.PSQLException: ERROR: la columna «tipoambiente» no puede convertirse automáticamente al tipo smallint
  Hint: Puede ser necesario especificar «USING tipoambiente::smallint».
	at org.postgresql.core.v3.QueryExecutorImpl.receiveErrorResponse(QueryExecutorImpl.java:2733)
	at org.postgresql.core.v3.QueryExecutorImpl.processResults(QueryExecutorImpl.java:2420)
	at org.postgresql.core.v3.QueryExecutorImpl.execute(QueryExecutorImpl.java:372)
	at org.postgresql.jdbc.PgStatement.executeInternal(PgStatement.java:517)
	at org.postgresql.jdbc.PgStatement.execute(PgStatement.java:434)
	at org.postgresql.jdbc.PgStatement.executeWithFlags(PgStatement.java:356)
	at org.postgresql.jdbc.PgStatement.executeCachedSql(PgStatement.java:341)
	at org.postgresql.jdbc.PgStatement.executeWithFlags(PgStatement.java:317)
	at org.postgresql.jdbc.PgStatement.execute(PgStatement.java:312)
	at com.zaxxer.hikari.pool.ProxyStatement.execute(ProxyStatement.java:94)
	at com.zaxxer.hikari.pool.HikariProxyStatement.execute(HikariProxyStatement.java)
	at org.hibernate.tool.schema.internal.exec.GenerationTargetToDatabase.accept(GenerationTargetToDatabase.java:80)
	... 37 common frames omitted
2026-08-24 15:57:41.991 [main] [] WARN  o.h.t.s.i.ExceptionHandlerLoggedImpl - GenerationTarget encountered exception accepting command : Error executing DDL "alter table if exists fec_factura alter column errores set data type varchar(255)" via JDBC [ERROR: el valor es demasiado largo para el tipo character varying(255)]
org.hibernate.tool.schema.spi.CommandAcceptanceException: Error executing DDL "alter table if exists fec_factura alter column errores set data type varchar(255)" via JDBC [ERROR: el valor es demasiado largo para el tipo character varying(255)]
	at org.hibernate.tool.schema.internal.exec.GenerationTargetToDatabase.accept(GenerationTargetToDatabase.java:94)
	at org.hibernate.tool.schema.internal.AbstractSchemaMigrator.applySqlString(AbstractSchemaMigrator.java:576)
	at org.hibernate.tool.schema.internal.AbstractSchemaMigrator.applySqlStrings(AbstractSchemaMigrator.java:516)
	at org.hibernate.tool.schema.internal.AbstractSchemaMigrator.migrateTable(AbstractSchemaMigrator.java:334)
	at org.hibernate.tool.schema.internal.GroupedSchemaMigratorImpl.performTablesMigration(GroupedSchemaMigratorImpl.java:84)
	at org.hibernate.tool.schema.internal.AbstractSchemaMigrator.performMigration(AbstractSchemaMigrator.java:233)
	at org.hibernate.tool.schema.internal.AbstractSchemaMigrator.doMigration(AbstractSchemaMigrator.java:112)
	at org.hibernate.tool.schema.spi.SchemaManagementToolCoordinator.performDatabaseAction(SchemaManagementToolCoordinator.java:280)
	at org.hibernate.tool.schema.spi.SchemaManagementToolCoordinator.lambda$process$5(SchemaManagementToolCoordinator.java:144)
	at java.base/java.util.HashMap.forEach(HashMap.java:1429)
	at org.hibernate.tool.schema.spi.SchemaManagementToolCoordinator.process(SchemaManagementToolCoordinator.java:141)
	at org.hibernate.boot.internal.SessionFactoryObserverForSchemaExport.sessionFactoryCreated(SessionFactoryObserverForSchemaExport.java:37)
	at org.hibernate.internal.SessionFactoryObserverChain.sessionFactoryCreated(SessionFactoryObserverChain.java:35)
	at org.hibernate.internal.SessionFactoryImpl.<init>(SessionFactoryImpl.java:324)
	at org.hibernate.boot.internal.SessionFactoryBuilderImpl.build(SessionFactoryBuilderImpl.java:463)
	at org.hibernate.jpa.boot.internal.EntityManagerFactoryBuilderImpl.build(EntityManagerFactoryBuilderImpl.java:1506)
	at org.springframework.orm.jpa.vendor.SpringHibernateJpaPersistenceProvider.createContainerEntityManagerFactory(SpringHibernateJpaPersistenceProvider.java:66)
	at org.springframework.orm.jpa.LocalContainerEntityManagerFactoryBean.createNativeEntityManagerFactory(LocalContainerEntityManagerFactoryBean.java:390)
	at org.springframework.orm.jpa.AbstractEntityManagerFactoryBean.buildNativeEntityManagerFactory(AbstractEntityManagerFactoryBean.java:419)
	at org.springframework.orm.jpa.AbstractEntityManagerFactoryBean.afterPropertiesSet(AbstractEntityManagerFactoryBean.java:400)
	at org.springframework.orm.jpa.LocalContainerEntityManagerFactoryBean.afterPropertiesSet(LocalContainerEntityManagerFactoryBean.java:366)
	at org.springframework.beans.factory.support.AbstractAutowireCapableBeanFactory.invokeInitMethods(AbstractAutowireCapableBeanFactory.java:1855)
	at org.springframework.beans.factory.support.AbstractAutowireCapableBeanFactory.initializeBean(AbstractAutowireCapableBeanFactory.java:1804)
	at org.springframework.beans.factory.support.AbstractAutowireCapableBeanFactory.doCreateBean(AbstractAutowireCapableBeanFactory.java:601)
	at org.springframework.beans.factory.support.AbstractAutowireCapableBeanFactory.createBean(AbstractAutowireCapableBeanFactory.java:523)
	at org.springframework.beans.factory.support.AbstractBeanFactory.lambda$doGetBean$0(AbstractBeanFactory.java:336)
	at org.springframework.beans.factory.support.DefaultSingletonBeanRegistry.getSingleton(DefaultSingletonBeanRegistry.java:289)
	at org.springframework.beans.factory.support.AbstractBeanFactory.doGetBean(AbstractBeanFactory.java:334)
	at org.springframework.beans.factory.support.AbstractBeanFactory.getBean(AbstractBeanFactory.java:204)
	at org.springframework.context.support.AbstractApplicationContext.finishBeanFactoryInitialization(AbstractApplicationContext.java:970)
	at org.springframework.context.support.AbstractApplicationContext.refresh(AbstractApplicationContext.java:627)
	at org.springframework.boot.web.servlet.context.ServletWebServerApplicationContext.refresh(ServletWebServerApplicationContext.java:146)
	at org.springframework.boot.SpringApplication.refresh(SpringApplication.java:752)
	at org.springframework.boot.SpringApplication.refreshContext(SpringApplication.java:439)
	at org.springframework.boot.SpringApplication.run(SpringApplication.java:318)
	at org.springframework.boot.SpringApplication.run(SpringApplication.java:1361)
	at org.springframework.boot.SpringApplication.run(SpringApplication.java:1350)
	at com.erp.sri_files.SriFilesApplication.main(SriFilesApplication.java:19)
Caused by: org.postgresql.util.PSQLException: ERROR: el valor es demasiado largo para el tipo character varying(255)
	at org.postgresql.core.v3.QueryExecutorImpl.receiveErrorResponse(QueryExecutorImpl.java:2733)
	at org.postgresql.core.v3.QueryExecutorImpl.processResults(QueryExecutorImpl.java:2420)
	at org.postgresql.core.v3.QueryExecutorImpl.execute(QueryExecutorImpl.java:372)
	at org.postgresql.jdbc.PgStatement.executeInternal(PgStatement.java:517)
	at org.postgresql.jdbc.PgStatement.execute(PgStatement.java:434)
	at org.postgresql.jdbc.PgStatement.executeWithFlags(PgStatement.java:356)
	at org.postgresql.jdbc.PgStatement.executeCachedSql(PgStatement.java:341)
	at org.postgresql.jdbc.PgStatement.executeWithFlags(PgStatement.java:317)
	at org.postgresql.jdbc.PgStatement.execute(PgStatement.java:312)
	at com.zaxxer.hikari.pool.ProxyStatement.execute(ProxyStatement.java:94)
	at com.zaxxer.hikari.pool.HikariProxyStatement.execute(HikariProxyStatement.java)
	at org.hibernate.tool.schema.internal.exec.GenerationTargetToDatabase.accept(GenerationTargetToDatabase.java:80)
	... 37 common frames omitted
2026-08-24 16:05:47.844 [main] [] WARN  o.h.t.s.i.ExceptionHandlerLoggedImpl - GenerationTarget encountered exception accepting command : Error executing DDL "alter table if exists fec_factura alter column xmlautorizado set data type varchar(255)" via JDBC [ERROR: el valor es demasiado largo para el tipo character varying(255)]
org.hibernate.tool.schema.spi.CommandAcceptanceException: Error executing DDL "alter table if exists fec_factura alter column xmlautorizado set data type varchar(255)" via JDBC [ERROR: el valor es demasiado largo para el tipo character varying(255)]
	at org.hibernate.tool.schema.internal.exec.GenerationTargetToDatabase.accept(GenerationTargetToDatabase.java:94)
	at org.hibernate.tool.schema.internal.AbstractSchemaMigrator.applySqlString(AbstractSchemaMigrator.java:576)
	at org.hibernate.tool.schema.internal.AbstractSchemaMigrator.applySqlStrings(AbstractSchemaMigrator.java:516)
	at org.hibernate.tool.schema.internal.AbstractSchemaMigrator.migrateTable(AbstractSchemaMigrator.java:334)
	at org.hibernate.tool.schema.internal.GroupedSchemaMigratorImpl.performTablesMigration(GroupedSchemaMigratorImpl.java:84)
	at org.hibernate.tool.schema.internal.AbstractSchemaMigrator.performMigration(AbstractSchemaMigrator.java:233)
	at org.hibernate.tool.schema.internal.AbstractSchemaMigrator.doMigration(AbstractSchemaMigrator.java:112)
	at org.hibernate.tool.schema.spi.SchemaManagementToolCoordinator.performDatabaseAction(SchemaManagementToolCoordinator.java:280)
	at org.hibernate.tool.schema.spi.SchemaManagementToolCoordinator.lambda$process$5(SchemaManagementToolCoordinator.java:144)
	at java.base/java.util.HashMap.forEach(HashMap.java:1429)
	at org.hibernate.tool.schema.spi.SchemaManagementToolCoordinator.process(SchemaManagementToolCoordinator.java:141)
	at org.hibernate.boot.internal.SessionFactoryObserverForSchemaExport.sessionFactoryCreated(SessionFactoryObserverForSchemaExport.java:37)
	at org.hibernate.internal.SessionFactoryObserverChain.sessionFactoryCreated(SessionFactoryObserverChain.java:35)
	at org.hibernate.internal.SessionFactoryImpl.<init>(SessionFactoryImpl.java:324)
	at org.hibernate.boot.internal.SessionFactoryBuilderImpl.build(SessionFactoryBuilderImpl.java:463)
	at org.hibernate.jpa.boot.internal.EntityManagerFactoryBuilderImpl.build(EntityManagerFactoryBuilderImpl.java:1506)
	at org.springframework.orm.jpa.vendor.SpringHibernateJpaPersistenceProvider.createContainerEntityManagerFactory(SpringHibernateJpaPersistenceProvider.java:66)
	at org.springframework.orm.jpa.LocalContainerEntityManagerFactoryBean.createNativeEntityManagerFactory(LocalContainerEntityManagerFactoryBean.java:390)
	at org.springframework.orm.jpa.AbstractEntityManagerFactoryBean.buildNativeEntityManagerFactory(AbstractEntityManagerFactoryBean.java:419)
	at org.springframework.orm.jpa.AbstractEntityManagerFactoryBean.afterPropertiesSet(AbstractEntityManagerFactoryBean.java:400)
	at org.springframework.orm.jpa.LocalContainerEntityManagerFactoryBean.afterPropertiesSet(LocalContainerEntityManagerFactoryBean.java:366)
	at org.springframework.beans.factory.support.AbstractAutowireCapableBeanFactory.invokeInitMethods(AbstractAutowireCapableBeanFactory.java:1855)
	at org.springframework.beans.factory.support.AbstractAutowireCapableBeanFactory.initializeBean(AbstractAutowireCapableBeanFactory.java:1804)
	at org.springframework.beans.factory.support.AbstractAutowireCapableBeanFactory.doCreateBean(AbstractAutowireCapableBeanFactory.java:601)
	at org.springframework.beans.factory.support.AbstractAutowireCapableBeanFactory.createBean(AbstractAutowireCapableBeanFactory.java:523)
	at org.springframework.beans.factory.support.AbstractBeanFactory.lambda$doGetBean$0(AbstractBeanFactory.java:336)
	at org.springframework.beans.factory.support.DefaultSingletonBeanRegistry.getSingleton(DefaultSingletonBeanRegistry.java:289)
	at org.springframework.beans.factory.support.AbstractBeanFactory.doGetBean(AbstractBeanFactory.java:334)
	at org.springframework.beans.factory.support.AbstractBeanFactory.getBean(AbstractBeanFactory.java:204)
	at org.springframework.context.support.AbstractApplicationContext.finishBeanFactoryInitialization(AbstractApplicationContext.java:970)
	at org.springframework.context.support.AbstractApplicationContext.refresh(AbstractApplicationContext.java:627)
	at org.springframework.boot.web.servlet.context.ServletWebServerApplicationContext.refresh(ServletWebServerApplicationContext.java:146)
	at org.springframework.boot.SpringApplication.refresh(SpringApplication.java:752)
	at org.springframework.boot.SpringApplication.refreshContext(SpringApplication.java:439)
	at org.springframework.boot.SpringApplication.run(SpringApplication.java:318)
	at org.springframework.boot.SpringApplication.run(SpringApplication.java:1361)
	at org.springframework.boot.SpringApplication.run(SpringApplication.java:1350)
	at com.erp.sri_files.SriFilesApplication.main(SriFilesApplication.java:19)
Caused by: org.postgresql.util.PSQLException: ERROR: el valor es demasiado largo para el tipo character varying(255)
	at org.postgresql.core.v3.QueryExecutorImpl.receiveErrorResponse(QueryExecutorImpl.java:2733)
	at org.postgresql.core.v3.QueryExecutorImpl.processResults(QueryExecutorImpl.java:2420)
	at org.postgresql.core.v3.QueryExecutorImpl.execute(QueryExecutorImpl.java:372)
	at org.postgresql.jdbc.PgStatement.executeInternal(PgStatement.java:517)
	at org.postgresql.jdbc.PgStatement.execute(PgStatement.java:434)
	at org.postgresql.jdbc.PgStatement.executeWithFlags(PgStatement.java:356)
	at org.postgresql.jdbc.PgStatement.executeCachedSql(PgStatement.java:341)
	at org.postgresql.jdbc.PgStatement.executeWithFlags(PgStatement.java:317)
	at org.postgresql.jdbc.PgStatement.execute(PgStatement.java:312)
	at com.zaxxer.hikari.pool.ProxyStatement.execute(ProxyStatement.java:94)
	at com.zaxxer.hikari.pool.HikariProxyStatement.execute(HikariProxyStatement.java)
	at org.hibernate.tool.schema.internal.exec.GenerationTargetToDatabase.accept(GenerationTargetToDatabase.java:80)
	... 37 common frames omitted
2026-08-24 16:05:58.185 [main] [] INFO  o.s.o.j.LocalContainerEntityManagerFactoryBean - Initialized JPA EntityManagerFactory for persistence unit 'default'
2026-08-24 16:05:58.362 [main] [] INFO  o.s.d.j.r.query.QueryEnhancerFactory - Hibernate is in classpath; If applicable, HQL parser will be used.
2026-08-24 16:05:59.779 [main] [] WARN  o.s.b.a.t.ThymeleafAutoConfiguration$DefaultTemplateResolverConfiguration - Cannot find template location: classpath:/templates/ (please add some templates, check your Thymeleaf configuration, or set spring.thymeleaf.check-template-location=false)
2026-08-24 16:05:59.939 [main] [] WARN  o.s.b.a.o.j.JpaBaseConfiguration$JpaWebConfiguration - spring.jpa.open-in-view is enabled by default. Therefore, database queries may be performed during view rendering. Explicitly configure spring.jpa.open-in-view to disable this warning
2026-08-24 16:06:00.313 [main] [] INFO  o.s.c.n.e.c.DiscoveryClientOptionalArgsConfiguration - Eureka HTTP Client uses RestTemplate.
2026-08-24 16:06:00.354 [main] [] WARN  o.s.c.l.c.LoadBalancerCacheAutoConfiguration$LoadBalancerCaffeineWarnLogger - Spring Cloud LoadBalancer is currently working with the default cache. While this cache implementation is useful for development and tests, it's recommended to use Caffeine cache in production.You can switch to using Caffeine cache, by adding it and org.springframework.cache.caffeine.CaffeineCacheManager to the classpath.
2026-08-24 16:06:00.372 [main] [] INFO  o.a.coyote.http11.Http11NioProtocol - Starting ProtocolHandler ["http-nio-9096"]
2026-08-24 16:06:00.389 [main] [] INFO  o.s.b.w.e.tomcat.TomcatWebServer - Tomcat started on port 9096 (http) with context path '/'
2026-08-24 16:06:00.416 [main] [] INFO  c.erp.sri_files.SriFilesApplication - Started SriFilesApplication in 909.602 seconds (process running for 910.02)
2026-08-24 16:06:30.004 [sri-files-scheduler-3] [] INFO  c.e.s.s.NuevoDocumentoScheduler - [SCHEDULER][V1] INICIO recuperación autorizaciones @ 2026-08-24T16:06:30.004806500
2026-08-24 16:06:30.010 [sri-files-scheduler-1] [] INFO  c.e.s.services.EnvioSriBatchService - [SCHEDULER][sri-files-scheduler-1] INICIO automatizacionConsultarXml @ 2026-08-24T16:06:30.010169800
2026-08-24 16:06:30.010 [sri-files-scheduler-1] [] INFO  c.e.s.services.EnvioSriBatchService - Iniciando consulta de XML pendientes
2026-08-24 16:06:30.063 [sri-files-scheduler-3] [] INFO  c.e.s.s.NuevoDocumentoScheduler - [SCHEDULER][V1] FIN recuperación | detectados=0 | autorizados=0 | pendientes=0 | duracionMs=59
2026-08-24 16:07:00.003 [sri-files-scheduler-2] [] INFO  c.e.s.s.NuevoDocumentoScheduler - [SCHEDULER][V1] INICIO envío pendientes @ 2026-08-24T16:07:00.003470700
2026-08-24 16:07:00.003 [sri-files-scheduler-4] [] INFO  c.e.s.services.EnvioSriBatchService - [SCHEDULER][sri-files-scheduler-4] INICIO automatizacionEnvioFacturasElectonicas @ 2026-08-24T16:07:00.003965400
2026-08-24 16:07:00.003 [sri-files-scheduler-4] [] INFO  c.e.s.services.EnvioSriBatchService - Ejecutando envio de facturas at=2026-08-24T16:07:00.003965400
2026-08-24 16:07:00.017 [sri-files-scheduler-2] [] INFO  c.e.s.s.NuevoDocumentoScheduler - [SCHEDULER][V1] FIN envío | detectados=0 | exitosos=0 | fallidos=0 | duracionMs=14
2026-08-24 16:07:01.038 [sri-files-scheduler-4] [] INFO  c.e.s.services.EnvioSriBatchService - No hay facturas pendientes estado=I
2026-08-24 16:07:01.038 [sri-files-scheduler-4] [] INFO  c.e.s.services.EnvioSriBatchService - [SCHEDULER][sri-files-scheduler-4] FIN automatizacionEnvioFacturasElectonicas | detectados=0 | exitosas=0 | fallidas=0 | duracionMs=1035
2026-08-24 16:08:00.010 [sri-files-scheduler-2] [] INFO  c.e.s.services.EnvioSriBatchService - [SCHEDULER][sri-files-scheduler-2] INICIO automatizacionEnvioFacturasElectonicas @ 2026-08-24T16:08:00.010978
2026-08-24 16:08:00.010 [sri-files-scheduler-2] [] INFO  c.e.s.services.EnvioSriBatchService - Ejecutando envio de facturas at=2026-08-24T16:08:00.010978
2026-08-24 16:08:00.042 [sri-files-scheduler-4] [] INFO  c.e.s.batch.BatchJobScheduler - Batch automático ejecutado: tipo=ENVIAR_SRI uuid=0439db48-42bb-4633-8e12-c378af4b0977
2026-08-24 16:08:00.042 [sri-files-scheduler-3] [] INFO  c.e.s.batch.BatchJobScheduler - Batch automático ejecutado: tipo=ENVIAR_CORREO uuid=40a8fe42-a6d0-4d9d-874d-cc7d13b46ca4
2026-08-24 16:08:00.043 [sri-files-scheduler-4] [] INFO  c.e.s.s.NuevoDocumentoScheduler - [SCHEDULER][V1] INICIO envío pendientes @ 2026-08-24T16:08:00.043662600
2026-08-24 16:08:00.050 [sri-files-scheduler-4] [] INFO  c.e.s.s.NuevoDocumentoScheduler - [SCHEDULER][V1] FIN envío | detectados=0 | exitosos=0 | fallidos=0 | duracionMs=7
2026-08-24 16:08:00.050 [task-2] [40a8fe42-a6d0-4d9d-874d-cc7d13b46ca4] INFO  c.e.s.batch.BatchProcessorService - Iniciando batch job 40a8fe42-a6d0-4d9d-874d-cc7d13b46ca4 tipo=ENVIAR_CORREO [batchJob=40a8fe42-a6d0-4d9d-874d-cc7d13b46ca4]
2026-08-24 16:08:00.050 [task-1] [0439db48-42bb-4633-8e12-c378af4b0977] INFO  c.e.s.batch.BatchProcessorService - Iniciando batch job 0439db48-42bb-4633-8e12-c378af4b0977 tipo=ENVIAR_SRI [batchJob=0439db48-42bb-4633-8e12-c378af4b0977]
2026-08-24 16:08:00.064 [task-1] [0439db48-42bb-4633-8e12-c378af4b0977] INFO  c.e.s.batch.BatchProcessorService - Documentos encontrados: 0 [batchJob=0439db48-42bb-4633-8e12-c378af4b0977]
2026-08-24 16:08:00.064 [task-1] [0439db48-42bb-4633-8e12-c378af4b0977] INFO  c.e.s.batch.BatchProcessorService - Batch job 0439db48-42bb-4633-8e12-c378af4b0977 completado: Procesados: 0, Exitosos: 0, Fallidos: 0 [batchJob=0439db48-42bb-4633-8e12-c378af4b0977]
2026-08-24 16:08:00.066 [task-2] [40a8fe42-a6d0-4d9d-874d-cc7d13b46ca4] INFO  c.e.s.batch.BatchProcessorService - Documentos encontrados: 0 [batchJob=40a8fe42-a6d0-4d9d-874d-cc7d13b46ca4]
2026-08-24 16:08:00.066 [task-2] [40a8fe42-a6d0-4d9d-874d-cc7d13b46ca4] INFO  c.e.s.batch.BatchProcessorService - Batch job 40a8fe42-a6d0-4d9d-874d-cc7d13b46ca4 completado: Procesados: 0, Exitosos: 0, Fallidos: 0 [batchJob=40a8fe42-a6d0-4d9d-874d-cc7d13b46ca4]
2026-08-24 16:08:01.373 [sri-files-scheduler-2] [] INFO  c.e.s.services.EnvioSriBatchService - No hay facturas pendientes estado=I
2026-08-24 16:08:01.374 [sri-files-scheduler-2] [] INFO  c.e.s.services.EnvioSriBatchService - [SCHEDULER][sri-files-scheduler-2] FIN automatizacionEnvioFacturasElectonicas | detectados=0 | exitosas=0 | fallidas=0 | duracionMs=1364
2026-08-24 16:09:00.014 [sri-files-scheduler-2] [] INFO  c.e.s.s.NuevoDocumentoScheduler - [SCHEDULER][V1] INICIO envío pendientes @ 2026-08-24T16:09:00.014485800
2026-08-24 16:09:00.015 [sri-files-scheduler-4] [] INFO  c.e.s.services.EnvioSriBatchService - [SCHEDULER][sri-files-scheduler-4] INICIO automatizacionEnvioFacturasElectonicas @ 2026-08-24T16:09:00.015266600
2026-08-24 16:09:00.015 [sri-files-scheduler-4] [] INFO  c.e.s.services.EnvioSriBatchService - Ejecutando envio de facturas at=2026-08-24T16:09:00.015770600
2026-08-24 16:09:00.015 [sri-files-scheduler-2] [] INFO  c.e.s.s.NuevoDocumentoScheduler - [SCHEDULER][V1] FIN envío | detectados=0 | exitosos=0 | fallidos=0 | duracionMs=1
2026-08-24 16:09:00.020 [sri-files-scheduler-3] [] INFO  c.e.s.batch.BatchJobScheduler - Batch automático ejecutado: tipo=CONSULTAR_AUTORIZACION uuid=9477dc12-f308-475d-be43-14f73f4617f1
2026-08-24 16:09:00.022 [task-3] [9477dc12-f308-475d-be43-14f73f4617f1] INFO  c.e.s.batch.BatchProcessorService - Iniciando batch job 9477dc12-f308-475d-be43-14f73f4617f1 tipo=CONSULTAR_AUTORIZACION [batchJob=9477dc12-f308-475d-be43-14f73f4617f1]
2026-08-24 16:09:00.024 [task-3] [9477dc12-f308-475d-be43-14f73f4617f1] INFO  c.e.s.batch.BatchProcessorService - Documentos encontrados: 0 [batchJob=9477dc12-f308-475d-be43-14f73f4617f1]
2026-08-24 16:09:00.025 [task-3] [9477dc12-f308-475d-be43-14f73f4617f1] INFO  c.e.s.batch.BatchProcessorService - Batch job 9477dc12-f308-475d-be43-14f73f4617f1 completado: Procesados: 0, Exitosos: 0, Fallidos: 0 [batchJob=9477dc12-f308-475d-be43-14f73f4617f1]
2026-08-24 16:09:01.417 [sri-files-scheduler-4] [] INFO  c.e.s.services.EnvioSriBatchService - No hay facturas pendientes estado=I
2026-08-24 16:09:01.417 [sri-files-scheduler-4] [] INFO  c.e.s.services.EnvioSriBatchService - [SCHEDULER][sri-files-scheduler-4] FIN automatizacionEnvioFacturasElectonicas | detectados=0 | exitosas=0 | fallidas=0 | duracionMs=1402
2026-08-24 16:09:30.011 [sri-files-scheduler-2] [] INFO  c.e.s.s.NuevoDocumentoScheduler - [SCHEDULER][V1] INICIO recuperación autorizaciones @ 2026-08-24T16:09:30.011353800
2026-08-24 16:09:30.014 [sri-files-scheduler-2] [] INFO  c.e.s.s.NuevoDocumentoScheduler - [SCHEDULER][V1] FIN recuperación | detectados=0 | autorizados=0 | pendientes=0 | duracionMs=3
2026-08-24 16:10:00.009 [sri-files-scheduler-3] [] INFO  c.e.s.s.NuevoDocumentoScheduler - [SCHEDULER][V1] INICIO envío pendientes @ 2026-08-24T16:10:00.009433
2026-08-24 16:10:00.009 [sri-files-scheduler-2] [] INFO  c.e.s.services.EnvioSriBatchService - [SCHEDULER][sri-files-scheduler-2] INICIO automatizacionEnvioFacturasElectonicas @ 2026-08-24T16:10:00.009433
2026-08-24 16:10:00.009 [sri-files-scheduler-2] [] INFO  c.e.s.services.EnvioSriBatchService - Ejecutando envio de facturas at=2026-08-24T16:10:00.009433
2026-08-24 16:10:00.010 [sri-files-scheduler-3] [] INFO  c.e.s.s.NuevoDocumentoScheduler - [SCHEDULER][V1] FIN envío | detectados=0 | exitosos=0 | fallidos=0 | duracionMs=1
2026-08-24 16:10:00.016 [sri-files-scheduler-3] [] INFO  c.e.s.batch.BatchJobScheduler - Batch automático ejecutado: tipo=REINTENTAR_FALLIDOS uuid=eb795384-2556-4e45-9c14-9d2a8a5e914b
2026-08-24 16:10:00.017 [task-4] [eb795384-2556-4e45-9c14-9d2a8a5e914b] INFO  c.e.s.batch.BatchProcessorService - Iniciando batch job eb795384-2556-4e45-9c14-9d2a8a5e914b tipo=REINTENTAR_FALLIDOS [batchJob=eb795384-2556-4e45-9c14-9d2a8a5e914b]
2026-08-24 16:10:00.020 [task-4] [eb795384-2556-4e45-9c14-9d2a8a5e914b] INFO  c.e.s.batch.BatchProcessorService - Documentos encontrados: 0 [batchJob=eb795384-2556-4e45-9c14-9d2a8a5e914b]
2026-08-24 16:10:00.020 [task-4] [eb795384-2556-4e45-9c14-9d2a8a5e914b] INFO  c.e.s.batch.BatchProcessorService - Batch job eb795384-2556-4e45-9c14-9d2a8a5e914b completado: Procesados: 0, Exitosos: 0, Fallidos: 0 [batchJob=eb795384-2556-4e45-9c14-9d2a8a5e914b]
2026-08-24 16:10:00.020 [sri-files-scheduler-4] [] INFO  c.e.s.batch.BatchJobScheduler - Batch automático ejecutado: tipo=ENVIAR_SRI uuid=75de82cd-47a3-448f-bc0a-d283e5718f32
2026-08-24 16:10:00.022 [task-5] [75de82cd-47a3-448f-bc0a-d283e5718f32] INFO  c.e.s.batch.BatchProcessorService - Iniciando batch job 75de82cd-47a3-448f-bc0a-d283e5718f32 tipo=ENVIAR_SRI [batchJob=75de82cd-47a3-448f-bc0a-d283e5718f32]
2026-08-24 16:10:00.025 [task-5] [75de82cd-47a3-448f-bc0a-d283e5718f32] INFO  c.e.s.batch.BatchProcessorService - Documentos encontrados: 0 [batchJob=75de82cd-47a3-448f-bc0a-d283e5718f32]
2026-08-24 16:10:00.025 [task-5] [75de82cd-47a3-448f-bc0a-d283e5718f32] INFO  c.e.s.batch.BatchProcessorService - Batch job 75de82cd-47a3-448f-bc0a-d283e5718f32 completado: Procesados: 0, Exitosos: 0, Fallidos: 0 [batchJob=75de82cd-47a3-448f-bc0a-d283e5718f32]
2026-08-24 16:10:01.298 [sri-files-scheduler-2] [] INFO  c.e.s.services.EnvioSriBatchService - No hay facturas pendientes estado=I
2026-08-24 16:10:01.298 [sri-files-scheduler-2] [] INFO  c.e.s.services.EnvioSriBatchService - [SCHEDULER][sri-files-scheduler-2] FIN automatizacionEnvioFacturasElectonicas | detectados=0 | exitosas=0 | fallidas=0 | duracionMs=1289
2026-08-24 16:11:00.004 [sri-files-scheduler-4] [] INFO  c.e.s.s.NuevoDocumentoScheduler - [SCHEDULER][V1] INICIO envío pendientes @ 2026-08-24T16:11:00.004705700
2026-08-24 16:11:00.004 [sri-files-scheduler-2] [] INFO  c.e.s.services.EnvioSriBatchService - [SCHEDULER][sri-files-scheduler-2] INICIO automatizacionEnvioFacturasElectonicas @ 2026-08-24T16:11:00.004705700
2026-08-24 16:11:00.004 [sri-files-scheduler-2] [] INFO  c.e.s.services.EnvioSriBatchService - Ejecutando envio de facturas at=2026-08-24T16:11:00.004705700
2026-08-24 16:11:00.006 [sri-files-scheduler-4] [] INFO  c.e.s.s.NuevoDocumentoScheduler - [SCHEDULER][V1] FIN envío | detectados=0 | exitosos=0 | fallidos=0 | duracionMs=2
2026-08-24 16:11:01.296 [sri-files-scheduler-2] [] INFO  c.e.s.services.EnvioSriBatchService - No hay facturas pendientes estado=I
2026-08-24 16:11:01.297 [sri-files-scheduler-2] [] INFO  c.e.s.services.EnvioSriBatchService - [SCHEDULER][sri-files-scheduler-2] FIN automatizacionEnvioFacturasElectonicas | detectados=0 | exitosas=0 | fallidas=0 | duracionMs=1293
2026-08-24 16:12:00.001 [sri-files-scheduler-4] [] INFO  c.e.s.services.EnvioSriBatchService - [SCHEDULER][sri-files-scheduler-4] INICIO automatizacionEnvioFacturasElectonicas @ 2026-08-24T16:12:00.001034700
2026-08-24 16:12:00.001 [sri-files-scheduler-4] [] INFO  c.e.s.services.EnvioSriBatchService - Ejecutando envio de facturas at=2026-08-24T16:12:00.001034700
2026-08-24 16:12:00.008 [sri-files-scheduler-3] [] INFO  c.e.s.batch.BatchJobScheduler - Batch automático ejecutado: tipo=ENVIAR_CORREO uuid=5ada0cb0-3f96-414c-acbf-a198c973dfc1
2026-08-24 16:12:00.010 [task-6] [5ada0cb0-3f96-414c-acbf-a198c973dfc1] INFO  c.e.s.batch.BatchProcessorService - Iniciando batch job 5ada0cb0-3f96-414c-acbf-a198c973dfc1 tipo=ENVIAR_CORREO [batchJob=5ada0cb0-3f96-414c-acbf-a198c973dfc1]
2026-08-24 16:12:00.011 [sri-files-scheduler-2] [] INFO  c.e.s.batch.BatchJobScheduler - Batch automático ejecutado: tipo=CONSULTAR_AUTORIZACION uuid=71536214-6f49-4ad9-9939-1fcd9e6bdf4e
2026-08-24 16:12:00.011 [sri-files-scheduler-2] [] INFO  c.e.s.s.NuevoDocumentoScheduler - [SCHEDULER][V1] INICIO envío pendientes @ 2026-08-24T16:12:00.011153100
2026-08-24 16:12:00.011 [sri-files-scheduler-3] [] INFO  c.e.s.batch.BatchJobScheduler - Batch automático ejecutado: tipo=ENVIAR_SRI uuid=82d0628a-550a-4273-b2ae-72f9f03cc5cf
2026-08-24 16:12:00.012 [task-6] [5ada0cb0-3f96-414c-acbf-a198c973dfc1] INFO  c.e.s.batch.BatchProcessorService - Documentos encontrados: 0 [batchJob=5ada0cb0-3f96-414c-acbf-a198c973dfc1]
2026-08-24 16:12:00.012 [task-6] [5ada0cb0-3f96-414c-acbf-a198c973dfc1] INFO  c.e.s.batch.BatchProcessorService - Batch job 5ada0cb0-3f96-414c-acbf-a198c973dfc1 completado: Procesados: 0, Exitosos: 0, Fallidos: 0 [batchJob=5ada0cb0-3f96-414c-acbf-a198c973dfc1]
2026-08-24 16:12:00.012 [task-7] [71536214-6f49-4ad9-9939-1fcd9e6bdf4e] INFO  c.e.s.batch.BatchProcessorService - Iniciando batch job 71536214-6f49-4ad9-9939-1fcd9e6bdf4e tipo=CONSULTAR_AUTORIZACION [batchJob=71536214-6f49-4ad9-9939-1fcd9e6bdf4e]
2026-08-24 16:12:00.012 [sri-files-scheduler-2] [] INFO  c.e.s.s.NuevoDocumentoScheduler - [SCHEDULER][V1] FIN envío | detectados=0 | exitosos=0 | fallidos=0 | duracionMs=1
2026-08-24 16:12:00.016 [task-7] [71536214-6f49-4ad9-9939-1fcd9e6bdf4e] INFO  c.e.s.batch.BatchProcessorService - Documentos encontrados: 0 [batchJob=71536214-6f49-4ad9-9939-1fcd9e6bdf4e]
2026-08-24 16:12:00.016 [task-7] [71536214-6f49-4ad9-9939-1fcd9e6bdf4e] INFO  c.e.s.batch.BatchProcessorService - Batch job 71536214-6f49-4ad9-9939-1fcd9e6bdf4e completado: Procesados: 0, Exitosos: 0, Fallidos: 0 [batchJob=71536214-6f49-4ad9-9939-1fcd9e6bdf4e]
2026-08-24 16:12:00.023 [task-8] [82d0628a-550a-4273-b2ae-72f9f03cc5cf] INFO  c.e.s.batch.BatchProcessorService - Iniciando batch job 82d0628a-550a-4273-b2ae-72f9f03cc5cf tipo=ENVIAR_SRI [batchJob=82d0628a-550a-4273-b2ae-72f9f03cc5cf]
2026-08-24 16:12:00.044 [task-8] [82d0628a-550a-4273-b2ae-72f9f03cc5cf] INFO  c.e.s.batch.BatchProcessorService - Documentos encontrados: 0 [batchJob=82d0628a-550a-4273-b2ae-72f9f03cc5cf]
2026-08-24 16:12:00.044 [task-8] [82d0628a-550a-4273-b2ae-72f9f03cc5cf] INFO  c.e.s.batch.BatchProcessorService - Batch job 82d0628a-550a-4273-b2ae-72f9f03cc5cf completado: Procesados: 0, Exitosos: 0, Fallidos: 0 [batchJob=82d0628a-550a-4273-b2ae-72f9f03cc5cf]
2026-08-24 16:12:01.153 [sri-files-scheduler-4] [] INFO  c.e.s.services.EnvioSriBatchService - No hay facturas pendientes estado=I
2026-08-24 16:12:01.154 [sri-files-scheduler-4] [] INFO  c.e.s.services.EnvioSriBatchService - [SCHEDULER][sri-files-scheduler-4] FIN automatizacionEnvioFacturasElectonicas | detectados=0 | exitosas=0 | fallidas=0 | duracionMs=1153
2026-08-24 16:12:30.013 [sri-files-scheduler-3] [] INFO  c.e.s.s.NuevoDocumentoScheduler - [SCHEDULER][V1] INICIO recuperación autorizaciones @ 2026-08-24T16:12:30.013219100
2026-08-24 16:12:30.014 [sri-files-scheduler-3] [] INFO  c.e.s.s.NuevoDocumentoScheduler - [SCHEDULER][V1] FIN recuperación | detectados=0 | autorizados=0 | pendientes=0 | duracionMs=1
2026-08-24 16:12:42.940 [SpringApplicationShutdownHook] [] INFO  o.s.b.w.e.tomcat.GracefulShutdown - Commencing graceful shutdown. Waiting for active requests to complete
2026-08-24 16:12:42.953 [tomcat-shutdown] [] INFO  o.s.b.w.e.tomcat.GracefulShutdown - Graceful shutdown complete
2026-08-24 17:46:35.088 [main] [] INFO  o.s.c.c.c.ConfigServicePropertySourceLocator - Fetching config from server at : http://localhost:8888
2026-08-24 17:46:35.094 [main] [] INFO  o.s.c.c.c.ConfigServicePropertySourceLocator - Exception on Url - http://localhost:8888:org.springframework.web.client.ResourceAccessException: I/O error on GET request for "http://localhost:8888/msvc-sri/default": Connection refused: getsockopt. Will be trying the next url if available
2026-08-24 17:46:35.094 [main] [] WARN  o.s.c.c.c.ConfigServicePropertySourceLocator - Could not locate PropertySource: I/O error on GET request for "http://localhost:8888/msvc-sri/default": Connection refused: getsockopt
2026-08-24 17:46:35.098 [main] [] INFO  c.erp.sri_files.SriFilesApplication - The following 1 profile is active: "local"
2026-08-24 17:46:35.103 [main] [] INFO  o.s.c.c.c.ConfigServerConfigDataLoader - Fetching config from server at : http://config-server:8888
2026-08-24 17:46:35.103 [main] [] INFO  o.s.c.c.c.ConfigServerConfigDataLoader - Exception on Url - http://config-server:8888:org.springframework.web.client.ResourceAccessException: I/O error on GET request for "http://config-server:8888/msvc-sri/default": config-server. Will be trying the next url if available
2026-08-24 17:46:35.103 [main] [] WARN  o.s.c.c.c.ConfigServerConfigDataLoader - Could not locate PropertySource ([ConfigServerConfigDataResource@618ad2aa uris = array<String>['http://config-server:8888'], optional = true, profiles = 'default']): I/O error on GET request for "http://config-server:8888/msvc-sri/default": config-server
2026-08-24 17:46:35.103 [main] [] INFO  o.s.c.c.c.ConfigServerConfigDataLoader - Fetching config from server at : http://config-server:8888
2026-08-24 17:46:35.103 [main] [] INFO  o.s.c.c.c.ConfigServerConfigDataLoader - Exception on Url - http://config-server:8888:org.springframework.web.client.ResourceAccessException: I/O error on GET request for "http://config-server:8888/msvc-sri/local": config-server. Will be trying the next url if available
2026-08-24 17:46:35.103 [main] [] WARN  o.s.c.c.c.ConfigServerConfigDataLoader - Could not locate PropertySource ([ConfigServerConfigDataResource@4867ab9f uris = array<String>['http://config-server:8888'], optional = true, profiles = 'local']): I/O error on GET request for "http://config-server:8888/msvc-sri/local": config-server
2026-08-24 17:46:35.103 [main] [] INFO  o.s.c.c.c.ConfigServerConfigDataLoader - Fetching config from server at : http://config-server:8888
2026-08-24 17:46:35.103 [main] [] INFO  o.s.c.c.c.ConfigServerConfigDataLoader - Exception on Url - http://config-server:8888:org.springframework.web.client.ResourceAccessException: I/O error on GET request for "http://config-server:8888/msvc-sri/default": config-server. Will be trying the next url if available
2026-08-24 17:46:35.103 [main] [] WARN  o.s.c.c.c.ConfigServerConfigDataLoader - Could not locate PropertySource ([ConfigServerConfigDataResource@65f2f9b0 uris = array<String>['http://config-server:8888'], optional = true, profiles = 'default']): I/O error on GET request for "http://config-server:8888/msvc-sri/default": config-server
2026-08-24 17:46:35.529 [main] [] INFO  o.s.d.r.c.RepositoryConfigurationDelegate - Bootstrapping Spring Data JPA repositories in DEFAULT mode.
2026-08-24 17:46:35.621 [main] [] INFO  o.s.d.r.c.RepositoryConfigurationDelegate - Finished Spring Data repository scanning in 85 ms. Found 8 JPA repository interfaces.
2026-08-24 17:46:35.753 [main] [] INFO  o.s.cloud.context.scope.GenericScope - BeanFactory id=b1df5c56-7dd5-3f3c-9196-f1b7c82c2a60
2026-08-24 17:46:35.964 [main] [] INFO  o.s.b.w.e.tomcat.TomcatWebServer - Tomcat initialized with port 9096 (http)
2026-08-24 17:46:35.971 [main] [] INFO  o.a.coyote.http11.Http11NioProtocol - Initializing ProtocolHandler ["http-nio-9096"]
2026-08-24 17:46:35.972 [main] [] INFO  o.a.catalina.core.StandardService - Starting service [Tomcat]
2026-08-24 17:46:35.972 [main] [] INFO  o.a.catalina.core.StandardEngine - Starting Servlet engine: [Apache Tomcat/10.1.34]
2026-08-24 17:46:36.019 [main] [] INFO  o.a.c.c.C.[Tomcat].[localhost].[/] - Initializing Spring embedded WebApplicationContext
2026-08-24 17:46:36.020 [main] [] INFO  o.s.b.w.s.c.ServletWebServerApplicationContext - Root WebApplicationContext: initialization completed in 916 ms
2026-08-24 17:46:36.059 [main] [] DEBUG c.e.sri_files.config.RateLimitFilter - Filter 'rateLimitFilter' configured for use
2026-08-24 17:46:36.059 [main] [] DEBUG c.e.sri_files.config.RequestIdFilter - Filter 'requestIdFilter' configured for use
2026-08-24 17:46:36.059 [main] [] DEBUG c.erp.sri_files.config.ApiKeyFilter - Filter 'apiKeyFilter' configured for use
2026-08-24 17:46:36.059 [main] [] DEBUG c.e.s.config.SecurityHeadersFilter - Filter 'securityHeadersFilter' configured for use
2026-08-24 17:46:36.310 [main] [] INFO  o.s.o.j.p.SpringPersistenceUnitInfo - No LoadTimeWeaver setup: ignoring JPA class transformer
2026-08-24 17:46:36.326 [main] [] INFO  com.zaxxer.hikari.HikariDataSource - HikariPool-1 - Starting...
2026-08-24 17:46:36.521 [main] [] INFO  com.zaxxer.hikari.pool.HikariPool - HikariPool-1 - Added connection org.postgresql.jdbc.PgConnection@7e2e0b8a
2026-08-24 17:46:36.522 [main] [] INFO  com.zaxxer.hikari.HikariDataSource - HikariPool-1 - Start completed.
2026-08-24 17:46:36.548 [main] [] WARN  org.hibernate.orm.deprecation - HHH90000025: PostgreSQLDialect does not need to be specified explicitly using 'hibernate.dialect' (remove the property setting and it will be selected by default)
2026-08-24 17:46:37.344 [main] [] WARN  o.h.t.s.i.ExceptionHandlerLoggedImpl - GenerationTarget encountered exception accepting command : Error executing DDL "alter table if exists definir alter column tipoambiente set data type smallint" via JDBC [ERROR: la columna «tipoambiente» no puede convertirse automáticamente al tipo smallint
  Hint: Puede ser necesario especificar «USING tipoambiente::smallint».]
org.hibernate.tool.schema.spi.CommandAcceptanceException: Error executing DDL "alter table if exists definir alter column tipoambiente set data type smallint" via JDBC [ERROR: la columna «tipoambiente» no puede convertirse automáticamente al tipo smallint
  Hint: Puede ser necesario especificar «USING tipoambiente::smallint».]
	at org.hibernate.tool.schema.internal.exec.GenerationTargetToDatabase.accept(GenerationTargetToDatabase.java:94)
	at org.hibernate.tool.schema.internal.AbstractSchemaMigrator.applySqlString(AbstractSchemaMigrator.java:576)
	at org.hibernate.tool.schema.internal.AbstractSchemaMigrator.applySqlStrings(AbstractSchemaMigrator.java:516)
	at org.hibernate.tool.schema.internal.AbstractSchemaMigrator.migrateTable(AbstractSchemaMigrator.java:334)
	at org.hibernate.tool.schema.internal.GroupedSchemaMigratorImpl.performTablesMigration(GroupedSchemaMigratorImpl.java:84)
	at org.hibernate.tool.schema.internal.AbstractSchemaMigrator.performMigration(AbstractSchemaMigrator.java:233)
	at org.hibernate.tool.schema.internal.AbstractSchemaMigrator.doMigration(AbstractSchemaMigrator.java:112)
	at org.hibernate.tool.schema.spi.SchemaManagementToolCoordinator.performDatabaseAction(SchemaManagementToolCoordinator.java:280)
	at org.hibernate.tool.schema.spi.SchemaManagementToolCoordinator.lambda$process$5(SchemaManagementToolCoordinator.java:144)
	at java.base/java.util.HashMap.forEach(HashMap.java:1429)
	at org.hibernate.tool.schema.spi.SchemaManagementToolCoordinator.process(SchemaManagementToolCoordinator.java:141)
	at org.hibernate.boot.internal.SessionFactoryObserverForSchemaExport.sessionFactoryCreated(SessionFactoryObserverForSchemaExport.java:37)
	at org.hibernate.internal.SessionFactoryObserverChain.sessionFactoryCreated(SessionFactoryObserverChain.java:35)
	at org.hibernate.internal.SessionFactoryImpl.<init>(SessionFactoryImpl.java:324)
	at org.hibernate.boot.internal.SessionFactoryBuilderImpl.build(SessionFactoryBuilderImpl.java:463)
	at org.hibernate.jpa.boot.internal.EntityManagerFactoryBuilderImpl.build(EntityManagerFactoryBuilderImpl.java:1506)
	at org.springframework.orm.jpa.vendor.SpringHibernateJpaPersistenceProvider.createContainerEntityManagerFactory(SpringHibernateJpaPersistenceProvider.java:66)
	at org.springframework.orm.jpa.LocalContainerEntityManagerFactoryBean.createNativeEntityManagerFactory(LocalContainerEntityManagerFactoryBean.java:390)
	at org.springframework.orm.jpa.AbstractEntityManagerFactoryBean.buildNativeEntityManagerFactory(AbstractEntityManagerFactoryBean.java:419)
	at org.springframework.orm.jpa.AbstractEntityManagerFactoryBean.afterPropertiesSet(AbstractEntityManagerFactoryBean.java:400)
	at org.springframework.orm.jpa.LocalContainerEntityManagerFactoryBean.afterPropertiesSet(LocalContainerEntityManagerFactoryBean.java:366)
	at org.springframework.beans.factory.support.AbstractAutowireCapableBeanFactory.invokeInitMethods(AbstractAutowireCapableBeanFactory.java:1855)
	at org.springframework.beans.factory.support.AbstractAutowireCapableBeanFactory.initializeBean(AbstractAutowireCapableBeanFactory.java:1804)
	at org.springframework.beans.factory.support.AbstractAutowireCapableBeanFactory.doCreateBean(AbstractAutowireCapableBeanFactory.java:601)
	at org.springframework.beans.factory.support.AbstractAutowireCapableBeanFactory.createBean(AbstractAutowireCapableBeanFactory.java:523)
	at org.springframework.beans.factory.support.AbstractBeanFactory.lambda$doGetBean$0(AbstractBeanFactory.java:336)
	at org.springframework.beans.factory.support.DefaultSingletonBeanRegistry.getSingleton(DefaultSingletonBeanRegistry.java:289)
	at org.springframework.beans.factory.support.AbstractBeanFactory.doGetBean(AbstractBeanFactory.java:334)
	at org.springframework.beans.factory.support.AbstractBeanFactory.getBean(AbstractBeanFactory.java:204)
	at org.springframework.context.support.AbstractApplicationContext.finishBeanFactoryInitialization(AbstractApplicationContext.java:970)
	at org.springframework.context.support.AbstractApplicationContext.refresh(AbstractApplicationContext.java:627)
	at org.springframework.boot.web.servlet.context.ServletWebServerApplicationContext.refresh(ServletWebServerApplicationContext.java:146)
	at org.springframework.boot.SpringApplication.refresh(SpringApplication.java:752)
	at org.springframework.boot.SpringApplication.refreshContext(SpringApplication.java:439)
	at org.springframework.boot.SpringApplication.run(SpringApplication.java:318)
	at org.springframework.boot.SpringApplication.run(SpringApplication.java:1361)
	at org.springframework.boot.SpringApplication.run(SpringApplication.java:1350)
	at com.erp.sri_files.SriFilesApplication.main(SriFilesApplication.java:19)
Caused by: org.postgresql.util.PSQLException: ERROR: la columna «tipoambiente» no puede convertirse automáticamente al tipo smallint
  Hint: Puede ser necesario especificar «USING tipoambiente::smallint».
	at org.postgresql.core.v3.QueryExecutorImpl.receiveErrorResponse(QueryExecutorImpl.java:2733)
	at org.postgresql.core.v3.QueryExecutorImpl.processResults(QueryExecutorImpl.java:2420)
	at org.postgresql.core.v3.QueryExecutorImpl.execute(QueryExecutorImpl.java:372)
	at org.postgresql.jdbc.PgStatement.executeInternal(PgStatement.java:517)
	at org.postgresql.jdbc.PgStatement.execute(PgStatement.java:434)
	at org.postgresql.jdbc.PgStatement.executeWithFlags(PgStatement.java:356)
	at org.postgresql.jdbc.PgStatement.executeCachedSql(PgStatement.java:341)
	at org.postgresql.jdbc.PgStatement.executeWithFlags(PgStatement.java:317)
	at org.postgresql.jdbc.PgStatement.execute(PgStatement.java:312)
	at com.zaxxer.hikari.pool.ProxyStatement.execute(ProxyStatement.java:94)
	at com.zaxxer.hikari.pool.HikariProxyStatement.execute(HikariProxyStatement.java)
	at org.hibernate.tool.schema.internal.exec.GenerationTargetToDatabase.accept(GenerationTargetToDatabase.java:80)
	... 37 common frames omitted
2026-08-24 17:46:37.364 [main] [] WARN  o.h.t.s.i.ExceptionHandlerLoggedImpl - GenerationTarget encountered exception accepting command : Error executing DDL "alter table if exists fec_factura alter column errores set data type varchar(255)" via JDBC [ERROR: el valor es demasiado largo para el tipo character varying(255)]
org.hibernate.tool.schema.spi.CommandAcceptanceException: Error executing DDL "alter table if exists fec_factura alter column errores set data type varchar(255)" via JDBC [ERROR: el valor es demasiado largo para el tipo character varying(255)]
	at org.hibernate.tool.schema.internal.exec.GenerationTargetToDatabase.accept(GenerationTargetToDatabase.java:94)
	at org.hibernate.tool.schema.internal.AbstractSchemaMigrator.applySqlString(AbstractSchemaMigrator.java:576)
	at org.hibernate.tool.schema.internal.AbstractSchemaMigrator.applySqlStrings(AbstractSchemaMigrator.java:516)
	at org.hibernate.tool.schema.internal.AbstractSchemaMigrator.migrateTable(AbstractSchemaMigrator.java:334)
	at org.hibernate.tool.schema.internal.GroupedSchemaMigratorImpl.performTablesMigration(GroupedSchemaMigratorImpl.java:84)
	at org.hibernate.tool.schema.internal.AbstractSchemaMigrator.performMigration(AbstractSchemaMigrator.java:233)
	at org.hibernate.tool.schema.internal.AbstractSchemaMigrator.doMigration(AbstractSchemaMigrator.java:112)
	at org.hibernate.tool.schema.spi.SchemaManagementToolCoordinator.performDatabaseAction(SchemaManagementToolCoordinator.java:280)
	at org.hibernate.tool.schema.spi.SchemaManagementToolCoordinator.lambda$process$5(SchemaManagementToolCoordinator.java:144)
	at java.base/java.util.HashMap.forEach(HashMap.java:1429)
	at org.hibernate.tool.schema.spi.SchemaManagementToolCoordinator.process(SchemaManagementToolCoordinator.java:141)
	at org.hibernate.boot.internal.SessionFactoryObserverForSchemaExport.sessionFactoryCreated(SessionFactoryObserverForSchemaExport.java:37)
	at org.hibernate.internal.SessionFactoryObserverChain.sessionFactoryCreated(SessionFactoryObserverChain.java:35)
	at org.hibernate.internal.SessionFactoryImpl.<init>(SessionFactoryImpl.java:324)
	at org.hibernate.boot.internal.SessionFactoryBuilderImpl.build(SessionFactoryBuilderImpl.java:463)
	at org.hibernate.jpa.boot.internal.EntityManagerFactoryBuilderImpl.build(EntityManagerFactoryBuilderImpl.java:1506)
	at org.springframework.orm.jpa.vendor.SpringHibernateJpaPersistenceProvider.createContainerEntityManagerFactory(SpringHibernateJpaPersistenceProvider.java:66)
	at org.springframework.orm.jpa.LocalContainerEntityManagerFactoryBean.createNativeEntityManagerFactory(LocalContainerEntityManagerFactoryBean.java:390)
	at org.springframework.orm.jpa.AbstractEntityManagerFactoryBean.buildNativeEntityManagerFactory(AbstractEntityManagerFactoryBean.java:419)
	at org.springframework.orm.jpa.AbstractEntityManagerFactoryBean.afterPropertiesSet(AbstractEntityManagerFactoryBean.java:400)
	at org.springframework.orm.jpa.LocalContainerEntityManagerFactoryBean.afterPropertiesSet(LocalContainerEntityManagerFactoryBean.java:366)
	at org.springframework.beans.factory.support.AbstractAutowireCapableBeanFactory.invokeInitMethods(AbstractAutowireCapableBeanFactory.java:1855)
	at org.springframework.beans.factory.support.AbstractAutowireCapableBeanFactory.initializeBean(AbstractAutowireCapableBeanFactory.java:1804)
	at org.springframework.beans.factory.support.AbstractAutowireCapableBeanFactory.doCreateBean(AbstractAutowireCapableBeanFactory.java:601)
	at org.springframework.beans.factory.support.AbstractAutowireCapableBeanFactory.createBean(AbstractAutowireCapableBeanFactory.java:523)
	at org.springframework.beans.factory.support.AbstractBeanFactory.lambda$doGetBean$0(AbstractBeanFactory.java:336)
	at org.springframework.beans.factory.support.DefaultSingletonBeanRegistry.getSingleton(DefaultSingletonBeanRegistry.java:289)
	at org.springframework.beans.factory.support.AbstractBeanFactory.doGetBean(AbstractBeanFactory.java:334)
	at org.springframework.beans.factory.support.AbstractBeanFactory.getBean(AbstractBeanFactory.java:204)
	at org.springframework.context.support.AbstractApplicationContext.finishBeanFactoryInitialization(AbstractApplicationContext.java:970)
	at org.springframework.context.support.AbstractApplicationContext.refresh(AbstractApplicationContext.java:627)
	at org.springframework.boot.web.servlet.context.ServletWebServerApplicationContext.refresh(ServletWebServerApplicationContext.java:146)
	at org.springframework.boot.SpringApplication.refresh(SpringApplication.java:752)
	at org.springframework.boot.SpringApplication.refreshContext(SpringApplication.java:439)
	at org.springframework.boot.SpringApplication.run(SpringApplication.java:318)
	at org.springframework.boot.SpringApplication.run(SpringApplication.java:1361)
	at org.springframework.boot.SpringApplication.run(SpringApplication.java:1350)
	at com.erp.sri_files.SriFilesApplication.main(SriFilesApplication.java:19)
Caused by: org.postgresql.util.PSQLException: ERROR: el valor es demasiado largo para el tipo character varying(255)
	at org.postgresql.core.v3.QueryExecutorImpl.receiveErrorResponse(QueryExecutorImpl.java:2733)
	at org.postgresql.core.v3.QueryExecutorImpl.processResults(QueryExecutorImpl.java:2420)
	at org.postgresql.core.v3.QueryExecutorImpl.execute(QueryExecutorImpl.java:372)
	at org.postgresql.jdbc.PgStatement.executeInternal(PgStatement.java:517)
	at org.postgresql.jdbc.PgStatement.execute(PgStatement.java:434)
	at org.postgresql.jdbc.PgStatement.executeWithFlags(PgStatement.java:356)
	at org.postgresql.jdbc.PgStatement.executeCachedSql(PgStatement.java:341)
	at org.postgresql.jdbc.PgStatement.executeWithFlags(PgStatement.java:317)
	at org.postgresql.jdbc.PgStatement.execute(PgStatement.java:312)
	at com.zaxxer.hikari.pool.ProxyStatement.execute(ProxyStatement.java:94)
	at com.zaxxer.hikari.pool.HikariProxyStatement.execute(HikariProxyStatement.java)
	at org.hibernate.tool.schema.internal.exec.GenerationTargetToDatabase.accept(GenerationTargetToDatabase.java:80)
	... 37 common frames omitted
2026-08-24 17:46:37.367 [main] [] WARN  o.h.t.s.i.ExceptionHandlerLoggedImpl - GenerationTarget encountered exception accepting command : Error executing DDL "alter table if exists fec_factura alter column xmlautorizado set data type varchar(255)" via JDBC [ERROR: el valor es demasiado largo para el tipo character varying(255)]
org.hibernate.tool.schema.spi.CommandAcceptanceException: Error executing DDL "alter table if exists fec_factura alter column xmlautorizado set data type varchar(255)" via JDBC [ERROR: el valor es demasiado largo para el tipo character varying(255)]
	at org.hibernate.tool.schema.internal.exec.GenerationTargetToDatabase.accept(GenerationTargetToDatabase.java:94)
	at org.hibernate.tool.schema.internal.AbstractSchemaMigrator.applySqlString(AbstractSchemaMigrator.java:576)
	at org.hibernate.tool.schema.internal.AbstractSchemaMigrator.applySqlStrings(AbstractSchemaMigrator.java:516)
	at org.hibernate.tool.schema.internal.AbstractSchemaMigrator.migrateTable(AbstractSchemaMigrator.java:334)
	at org.hibernate.tool.schema.internal.GroupedSchemaMigratorImpl.performTablesMigration(GroupedSchemaMigratorImpl.java:84)
	at org.hibernate.tool.schema.internal.AbstractSchemaMigrator.performMigration(AbstractSchemaMigrator.java:233)
	at org.hibernate.tool.schema.internal.AbstractSchemaMigrator.doMigration(AbstractSchemaMigrator.java:112)
	at org.hibernate.tool.schema.spi.SchemaManagementToolCoordinator.performDatabaseAction(SchemaManagementToolCoordinator.java:280)
	at org.hibernate.tool.schema.spi.SchemaManagementToolCoordinator.lambda$process$5(SchemaManagementToolCoordinator.java:144)
	at java.base/java.util.HashMap.forEach(HashMap.java:1429)
	at org.hibernate.tool.schema.spi.SchemaManagementToolCoordinator.process(SchemaManagementToolCoordinator.java:141)
	at org.hibernate.boot.internal.SessionFactoryObserverForSchemaExport.sessionFactoryCreated(SessionFactoryObserverForSchemaExport.java:37)
	at org.hibernate.internal.SessionFactoryObserverChain.sessionFactoryCreated(SessionFactoryObserverChain.java:35)
	at org.hibernate.internal.SessionFactoryImpl.<init>(SessionFactoryImpl.java:324)
	at org.hibernate.boot.internal.SessionFactoryBuilderImpl.build(SessionFactoryBuilderImpl.java:463)
	at org.hibernate.jpa.boot.internal.EntityManagerFactoryBuilderImpl.build(EntityManagerFactoryBuilderImpl.java:1506)
	at org.springframework.orm.jpa.vendor.SpringHibernateJpaPersistenceProvider.createContainerEntityManagerFactory(SpringHibernateJpaPersistenceProvider.java:66)
	at org.springframework.orm.jpa.LocalContainerEntityManagerFactoryBean.createNativeEntityManagerFactory(LocalContainerEntityManagerFactoryBean.java:390)
	at org.springframework.orm.jpa.AbstractEntityManagerFactoryBean.buildNativeEntityManagerFactory(AbstractEntityManagerFactoryBean.java:419)
	at org.springframework.orm.jpa.AbstractEntityManagerFactoryBean.afterPropertiesSet(AbstractEntityManagerFactoryBean.java:400)
	at org.springframework.orm.jpa.LocalContainerEntityManagerFactoryBean.afterPropertiesSet(LocalContainerEntityManagerFactoryBean.java:366)
	at org.springframework.beans.factory.support.AbstractAutowireCapableBeanFactory.invokeInitMethods(AbstractAutowireCapableBeanFactory.java:1855)
	at org.springframework.beans.factory.support.AbstractAutowireCapableBeanFactory.initializeBean(AbstractAutowireCapableBeanFactory.java:1804)
	at org.springframework.beans.factory.support.AbstractAutowireCapableBeanFactory.doCreateBean(AbstractAutowireCapableBeanFactory.java:601)
	at org.springframework.beans.factory.support.AbstractAutowireCapableBeanFactory.createBean(AbstractAutowireCapableBeanFactory.java:523)
	at org.springframework.beans.factory.support.AbstractBeanFactory.lambda$doGetBean$0(AbstractBeanFactory.java:336)
	at org.springframework.beans.factory.support.DefaultSingletonBeanRegistry.getSingleton(DefaultSingletonBeanRegistry.java:289)
	at org.springframework.beans.factory.support.AbstractBeanFactory.doGetBean(AbstractBeanFactory.java:334)
	at org.springframework.beans.factory.support.AbstractBeanFactory.getBean(AbstractBeanFactory.java:204)
	at org.springframework.context.support.AbstractApplicationContext.finishBeanFactoryInitialization(AbstractApplicationContext.java:970)
	at org.springframework.context.support.AbstractApplicationContext.refresh(AbstractApplicationContext.java:627)
	at org.springframework.boot.web.servlet.context.ServletWebServerApplicationContext.refresh(ServletWebServerApplicationContext.java:146)
	at org.springframework.boot.SpringApplication.refresh(SpringApplication.java:752)
	at org.springframework.boot.SpringApplication.refreshContext(SpringApplication.java:439)
	at org.springframework.boot.SpringApplication.run(SpringApplication.java:318)
	at org.springframework.boot.SpringApplication.run(SpringApplication.java:1361)
	at org.springframework.boot.SpringApplication.run(SpringApplication.java:1350)
	at com.erp.sri_files.SriFilesApplication.main(SriFilesApplication.java:19)
Caused by: org.postgresql.util.PSQLException: ERROR: el valor es demasiado largo para el tipo character varying(255)
	at org.postgresql.core.v3.QueryExecutorImpl.receiveErrorResponse(QueryExecutorImpl.java:2733)
	at org.postgresql.core.v3.QueryExecutorImpl.processResults(QueryExecutorImpl.java:2420)
	at org.postgresql.core.v3.QueryExecutorImpl.execute(QueryExecutorImpl.java:372)
	at org.postgresql.jdbc.PgStatement.executeInternal(PgStatement.java:517)
	at org.postgresql.jdbc.PgStatement.execute(PgStatement.java:434)
	at org.postgresql.jdbc.PgStatement.executeWithFlags(PgStatement.java:356)
	at org.postgresql.jdbc.PgStatement.executeCachedSql(PgStatement.java:341)
	at org.postgresql.jdbc.PgStatement.executeWithFlags(PgStatement.java:317)
	at org.postgresql.jdbc.PgStatement.execute(PgStatement.java:312)
	at com.zaxxer.hikari.pool.ProxyStatement.execute(ProxyStatement.java:94)
	at com.zaxxer.hikari.pool.HikariProxyStatement.execute(HikariProxyStatement.java)
	at org.hibernate.tool.schema.internal.exec.GenerationTargetToDatabase.accept(GenerationTargetToDatabase.java:80)
	... 37 common frames omitted
2026-08-24 17:46:37.406 [main] [] INFO  o.s.o.j.LocalContainerEntityManagerFactoryBean - Initialized JPA EntityManagerFactory for persistence unit 'default'
2026-08-24 17:46:37.554 [main] [] INFO  o.s.d.j.r.query.QueryEnhancerFactory - Hibernate is in classpath; If applicable, HQL parser will be used.
2026-08-24 17:46:38.504 [main] [] WARN  o.s.b.a.t.ThymeleafAutoConfiguration$DefaultTemplateResolverConfiguration - Cannot find template location: classpath:/templates/ (please add some templates, check your Thymeleaf configuration, or set spring.thymeleaf.check-template-location=false)
2026-08-24 17:46:38.608 [main] [] WARN  o.s.b.a.o.j.JpaBaseConfiguration$JpaWebConfiguration - spring.jpa.open-in-view is enabled by default. Therefore, database queries may be performed during view rendering. Explicitly configure spring.jpa.open-in-view to disable this warning
2026-08-24 17:46:38.843 [main] [] INFO  o.s.c.n.e.c.DiscoveryClientOptionalArgsConfiguration - Eureka HTTP Client uses RestTemplate.
2026-08-24 17:46:38.870 [main] [] WARN  o.s.c.l.c.LoadBalancerCacheAutoConfiguration$LoadBalancerCaffeineWarnLogger - Spring Cloud LoadBalancer is currently working with the default cache. While this cache implementation is useful for development and tests, it's recommended to use Caffeine cache in production.You can switch to using Caffeine cache, by adding it and org.springframework.cache.caffeine.CaffeineCacheManager to the classpath.
2026-08-24 17:46:38.881 [main] [] INFO  o.a.coyote.http11.Http11NioProtocol - Starting ProtocolHandler ["http-nio-9096"]
2026-08-24 17:46:38.892 [main] [] INFO  o.s.b.w.e.tomcat.TomcatWebServer - Tomcat started on port 9096 (http) with context path '/'
2026-08-24 17:46:38.910 [main] [] INFO  c.erp.sri_files.SriFilesApplication - Started SriFilesApplication in 11.86 seconds (process running for 12.324)
2026-08-24 17:47:00.013 [sri-files-scheduler-4] [] INFO  c.e.s.s.NuevoDocumentoScheduler - [SCHEDULER][V1] INICIO envío pendientes @ 2026-08-24T17:47:00.013127100
2026-08-24 17:47:00.017 [sri-files-scheduler-2] [] INFO  c.e.s.services.EnvioSriBatchService - [SCHEDULER][sri-files-scheduler-2] INICIO automatizacionEnvioFacturasElectonicas @ 2026-08-24T17:47:00.017940500
2026-08-24 17:47:00.017 [sri-files-scheduler-2] [] INFO  c.e.s.services.EnvioSriBatchService - Ejecutando envio de facturas at=2026-08-24T17:47:00.017940500
2026-08-24 17:47:00.066 [sri-files-scheduler-4] [] INFO  c.e.s.s.NuevoDocumentoScheduler - [SCHEDULER][V1] FIN envío | detectados=0 | exitosos=0 | fallidos=0 | duracionMs=53
2026-08-24 17:47:01.467 [sri-files-scheduler-2] [] INFO  c.e.s.services.EnvioSriBatchService - No hay facturas pendientes estado=I
2026-08-24 17:47:01.467 [sri-files-scheduler-2] [] INFO  c.e.s.services.EnvioSriBatchService - [SCHEDULER][sri-files-scheduler-2] FIN automatizacionEnvioFacturasElectonicas | detectados=0 | exitosas=0 | fallidas=0 | duracionMs=1450
2026-08-24 17:48:00.009 [sri-files-scheduler-1] [] INFO  c.e.s.s.NuevoDocumentoScheduler - [SCHEDULER][V1] INICIO envío pendientes @ 2026-08-24T17:48:00.009756500
2026-08-24 17:48:00.010 [sri-files-scheduler-2] [] INFO  c.e.s.services.EnvioSriBatchService - [SCHEDULER][sri-files-scheduler-2] INICIO automatizacionEnvioFacturasElectonicas @ 2026-08-24T17:48:00.010748800
2026-08-24 17:48:00.010 [sri-files-scheduler-2] [] INFO  c.e.s.services.EnvioSriBatchService - Ejecutando envio de facturas at=2026-08-24T17:48:00.010748800
2026-08-24 17:48:00.011 [sri-files-scheduler-1] [] INFO  c.e.s.s.NuevoDocumentoScheduler - [SCHEDULER][V1] FIN envío | detectados=0 | exitosos=0 | fallidos=0 | duracionMs=2
2026-08-24 17:48:00.057 [sri-files-scheduler-1] [] INFO  c.e.s.batch.BatchJobScheduler - Batch automático ejecutado: tipo=ENVIAR_CORREO uuid=2e4e9e7a-7d4f-4fc6-b249-56b4504b2099
2026-08-24 17:48:00.057 [sri-files-scheduler-4] [] INFO  c.e.s.batch.BatchJobScheduler - Batch automático ejecutado: tipo=CONSULTAR_AUTORIZACION uuid=5c933cf9-906f-47c6-84f2-82cd676dcfec
2026-08-24 17:48:00.057 [sri-files-scheduler-3] [] INFO  c.e.s.batch.BatchJobScheduler - Batch automático ejecutado: tipo=ENVIAR_SRI uuid=a64bf409-e34c-4039-94d7-656b92f64727
2026-08-24 17:48:00.063 [task-1] [2e4e9e7a-7d4f-4fc6-b249-56b4504b2099] INFO  c.e.s.batch.BatchProcessorService - Iniciando batch job 2e4e9e7a-7d4f-4fc6-b249-56b4504b2099 tipo=ENVIAR_CORREO [batchJob=2e4e9e7a-7d4f-4fc6-b249-56b4504b2099]
2026-08-24 17:48:00.063 [task-2] [5c933cf9-906f-47c6-84f2-82cd676dcfec] INFO  c.e.s.batch.BatchProcessorService - Iniciando batch job 5c933cf9-906f-47c6-84f2-82cd676dcfec tipo=CONSULTAR_AUTORIZACION [batchJob=5c933cf9-906f-47c6-84f2-82cd676dcfec]
2026-08-24 17:48:00.063 [task-3] [a64bf409-e34c-4039-94d7-656b92f64727] INFO  c.e.s.batch.BatchProcessorService - Iniciando batch job a64bf409-e34c-4039-94d7-656b92f64727 tipo=ENVIAR_SRI [batchJob=a64bf409-e34c-4039-94d7-656b92f64727]
2026-08-24 17:48:00.074 [task-1] [2e4e9e7a-7d4f-4fc6-b249-56b4504b2099] INFO  c.e.s.batch.BatchProcessorService - Documentos encontrados: 0 [batchJob=2e4e9e7a-7d4f-4fc6-b249-56b4504b2099]
2026-08-24 17:48:00.074 [task-1] [2e4e9e7a-7d4f-4fc6-b249-56b4504b2099] INFO  c.e.s.batch.BatchProcessorService - Batch job 2e4e9e7a-7d4f-4fc6-b249-56b4504b2099 completado: Procesados: 0, Exitosos: 0, Fallidos: 0 [batchJob=2e4e9e7a-7d4f-4fc6-b249-56b4504b2099]
2026-08-24 17:48:00.076 [task-3] [a64bf409-e34c-4039-94d7-656b92f64727] INFO  c.e.s.batch.BatchProcessorService - Documentos encontrados: 0 [batchJob=a64bf409-e34c-4039-94d7-656b92f64727]
2026-08-24 17:48:00.076 [task-2] [5c933cf9-906f-47c6-84f2-82cd676dcfec] INFO  c.e.s.batch.BatchProcessorService - Documentos encontrados: 0 [batchJob=5c933cf9-906f-47c6-84f2-82cd676dcfec]
2026-08-24 17:48:00.076 [task-2] [5c933cf9-906f-47c6-84f2-82cd676dcfec] INFO  c.e.s.batch.BatchProcessorService - Batch job 5c933cf9-906f-47c6-84f2-82cd676dcfec completado: Procesados: 0, Exitosos: 0, Fallidos: 0 [batchJob=5c933cf9-906f-47c6-84f2-82cd676dcfec]
2026-08-24 17:48:00.076 [task-3] [a64bf409-e34c-4039-94d7-656b92f64727] INFO  c.e.s.batch.BatchProcessorService - Batch job a64bf409-e34c-4039-94d7-656b92f64727 completado: Procesados: 0, Exitosos: 0, Fallidos: 0 [batchJob=a64bf409-e34c-4039-94d7-656b92f64727]
2026-08-24 17:48:01.306 [sri-files-scheduler-2] [] INFO  c.e.s.services.EnvioSriBatchService - No hay facturas pendientes estado=I
2026-08-24 17:48:01.306 [sri-files-scheduler-2] [] INFO  c.e.s.services.EnvioSriBatchService - [SCHEDULER][sri-files-scheduler-2] FIN automatizacionEnvioFacturasElectonicas | detectados=0 | exitosas=0 | fallidas=0 | duracionMs=1296
2026-08-24 17:48:30.006 [sri-files-scheduler-1] [] INFO  c.e.s.s.NuevoDocumentoScheduler - [SCHEDULER][V1] INICIO recuperación autorizaciones @ 2026-08-24T17:48:30.006389
2026-08-24 17:48:30.007 [sri-files-scheduler-4] [] INFO  c.e.s.services.EnvioSriBatchService - [SCHEDULER][sri-files-scheduler-4] INICIO automatizacionConsultarXml @ 2026-08-24T17:48:30.007388300
2026-08-24 17:48:30.007 [sri-files-scheduler-4] [] INFO  c.e.s.services.EnvioSriBatchService - Iniciando consulta de XML pendientes
2026-08-24 17:48:30.012 [sri-files-scheduler-1] [] INFO  c.e.s.s.NuevoDocumentoScheduler - [SCHEDULER][V1] FIN recuperación | detectados=0 | autorizados=0 | pendientes=0 | duracionMs=6
2026-08-24 17:49:00.014 [sri-files-scheduler-2] [] INFO  c.e.s.s.NuevoDocumentoScheduler - [SCHEDULER][V1] INICIO envío pendientes @ 2026-08-24T17:49:00.014398100
2026-08-24 17:49:00.014 [sri-files-scheduler-3] [] INFO  c.e.s.services.EnvioSriBatchService - [SCHEDULER][sri-files-scheduler-3] INICIO automatizacionEnvioFacturasElectonicas @ 2026-08-24T17:49:00.014398100
2026-08-24 17:49:00.014 [sri-files-scheduler-3] [] INFO  c.e.s.services.EnvioSriBatchService - Ejecutando envio de facturas at=2026-08-24T17:49:00.014398100
2026-08-24 17:49:00.020 [sri-files-scheduler-2] [] INFO  c.e.s.s.NuevoDocumentoScheduler - [SCHEDULER][V1] FIN envío | detectados=0 | exitosos=0 | fallidos=0 | duracionMs=6
2026-08-24 17:49:01.490 [sri-files-scheduler-3] [] INFO  c.e.s.services.EnvioSriBatchService - No hay facturas pendientes estado=I
2026-08-24 17:49:01.490 [sri-files-scheduler-3] [] INFO  c.e.s.services.EnvioSriBatchService - [SCHEDULER][sri-files-scheduler-3] FIN automatizacionEnvioFacturasElectonicas | detectados=0 | exitosas=0 | fallidas=0 | duracionMs=1476
2026-08-24 17:49:03.236 [SpringApplicationShutdownHook] [] INFO  o.s.b.w.e.tomcat.GracefulShutdown - Commencing graceful shutdown. Waiting for active requests to complete
2026-08-24 17:49:03.247 [tomcat-shutdown] [] INFO  o.s.b.w.e.tomcat.GracefulShutdown - Graceful shutdown complete
2026-08-24 17:49:33.255 [SpringApplicationShutdownHook] [] WARN  o.s.s.c.ThreadPoolTaskScheduler - Timed out while waiting for executor 'taskScheduler' to terminate
2026-08-24 17:49:33.256 [SpringApplicationShutdownHook] [] INFO  o.s.o.j.LocalContainerEntityManagerFactoryBean - Closing JPA EntityManagerFactory for persistence unit 'default'
2026-08-24 17:49:33.259 [SpringApplicationShutdownHook] [] INFO  com.zaxxer.hikari.HikariDataSource - HikariPool-1 - Shutdown initiated...
2026-08-24 17:49:33.261 [SpringApplicationShutdownHook] [] INFO  com.zaxxer.hikari.HikariDataSource - HikariPool-1 - Shutdown completed.
2026-08-24 17:49:43.141 [main] [] INFO  o.s.c.c.c.ConfigServicePropertySourceLocator - Fetching config from server at : http://localhost:8888
2026-08-24 17:49:43.190 [main] [] INFO  o.s.c.c.c.ConfigServicePropertySourceLocator - Located environment: name=msvc-sri, profiles=[default], label=null, version=null, state=null
2026-08-24 17:49:43.192 [main] [] INFO  o.s.c.b.c.PropertySourceBootstrapConfiguration - Located property source: [BootstrapPropertySource {name='bootstrapProperties-configClient'}, BootstrapPropertySource {name='bootstrapProperties-classpath:/config-data/msvc-sri.yml'}]
2026-08-24 17:49:43.214 [main] [] INFO  c.erp.sri_files.SriFilesApplication - The following 1 profile is active: "local"
2026-08-24 17:49:43.227 [main] [] INFO  o.s.c.c.c.ConfigServerConfigDataLoader - Fetching config from server at : http://config-server:8888
2026-08-24 17:49:43.229 [main] [] INFO  o.s.c.c.c.ConfigServerConfigDataLoader - Exception on Url - http://config-server:8888:org.springframework.web.client.ResourceAccessException: I/O error on GET request for "http://config-server:8888/msvc-sri/default": config-server. Will be trying the next url if available
2026-08-24 17:49:43.229 [main] [] WARN  o.s.c.c.c.ConfigServerConfigDataLoader - Could not locate PropertySource ([ConfigServerConfigDataResource@618ad2aa uris = array<String>['http://config-server:8888'], optional = true, profiles = 'default']): I/O error on GET request for "http://config-server:8888/msvc-sri/default": config-server
2026-08-24 17:49:43.229 [main] [] INFO  o.s.c.c.c.ConfigServerConfigDataLoader - Fetching config from server at : http://config-server:8888
2026-08-24 17:49:43.229 [main] [] INFO  o.s.c.c.c.ConfigServerConfigDataLoader - Exception on Url - http://config-server:8888:org.springframework.web.client.ResourceAccessException: I/O error on GET request for "http://config-server:8888/msvc-sri/local": config-server. Will be trying the next url if available
2026-08-24 17:49:43.229 [main] [] WARN  o.s.c.c.c.ConfigServerConfigDataLoader - Could not locate PropertySource ([ConfigServerConfigDataResource@4867ab9f uris = array<String>['http://config-server:8888'], optional = true, profiles = 'local']): I/O error on GET request for "http://config-server:8888/msvc-sri/local": config-server
2026-08-24 17:49:43.229 [main] [] INFO  o.s.c.c.c.ConfigServerConfigDataLoader - Fetching config from server at : http://config-server:8888
2026-08-24 17:49:43.229 [main] [] INFO  o.s.c.c.c.ConfigServerConfigDataLoader - Exception on Url - http://config-server:8888:org.springframework.web.client.ResourceAccessException: I/O error on GET request for "http://config-server:8888/msvc-sri/default": config-server. Will be trying the next url if available
2026-08-24 17:49:43.229 [main] [] WARN  o.s.c.c.c.ConfigServerConfigDataLoader - Could not locate PropertySource ([ConfigServerConfigDataResource@65f2f9b0 uris = array<String>['http://config-server:8888'], optional = true, profiles = 'default']): I/O error on GET request for "http://config-server:8888/msvc-sri/default": config-server
2026-08-24 17:49:43.988 [main] [] INFO  o.s.d.r.c.RepositoryConfigurationDelegate - Bootstrapping Spring Data JPA repositories in DEFAULT mode.
2026-08-24 17:49:44.128 [main] [] INFO  o.s.d.r.c.RepositoryConfigurationDelegate - Finished Spring Data repository scanning in 133 ms. Found 8 JPA repository interfaces.
2026-08-24 17:49:44.365 [main] [] INFO  o.s.cloud.context.scope.GenericScope - BeanFactory id=b1df5c56-7dd5-3f3c-9196-f1b7c82c2a60
2026-08-24 17:49:44.718 [main] [] INFO  o.s.b.w.e.tomcat.TomcatWebServer - Tomcat initialized with port 9096 (http)
2026-08-24 17:49:44.733 [main] [] INFO  o.a.coyote.http11.Http11NioProtocol - Initializing ProtocolHandler ["http-nio-9096"]
2026-08-24 17:49:44.735 [main] [] INFO  o.a.catalina.core.StandardService - Starting service [Tomcat]
2026-08-24 17:49:44.735 [main] [] INFO  o.a.catalina.core.StandardEngine - Starting Servlet engine: [Apache Tomcat/10.1.34]
2026-08-24 17:49:44.822 [main] [] INFO  o.a.c.c.C.[Tomcat].[localhost].[/] - Initializing Spring embedded WebApplicationContext
2026-08-24 17:49:44.823 [main] [] INFO  o.s.b.w.s.c.ServletWebServerApplicationContext - Root WebApplicationContext: initialization completed in 1592 ms
2026-08-24 17:49:44.891 [main] [] DEBUG c.e.sri_files.config.RateLimitFilter - Filter 'rateLimitFilter' configured for use
2026-08-24 17:49:44.891 [main] [] DEBUG c.e.sri_files.config.RequestIdFilter - Filter 'requestIdFilter' configured for use
2026-08-24 17:49:44.891 [main] [] DEBUG c.erp.sri_files.config.ApiKeyFilter - Filter 'apiKeyFilter' configured for use
2026-08-24 17:49:44.891 [main] [] DEBUG c.e.s.config.SecurityHeadersFilter - Filter 'securityHeadersFilter' configured for use
2026-08-24 17:49:45.317 [main] [] INFO  o.s.o.j.p.SpringPersistenceUnitInfo - No LoadTimeWeaver setup: ignoring JPA class transformer
2026-08-24 17:49:45.347 [main] [] INFO  com.zaxxer.hikari.HikariDataSource - HikariPool-1 - Starting...
2026-08-24 17:49:45.488 [main] [] INFO  com.zaxxer.hikari.pool.HikariPool - HikariPool-1 - Added connection org.postgresql.jdbc.PgConnection@332fa6ce
2026-08-24 17:49:45.494 [main] [] INFO  com.zaxxer.hikari.HikariDataSource - HikariPool-1 - Start completed.
2026-08-24 17:49:45.530 [main] [] WARN  org.hibernate.orm.deprecation - HHH90000025: PostgreSQLDialect does not need to be specified explicitly using 'hibernate.dialect' (remove the property setting and it will be selected by default)
2026-08-24 17:49:46.807 [main] [] WARN  o.h.t.s.i.ExceptionHandlerLoggedImpl - GenerationTarget encountered exception accepting command : Error executing DDL "alter table if exists definir alter column tipoambiente set data type smallint" via JDBC [ERROR: la columna «tipoambiente» no puede convertirse automáticamente al tipo smallint
  Hint: Puede ser necesario especificar «USING tipoambiente::smallint».]
org.hibernate.tool.schema.spi.CommandAcceptanceException: Error executing DDL "alter table if exists definir alter column tipoambiente set data type smallint" via JDBC [ERROR: la columna «tipoambiente» no puede convertirse automáticamente al tipo smallint
  Hint: Puede ser necesario especificar «USING tipoambiente::smallint».]
	at org.hibernate.tool.schema.internal.exec.GenerationTargetToDatabase.accept(GenerationTargetToDatabase.java:94)
	at org.hibernate.tool.schema.internal.AbstractSchemaMigrator.applySqlString(AbstractSchemaMigrator.java:576)
	at org.hibernate.tool.schema.internal.AbstractSchemaMigrator.applySqlStrings(AbstractSchemaMigrator.java:516)
	at org.hibernate.tool.schema.internal.AbstractSchemaMigrator.migrateTable(AbstractSchemaMigrator.java:334)
	at org.hibernate.tool.schema.internal.GroupedSchemaMigratorImpl.performTablesMigration(GroupedSchemaMigratorImpl.java:84)
	at org.hibernate.tool.schema.internal.AbstractSchemaMigrator.performMigration(AbstractSchemaMigrator.java:233)
	at org.hibernate.tool.schema.internal.AbstractSchemaMigrator.doMigration(AbstractSchemaMigrator.java:112)
	at org.hibernate.tool.schema.spi.SchemaManagementToolCoordinator.performDatabaseAction(SchemaManagementToolCoordinator.java:280)
	at org.hibernate.tool.schema.spi.SchemaManagementToolCoordinator.lambda$process$5(SchemaManagementToolCoordinator.java:144)
	at java.base/java.util.HashMap.forEach(HashMap.java:1429)
	at org.hibernate.tool.schema.spi.SchemaManagementToolCoordinator.process(SchemaManagementToolCoordinator.java:141)
	at org.hibernate.boot.internal.SessionFactoryObserverForSchemaExport.sessionFactoryCreated(SessionFactoryObserverForSchemaExport.java:37)
	at org.hibernate.internal.SessionFactoryObserverChain.sessionFactoryCreated(SessionFactoryObserverChain.java:35)
	at org.hibernate.internal.SessionFactoryImpl.<init>(SessionFactoryImpl.java:324)
	at org.hibernate.boot.internal.SessionFactoryBuilderImpl.build(SessionFactoryBuilderImpl.java:463)
	at org.hibernate.jpa.boot.internal.EntityManagerFactoryBuilderImpl.build(EntityManagerFactoryBuilderImpl.java:1506)
	at org.springframework.orm.jpa.vendor.SpringHibernateJpaPersistenceProvider.createContainerEntityManagerFactory(SpringHibernateJpaPersistenceProvider.java:66)
	at org.springframework.orm.jpa.LocalContainerEntityManagerFactoryBean.createNativeEntityManagerFactory(LocalContainerEntityManagerFactoryBean.java:390)
	at org.springframework.orm.jpa.AbstractEntityManagerFactoryBean.buildNativeEntityManagerFactory(AbstractEntityManagerFactoryBean.java:419)
	at org.springframework.orm.jpa.AbstractEntityManagerFactoryBean.afterPropertiesSet(AbstractEntityManagerFactoryBean.java:400)
	at org.springframework.orm.jpa.LocalContainerEntityManagerFactoryBean.afterPropertiesSet(LocalContainerEntityManagerFactoryBean.java:366)
	at org.springframework.beans.factory.support.AbstractAutowireCapableBeanFactory.invokeInitMethods(AbstractAutowireCapableBeanFactory.java:1855)
	at org.springframework.beans.factory.support.AbstractAutowireCapableBeanFactory.initializeBean(AbstractAutowireCapableBeanFactory.java:1804)
	at org.springframework.beans.factory.support.AbstractAutowireCapableBeanFactory.doCreateBean(AbstractAutowireCapableBeanFactory.java:601)
	at org.springframework.beans.factory.support.AbstractAutowireCapableBeanFactory.createBean(AbstractAutowireCapableBeanFactory.java:523)
	at org.springframework.beans.factory.support.AbstractBeanFactory.lambda$doGetBean$0(AbstractBeanFactory.java:336)
	at org.springframework.beans.factory.support.DefaultSingletonBeanRegistry.getSingleton(DefaultSingletonBeanRegistry.java:289)
	at org.springframework.beans.factory.support.AbstractBeanFactory.doGetBean(AbstractBeanFactory.java:334)
	at org.springframework.beans.factory.support.AbstractBeanFactory.getBean(AbstractBeanFactory.java:204)
	at org.springframework.context.support.AbstractApplicationContext.finishBeanFactoryInitialization(AbstractApplicationContext.java:970)
	at org.springframework.context.support.AbstractApplicationContext.refresh(AbstractApplicationContext.java:627)
	at org.springframework.boot.web.servlet.context.ServletWebServerApplicationContext.refresh(ServletWebServerApplicationContext.java:146)
	at org.springframework.boot.SpringApplication.refresh(SpringApplication.java:752)
	at org.springframework.boot.SpringApplication.refreshContext(SpringApplication.java:439)
	at org.springframework.boot.SpringApplication.run(SpringApplication.java:318)
	at org.springframework.boot.SpringApplication.run(SpringApplication.java:1361)
	at org.springframework.boot.SpringApplication.run(SpringApplication.java:1350)
	at com.erp.sri_files.SriFilesApplication.main(SriFilesApplication.java:19)
Caused by: org.postgresql.util.PSQLException: ERROR: la columna «tipoambiente» no puede convertirse automáticamente al tipo smallint
  Hint: Puede ser necesario especificar «USING tipoambiente::smallint».
	at org.postgresql.core.v3.QueryExecutorImpl.receiveErrorResponse(QueryExecutorImpl.java:2733)
	at org.postgresql.core.v3.QueryExecutorImpl.processResults(QueryExecutorImpl.java:2420)
	at org.postgresql.core.v3.QueryExecutorImpl.execute(QueryExecutorImpl.java:372)
	at org.postgresql.jdbc.PgStatement.executeInternal(PgStatement.java:517)
	at org.postgresql.jdbc.PgStatement.execute(PgStatement.java:434)
	at org.postgresql.jdbc.PgStatement.executeWithFlags(PgStatement.java:356)
	at org.postgresql.jdbc.PgStatement.executeCachedSql(PgStatement.java:341)
	at org.postgresql.jdbc.PgStatement.executeWithFlags(PgStatement.java:317)
	at org.postgresql.jdbc.PgStatement.execute(PgStatement.java:312)
	at com.zaxxer.hikari.pool.ProxyStatement.execute(ProxyStatement.java:94)
	at com.zaxxer.hikari.pool.HikariProxyStatement.execute(HikariProxyStatement.java)
	at org.hibernate.tool.schema.internal.exec.GenerationTargetToDatabase.accept(GenerationTargetToDatabase.java:80)
	... 37 common frames omitted
2026-08-24 17:49:46.824 [main] [] WARN  o.h.t.s.i.ExceptionHandlerLoggedImpl - GenerationTarget encountered exception accepting command : Error executing DDL "alter table if exists fec_factura alter column errores set data type varchar(255)" via JDBC [ERROR: el valor es demasiado largo para el tipo character varying(255)]
org.hibernate.tool.schema.spi.CommandAcceptanceException: Error executing DDL "alter table if exists fec_factura alter column errores set data type varchar(255)" via JDBC [ERROR: el valor es demasiado largo para el tipo character varying(255)]
	at org.hibernate.tool.schema.internal.exec.GenerationTargetToDatabase.accept(GenerationTargetToDatabase.java:94)
	at org.hibernate.tool.schema.internal.AbstractSchemaMigrator.applySqlString(AbstractSchemaMigrator.java:576)
	at org.hibernate.tool.schema.internal.AbstractSchemaMigrator.applySqlStrings(AbstractSchemaMigrator.java:516)
	at org.hibernate.tool.schema.internal.AbstractSchemaMigrator.migrateTable(AbstractSchemaMigrator.java:334)
	at org.hibernate.tool.schema.internal.GroupedSchemaMigratorImpl.performTablesMigration(GroupedSchemaMigratorImpl.java:84)
	at org.hibernate.tool.schema.internal.AbstractSchemaMigrator.performMigration(AbstractSchemaMigrator.java:233)
	at org.hibernate.tool.schema.internal.AbstractSchemaMigrator.doMigration(AbstractSchemaMigrator.java:112)
	at org.hibernate.tool.schema.spi.SchemaManagementToolCoordinator.performDatabaseAction(SchemaManagementToolCoordinator.java:280)
	at org.hibernate.tool.schema.spi.SchemaManagementToolCoordinator.lambda$process$5(SchemaManagementToolCoordinator.java:144)
	at java.base/java.util.HashMap.forEach(HashMap.java:1429)
	at org.hibernate.tool.schema.spi.SchemaManagementToolCoordinator.process(SchemaManagementToolCoordinator.java:141)
	at org.hibernate.boot.internal.SessionFactoryObserverForSchemaExport.sessionFactoryCreated(SessionFactoryObserverForSchemaExport.java:37)
	at org.hibernate.internal.SessionFactoryObserverChain.sessionFactoryCreated(SessionFactoryObserverChain.java:35)
	at org.hibernate.internal.SessionFactoryImpl.<init>(SessionFactoryImpl.java:324)
	at org.hibernate.boot.internal.SessionFactoryBuilderImpl.build(SessionFactoryBuilderImpl.java:463)
	at org.hibernate.jpa.boot.internal.EntityManagerFactoryBuilderImpl.build(EntityManagerFactoryBuilderImpl.java:1506)
	at org.springframework.orm.jpa.vendor.SpringHibernateJpaPersistenceProvider.createContainerEntityManagerFactory(SpringHibernateJpaPersistenceProvider.java:66)
	at org.springframework.orm.jpa.LocalContainerEntityManagerFactoryBean.createNativeEntityManagerFactory(LocalContainerEntityManagerFactoryBean.java:390)
	at org.springframework.orm.jpa.AbstractEntityManagerFactoryBean.buildNativeEntityManagerFactory(AbstractEntityManagerFactoryBean.java:419)
	at org.springframework.orm.jpa.AbstractEntityManagerFactoryBean.afterPropertiesSet(AbstractEntityManagerFactoryBean.java:400)
	at org.springframework.orm.jpa.LocalContainerEntityManagerFactoryBean.afterPropertiesSet(LocalContainerEntityManagerFactoryBean.java:366)
	at org.springframework.beans.factory.support.AbstractAutowireCapableBeanFactory.invokeInitMethods(AbstractAutowireCapableBeanFactory.java:1855)
	at org.springframework.beans.factory.support.AbstractAutowireCapableBeanFactory.initializeBean(AbstractAutowireCapableBeanFactory.java:1804)
	at org.springframework.beans.factory.support.AbstractAutowireCapableBeanFactory.doCreateBean(AbstractAutowireCapableBeanFactory.java:601)
	at org.springframework.beans.factory.support.AbstractAutowireCapableBeanFactory.createBean(AbstractAutowireCapableBeanFactory.java:523)
	at org.springframework.beans.factory.support.AbstractBeanFactory.lambda$doGetBean$0(AbstractBeanFactory.java:336)
	at org.springframework.beans.factory.support.DefaultSingletonBeanRegistry.getSingleton(DefaultSingletonBeanRegistry.java:289)
	at org.springframework.beans.factory.support.AbstractBeanFactory.doGetBean(AbstractBeanFactory.java:334)
	at org.springframework.beans.factory.support.AbstractBeanFactory.getBean(AbstractBeanFactory.java:204)
	at org.springframework.context.support.AbstractApplicationContext.finishBeanFactoryInitialization(AbstractApplicationContext.java:970)
	at org.springframework.context.support.AbstractApplicationContext.refresh(AbstractApplicationContext.java:627)
	at org.springframework.boot.web.servlet.context.ServletWebServerApplicationContext.refresh(ServletWebServerApplicationContext.java:146)
	at org.springframework.boot.SpringApplication.refresh(SpringApplication.java:752)
	at org.springframework.boot.SpringApplication.refreshContext(SpringApplication.java:439)
	at org.springframework.boot.SpringApplication.run(SpringApplication.java:318)
	at org.springframework.boot.SpringApplication.run(SpringApplication.java:1361)
	at org.springframework.boot.SpringApplication.run(SpringApplication.java:1350)
	at com.erp.sri_files.SriFilesApplication.main(SriFilesApplication.java:19)
Caused by: org.postgresql.util.PSQLException: ERROR: el valor es demasiado largo para el tipo character varying(255)
	at org.postgresql.core.v3.QueryExecutorImpl.receiveErrorResponse(QueryExecutorImpl.java:2733)
	at org.postgresql.core.v3.QueryExecutorImpl.processResults(QueryExecutorImpl.java:2420)
	at org.postgresql.core.v3.QueryExecutorImpl.execute(QueryExecutorImpl.java:372)
	at org.postgresql.jdbc.PgStatement.executeInternal(PgStatement.java:517)
	at org.postgresql.jdbc.PgStatement.execute(PgStatement.java:434)
	at org.postgresql.jdbc.PgStatement.executeWithFlags(PgStatement.java:356)
	at org.postgresql.jdbc.PgStatement.executeCachedSql(PgStatement.java:341)
	at org.postgresql.jdbc.PgStatement.executeWithFlags(PgStatement.java:317)
	at org.postgresql.jdbc.PgStatement.execute(PgStatement.java:312)
	at com.zaxxer.hikari.pool.ProxyStatement.execute(ProxyStatement.java:94)
	at com.zaxxer.hikari.pool.HikariProxyStatement.execute(HikariProxyStatement.java)
	at org.hibernate.tool.schema.internal.exec.GenerationTargetToDatabase.accept(GenerationTargetToDatabase.java:80)
	... 37 common frames omitted
2026-08-24 17:49:46.828 [main] [] WARN  o.h.t.s.i.ExceptionHandlerLoggedImpl - GenerationTarget encountered exception accepting command : Error executing DDL "alter table if exists fec_factura alter column xmlautorizado set data type varchar(255)" via JDBC [ERROR: el valor es demasiado largo para el tipo character varying(255)]
org.hibernate.tool.schema.spi.CommandAcceptanceException: Error executing DDL "alter table if exists fec_factura alter column xmlautorizado set data type varchar(255)" via JDBC [ERROR: el valor es demasiado largo para el tipo character varying(255)]
	at org.hibernate.tool.schema.internal.exec.GenerationTargetToDatabase.accept(GenerationTargetToDatabase.java:94)
	at org.hibernate.tool.schema.internal.AbstractSchemaMigrator.applySqlString(AbstractSchemaMigrator.java:576)
	at org.hibernate.tool.schema.internal.AbstractSchemaMigrator.applySqlStrings(AbstractSchemaMigrator.java:516)
	at org.hibernate.tool.schema.internal.AbstractSchemaMigrator.migrateTable(AbstractSchemaMigrator.java:334)
	at org.hibernate.tool.schema.internal.GroupedSchemaMigratorImpl.performTablesMigration(GroupedSchemaMigratorImpl.java:84)
	at org.hibernate.tool.schema.internal.AbstractSchemaMigrator.performMigration(AbstractSchemaMigrator.java:233)
	at org.hibernate.tool.schema.internal.AbstractSchemaMigrator.doMigration(AbstractSchemaMigrator.java:112)
	at org.hibernate.tool.schema.spi.SchemaManagementToolCoordinator.performDatabaseAction(SchemaManagementToolCoordinator.java:280)
	at org.hibernate.tool.schema.spi.SchemaManagementToolCoordinator.lambda$process$5(SchemaManagementToolCoordinator.java:144)
	at java.base/java.util.HashMap.forEach(HashMap.java:1429)
	at org.hibernate.tool.schema.spi.SchemaManagementToolCoordinator.process(SchemaManagementToolCoordinator.java:141)
	at org.hibernate.boot.internal.SessionFactoryObserverForSchemaExport.sessionFactoryCreated(SessionFactoryObserverForSchemaExport.java:37)
	at org.hibernate.internal.SessionFactoryObserverChain.sessionFactoryCreated(SessionFactoryObserverChain.java:35)
	at org.hibernate.internal.SessionFactoryImpl.<init>(SessionFactoryImpl.java:324)
	at org.hibernate.boot.internal.SessionFactoryBuilderImpl.build(SessionFactoryBuilderImpl.java:463)
	at org.hibernate.jpa.boot.internal.EntityManagerFactoryBuilderImpl.build(EntityManagerFactoryBuilderImpl.java:1506)
	at org.springframework.orm.jpa.vendor.SpringHibernateJpaPersistenceProvider.createContainerEntityManagerFactory(SpringHibernateJpaPersistenceProvider.java:66)
	at org.springframework.orm.jpa.LocalContainerEntityManagerFactoryBean.createNativeEntityManagerFactory(LocalContainerEntityManagerFactoryBean.java:390)
	at org.springframework.orm.jpa.AbstractEntityManagerFactoryBean.buildNativeEntityManagerFactory(AbstractEntityManagerFactoryBean.java:419)
	at org.springframework.orm.jpa.AbstractEntityManagerFactoryBean.afterPropertiesSet(AbstractEntityManagerFactoryBean.java:400)
	at org.springframework.orm.jpa.LocalContainerEntityManagerFactoryBean.afterPropertiesSet(LocalContainerEntityManagerFactoryBean.java:366)
	at org.springframework.beans.factory.support.AbstractAutowireCapableBeanFactory.invokeInitMethods(AbstractAutowireCapableBeanFactory.java:1855)
	at org.springframework.beans.factory.support.AbstractAutowireCapableBeanFactory.initializeBean(AbstractAutowireCapableBeanFactory.java:1804)
	at org.springframework.beans.factory.support.AbstractAutowireCapableBeanFactory.doCreateBean(AbstractAutowireCapableBeanFactory.java:601)
	at org.springframework.beans.factory.support.AbstractAutowireCapableBeanFactory.createBean(AbstractAutowireCapableBeanFactory.java:523)
	at org.springframework.beans.factory.support.AbstractBeanFactory.lambda$doGetBean$0(AbstractBeanFactory.java:336)
	at org.springframework.beans.factory.support.DefaultSingletonBeanRegistry.getSingleton(DefaultSingletonBeanRegistry.java:289)
	at org.springframework.beans.factory.support.AbstractBeanFactory.doGetBean(AbstractBeanFactory.java:334)
	at org.springframework.beans.factory.support.AbstractBeanFactory.getBean(AbstractBeanFactory.java:204)
	at org.springframework.context.support.AbstractApplicationContext.finishBeanFactoryInitialization(AbstractApplicationContext.java:970)
	at org.springframework.context.support.AbstractApplicationContext.refresh(AbstractApplicationContext.java:627)
	at org.springframework.boot.web.servlet.context.ServletWebServerApplicationContext.refresh(ServletWebServerApplicationContext.java:146)
	at org.springframework.boot.SpringApplication.refresh(SpringApplication.java:752)
	at org.springframework.boot.SpringApplication.refreshContext(SpringApplication.java:439)
	at org.springframework.boot.SpringApplication.run(SpringApplication.java:318)
	at org.springframework.boot.SpringApplication.run(SpringApplication.java:1361)
	at org.springframework.boot.SpringApplication.run(SpringApplication.java:1350)
	at com.erp.sri_files.SriFilesApplication.main(SriFilesApplication.java:19)
Caused by: org.postgresql.util.PSQLException: ERROR: el valor es demasiado largo para el tipo character varying(255)
	at org.postgresql.core.v3.QueryExecutorImpl.receiveErrorResponse(QueryExecutorImpl.java:2733)
	at org.postgresql.core.v3.QueryExecutorImpl.processResults(QueryExecutorImpl.java:2420)
	at org.postgresql.core.v3.QueryExecutorImpl.execute(QueryExecutorImpl.java:372)
	at org.postgresql.jdbc.PgStatement.executeInternal(PgStatement.java:517)
	at org.postgresql.jdbc.PgStatement.execute(PgStatement.java:434)
	at org.postgresql.jdbc.PgStatement.executeWithFlags(PgStatement.java:356)
	at org.postgresql.jdbc.PgStatement.executeCachedSql(PgStatement.java:341)
	at org.postgresql.jdbc.PgStatement.executeWithFlags(PgStatement.java:317)
	at org.postgresql.jdbc.PgStatement.execute(PgStatement.java:312)
	at com.zaxxer.hikari.pool.ProxyStatement.execute(ProxyStatement.java:94)
	at com.zaxxer.hikari.pool.HikariProxyStatement.execute(HikariProxyStatement.java)
	at org.hibernate.tool.schema.internal.exec.GenerationTargetToDatabase.accept(GenerationTargetToDatabase.java:80)
	... 37 common frames omitted
2026-08-24 17:49:46.874 [main] [] INFO  o.s.o.j.LocalContainerEntityManagerFactoryBean - Initialized JPA EntityManagerFactory for persistence unit 'default'
2026-08-24 17:49:47.098 [main] [] INFO  o.s.d.j.r.query.QueryEnhancerFactory - Hibernate is in classpath; If applicable, HQL parser will be used.
2026-08-24 17:49:48.706 [main] [] WARN  o.s.b.a.t.ThymeleafAutoConfiguration$DefaultTemplateResolverConfiguration - Cannot find template location: classpath:/templates/ (please add some templates, check your Thymeleaf configuration, or set spring.thymeleaf.check-template-location=false)
2026-08-24 17:49:48.882 [main] [] WARN  o.s.b.a.o.j.JpaBaseConfiguration$JpaWebConfiguration - spring.jpa.open-in-view is enabled by default. Therefore, database queries may be performed during view rendering. Explicitly configure spring.jpa.open-in-view to disable this warning
2026-08-24 17:49:49.293 [main] [] INFO  o.s.c.n.e.c.DiscoveryClientOptionalArgsConfiguration - Eureka HTTP Client uses RestTemplate.
2026-08-24 17:49:49.328 [main] [] WARN  o.s.c.l.c.LoadBalancerCacheAutoConfiguration$LoadBalancerCaffeineWarnLogger - Spring Cloud LoadBalancer is currently working with the default cache. While this cache implementation is useful for development and tests, it's recommended to use Caffeine cache in production.You can switch to using Caffeine cache, by adding it and org.springframework.cache.caffeine.CaffeineCacheManager to the classpath.
2026-08-24 17:49:49.344 [main] [] INFO  o.a.coyote.http11.Http11NioProtocol - Starting ProtocolHandler ["http-nio-9096"]
2026-08-24 17:49:49.360 [main] [] INFO  o.s.b.w.e.tomcat.TomcatWebServer - Tomcat started on port 9096 (http) with context path '/'
2026-08-24 17:49:49.386 [main] [] INFO  c.erp.sri_files.SriFilesApplication - Started SriFilesApplication in 14.454 seconds (process running for 15.002)
2026-08-24 17:50:00.013 [sri-files-scheduler-4] [] INFO  c.e.s.s.NuevoDocumentoScheduler - [SCHEDULER][V1] INICIO envío pendientes @ 2026-08-24T17:50:00.013590200
2026-08-24 17:50:00.141 [sri-files-scheduler-4] [] INFO  c.e.s.s.NuevoDocumentoScheduler - [SCHEDULER][V1] FIN envío | detectados=0 | exitosos=0 | fallidos=0 | duracionMs=128
2026-08-24 17:50:00.148 [sri-files-scheduler-3] [] INFO  c.e.s.services.EnvioSriBatchService - [SCHEDULER][sri-files-scheduler-3] INICIO automatizacionEnvioFacturasElectonicas @ 2026-08-24T17:50:00.148384800
2026-08-24 17:50:00.149 [sri-files-scheduler-3] [] INFO  c.e.s.services.EnvioSriBatchService - Ejecutando envio de facturas at=2026-08-24T17:50:00.149390400
2026-08-24 17:50:00.211 [sri-files-scheduler-2] [] INFO  c.e.s.batch.BatchJobScheduler - Batch automático ejecutado: tipo=ENVIAR_SRI uuid=9a50c756-afed-47d1-986f-6b252d9b8379
2026-08-24 17:50:00.212 [sri-files-scheduler-1] [] INFO  c.e.s.batch.BatchJobScheduler - Batch automático ejecutado: tipo=REINTENTAR_FALLIDOS uuid=a1625103-5314-4c26-9d27-f9cd4b90dbcc
2026-08-24 17:50:00.224 [task-2] [a1625103-5314-4c26-9d27-f9cd4b90dbcc] INFO  c.e.s.batch.BatchProcessorService - Iniciando batch job a1625103-5314-4c26-9d27-f9cd4b90dbcc tipo=REINTENTAR_FALLIDOS [batchJob=a1625103-5314-4c26-9d27-f9cd4b90dbcc]
2026-08-24 17:50:00.224 [task-1] [9a50c756-afed-47d1-986f-6b252d9b8379] INFO  c.e.s.batch.BatchProcessorService - Iniciando batch job 9a50c756-afed-47d1-986f-6b252d9b8379 tipo=ENVIAR_SRI [batchJob=9a50c756-afed-47d1-986f-6b252d9b8379]
2026-08-24 17:50:00.248 [task-2] [a1625103-5314-4c26-9d27-f9cd4b90dbcc] INFO  c.e.s.batch.BatchProcessorService - Documentos encontrados: 0 [batchJob=a1625103-5314-4c26-9d27-f9cd4b90dbcc]
2026-08-24 17:50:00.248 [task-1] [9a50c756-afed-47d1-986f-6b252d9b8379] INFO  c.e.s.batch.BatchProcessorService - Documentos encontrados: 0 [batchJob=9a50c756-afed-47d1-986f-6b252d9b8379]
2026-08-24 17:50:00.248 [task-1] [9a50c756-afed-47d1-986f-6b252d9b8379] INFO  c.e.s.batch.BatchProcessorService - Batch job 9a50c756-afed-47d1-986f-6b252d9b8379 completado: Procesados: 0, Exitosos: 0, Fallidos: 0 [batchJob=9a50c756-afed-47d1-986f-6b252d9b8379]
2026-08-24 17:50:00.248 [task-2] [a1625103-5314-4c26-9d27-f9cd4b90dbcc] INFO  c.e.s.batch.BatchProcessorService - Batch job a1625103-5314-4c26-9d27-f9cd4b90dbcc completado: Procesados: 0, Exitosos: 0, Fallidos: 0 [batchJob=a1625103-5314-4c26-9d27-f9cd4b90dbcc]
2026-08-24 17:50:01.632 [sri-files-scheduler-3] [] INFO  c.e.s.services.EnvioSriBatchService - No hay facturas pendientes estado=I
2026-08-24 17:50:01.632 [sri-files-scheduler-3] [] INFO  c.e.s.services.EnvioSriBatchService - [SCHEDULER][sri-files-scheduler-3] FIN automatizacionEnvioFacturasElectonicas | detectados=0 | exitosas=0 | fallidas=0 | duracionMs=1484
2026-08-24 17:51:00.010 [sri-files-scheduler-4] [] INFO  c.e.s.s.NuevoDocumentoScheduler - [SCHEDULER][V1] INICIO envío pendientes @ 2026-08-24T17:51:00.010149700
2026-08-24 17:51:00.011 [sri-files-scheduler-1] [] INFO  c.e.s.services.EnvioSriBatchService - [SCHEDULER][sri-files-scheduler-1] INICIO automatizacionEnvioFacturasElectonicas @ 2026-08-24T17:51:00.011159500
2026-08-24 17:51:00.011 [sri-files-scheduler-1] [] INFO  c.e.s.services.EnvioSriBatchService - Ejecutando envio de facturas at=2026-08-24T17:51:00.011159500
2026-08-24 17:51:00.012 [sri-files-scheduler-4] [] INFO  c.e.s.s.NuevoDocumentoScheduler - [SCHEDULER][V1] FIN envío | detectados=0 | exitosos=0 | fallidos=0 | duracionMs=2
2026-08-24 17:51:00.016 [sri-files-scheduler-2] [] INFO  c.e.s.batch.BatchJobScheduler - Batch automático ejecutado: tipo=CONSULTAR_AUTORIZACION uuid=d3e6e293-d1b3-4779-a051-ad325bcfbfac
2026-08-24 17:51:00.018 [task-3] [d3e6e293-d1b3-4779-a051-ad325bcfbfac] INFO  c.e.s.batch.BatchProcessorService - Iniciando batch job d3e6e293-d1b3-4779-a051-ad325bcfbfac tipo=CONSULTAR_AUTORIZACION [batchJob=d3e6e293-d1b3-4779-a051-ad325bcfbfac]
2026-08-24 17:51:00.020 [task-3] [d3e6e293-d1b3-4779-a051-ad325bcfbfac] INFO  c.e.s.batch.BatchProcessorService - Documentos encontrados: 0 [batchJob=d3e6e293-d1b3-4779-a051-ad325bcfbfac]
2026-08-24 17:51:00.020 [task-3] [d3e6e293-d1b3-4779-a051-ad325bcfbfac] INFO  c.e.s.batch.BatchProcessorService - Batch job d3e6e293-d1b3-4779-a051-ad325bcfbfac completado: Procesados: 0, Exitosos: 0, Fallidos: 0 [batchJob=d3e6e293-d1b3-4779-a051-ad325bcfbfac]
2026-08-24 17:51:01.456 [sri-files-scheduler-1] [] INFO  c.e.s.services.EnvioSriBatchService - No hay facturas pendientes estado=I
2026-08-24 17:51:01.456 [sri-files-scheduler-1] [] INFO  c.e.s.services.EnvioSriBatchService - [SCHEDULER][sri-files-scheduler-1] FIN automatizacionEnvioFacturasElectonicas | detectados=0 | exitosas=0 | fallidas=0 | duracionMs=1445
2026-08-24 17:51:30.011 [sri-files-scheduler-3] [] INFO  c.e.s.s.NuevoDocumentoScheduler - [SCHEDULER][V1] INICIO recuperación autorizaciones @ 2026-08-24T17:51:30.011529700
2026-08-24 17:51:30.012 [sri-files-scheduler-4] [] INFO  c.e.s.services.EnvioSriBatchService - [SCHEDULER][sri-files-scheduler-4] INICIO automatizacionConsultarXml @ 2026-08-24T17:51:30.012938300
2026-08-24 17:51:30.012 [sri-files-scheduler-4] [] INFO  c.e.s.services.EnvioSriBatchService - Iniciando consulta de XML pendientes
2026-08-24 17:51:30.024 [sri-files-scheduler-3] [] INFO  c.e.s.s.NuevoDocumentoScheduler - [SCHEDULER][V1] FIN recuperación | detectados=0 | autorizados=0 | pendientes=0 | duracionMs=13
2026-08-24 17:52:00.000 [sri-files-scheduler-3] [] INFO  c.e.s.s.NuevoDocumentoScheduler - [SCHEDULER][V1] INICIO envío pendientes @ 2026-08-24T17:52:00.000796
2026-08-24 17:52:00.001 [sri-files-scheduler-2] [] INFO  c.e.s.services.EnvioSriBatchService - [SCHEDULER][sri-files-scheduler-2] INICIO automatizacionEnvioFacturasElectonicas @ 2026-08-24T17:52:00.001788300
2026-08-24 17:52:00.001 [sri-files-scheduler-2] [] INFO  c.e.s.services.EnvioSriBatchService - Ejecutando envio de facturas at=2026-08-24T17:52:00.001788300
2026-08-24 17:52:00.002 [sri-files-scheduler-3] [] INFO  c.e.s.s.NuevoDocumentoScheduler - [SCHEDULER][V1] FIN envío | detectados=0 | exitosos=0 | fallidos=0 | duracionMs=2
2026-08-24 17:52:00.005 [sri-files-scheduler-1] [] INFO  c.e.s.batch.BatchJobScheduler - Batch automático ejecutado: tipo=ENVIAR_SRI uuid=d154452b-32f5-4d3a-b650-ac4707ad4eba
2026-08-24 17:52:00.007 [task-4] [d154452b-32f5-4d3a-b650-ac4707ad4eba] INFO  c.e.s.batch.BatchProcessorService - Iniciando batch job d154452b-32f5-4d3a-b650-ac4707ad4eba tipo=ENVIAR_SRI [batchJob=d154452b-32f5-4d3a-b650-ac4707ad4eba]
2026-08-24 17:52:00.011 [task-4] [d154452b-32f5-4d3a-b650-ac4707ad4eba] INFO  c.e.s.batch.BatchProcessorService - Documentos encontrados: 0 [batchJob=d154452b-32f5-4d3a-b650-ac4707ad4eba]
2026-08-24 17:52:00.011 [task-4] [d154452b-32f5-4d3a-b650-ac4707ad4eba] INFO  c.e.s.batch.BatchProcessorService - Batch job d154452b-32f5-4d3a-b650-ac4707ad4eba completado: Procesados: 0, Exitosos: 0, Fallidos: 0 [batchJob=d154452b-32f5-4d3a-b650-ac4707ad4eba]
2026-08-24 17:52:00.015 [sri-files-scheduler-3] [] INFO  c.e.s.batch.BatchJobScheduler - Batch automático ejecutado: tipo=ENVIAR_CORREO uuid=a8add7c5-d6bd-4475-a1d0-5c14d6ca7429
2026-08-24 17:52:00.017 [task-5] [a8add7c5-d6bd-4475-a1d0-5c14d6ca7429] INFO  c.e.s.batch.BatchProcessorService - Iniciando batch job a8add7c5-d6bd-4475-a1d0-5c14d6ca7429 tipo=ENVIAR_CORREO [batchJob=a8add7c5-d6bd-4475-a1d0-5c14d6ca7429]
2026-08-24 17:52:00.021 [task-5] [a8add7c5-d6bd-4475-a1d0-5c14d6ca7429] INFO  c.e.s.batch.BatchProcessorService - Documentos encontrados: 0 [batchJob=a8add7c5-d6bd-4475-a1d0-5c14d6ca7429]
2026-08-24 17:52:00.021 [task-5] [a8add7c5-d6bd-4475-a1d0-5c14d6ca7429] INFO  c.e.s.batch.BatchProcessorService - Batch job a8add7c5-d6bd-4475-a1d0-5c14d6ca7429 completado: Procesados: 0, Exitosos: 0, Fallidos: 0 [batchJob=a8add7c5-d6bd-4475-a1d0-5c14d6ca7429]
2026-08-24 17:52:01.456 [sri-files-scheduler-2] [] INFO  c.e.s.services.EnvioSriBatchService - No hay facturas pendientes estado=I
2026-08-24 17:52:01.456 [sri-files-scheduler-2] [] INFO  c.e.s.services.EnvioSriBatchService - [SCHEDULER][sri-files-scheduler-2] FIN automatizacionEnvioFacturasElectonicas | detectados=0 | exitosas=0 | fallidas=0 | duracionMs=1455
2026-08-24 17:53:00.013 [sri-files-scheduler-1] [] INFO  c.e.s.s.NuevoDocumentoScheduler - [SCHEDULER][V1] INICIO envío pendientes @ 2026-08-24T17:53:00.013527500
2026-08-24 17:53:00.014 [sri-files-scheduler-3] [] INFO  c.e.s.services.EnvioSriBatchService - [SCHEDULER][sri-files-scheduler-3] INICIO automatizacionEnvioFacturasElectonicas @ 2026-08-24T17:53:00.014033800
2026-08-24 17:53:00.014 [sri-files-scheduler-3] [] INFO  c.e.s.services.EnvioSriBatchService - Ejecutando envio de facturas at=2026-08-24T17:53:00.014033800
2026-08-24 17:53:00.016 [sri-files-scheduler-1] [] INFO  c.e.s.s.NuevoDocumentoScheduler - [SCHEDULER][V1] FIN envío | detectados=0 | exitosos=0 | fallidos=0 | duracionMs=3
2026-08-24 17:53:01.344 [sri-files-scheduler-3] [] INFO  c.e.s.services.EnvioSriBatchService - No hay facturas pendientes estado=I
2026-08-24 17:53:01.344 [sri-files-scheduler-3] [] INFO  c.e.s.services.EnvioSriBatchService - [SCHEDULER][sri-files-scheduler-3] FIN automatizacionEnvioFacturasElectonicas | detectados=0 | exitosas=0 | fallidas=0 | duracionMs=1330
2026-08-24 17:54:00.007 [sri-files-scheduler-3] [] INFO  c.e.s.s.NuevoDocumentoScheduler - [SCHEDULER][V1] INICIO envío pendientes @ 2026-08-24T17:54:00.007373800
2026-08-24 17:54:00.008 [sri-files-scheduler-1] [] INFO  c.e.s.services.EnvioSriBatchService - [SCHEDULER][sri-files-scheduler-1] INICIO automatizacionEnvioFacturasElectonicas @ 2026-08-24T17:54:00.008251500
2026-08-24 17:54:00.008 [sri-files-scheduler-1] [] INFO  c.e.s.services.EnvioSriBatchService - Ejecutando envio de facturas at=2026-08-24T17:54:00.008251500
2026-08-24 17:54:00.010 [sri-files-scheduler-3] [] INFO  c.e.s.s.NuevoDocumentoScheduler - [SCHEDULER][V1] FIN envío | detectados=0 | exitosos=0 | fallidos=0 | duracionMs=3
2026-08-24 17:54:00.018 [sri-files-scheduler-2] [] INFO  c.e.s.batch.BatchJobScheduler - Batch automático ejecutado: tipo=ENVIAR_SRI uuid=dbd5d0f0-11dc-47e4-928c-a36cb9ef03b8
2026-08-24 17:54:00.020 [task-6] [dbd5d0f0-11dc-47e4-928c-a36cb9ef03b8] INFO  c.e.s.batch.BatchProcessorService - Iniciando batch job dbd5d0f0-11dc-47e4-928c-a36cb9ef03b8 tipo=ENVIAR_SRI [batchJob=dbd5d0f0-11dc-47e4-928c-a36cb9ef03b8]
2026-08-24 17:54:00.021 [sri-files-scheduler-3] [] INFO  c.e.s.batch.BatchJobScheduler - Batch automático ejecutado: tipo=CONSULTAR_AUTORIZACION uuid=75197bb4-f2c4-4087-a70c-a907fb5b962e
2026-08-24 17:54:00.022 [task-7] [75197bb4-f2c4-4087-a70c-a907fb5b962e] INFO  c.e.s.batch.BatchProcessorService - Iniciando batch job 75197bb4-f2c4-4087-a70c-a907fb5b962e tipo=CONSULTAR_AUTORIZACION [batchJob=75197bb4-f2c4-4087-a70c-a907fb5b962e]
2026-08-24 17:54:00.023 [task-6] [dbd5d0f0-11dc-47e4-928c-a36cb9ef03b8] INFO  c.e.s.batch.BatchProcessorService - Documentos encontrados: 0 [batchJob=dbd5d0f0-11dc-47e4-928c-a36cb9ef03b8]
2026-08-24 17:54:00.023 [task-6] [dbd5d0f0-11dc-47e4-928c-a36cb9ef03b8] INFO  c.e.s.batch.BatchProcessorService - Batch job dbd5d0f0-11dc-47e4-928c-a36cb9ef03b8 completado: Procesados: 0, Exitosos: 0, Fallidos: 0 [batchJob=dbd5d0f0-11dc-47e4-928c-a36cb9ef03b8]
2026-08-24 17:54:00.025 [task-7] [75197bb4-f2c4-4087-a70c-a907fb5b962e] INFO  c.e.s.batch.BatchProcessorService - Documentos encontrados: 0 [batchJob=75197bb4-f2c4-4087-a70c-a907fb5b962e]
2026-08-24 17:54:00.025 [task-7] [75197bb4-f2c4-4087-a70c-a907fb5b962e] INFO  c.e.s.batch.BatchProcessorService - Batch job 75197bb4-f2c4-4087-a70c-a907fb5b962e completado: Procesados: 0, Exitosos: 0, Fallidos: 0 [batchJob=75197bb4-f2c4-4087-a70c-a907fb5b962e]
2026-08-24 17:54:01.359 [sri-files-scheduler-1] [] INFO  c.e.s.services.EnvioSriBatchService - No hay facturas pendientes estado=I
2026-08-24 17:54:01.360 [sri-files-scheduler-1] [] INFO  c.e.s.services.EnvioSriBatchService - [SCHEDULER][sri-files-scheduler-1] FIN automatizacionEnvioFacturasElectonicas | detectados=0 | exitosas=0 | fallidas=0 | duracionMs=1352
2026-08-24 17:54:30.007 [sri-files-scheduler-2] [] INFO  c.e.s.s.NuevoDocumentoScheduler - [SCHEDULER][V1] INICIO recuperación autorizaciones @ 2026-08-24T17:54:30.007472400
2026-08-24 17:54:30.011 [sri-files-scheduler-2] [] INFO  c.e.s.s.NuevoDocumentoScheduler - [SCHEDULER][V1] FIN recuperación | detectados=0 | autorizados=0 | pendientes=0 | duracionMs=4
2026-08-24 17:55:00.008 [sri-files-scheduler-3] [] INFO  c.e.s.s.NuevoDocumentoScheduler - [SCHEDULER][V1] INICIO envío pendientes @ 2026-08-24T17:55:00.008579400
2026-08-24 17:55:00.011 [sri-files-scheduler-3] [] INFO  c.e.s.s.NuevoDocumentoScheduler - [SCHEDULER][V1] FIN envío | detectados=0 | exitosos=0 | fallidos=0 | duracionMs=3
2026-08-24 17:55:00.011 [sri-files-scheduler-2] [] INFO  c.e.s.services.EnvioSriBatchService - [SCHEDULER][sri-files-scheduler-2] INICIO automatizacionEnvioFacturasElectonicas @ 2026-08-24T17:55:00.011096200
2026-08-24 17:55:00.011 [sri-files-scheduler-2] [] INFO  c.e.s.services.EnvioSriBatchService - Ejecutando envio de facturas at=2026-08-24T17:55:00.011096200
2026-08-24 17:55:00.014 [sri-files-scheduler-1] [] INFO  c.e.s.batch.BatchJobScheduler - Batch automático ejecutado: tipo=REINTENTAR_FALLIDOS uuid=59f425ec-69dc-4186-89dd-345be1b7a2f2
2026-08-24 17:55:00.015 [task-8] [59f425ec-69dc-4186-89dd-345be1b7a2f2] INFO  c.e.s.batch.BatchProcessorService - Iniciando batch job 59f425ec-69dc-4186-89dd-345be1b7a2f2 tipo=REINTENTAR_FALLIDOS [batchJob=59f425ec-69dc-4186-89dd-345be1b7a2f2]
2026-08-24 17:55:00.017 [task-8] [59f425ec-69dc-4186-89dd-345be1b7a2f2] INFO  c.e.s.batch.BatchProcessorService - Documentos encontrados: 0 [batchJob=59f425ec-69dc-4186-89dd-345be1b7a2f2]
2026-08-24 17:55:00.017 [task-8] [59f425ec-69dc-4186-89dd-345be1b7a2f2] INFO  c.e.s.batch.BatchProcessorService - Batch job 59f425ec-69dc-4186-89dd-345be1b7a2f2 completado: Procesados: 0, Exitosos: 0, Fallidos: 0 [batchJob=59f425ec-69dc-4186-89dd-345be1b7a2f2]
2026-08-24 17:55:01.331 [sri-files-scheduler-2] [] INFO  c.e.s.services.EnvioSriBatchService - No hay facturas pendientes estado=I
2026-08-24 17:55:01.331 [sri-files-scheduler-2] [] INFO  c.e.s.services.EnvioSriBatchService - [SCHEDULER][sri-files-scheduler-2] FIN automatizacionEnvioFacturasElectonicas | detectados=0 | exitosas=0 | fallidas=0 | duracionMs=1320
2026-08-24 17:56:00.012 [sri-files-scheduler-2] [] INFO  c.e.s.s.NuevoDocumentoScheduler - [SCHEDULER][V1] INICIO envío pendientes @ 2026-08-24T17:56:00.012599300
2026-08-24 17:56:00.013 [sri-files-scheduler-2] [] INFO  c.e.s.s.NuevoDocumentoScheduler - [SCHEDULER][V1] FIN envío | detectados=0 | exitosos=0 | fallidos=0 | duracionMs=1
2026-08-24 17:56:00.014 [sri-files-scheduler-2] [] INFO  c.e.s.services.EnvioSriBatchService - [SCHEDULER][sri-files-scheduler-2] INICIO automatizacionEnvioFacturasElectonicas @ 2026-08-24T17:56:00.014598
2026-08-24 17:56:00.014 [sri-files-scheduler-2] [] INFO  c.e.s.services.EnvioSriBatchService - Ejecutando envio de facturas at=2026-08-24T17:56:00.014598
2026-08-24 17:56:00.017 [sri-files-scheduler-3] [] INFO  c.e.s.batch.BatchJobScheduler - Batch automático ejecutado: tipo=ENVIAR_SRI uuid=474b02a1-155c-4094-b6af-1349ac6efb73
2026-08-24 17:56:00.017 [sri-files-scheduler-1] [] INFO  c.e.s.batch.BatchJobScheduler - Batch automático ejecutado: tipo=ENVIAR_CORREO uuid=092fc390-2cdc-4b99-8119-52cf1f4174f1
2026-08-24 17:56:00.018 [task-9] [474b02a1-155c-4094-b6af-1349ac6efb73] INFO  c.e.s.batch.BatchProcessorService - Iniciando batch job 474b02a1-155c-4094-b6af-1349ac6efb73 tipo=ENVIAR_SRI [batchJob=474b02a1-155c-4094-b6af-1349ac6efb73]
2026-08-24 17:56:00.018 [task-10] [092fc390-2cdc-4b99-8119-52cf1f4174f1] INFO  c.e.s.batch.BatchProcessorService - Iniciando batch job 092fc390-2cdc-4b99-8119-52cf1f4174f1 tipo=ENVIAR_CORREO [batchJob=092fc390-2cdc-4b99-8119-52cf1f4174f1]
2026-08-24 17:56:00.019 [task-10] [092fc390-2cdc-4b99-8119-52cf1f4174f1] INFO  c.e.s.batch.BatchProcessorService - Documentos encontrados: 0 [batchJob=092fc390-2cdc-4b99-8119-52cf1f4174f1]
2026-08-24 17:56:00.019 [task-10] [092fc390-2cdc-4b99-8119-52cf1f4174f1] INFO  c.e.s.batch.BatchProcessorService - Batch job 092fc390-2cdc-4b99-8119-52cf1f4174f1 completado: Procesados: 0, Exitosos: 0, Fallidos: 0 [batchJob=092fc390-2cdc-4b99-8119-52cf1f4174f1]
2026-08-24 17:56:00.019 [task-9] [474b02a1-155c-4094-b6af-1349ac6efb73] INFO  c.e.s.batch.BatchProcessorService - Documentos encontrados: 0 [batchJob=474b02a1-155c-4094-b6af-1349ac6efb73]
2026-08-24 17:56:00.019 [task-9] [474b02a1-155c-4094-b6af-1349ac6efb73] INFO  c.e.s.batch.BatchProcessorService - Batch job 474b02a1-155c-4094-b6af-1349ac6efb73 completado: Procesados: 0, Exitosos: 0, Fallidos: 0 [batchJob=474b02a1-155c-4094-b6af-1349ac6efb73]
2026-08-24 17:56:01.325 [sri-files-scheduler-2] [] INFO  c.e.s.services.EnvioSriBatchService - No hay facturas pendientes estado=I
2026-08-24 17:56:01.325 [sri-files-scheduler-2] [] INFO  c.e.s.services.EnvioSriBatchService - [SCHEDULER][sri-files-scheduler-2] FIN automatizacionEnvioFacturasElectonicas | detectados=0 | exitosas=0 | fallidas=0 | duracionMs=1311
2026-08-24 17:57:00.002 [sri-files-scheduler-2] [] INFO  c.e.s.s.NuevoDocumentoScheduler - [SCHEDULER][V1] INICIO envío pendientes @ 2026-08-24T17:57:00.002774100
2026-08-24 17:57:00.003 [sri-files-scheduler-1] [] INFO  c.e.s.services.EnvioSriBatchService - [SCHEDULER][sri-files-scheduler-1] INICIO automatizacionEnvioFacturasElectonicas @ 2026-08-24T17:57:00.003490600
2026-08-24 17:57:00.003 [sri-files-scheduler-1] [] INFO  c.e.s.services.EnvioSriBatchService - Ejecutando envio de facturas at=2026-08-24T17:57:00.003490600
2026-08-24 17:57:00.004 [sri-files-scheduler-2] [] INFO  c.e.s.s.NuevoDocumentoScheduler - [SCHEDULER][V1] FIN envío | detectados=0 | exitosos=0 | fallidos=0 | duracionMs=2
2026-08-24 17:57:00.009 [sri-files-scheduler-3] [] INFO  c.e.s.batch.BatchJobScheduler - Batch automático ejecutado: tipo=CONSULTAR_AUTORIZACION uuid=7428c24a-8a26-4eb8-827b-2986e211ace6
2026-08-24 17:57:00.011 [task-11] [7428c24a-8a26-4eb8-827b-2986e211ace6] INFO  c.e.s.batch.BatchProcessorService - Iniciando batch job 7428c24a-8a26-4eb8-827b-2986e211ace6 tipo=CONSULTAR_AUTORIZACION [batchJob=7428c24a-8a26-4eb8-827b-2986e211ace6]
2026-08-24 17:57:00.015 [task-11] [7428c24a-8a26-4eb8-827b-2986e211ace6] INFO  c.e.s.batch.BatchProcessorService - Documentos encontrados: 0 [batchJob=7428c24a-8a26-4eb8-827b-2986e211ace6]
2026-08-24 17:57:00.015 [task-11] [7428c24a-8a26-4eb8-827b-2986e211ace6] INFO  c.e.s.batch.BatchProcessorService - Batch job 7428c24a-8a26-4eb8-827b-2986e211ace6 completado: Procesados: 0, Exitosos: 0, Fallidos: 0 [batchJob=7428c24a-8a26-4eb8-827b-2986e211ace6]
2026-08-24 17:57:01.372 [sri-files-scheduler-1] [] INFO  c.e.s.services.EnvioSriBatchService - No hay facturas pendientes estado=I
2026-08-24 17:57:01.372 [sri-files-scheduler-1] [] INFO  c.e.s.services.EnvioSriBatchService - [SCHEDULER][sri-files-scheduler-1] FIN automatizacionEnvioFacturasElectonicas | detectados=0 | exitosas=0 | fallidas=0 | duracionMs=1369
2026-08-24 17:57:30.006 [sri-files-scheduler-2] [] INFO  c.e.s.s.NuevoDocumentoScheduler - [SCHEDULER][V1] INICIO recuperación autorizaciones @ 2026-08-24T17:57:30.006417800
2026-08-24 17:57:30.009 [sri-files-scheduler-2] [] INFO  c.e.s.s.NuevoDocumentoScheduler - [SCHEDULER][V1] FIN recuperación | detectados=0 | autorizados=0 | pendientes=0 | duracionMs=3
2026-08-24 17:58:00.009 [sri-files-scheduler-2] [] INFO  c.e.s.s.NuevoDocumentoScheduler - [SCHEDULER][V1] INICIO envío pendientes @ 2026-08-24T17:58:00.009253600
2026-08-24 17:58:00.010 [sri-files-scheduler-3] [] INFO  c.e.s.services.EnvioSriBatchService - [SCHEDULER][sri-files-scheduler-3] INICIO automatizacionEnvioFacturasElectonicas @ 2026-08-24T17:58:00.010262300
2026-08-24 17:58:00.010 [sri-files-scheduler-3] [] INFO  c.e.s.services.EnvioSriBatchService - Ejecutando envio de facturas at=2026-08-24T17:58:00.010262300
2026-08-24 17:58:00.011 [sri-files-scheduler-2] [] INFO  c.e.s.s.NuevoDocumentoScheduler - [SCHEDULER][V1] FIN envío | detectados=0 | exitosos=0 | fallidos=0 | duracionMs=2
2026-08-24 17:58:00.014 [sri-files-scheduler-1] [] INFO  c.e.s.batch.BatchJobScheduler - Batch automático ejecutado: tipo=ENVIAR_SRI uuid=32408032-142b-4d33-8c72-5ad6339a7434
2026-08-24 17:58:00.016 [task-12] [32408032-142b-4d33-8c72-5ad6339a7434] INFO  c.e.s.batch.BatchProcessorService - Iniciando batch job 32408032-142b-4d33-8c72-5ad6339a7434 tipo=ENVIAR_SRI [batchJob=32408032-142b-4d33-8c72-5ad6339a7434]
2026-08-24 17:58:00.018 [task-12] [32408032-142b-4d33-8c72-5ad6339a7434] INFO  c.e.s.batch.BatchProcessorService - Documentos encontrados: 0 [batchJob=32408032-142b-4d33-8c72-5ad6339a7434]
2026-08-24 17:58:00.018 [task-12] [32408032-142b-4d33-8c72-5ad6339a7434] INFO  c.e.s.batch.BatchProcessorService - Batch job 32408032-142b-4d33-8c72-5ad6339a7434 completado: Procesados: 0, Exitosos: 0, Fallidos: 0 [batchJob=32408032-142b-4d33-8c72-5ad6339a7434]
2026-08-24 17:58:01.345 [sri-files-scheduler-3] [] INFO  c.e.s.services.EnvioSriBatchService - No hay facturas pendientes estado=I
2026-08-24 17:58:01.346 [sri-files-scheduler-3] [] INFO  c.e.s.services.EnvioSriBatchService - [SCHEDULER][sri-files-scheduler-3] FIN automatizacionEnvioFacturasElectonicas | detectados=0 | exitosas=0 | fallidas=0 | duracionMs=1336
2026-08-24 17:59:00.013 [sri-files-scheduler-1] [] INFO  c.e.s.s.NuevoDocumentoScheduler - [SCHEDULER][V1] INICIO envío pendientes @ 2026-08-24T17:59:00.013990500
2026-08-24 17:59:00.013 [sri-files-scheduler-2] [] INFO  c.e.s.services.EnvioSriBatchService - [SCHEDULER][sri-files-scheduler-2] INICIO automatizacionEnvioFacturasElectonicas @ 2026-08-24T17:59:00.013990500
2026-08-24 17:59:00.013 [sri-files-scheduler-2] [] INFO  c.e.s.services.EnvioSriBatchService - Ejecutando envio de facturas at=2026-08-24T17:59:00.013990500
2026-08-24 17:59:00.016 [sri-files-scheduler-1] [] INFO  c.e.s.s.NuevoDocumentoScheduler - [SCHEDULER][V1] FIN envío | detectados=0 | exitosos=0 | fallidos=0 | duracionMs=3
2026-08-24 17:59:01.326 [sri-files-scheduler-2] [] INFO  c.e.s.services.EnvioSriBatchService - No hay facturas pendientes estado=I
2026-08-24 17:59:01.326 [sri-files-scheduler-2] [] INFO  c.e.s.services.EnvioSriBatchService - [SCHEDULER][sri-files-scheduler-2] FIN automatizacionEnvioFacturasElectonicas | detectados=0 | exitosas=0 | fallidas=0 | duracionMs=1313
2026-08-24 18:00:00.003 [sri-files-scheduler-3] [] INFO  c.e.s.s.NuevoDocumentoScheduler - [SCHEDULER][V1] INICIO envío pendientes @ 2026-08-24T18:00:00.003695300
2026-08-24 18:00:00.004 [sri-files-scheduler-2] [] INFO  c.e.s.services.EnvioSriBatchService - [SCHEDULER][sri-files-scheduler-2] INICIO automatizacionEnvioFacturasElectonicas @ 2026-08-24T18:00:00.004202100
2026-08-24 18:00:00.004 [sri-files-scheduler-2] [] INFO  c.e.s.services.EnvioSriBatchService - Ejecutando envio de facturas at=2026-08-24T18:00:00.004848100
2026-08-24 18:00:00.006 [sri-files-scheduler-3] [] INFO  c.e.s.s.NuevoDocumentoScheduler - [SCHEDULER][V1] FIN envío | detectados=0 | exitosos=0 | fallidos=0 | duracionMs=3
2026-08-24 18:00:00.012 [sri-files-scheduler-1] [] INFO  c.e.s.batch.BatchJobScheduler - Batch automático ejecutado: tipo=CONSULTAR_AUTORIZACION uuid=16329296-6bbb-44ea-9085-0956840529ad
2026-08-24 18:00:00.012 [sri-files-scheduler-3] [] INFO  c.e.s.batch.BatchJobScheduler - Batch automático ejecutado: tipo=ENVIAR_CORREO uuid=b331e038-ec07-4e1b-92f9-2bdcfb1a6f18
2026-08-24 18:00:00.013 [task-13] [16329296-6bbb-44ea-9085-0956840529ad] INFO  c.e.s.batch.BatchProcessorService - Iniciando batch job 16329296-6bbb-44ea-9085-0956840529ad tipo=CONSULTAR_AUTORIZACION [batchJob=16329296-6bbb-44ea-9085-0956840529ad]
2026-08-24 18:00:00.013 [task-14] [b331e038-ec07-4e1b-92f9-2bdcfb1a6f18] INFO  c.e.s.batch.BatchProcessorService - Iniciando batch job b331e038-ec07-4e1b-92f9-2bdcfb1a6f18 tipo=ENVIAR_CORREO [batchJob=b331e038-ec07-4e1b-92f9-2bdcfb1a6f18]
2026-08-24 18:00:00.016 [task-14] [b331e038-ec07-4e1b-92f9-2bdcfb1a6f18] INFO  c.e.s.batch.BatchProcessorService - Documentos encontrados: 0 [batchJob=b331e038-ec07-4e1b-92f9-2bdcfb1a6f18]
2026-08-24 18:00:00.016 [task-13] [16329296-6bbb-44ea-9085-0956840529ad] INFO  c.e.s.batch.BatchProcessorService - Documentos encontrados: 0 [batchJob=16329296-6bbb-44ea-9085-0956840529ad]
2026-08-24 18:00:00.016 [task-14] [b331e038-ec07-4e1b-92f9-2bdcfb1a6f18] INFO  c.e.s.batch.BatchProcessorService - Batch job b331e038-ec07-4e1b-92f9-2bdcfb1a6f18 completado: Procesados: 0, Exitosos: 0, Fallidos: 0 [batchJob=b331e038-ec07-4e1b-92f9-2bdcfb1a6f18]
2026-08-24 18:00:00.016 [task-13] [16329296-6bbb-44ea-9085-0956840529ad] INFO  c.e.s.batch.BatchProcessorService - Batch job 16329296-6bbb-44ea-9085-0956840529ad completado: Procesados: 0, Exitosos: 0, Fallidos: 0 [batchJob=16329296-6bbb-44ea-9085-0956840529ad]
2026-08-24 18:00:00.033 [sri-files-scheduler-1] [] INFO  c.e.s.batch.BatchJobScheduler - Batch automático ejecutado: tipo=REINTENTAR_FALLIDOS uuid=74b6eea6-4b4e-468b-acdb-ad36024c8f76
2026-08-24 18:00:00.034 [sri-files-scheduler-3] [] INFO  c.e.s.batch.BatchJobScheduler - Batch automático ejecutado: tipo=ENVIAR_SRI uuid=f5f001ab-59a5-46d1-af6f-abd6dbf0ba2a
2026-08-24 18:00:00.035 [task-16] [f5f001ab-59a5-46d1-af6f-abd6dbf0ba2a] INFO  c.e.s.batch.BatchProcessorService - Iniciando batch job f5f001ab-59a5-46d1-af6f-abd6dbf0ba2a tipo=ENVIAR_SRI [batchJob=f5f001ab-59a5-46d1-af6f-abd6dbf0ba2a]
2026-08-24 18:00:00.035 [task-15] [74b6eea6-4b4e-468b-acdb-ad36024c8f76] INFO  c.e.s.batch.BatchProcessorService - Iniciando batch job 74b6eea6-4b4e-468b-acdb-ad36024c8f76 tipo=REINTENTAR_FALLIDOS [batchJob=74b6eea6-4b4e-468b-acdb-ad36024c8f76]
2026-08-24 18:00:00.038 [task-15] [74b6eea6-4b4e-468b-acdb-ad36024c8f76] INFO  c.e.s.batch.BatchProcessorService - Documentos encontrados: 0 [batchJob=74b6eea6-4b4e-468b-acdb-ad36024c8f76]
2026-08-24 18:00:00.038 [task-16] [f5f001ab-59a5-46d1-af6f-abd6dbf0ba2a] INFO  c.e.s.batch.BatchProcessorService - Documentos encontrados: 0 [batchJob=f5f001ab-59a5-46d1-af6f-abd6dbf0ba2a]
2026-08-24 18:00:00.038 [task-15] [74b6eea6-4b4e-468b-acdb-ad36024c8f76] INFO  c.e.s.batch.BatchProcessorService - Batch job 74b6eea6-4b4e-468b-acdb-ad36024c8f76 completado: Procesados: 0, Exitosos: 0, Fallidos: 0 [batchJob=74b6eea6-4b4e-468b-acdb-ad36024c8f76]
2026-08-24 18:00:00.038 [task-16] [f5f001ab-59a5-46d1-af6f-abd6dbf0ba2a] INFO  c.e.s.batch.BatchProcessorService - Batch job f5f001ab-59a5-46d1-af6f-abd6dbf0ba2a completado: Procesados: 0, Exitosos: 0, Fallidos: 0 [batchJob=f5f001ab-59a5-46d1-af6f-abd6dbf0ba2a]
2026-08-24 18:00:01.356 [sri-files-scheduler-2] [] INFO  c.e.s.services.EnvioSriBatchService - No hay facturas pendientes estado=I
2026-08-24 18:00:01.356 [sri-files-scheduler-2] [] INFO  c.e.s.services.EnvioSriBatchService - [SCHEDULER][sri-files-scheduler-2] FIN automatizacionEnvioFacturasElectonicas | detectados=0 | exitosas=0 | fallidas=0 | duracionMs=1352
2026-08-24 18:00:30.011 [sri-files-scheduler-1] [] INFO  c.e.s.s.NuevoDocumentoScheduler - [SCHEDULER][V1] INICIO recuperación autorizaciones @ 2026-08-24T18:00:30.011622400
2026-08-24 18:00:30.017 [sri-files-scheduler-1] [] INFO  c.e.s.s.NuevoDocumentoScheduler - [SCHEDULER][V1] FIN recuperación | detectados=0 | autorizados=0 | pendientes=0 | duracionMs=6
2026-08-24 18:01:00.003 [sri-files-scheduler-3] [] INFO  c.e.s.s.NuevoDocumentoScheduler - [SCHEDULER][V1] INICIO envío pendientes @ 2026-08-24T18:01:00.003792100
2026-08-24 18:01:00.004 [sri-files-scheduler-2] [] INFO  c.e.s.services.EnvioSriBatchService - [SCHEDULER][sri-files-scheduler-2] INICIO automatizacionEnvioFacturasElectonicas @ 2026-08-24T18:01:00.004792200
2026-08-24 18:01:00.004 [sri-files-scheduler-2] [] INFO  c.e.s.services.EnvioSriBatchService - Ejecutando envio de facturas at=2026-08-24T18:01:00.004792200
2026-08-24 18:01:00.008 [sri-files-scheduler-3] [] INFO  c.e.s.s.NuevoDocumentoScheduler - [SCHEDULER][V1] FIN envío | detectados=0 | exitosos=0 | fallidos=0 | duracionMs=5
2026-08-24 18:01:01.393 [sri-files-scheduler-2] [] INFO  c.e.s.services.EnvioSriBatchService - No hay facturas pendientes estado=I
2026-08-24 18:01:01.393 [sri-files-scheduler-2] [] INFO  c.e.s.services.EnvioSriBatchService - [SCHEDULER][sri-files-scheduler-2] FIN automatizacionEnvioFacturasElectonicas | detectados=0 | exitosas=0 | fallidas=0 | duracionMs=1389
2026-08-24 18:02:00.015 [sri-files-scheduler-3] [] INFO  c.e.s.s.NuevoDocumentoScheduler - [SCHEDULER][V1] INICIO envío pendientes @ 2026-08-24T18:02:00.015449400
2026-08-24 18:02:00.015 [sri-files-scheduler-2] [] INFO  c.e.s.services.EnvioSriBatchService - [SCHEDULER][sri-files-scheduler-2] INICIO automatizacionEnvioFacturasElectonicas @ 2026-08-24T18:02:00.015449400
2026-08-24 18:02:00.015 [sri-files-scheduler-2] [] INFO  c.e.s.services.EnvioSriBatchService - Ejecutando envio de facturas at=2026-08-24T18:02:00.015449400
2026-08-24 18:02:00.016 [sri-files-scheduler-3] [] INFO  c.e.s.s.NuevoDocumentoScheduler - [SCHEDULER][V1] FIN envío | detectados=0 | exitosos=0 | fallidos=0 | duracionMs=1
2026-08-24 18:02:00.026 [sri-files-scheduler-1] [] INFO  c.e.s.batch.BatchJobScheduler - Batch automático ejecutado: tipo=ENVIAR_SRI uuid=b2014a09-6412-4e60-b388-fbd53ab2d9ad
2026-08-24 18:02:00.031 [task-17] [b2014a09-6412-4e60-b388-fbd53ab2d9ad] INFO  c.e.s.batch.BatchProcessorService - Iniciando batch job b2014a09-6412-4e60-b388-fbd53ab2d9ad tipo=ENVIAR_SRI [batchJob=b2014a09-6412-4e60-b388-fbd53ab2d9ad]
2026-08-24 18:02:00.033 [task-17] [b2014a09-6412-4e60-b388-fbd53ab2d9ad] INFO  c.e.s.batch.BatchProcessorService - Documentos encontrados: 0 [batchJob=b2014a09-6412-4e60-b388-fbd53ab2d9ad]
2026-08-24 18:02:00.033 [task-17] [b2014a09-6412-4e60-b388-fbd53ab2d9ad] INFO  c.e.s.batch.BatchProcessorService - Batch job b2014a09-6412-4e60-b388-fbd53ab2d9ad completado: Procesados: 0, Exitosos: 0, Fallidos: 0 [batchJob=b2014a09-6412-4e60-b388-fbd53ab2d9ad]
2026-08-24 18:02:01.405 [sri-files-scheduler-2] [] INFO  c.e.s.services.EnvioSriBatchService - No hay facturas pendientes estado=I
2026-08-24 18:02:01.405 [sri-files-scheduler-2] [] INFO  c.e.s.services.EnvioSriBatchService - [SCHEDULER][sri-files-scheduler-2] FIN automatizacionEnvioFacturasElectonicas | detectados=0 | exitosas=0 | fallidas=0 | duracionMs=1390
2026-08-24 18:03:00.000 [sri-files-scheduler-1] [] INFO  c.e.s.s.NuevoDocumentoScheduler - [SCHEDULER][V1] INICIO envío pendientes @ 2026-08-24T18:03:00.000921500
2026-08-24 18:03:00.000 [sri-files-scheduler-2] [] INFO  c.e.s.services.EnvioSriBatchService - [SCHEDULER][sri-files-scheduler-2] INICIO automatizacionEnvioFacturasElectonicas @ 2026-08-24T18:03:00.000921500
2026-08-24 18:03:00.000 [sri-files-scheduler-2] [] INFO  c.e.s.services.EnvioSriBatchService - Ejecutando envio de facturas at=2026-08-24T18:03:00.000921500
2026-08-24 18:03:00.003 [sri-files-scheduler-1] [] INFO  c.e.s.s.NuevoDocumentoScheduler - [SCHEDULER][V1] FIN envío | detectados=0 | exitosos=0 | fallidos=0 | duracionMs=3
2026-08-24 18:03:00.012 [sri-files-scheduler-3] [] INFO  c.e.s.batch.BatchJobScheduler - Batch automático ejecutado: tipo=CONSULTAR_AUTORIZACION uuid=3ed663ae-c1e0-434f-8403-7fc10e40bf30
2026-08-24 18:03:00.014 [task-18] [3ed663ae-c1e0-434f-8403-7fc10e40bf30] INFO  c.e.s.batch.BatchProcessorService - Iniciando batch job 3ed663ae-c1e0-434f-8403-7fc10e40bf30 tipo=CONSULTAR_AUTORIZACION [batchJob=3ed663ae-c1e0-434f-8403-7fc10e40bf30]
2026-08-24 18:03:00.016 [task-18] [3ed663ae-c1e0-434f-8403-7fc10e40bf30] INFO  c.e.s.batch.BatchProcessorService - Documentos encontrados: 0 [batchJob=3ed663ae-c1e0-434f-8403-7fc10e40bf30]
2026-08-24 18:03:00.017 [task-18] [3ed663ae-c1e0-434f-8403-7fc10e40bf30] INFO  c.e.s.batch.BatchProcessorService - Batch job 3ed663ae-c1e0-434f-8403-7fc10e40bf30 completado: Procesados: 0, Exitosos: 0, Fallidos: 0 [batchJob=3ed663ae-c1e0-434f-8403-7fc10e40bf30]
2026-08-24 18:03:01.305 [sri-files-scheduler-2] [] INFO  c.e.s.services.EnvioSriBatchService - No hay facturas pendientes estado=I
2026-08-24 18:03:01.305 [sri-files-scheduler-2] [] INFO  c.e.s.services.EnvioSriBatchService - [SCHEDULER][sri-files-scheduler-2] FIN automatizacionEnvioFacturasElectonicas | detectados=0 | exitosas=0 | fallidas=0 | duracionMs=1305
2026-08-24 18:03:30.008 [sri-files-scheduler-1] [] INFO  c.e.s.s.NuevoDocumentoScheduler - [SCHEDULER][V1] INICIO recuperación autorizaciones @ 2026-08-24T18:03:30.008733300
2026-08-24 18:03:30.010 [sri-files-scheduler-1] [] INFO  c.e.s.s.NuevoDocumentoScheduler - [SCHEDULER][V1] FIN recuperación | detectados=0 | autorizados=0 | pendientes=0 | duracionMs=2
2026-08-24 18:04:00.005 [sri-files-scheduler-2] [] INFO  c.e.s.s.NuevoDocumentoScheduler - [SCHEDULER][V1] INICIO envío pendientes @ 2026-08-24T18:04:00.005370700
2026-08-24 18:04:00.006 [sri-files-scheduler-1] [] INFO  c.e.s.services.EnvioSriBatchService - [SCHEDULER][sri-files-scheduler-1] INICIO automatizacionEnvioFacturasElectonicas @ 2026-08-24T18:04:00.006362200
2026-08-24 18:04:00.006 [sri-files-scheduler-1] [] INFO  c.e.s.services.EnvioSriBatchService - Ejecutando envio de facturas at=2026-08-24T18:04:00.006362200
2026-08-24 18:04:00.007 [sri-files-scheduler-2] [] INFO  c.e.s.s.NuevoDocumentoScheduler - [SCHEDULER][V1] FIN envío | detectados=0 | exitosos=0 | fallidos=0 | duracionMs=2
2026-08-24 18:04:00.009 [sri-files-scheduler-3] [] INFO  c.e.s.batch.BatchJobScheduler - Batch automático ejecutado: tipo=ENVIAR_SRI uuid=e9308aac-6bb9-41d9-836e-cbd1109ce856
2026-08-24 18:04:00.011 [task-19] [e9308aac-6bb9-41d9-836e-cbd1109ce856] INFO  c.e.s.batch.BatchProcessorService - Iniciando batch job e9308aac-6bb9-41d9-836e-cbd1109ce856 tipo=ENVIAR_SRI [batchJob=e9308aac-6bb9-41d9-836e-cbd1109ce856]
2026-08-24 18:04:00.012 [task-19] [e9308aac-6bb9-41d9-836e-cbd1109ce856] INFO  c.e.s.batch.BatchProcessorService - Documentos encontrados: 0 [batchJob=e9308aac-6bb9-41d9-836e-cbd1109ce856]
2026-08-24 18:04:00.012 [task-19] [e9308aac-6bb9-41d9-836e-cbd1109ce856] INFO  c.e.s.batch.BatchProcessorService - Batch job e9308aac-6bb9-41d9-836e-cbd1109ce856 completado: Procesados: 0, Exitosos: 0, Fallidos: 0 [batchJob=e9308aac-6bb9-41d9-836e-cbd1109ce856]
2026-08-24 18:04:00.014 [sri-files-scheduler-2] [] INFO  c.e.s.batch.BatchJobScheduler - Batch automático ejecutado: tipo=ENVIAR_CORREO uuid=58888d2c-8e23-495e-96f2-67f8887b47bd
2026-08-24 18:04:00.014 [task-20] [58888d2c-8e23-495e-96f2-67f8887b47bd] INFO  c.e.s.batch.BatchProcessorService - Iniciando batch job 58888d2c-8e23-495e-96f2-67f8887b47bd tipo=ENVIAR_CORREO [batchJob=58888d2c-8e23-495e-96f2-67f8887b47bd]
2026-08-24 18:04:00.015 [task-20] [58888d2c-8e23-495e-96f2-67f8887b47bd] INFO  c.e.s.batch.BatchProcessorService - Documentos encontrados: 0 [batchJob=58888d2c-8e23-495e-96f2-67f8887b47bd]
2026-08-24 18:04:00.015 [task-20] [58888d2c-8e23-495e-96f2-67f8887b47bd] INFO  c.e.s.batch.BatchProcessorService - Batch job 58888d2c-8e23-495e-96f2-67f8887b47bd completado: Procesados: 0, Exitosos: 0, Fallidos: 0 [batchJob=58888d2c-8e23-495e-96f2-67f8887b47bd]
2026-08-24 18:04:01.428 [sri-files-scheduler-1] [] INFO  c.e.s.services.EnvioSriBatchService - No hay facturas pendientes estado=I
2026-08-24 18:04:01.428 [sri-files-scheduler-1] [] INFO  c.e.s.services.EnvioSriBatchService - [SCHEDULER][sri-files-scheduler-1] FIN automatizacionEnvioFacturasElectonicas | detectados=0 | exitosas=0 | fallidas=0 | duracionMs=1422
2026-08-24 18:05:00.006 [sri-files-scheduler-1] [] INFO  c.e.s.s.NuevoDocumentoScheduler - [SCHEDULER][V1] INICIO envío pendientes @ 2026-08-24T18:05:00.006464900
2026-08-24 18:05:00.006 [sri-files-scheduler-2] [] INFO  c.e.s.services.EnvioSriBatchService - [SCHEDULER][sri-files-scheduler-2] INICIO automatizacionEnvioFacturasElectonicas @ 2026-08-24T18:05:00.006464900
2026-08-24 18:05:00.006 [sri-files-scheduler-2] [] INFO  c.e.s.services.EnvioSriBatchService - Ejecutando envio de facturas at=2026-08-24T18:05:00.006464900
2026-08-24 18:05:00.007 [sri-files-scheduler-1] [] INFO  c.e.s.s.NuevoDocumentoScheduler - [SCHEDULER][V1] FIN envío | detectados=0 | exitosos=0 | fallidos=0 | duracionMs=1
2026-08-24 18:05:00.012 [sri-files-scheduler-1] [] INFO  c.e.s.batch.BatchJobScheduler - Batch automático ejecutado: tipo=REINTENTAR_FALLIDOS uuid=3b702b33-2146-46fb-a295-2ea29fc2edb2
2026-08-24 18:05:00.013 [task-21] [3b702b33-2146-46fb-a295-2ea29fc2edb2] INFO  c.e.s.batch.BatchProcessorService - Iniciando batch job 3b702b33-2146-46fb-a295-2ea29fc2edb2 tipo=REINTENTAR_FALLIDOS [batchJob=3b702b33-2146-46fb-a295-2ea29fc2edb2]
2026-08-24 18:05:00.014 [task-21] [3b702b33-2146-46fb-a295-2ea29fc2edb2] INFO  c.e.s.batch.BatchProcessorService - Documentos encontrados: 0 [batchJob=3b702b33-2146-46fb-a295-2ea29fc2edb2]
2026-08-24 18:05:00.014 [task-21] [3b702b33-2146-46fb-a295-2ea29fc2edb2] INFO  c.e.s.batch.BatchProcessorService - Batch job 3b702b33-2146-46fb-a295-2ea29fc2edb2 completado: Procesados: 0, Exitosos: 0, Fallidos: 0 [batchJob=3b702b33-2146-46fb-a295-2ea29fc2edb2]
2026-08-24 18:05:01.334 [sri-files-scheduler-2] [] INFO  c.e.s.services.EnvioSriBatchService - No hay facturas pendientes estado=I
2026-08-24 18:05:01.334 [sri-files-scheduler-2] [] INFO  c.e.s.services.EnvioSriBatchService - [SCHEDULER][sri-files-scheduler-2] FIN automatizacionEnvioFacturasElectonicas | detectados=0 | exitosas=0 | fallidas=0 | duracionMs=1328
2026-08-24 18:06:00.011 [sri-files-scheduler-2] [] INFO  c.e.s.services.EnvioSriBatchService - [SCHEDULER][sri-files-scheduler-2] INICIO automatizacionEnvioFacturasElectonicas @ 2026-08-24T18:06:00.011203300
2026-08-24 18:06:00.011 [sri-files-scheduler-2] [] INFO  c.e.s.services.EnvioSriBatchService - Ejecutando envio de facturas at=2026-08-24T18:06:00.011203300
2026-08-24 18:06:00.014 [sri-files-scheduler-1] [] INFO  c.e.s.batch.BatchJobScheduler - Batch automático ejecutado: tipo=ENVIAR_SRI uuid=334d05cf-fbbc-403b-81a6-812131de6b5e
2026-08-24 18:06:00.014 [sri-files-scheduler-3] [] INFO  c.e.s.batch.BatchJobScheduler - Batch automático ejecutado: tipo=CONSULTAR_AUTORIZACION uuid=0a2bbd30-0630-43c0-821f-0ead112817f8
2026-08-24 18:06:00.014 [sri-files-scheduler-1] [] INFO  c.e.s.s.NuevoDocumentoScheduler - [SCHEDULER][V1] INICIO envío pendientes @ 2026-08-24T18:06:00.014202700
2026-08-24 18:06:00.015 [sri-files-scheduler-1] [] INFO  c.e.s.s.NuevoDocumentoScheduler - [SCHEDULER][V1] FIN envío | detectados=0 | exitosos=0 | fallidos=0 | duracionMs=1
2026-08-24 18:06:00.015 [task-22] [334d05cf-fbbc-403b-81a6-812131de6b5e] INFO  c.e.s.batch.BatchProcessorService - Iniciando batch job 334d05cf-fbbc-403b-81a6-812131de6b5e tipo=ENVIAR_SRI [batchJob=334d05cf-fbbc-403b-81a6-812131de6b5e]
2026-08-24 18:06:00.017 [task-22] [334d05cf-fbbc-403b-81a6-812131de6b5e] INFO  c.e.s.batch.BatchProcessorService - Documentos encontrados: 0 [batchJob=334d05cf-fbbc-403b-81a6-812131de6b5e]
2026-08-24 18:06:00.017 [task-22] [334d05cf-fbbc-403b-81a6-812131de6b5e] INFO  c.e.s.batch.BatchProcessorService - Batch job 334d05cf-fbbc-403b-81a6-812131de6b5e completado: Procesados: 0, Exitosos: 0, Fallidos: 0 [batchJob=334d05cf-fbbc-403b-81a6-812131de6b5e]
2026-08-24 18:06:00.020 [task-23] [0a2bbd30-0630-43c0-821f-0ead112817f8] INFO  c.e.s.batch.BatchProcessorService - Iniciando batch job 0a2bbd30-0630-43c0-821f-0ead112817f8 tipo=CONSULTAR_AUTORIZACION [batchJob=0a2bbd30-0630-43c0-821f-0ead112817f8]
2026-08-24 18:06:00.022 [task-23] [0a2bbd30-0630-43c0-821f-0ead112817f8] INFO  c.e.s.batch.BatchProcessorService - Documentos encontrados: 0 [batchJob=0a2bbd30-0630-43c0-821f-0ead112817f8]
2026-08-24 18:06:00.022 [task-23] [0a2bbd30-0630-43c0-821f-0ead112817f8] INFO  c.e.s.batch.BatchProcessorService - Batch job 0a2bbd30-0630-43c0-821f-0ead112817f8 completado: Procesados: 0, Exitosos: 0, Fallidos: 0 [batchJob=0a2bbd30-0630-43c0-821f-0ead112817f8]
2026-08-24 18:06:01.354 [sri-files-scheduler-2] [] INFO  c.e.s.services.EnvioSriBatchService - No hay facturas pendientes estado=I
2026-08-24 18:06:01.354 [sri-files-scheduler-2] [] INFO  c.e.s.services.EnvioSriBatchService - [SCHEDULER][sri-files-scheduler-2] FIN automatizacionEnvioFacturasElectonicas | detectados=0 | exitosas=0 | fallidas=0 | duracionMs=1343
2026-08-24 18:06:30.001 [sri-files-scheduler-3] [] INFO  c.e.s.s.NuevoDocumentoScheduler - [SCHEDULER][V1] INICIO recuperación autorizaciones @ 2026-08-24T18:06:30.001210400
2026-08-24 18:06:30.004 [sri-files-scheduler-3] [] INFO  c.e.s.s.NuevoDocumentoScheduler - [SCHEDULER][V1] FIN recuperación | detectados=0 | autorizados=0 | pendientes=0 | duracionMs=3
2026-08-24 18:07:00.005 [sri-files-scheduler-2] [] INFO  c.e.s.s.NuevoDocumentoScheduler - [SCHEDULER][V1] INICIO envío pendientes @ 2026-08-24T18:07:00.005419400
2026-08-24 18:07:00.006 [sri-files-scheduler-1] [] INFO  c.e.s.services.EnvioSriBatchService - [SCHEDULER][sri-files-scheduler-1] INICIO automatizacionEnvioFacturasElectonicas @ 2026-08-24T18:07:00.006420600
2026-08-24 18:07:00.006 [sri-files-scheduler-1] [] INFO  c.e.s.services.EnvioSriBatchService - Ejecutando envio de facturas at=2026-08-24T18:07:00.006420600
2026-08-24 18:07:00.007 [sri-files-scheduler-2] [] INFO  c.e.s.s.NuevoDocumentoScheduler - [SCHEDULER][V1] FIN envío | detectados=0 | exitosos=0 | fallidos=0 | duracionMs=2
2026-08-24 18:07:01.344 [sri-files-scheduler-1] [] INFO  c.e.s.services.EnvioSriBatchService - No hay facturas pendientes estado=I
2026-08-24 18:07:01.344 [sri-files-scheduler-1] [] INFO  c.e.s.services.EnvioSriBatchService - [SCHEDULER][sri-files-scheduler-1] FIN automatizacionEnvioFacturasElectonicas | detectados=0 | exitosas=0 | fallidas=0 | duracionMs=1338
2026-08-24 18:08:00.002 [sri-files-scheduler-2] [] INFO  c.e.s.s.NuevoDocumentoScheduler - [SCHEDULER][V1] INICIO envío pendientes @ 2026-08-24T18:08:00.002728400
2026-08-24 18:08:00.002 [sri-files-scheduler-1] [] INFO  c.e.s.services.EnvioSriBatchService - [SCHEDULER][sri-files-scheduler-1] INICIO automatizacionEnvioFacturasElectonicas @ 2026-08-24T18:08:00.002728400
2026-08-24 18:08:00.002 [sri-files-scheduler-1] [] INFO  c.e.s.services.EnvioSriBatchService - Ejecutando envio de facturas at=2026-08-24T18:08:00.002728400
2026-08-24 18:08:00.004 [sri-files-scheduler-2] [] INFO  c.e.s.s.NuevoDocumentoScheduler - [SCHEDULER][V1] FIN envío | detectados=0 | exitosos=0 | fallidos=0 | duracionMs=2
2026-08-24 18:08:00.009 [sri-files-scheduler-3] [] INFO  c.e.s.batch.BatchJobScheduler - Batch automático ejecutado: tipo=ENVIAR_CORREO uuid=b423b47a-057a-4042-abbe-20e53f5fe68f
2026-08-24 18:08:00.009 [sri-files-scheduler-2] [] INFO  c.e.s.batch.BatchJobScheduler - Batch automático ejecutado: tipo=ENVIAR_SRI uuid=2ec1d7cf-4ffc-4a50-921d-5d7265c1f303
2026-08-24 18:08:00.011 [task-25] [2ec1d7cf-4ffc-4a50-921d-5d7265c1f303] INFO  c.e.s.batch.BatchProcessorService - Iniciando batch job 2ec1d7cf-4ffc-4a50-921d-5d7265c1f303 tipo=ENVIAR_SRI [batchJob=2ec1d7cf-4ffc-4a50-921d-5d7265c1f303]
2026-08-24 18:08:00.011 [task-24] [b423b47a-057a-4042-abbe-20e53f5fe68f] INFO  c.e.s.batch.BatchProcessorService - Iniciando batch job b423b47a-057a-4042-abbe-20e53f5fe68f tipo=ENVIAR_CORREO [batchJob=b423b47a-057a-4042-abbe-20e53f5fe68f]
2026-08-24 18:08:00.013 [task-25] [2ec1d7cf-4ffc-4a50-921d-5d7265c1f303] INFO  c.e.s.batch.BatchProcessorService - Documentos encontrados: 0 [batchJob=2ec1d7cf-4ffc-4a50-921d-5d7265c1f303]
2026-08-24 18:08:00.013 [task-25] [2ec1d7cf-4ffc-4a50-921d-5d7265c1f303] INFO  c.e.s.batch.BatchProcessorService - Batch job 2ec1d7cf-4ffc-4a50-921d-5d7265c1f303 completado: Procesados: 0, Exitosos: 0, Fallidos: 0 [batchJob=2ec1d7cf-4ffc-4a50-921d-5d7265c1f303]
2026-08-24 18:08:00.015 [task-24] [b423b47a-057a-4042-abbe-20e53f5fe68f] INFO  c.e.s.batch.BatchProcessorService - Documentos encontrados: 0 [batchJob=b423b47a-057a-4042-abbe-20e53f5fe68f]
2026-08-24 18:08:00.015 [task-24] [b423b47a-057a-4042-abbe-20e53f5fe68f] INFO  c.e.s.batch.BatchProcessorService - Batch job b423b47a-057a-4042-abbe-20e53f5fe68f completado: Procesados: 0, Exitosos: 0, Fallidos: 0 [batchJob=b423b47a-057a-4042-abbe-20e53f5fe68f]
2026-08-24 18:08:01.351 [sri-files-scheduler-1] [] INFO  c.e.s.services.EnvioSriBatchService - No hay facturas pendientes estado=I
2026-08-24 18:08:01.351 [sri-files-scheduler-1] [] INFO  c.e.s.services.EnvioSriBatchService - [SCHEDULER][sri-files-scheduler-1] FIN automatizacionEnvioFacturasElectonicas | detectados=0 | exitosas=0 | fallidas=0 | duracionMs=1349
2026-08-24 18:09:00.012 [sri-files-scheduler-3] [] INFO  c.e.s.s.NuevoDocumentoScheduler - [SCHEDULER][V1] INICIO envío pendientes @ 2026-08-24T18:09:00.012994
2026-08-24 18:09:00.014 [sri-files-scheduler-2] [] INFO  c.e.s.services.EnvioSriBatchService - [SCHEDULER][sri-files-scheduler-2] INICIO automatizacionEnvioFacturasElectonicas @ 2026-08-24T18:09:00.014004200
2026-08-24 18:09:00.014 [sri-files-scheduler-2] [] INFO  c.e.s.services.EnvioSriBatchService - Ejecutando envio de facturas at=2026-08-24T18:09:00.014004200
2026-08-24 18:09:00.015 [sri-files-scheduler-3] [] INFO  c.e.s.s.NuevoDocumentoScheduler - [SCHEDULER][V1] FIN envío | detectados=0 | exitosos=0 | fallidos=0 | duracionMs=3
2026-08-24 18:09:00.019 [sri-files-scheduler-1] [] INFO  c.e.s.batch.BatchJobScheduler - Batch automático ejecutado: tipo=CONSULTAR_AUTORIZACION uuid=3ee5b4f3-02cc-402e-8f97-cad77f5a1525
2026-08-24 18:09:00.022 [task-26] [3ee5b4f3-02cc-402e-8f97-cad77f5a1525] INFO  c.e.s.batch.BatchProcessorService - Iniciando batch job 3ee5b4f3-02cc-402e-8f97-cad77f5a1525 tipo=CONSULTAR_AUTORIZACION [batchJob=3ee5b4f3-02cc-402e-8f97-cad77f5a1525]
2026-08-24 18:09:00.024 [task-26] [3ee5b4f3-02cc-402e-8f97-cad77f5a1525] INFO  c.e.s.batch.BatchProcessorService - Documentos encontrados: 0 [batchJob=3ee5b4f3-02cc-402e-8f97-cad77f5a1525]
2026-08-24 18:09:00.025 [task-26] [3ee5b4f3-02cc-402e-8f97-cad77f5a1525] INFO  c.e.s.batch.BatchProcessorService - Batch job 3ee5b4f3-02cc-402e-8f97-cad77f5a1525 completado: Procesados: 0, Exitosos: 0, Fallidos: 0 [batchJob=3ee5b4f3-02cc-402e-8f97-cad77f5a1525]
2026-08-24 18:09:01.310 [sri-files-scheduler-2] [] INFO  c.e.s.services.EnvioSriBatchService - No hay facturas pendientes estado=I
2026-08-24 18:09:01.310 [sri-files-scheduler-2] [] INFO  c.e.s.services.EnvioSriBatchService - [SCHEDULER][sri-files-scheduler-2] FIN automatizacionEnvioFacturasElectonicas | detectados=0 | exitosas=0 | fallidas=0 | duracionMs=1296
2026-08-24 18:09:30.011 [sri-files-scheduler-3] [] INFO  c.e.s.s.NuevoDocumentoScheduler - [SCHEDULER][V1] INICIO recuperación autorizaciones @ 2026-08-24T18:09:30.011572
2026-08-24 18:09:30.013 [sri-files-scheduler-3] [] INFO  c.e.s.s.NuevoDocumentoScheduler - [SCHEDULER][V1] FIN recuperación | detectados=0 | autorizados=0 | pendientes=0 | duracionMs=2
2026-08-24 18:10:00.000 [sri-files-scheduler-1] [] INFO  c.e.s.services.EnvioSriBatchService - [SCHEDULER][sri-files-scheduler-1] INICIO automatizacionEnvioFacturasElectonicas @ 2026-08-24T18:10:00.000753800
2026-08-24 18:10:00.000 [sri-files-scheduler-1] [] INFO  c.e.s.services.EnvioSriBatchService - Ejecutando envio de facturas at=2026-08-24T18:10:00.000753800
2026-08-24 18:10:00.004 [sri-files-scheduler-3] [] INFO  c.e.s.batch.BatchJobScheduler - Batch automático ejecutado: tipo=REINTENTAR_FALLIDOS uuid=0ca1b76c-6d82-475f-97d0-9f5f722bc7f6
2026-08-24 18:10:00.005 [sri-files-scheduler-2] [] INFO  c.e.s.batch.BatchJobScheduler - Batch automático ejecutado: tipo=ENVIAR_SRI uuid=02b71cb0-05e2-4b80-80b7-7da5b2370d56
2026-08-24 18:10:00.005 [sri-files-scheduler-2] [] INFO  c.e.s.s.NuevoDocumentoScheduler - [SCHEDULER][V1] INICIO envío pendientes @ 2026-08-24T18:10:00.005475100
2026-08-24 18:10:00.006 [task-28] [02b71cb0-05e2-4b80-80b7-7da5b2370d56] INFO  c.e.s.batch.BatchProcessorService - Iniciando batch job 02b71cb0-05e2-4b80-80b7-7da5b2370d56 tipo=ENVIAR_SRI [batchJob=02b71cb0-05e2-4b80-80b7-7da5b2370d56]
2026-08-24 18:10:00.006 [task-27] [0ca1b76c-6d82-475f-97d0-9f5f722bc7f6] INFO  c.e.s.batch.BatchProcessorService - Iniciando batch job 0ca1b76c-6d82-475f-97d0-9f5f722bc7f6 tipo=REINTENTAR_FALLIDOS [batchJob=0ca1b76c-6d82-475f-97d0-9f5f722bc7f6]
2026-08-24 18:10:00.006 [sri-files-scheduler-2] [] INFO  c.e.s.s.NuevoDocumentoScheduler - [SCHEDULER][V1] FIN envío | detectados=0 | exitosos=0 | fallidos=0 | duracionMs=1
2026-08-24 18:10:00.007 [task-28] [02b71cb0-05e2-4b80-80b7-7da5b2370d56] INFO  c.e.s.batch.BatchProcessorService - Documentos encontrados: 0 [batchJob=02b71cb0-05e2-4b80-80b7-7da5b2370d56]
2026-08-24 18:10:00.007 [task-28] [02b71cb0-05e2-4b80-80b7-7da5b2370d56] INFO  c.e.s.batch.BatchProcessorService - Batch job 02b71cb0-05e2-4b80-80b7-7da5b2370d56 completado: Procesados: 0, Exitosos: 0, Fallidos: 0 [batchJob=02b71cb0-05e2-4b80-80b7-7da5b2370d56]
2026-08-24 18:10:00.007 [task-27] [0ca1b76c-6d82-475f-97d0-9f5f722bc7f6] INFO  c.e.s.batch.BatchProcessorService - Documentos encontrados: 0 [batchJob=0ca1b76c-6d82-475f-97d0-9f5f722bc7f6]
2026-08-24 18:10:00.007 [task-27] [0ca1b76c-6d82-475f-97d0-9f5f722bc7f6] INFO  c.e.s.batch.BatchProcessorService - Batch job 0ca1b76c-6d82-475f-97d0-9f5f722bc7f6 completado: Procesados: 0, Exitosos: 0, Fallidos: 0 [batchJob=0ca1b76c-6d82-475f-97d0-9f5f722bc7f6]
2026-08-24 18:10:01.318 [sri-files-scheduler-1] [] INFO  c.e.s.services.EnvioSriBatchService - No hay facturas pendientes estado=I
2026-08-24 18:10:01.318 [sri-files-scheduler-1] [] INFO  c.e.s.services.EnvioSriBatchService - [SCHEDULER][sri-files-scheduler-1] FIN automatizacionEnvioFacturasElectonicas | detectados=0 | exitosas=0 | fallidas=0 | duracionMs=1318
2026-08-24 18:11:00.008 [sri-files-scheduler-2] [] INFO  c.e.s.s.NuevoDocumentoScheduler - [SCHEDULER][V1] INICIO envío pendientes @ 2026-08-24T18:11:00.008349700
2026-08-24 18:11:00.008 [sri-files-scheduler-3] [] INFO  c.e.s.services.EnvioSriBatchService - [SCHEDULER][sri-files-scheduler-3] INICIO automatizacionEnvioFacturasElectonicas @ 2026-08-24T18:11:00.008349700
2026-08-24 18:11:00.008 [sri-files-scheduler-3] [] INFO  c.e.s.services.EnvioSriBatchService - Ejecutando envio de facturas at=2026-08-24T18:11:00.008349700
2026-08-24 18:11:00.009 [sri-files-scheduler-2] [] INFO  c.e.s.s.NuevoDocumentoScheduler - [SCHEDULER][V1] FIN envío | detectados=0 | exitosos=0 | fallidos=0 | duracionMs=1
2026-08-24 18:11:01.431 [sri-files-scheduler-3] [] INFO  c.e.s.services.EnvioSriBatchService - No hay facturas pendientes estado=I
2026-08-24 18:11:01.431 [sri-files-scheduler-3] [] INFO  c.e.s.services.EnvioSriBatchService - [SCHEDULER][sri-files-scheduler-3] FIN automatizacionEnvioFacturasElectonicas | detectados=0 | exitosas=0 | fallidas=0 | duracionMs=1423
2026-08-24 18:12:00.006 [sri-files-scheduler-3] [] INFO  c.e.s.services.EnvioSriBatchService - [SCHEDULER][sri-files-scheduler-3] INICIO automatizacionEnvioFacturasElectonicas @ 2026-08-24T18:12:00.006223400
2026-08-24 18:12:00.006 [sri-files-scheduler-3] [] INFO  c.e.s.services.EnvioSriBatchService - Ejecutando envio de facturas at=2026-08-24T18:12:00.006223400
2026-08-24 18:12:00.011 [sri-files-scheduler-1] [] INFO  c.e.s.batch.BatchJobScheduler - Batch automático ejecutado: tipo=ENVIAR_SRI uuid=b7f405df-9a8f-4908-87b5-36816217b5c0
2026-08-24 18:12:00.011 [sri-files-scheduler-1] [] INFO  c.e.s.s.NuevoDocumentoScheduler - [SCHEDULER][V1] INICIO envío pendientes @ 2026-08-24T18:12:00.011220500
2026-08-24 18:12:00.013 [sri-files-scheduler-1] [] INFO  c.e.s.s.NuevoDocumentoScheduler - [SCHEDULER][V1] FIN envío | detectados=0 | exitosos=0 | fallidos=0 | duracionMs=2
2026-08-24 18:12:00.013 [task-29] [b7f405df-9a8f-4908-87b5-36816217b5c0] INFO  c.e.s.batch.BatchProcessorService - Iniciando batch job b7f405df-9a8f-4908-87b5-36816217b5c0 tipo=ENVIAR_SRI [batchJob=b7f405df-9a8f-4908-87b5-36816217b5c0]
2026-08-24 18:12:00.013 [sri-files-scheduler-2] [] INFO  c.e.s.batch.BatchJobScheduler - Batch automático ejecutado: tipo=ENVIAR_CORREO uuid=53861c58-7284-4556-b081-e9c463f11075
2026-08-24 18:12:00.014 [task-30] [53861c58-7284-4556-b081-e9c463f11075] INFO  c.e.s.batch.BatchProcessorService - Iniciando batch job 53861c58-7284-4556-b081-e9c463f11075 tipo=ENVIAR_CORREO [batchJob=53861c58-7284-4556-b081-e9c463f11075]
2026-08-24 18:12:00.014 [task-29] [b7f405df-9a8f-4908-87b5-36816217b5c0] INFO  c.e.s.batch.BatchProcessorService - Documentos encontrados: 0 [batchJob=b7f405df-9a8f-4908-87b5-36816217b5c0]
2026-08-24 18:12:00.014 [task-29] [b7f405df-9a8f-4908-87b5-36816217b5c0] INFO  c.e.s.batch.BatchProcessorService - Batch job b7f405df-9a8f-4908-87b5-36816217b5c0 completado: Procesados: 0, Exitosos: 0, Fallidos: 0 [batchJob=b7f405df-9a8f-4908-87b5-36816217b5c0]
2026-08-24 18:12:00.014 [sri-files-scheduler-1] [] INFO  c.e.s.batch.BatchJobScheduler - Batch automático ejecutado: tipo=CONSULTAR_AUTORIZACION uuid=c5d5356b-3837-441f-9ee6-558b00dcc720
2026-08-24 18:12:00.015 [task-30] [53861c58-7284-4556-b081-e9c463f11075] INFO  c.e.s.batch.BatchProcessorService - Documentos encontrados: 0 [batchJob=53861c58-7284-4556-b081-e9c463f11075]
2026-08-24 18:12:00.015 [task-30] [53861c58-7284-4556-b081-e9c463f11075] INFO  c.e.s.batch.BatchProcessorService - Batch job 53861c58-7284-4556-b081-e9c463f11075 completado: Procesados: 0, Exitosos: 0, Fallidos: 0 [batchJob=53861c58-7284-4556-b081-e9c463f11075]
2026-08-24 18:12:00.015 [task-31] [c5d5356b-3837-441f-9ee6-558b00dcc720] INFO  c.e.s.batch.BatchProcessorService - Iniciando batch job c5d5356b-3837-441f-9ee6-558b00dcc720 tipo=CONSULTAR_AUTORIZACION [batchJob=c5d5356b-3837-441f-9ee6-558b00dcc720]
2026-08-24 18:12:00.017 [task-31] [c5d5356b-3837-441f-9ee6-558b00dcc720] INFO  c.e.s.batch.BatchProcessorService - Documentos encontrados: 0 [batchJob=c5d5356b-3837-441f-9ee6-558b00dcc720]
2026-08-24 18:12:00.017 [task-31] [c5d5356b-3837-441f-9ee6-558b00dcc720] INFO  c.e.s.batch.BatchProcessorService - Batch job c5d5356b-3837-441f-9ee6-558b00dcc720 completado: Procesados: 0, Exitosos: 0, Fallidos: 0 [batchJob=c5d5356b-3837-441f-9ee6-558b00dcc720]
2026-08-24 18:12:01.366 [sri-files-scheduler-3] [] INFO  c.e.s.services.EnvioSriBatchService - No hay facturas pendientes estado=I
2026-08-24 18:12:01.366 [sri-files-scheduler-3] [] INFO  c.e.s.services.EnvioSriBatchService - [SCHEDULER][sri-files-scheduler-3] FIN automatizacionEnvioFacturasElectonicas | detectados=0 | exitosas=0 | fallidas=0 | duracionMs=1360
2026-08-24 18:12:30.014 [sri-files-scheduler-2] [] INFO  c.e.s.s.NuevoDocumentoScheduler - [SCHEDULER][V1] INICIO recuperación autorizaciones @ 2026-08-24T18:12:30.014312600
2026-08-24 18:12:30.015 [sri-files-scheduler-2] [] INFO  c.e.s.s.NuevoDocumentoScheduler - [SCHEDULER][V1] FIN recuperación | detectados=0 | autorizados=0 | pendientes=0 | duracionMs=1
2026-08-24 18:13:00.011 [sri-files-scheduler-1] [] INFO  c.e.s.s.NuevoDocumentoScheduler - [SCHEDULER][V1] INICIO envío pendientes @ 2026-08-24T18:13:00.011782900
2026-08-24 18:13:00.012 [sri-files-scheduler-3] [] INFO  c.e.s.services.EnvioSriBatchService - [SCHEDULER][sri-files-scheduler-3] INICIO automatizacionEnvioFacturasElectonicas @ 2026-08-24T18:13:00.012791
2026-08-24 18:13:00.012 [sri-files-scheduler-3] [] INFO  c.e.s.services.EnvioSriBatchService - Ejecutando envio de facturas at=2026-08-24T18:13:00.012791
2026-08-24 18:13:00.013 [sri-files-scheduler-1] [] INFO  c.e.s.s.NuevoDocumentoScheduler - [SCHEDULER][V1] FIN envío | detectados=0 | exitosos=0 | fallidos=0 | duracionMs=2
2026-08-24 18:13:01.324 [sri-files-scheduler-3] [] INFO  c.e.s.services.EnvioSriBatchService - No hay facturas pendientes estado=I
2026-08-24 18:13:01.324 [sri-files-scheduler-3] [] INFO  c.e.s.services.EnvioSriBatchService - [SCHEDULER][sri-files-scheduler-3] FIN automatizacionEnvioFacturasElectonicas | detectados=0 | exitosas=0 | fallidas=0 | duracionMs=1312
2026-08-24 18:14:00.009 [sri-files-scheduler-2] [] INFO  c.e.s.s.NuevoDocumentoScheduler - [SCHEDULER][V1] INICIO envío pendientes @ 2026-08-24T18:14:00.009799300
2026-08-24 18:14:00.011 [sri-files-scheduler-3] [] INFO  c.e.s.services.EnvioSriBatchService - [SCHEDULER][sri-files-scheduler-3] INICIO automatizacionEnvioFacturasElectonicas @ 2026-08-24T18:14:00.011100700
2026-08-24 18:14:00.011 [sri-files-scheduler-3] [] INFO  c.e.s.services.EnvioSriBatchService - Ejecutando envio de facturas at=2026-08-24T18:14:00.011100700
2026-08-24 18:14:00.012 [sri-files-scheduler-2] [] INFO  c.e.s.s.NuevoDocumentoScheduler - [SCHEDULER][V1] FIN envío | detectados=0 | exitosos=0 | fallidos=0 | duracionMs=3
2026-08-24 18:14:00.014 [sri-files-scheduler-1] [] INFO  c.e.s.batch.BatchJobScheduler - Batch automático ejecutado: tipo=ENVIAR_SRI uuid=bac892f0-8be5-4dd9-9115-8962a0df6fed
2026-08-24 18:14:00.018 [task-32] [bac892f0-8be5-4dd9-9115-8962a0df6fed] INFO  c.e.s.batch.BatchProcessorService - Iniciando batch job bac892f0-8be5-4dd9-9115-8962a0df6fed tipo=ENVIAR_SRI [batchJob=bac892f0-8be5-4dd9-9115-8962a0df6fed]
2026-08-24 18:14:00.021 [task-32] [bac892f0-8be5-4dd9-9115-8962a0df6fed] INFO  c.e.s.batch.BatchProcessorService - Documentos encontrados: 0 [batchJob=bac892f0-8be5-4dd9-9115-8962a0df6fed]
2026-08-24 18:14:00.021 [task-32] [bac892f0-8be5-4dd9-9115-8962a0df6fed] INFO  c.e.s.batch.BatchProcessorService - Batch job bac892f0-8be5-4dd9-9115-8962a0df6fed completado: Procesados: 0, Exitosos: 0, Fallidos: 0 [batchJob=bac892f0-8be5-4dd9-9115-8962a0df6fed]
2026-08-24 18:14:01.364 [sri-files-scheduler-3] [] INFO  c.e.s.services.EnvioSriBatchService - No hay facturas pendientes estado=I
2026-08-24 18:14:01.364 [sri-files-scheduler-3] [] INFO  c.e.s.services.EnvioSriBatchService - [SCHEDULER][sri-files-scheduler-3] FIN automatizacionEnvioFacturasElectonicas | detectados=0 | exitosas=0 | fallidas=0 | duracionMs=1353
2026-08-24 18:15:00.005 [sri-files-scheduler-2] [] INFO  c.e.s.services.EnvioSriBatchService - [SCHEDULER][sri-files-scheduler-2] INICIO automatizacionEnvioFacturasElectonicas @ 2026-08-24T18:15:00.005030500
2026-08-24 18:15:00.006 [sri-files-scheduler-2] [] INFO  c.e.s.services.EnvioSriBatchService - Ejecutando envio de facturas at=2026-08-24T18:15:00.006022300
2026-08-24 18:15:00.007 [sri-files-scheduler-3] [] INFO  c.e.s.s.NuevoDocumentoScheduler - [SCHEDULER][V1] INICIO envío pendientes @ 2026-08-24T18:15:00.007023
2026-08-24 18:15:00.008 [sri-files-scheduler-3] [] INFO  c.e.s.s.NuevoDocumentoScheduler - [SCHEDULER][V1] FIN envío | detectados=0 | exitosos=0 | fallidos=0 | duracionMs=1
2026-08-24 18:15:00.009 [sri-files-scheduler-1] [] INFO  c.e.s.batch.BatchJobScheduler - Batch automático ejecutado: tipo=REINTENTAR_FALLIDOS uuid=bc51d684-c88d-4b76-ad07-4dd60c394d99
2026-08-24 18:15:00.011 [task-33] [bc51d684-c88d-4b76-ad07-4dd60c394d99] INFO  c.e.s.batch.BatchProcessorService - Iniciando batch job bc51d684-c88d-4b76-ad07-4dd60c394d99 tipo=REINTENTAR_FALLIDOS [batchJob=bc51d684-c88d-4b76-ad07-4dd60c394d99]
2026-08-24 18:15:00.011 [sri-files-scheduler-3] [] INFO  c.e.s.batch.BatchJobScheduler - Batch automático ejecutado: tipo=CONSULTAR_AUTORIZACION uuid=a8504e0b-9bc9-47e8-9880-78b5c123191a
2026-08-24 18:15:00.012 [task-33] [bc51d684-c88d-4b76-ad07-4dd60c394d99] INFO  c.e.s.batch.BatchProcessorService - Documentos encontrados: 0 [batchJob=bc51d684-c88d-4b76-ad07-4dd60c394d99]
2026-08-24 18:15:00.012 [task-34] [a8504e0b-9bc9-47e8-9880-78b5c123191a] INFO  c.e.s.batch.BatchProcessorService - Iniciando batch job a8504e0b-9bc9-47e8-9880-78b5c123191a tipo=CONSULTAR_AUTORIZACION [batchJob=a8504e0b-9bc9-47e8-9880-78b5c123191a]
2026-08-24 18:15:00.013 [task-33] [bc51d684-c88d-4b76-ad07-4dd60c394d99] INFO  c.e.s.batch.BatchProcessorService - Batch job bc51d684-c88d-4b76-ad07-4dd60c394d99 completado: Procesados: 0, Exitosos: 0, Fallidos: 0 [batchJob=bc51d684-c88d-4b76-ad07-4dd60c394d99]
2026-08-24 18:15:00.014 [task-34] [a8504e0b-9bc9-47e8-9880-78b5c123191a] INFO  c.e.s.batch.BatchProcessorService - Documentos encontrados: 0 [batchJob=a8504e0b-9bc9-47e8-9880-78b5c123191a]
2026-08-24 18:15:00.014 [task-34] [a8504e0b-9bc9-47e8-9880-78b5c123191a] INFO  c.e.s.batch.BatchProcessorService - Batch job a8504e0b-9bc9-47e8-9880-78b5c123191a completado: Procesados: 0, Exitosos: 0, Fallidos: 0 [batchJob=a8504e0b-9bc9-47e8-9880-78b5c123191a]
2026-08-24 18:15:01.196 [sri-files-scheduler-2] [] INFO  c.e.s.services.EnvioSriBatchService - No hay facturas pendientes estado=I
2026-08-24 18:15:01.197 [sri-files-scheduler-2] [] INFO  c.e.s.services.EnvioSriBatchService - [SCHEDULER][sri-files-scheduler-2] FIN automatizacionEnvioFacturasElectonicas | detectados=0 | exitosas=0 | fallidas=0 | duracionMs=1192
2026-08-24 18:15:05.621 [SpringApplicationShutdownHook] [] INFO  o.s.b.w.e.tomcat.GracefulShutdown - Commencing graceful shutdown. Waiting for active requests to complete
2026-08-24 18:15:05.633 [tomcat-shutdown] [] INFO  o.s.b.w.e.tomcat.GracefulShutdown - Graceful shutdown complete
2026-08-24 18:15:35.638 [SpringApplicationShutdownHook] [] WARN  o.s.s.c.ThreadPoolTaskScheduler - Timed out while waiting for executor 'taskScheduler' to terminate
2026-08-24 18:15:35.639 [SpringApplicationShutdownHook] [] INFO  o.s.o.j.LocalContainerEntityManagerFactoryBean - Closing JPA EntityManagerFactory for persistence unit 'default'
2026-08-24 18:15:35.640 [SpringApplicationShutdownHook] [] INFO  com.zaxxer.hikari.HikariDataSource - HikariPool-1 - Shutdown initiated...
2026-08-24 18:15:35.642 [SpringApplicationShutdownHook] [] INFO  com.zaxxer.hikari.HikariDataSource - HikariPool-1 - Shutdown completed.
2026-08-24 19:47:31.745 [main] [] INFO  o.s.c.c.c.ConfigServicePropertySourceLocator - Fetching config from server at : http://localhost:8888
2026-08-24 19:47:31.801 [main] [] INFO  o.s.c.c.c.ConfigServicePropertySourceLocator - Located environment: name=msvc-sri, profiles=[default], label=null, version=null, state=null
2026-08-24 19:47:31.801 [main] [] INFO  o.s.c.b.c.PropertySourceBootstrapConfiguration - Located property source: [BootstrapPropertySource {name='bootstrapProperties-configClient'}, BootstrapPropertySource {name='bootstrapProperties-classpath:/config-data/msvc-sri.yml'}]
2026-08-24 19:47:31.811 [main] [] INFO  c.erp.sri_files.SriFilesApplication - The following 1 profile is active: "local"
2026-08-24 19:47:31.817 [main] [] INFO  o.s.c.c.c.ConfigServerConfigDataLoader - Fetching config from server at : http://config-server:8888
2026-08-24 19:47:31.817 [main] [] INFO  o.s.c.c.c.ConfigServerConfigDataLoader - Exception on Url - http://config-server:8888:org.springframework.web.client.ResourceAccessException: I/O error on GET request for "http://config-server:8888/msvc-sri/default": config-server. Will be trying the next url if available
2026-08-24 19:47:31.817 [main] [] WARN  o.s.c.c.c.ConfigServerConfigDataLoader - Could not locate PropertySource ([ConfigServerConfigDataResource@17a703f5 uris = array<String>['http://config-server:8888'], optional = true, profiles = 'default']): I/O error on GET request for "http://config-server:8888/msvc-sri/default": config-server
2026-08-24 19:47:31.817 [main] [] INFO  o.s.c.c.c.ConfigServerConfigDataLoader - Fetching config from server at : http://config-server:8888
2026-08-24 19:47:31.817 [main] [] INFO  o.s.c.c.c.ConfigServerConfigDataLoader - Exception on Url - http://config-server:8888:org.springframework.web.client.ResourceAccessException: I/O error on GET request for "http://config-server:8888/msvc-sri/local": config-server. Will be trying the next url if available
2026-08-24 19:47:31.817 [main] [] WARN  o.s.c.c.c.ConfigServerConfigDataLoader - Could not locate PropertySource ([ConfigServerConfigDataResource@3531f3ca uris = array<String>['http://config-server:8888'], optional = true, profiles = 'local']): I/O error on GET request for "http://config-server:8888/msvc-sri/local": config-server
2026-08-24 19:47:31.817 [main] [] INFO  o.s.c.c.c.ConfigServerConfigDataLoader - Fetching config from server at : http://config-server:8888
2026-08-24 19:47:31.817 [main] [] INFO  o.s.c.c.c.ConfigServerConfigDataLoader - Exception on Url - http://config-server:8888:org.springframework.web.client.ResourceAccessException: I/O error on GET request for "http://config-server:8888/msvc-sri/default": config-server. Will be trying the next url if available
2026-08-24 19:47:31.817 [main] [] WARN  o.s.c.c.c.ConfigServerConfigDataLoader - Could not locate PropertySource ([ConfigServerConfigDataResource@7fcf294e uris = array<String>['http://config-server:8888'], optional = true, profiles = 'default']): I/O error on GET request for "http://config-server:8888/msvc-sri/default": config-server
2026-08-24 19:47:32.213 [main] [] INFO  o.s.d.r.c.RepositoryConfigurationDelegate - Bootstrapping Spring Data JPA repositories in DEFAULT mode.
2026-08-24 19:47:32.295 [main] [] INFO  o.s.d.r.c.RepositoryConfigurationDelegate - Finished Spring Data repository scanning in 77 ms. Found 8 JPA repository interfaces.
2026-08-24 19:47:32.425 [main] [] INFO  o.s.cloud.context.scope.GenericScope - BeanFactory id=584869b1-a425-325e-a3cf-9889ca2a5007
2026-08-24 19:47:32.623 [main] [] INFO  o.s.b.w.e.tomcat.TomcatWebServer - Tomcat initialized with port 9096 (http)
2026-08-24 19:47:32.630 [main] [] INFO  o.a.coyote.http11.Http11NioProtocol - Initializing ProtocolHandler ["http-nio-9096"]
2026-08-24 19:47:32.631 [main] [] INFO  o.a.catalina.core.StandardService - Starting service [Tomcat]
2026-08-24 19:47:32.632 [main] [] INFO  o.a.catalina.core.StandardEngine - Starting Servlet engine: [Apache Tomcat/10.1.34]
2026-08-24 19:47:32.679 [main] [] INFO  o.a.c.c.C.[Tomcat].[localhost].[/] - Initializing Spring embedded WebApplicationContext
2026-08-24 19:47:32.680 [main] [] INFO  o.s.b.w.s.c.ServletWebServerApplicationContext - Root WebApplicationContext: initialization completed in 862 ms
2026-08-24 19:47:32.716 [main] [] DEBUG c.e.sri_files.config.RateLimitFilter - Filter 'rateLimitFilter' configured for use
2026-08-24 19:47:32.716 [main] [] DEBUG c.e.sri_files.config.RequestIdFilter - Filter 'requestIdFilter' configured for use
2026-08-24 19:47:32.716 [main] [] DEBUG c.erp.sri_files.config.ApiKeyFilter - Filter 'apiKeyFilter' configured for use
2026-08-24 19:47:32.716 [main] [] DEBUG c.e.s.config.SecurityHeadersFilter - Filter 'securityHeadersFilter' configured for use
2026-08-24 19:47:32.954 [main] [] INFO  o.s.o.j.p.SpringPersistenceUnitInfo - No LoadTimeWeaver setup: ignoring JPA class transformer
2026-08-24 19:47:32.968 [main] [] INFO  com.zaxxer.hikari.HikariDataSource - HikariPool-1 - Starting...
2026-08-24 19:47:33.049 [main] [] INFO  com.zaxxer.hikari.pool.HikariPool - HikariPool-1 - Added connection org.postgresql.jdbc.PgConnection@206b959c
2026-08-24 19:47:33.052 [main] [] INFO  com.zaxxer.hikari.HikariDataSource - HikariPool-1 - Start completed.
2026-08-24 19:47:33.075 [main] [] WARN  org.hibernate.orm.deprecation - HHH90000025: PostgreSQLDialect does not need to be specified explicitly using 'hibernate.dialect' (remove the property setting and it will be selected by default)
2026-08-24 19:47:33.804 [main] [] WARN  o.h.t.s.i.ExceptionHandlerLoggedImpl - GenerationTarget encountered exception accepting command : Error executing DDL "alter table if exists definir alter column tipoambiente set data type smallint" via JDBC [ERROR: la columna «tipoambiente» no puede convertirse automáticamente al tipo smallint
  Hint: Puede ser necesario especificar «USING tipoambiente::smallint».]
org.hibernate.tool.schema.spi.CommandAcceptanceException: Error executing DDL "alter table if exists definir alter column tipoambiente set data type smallint" via JDBC [ERROR: la columna «tipoambiente» no puede convertirse automáticamente al tipo smallint
  Hint: Puede ser necesario especificar «USING tipoambiente::smallint».]
	at org.hibernate.tool.schema.internal.exec.GenerationTargetToDatabase.accept(GenerationTargetToDatabase.java:94)
	at org.hibernate.tool.schema.internal.AbstractSchemaMigrator.applySqlString(AbstractSchemaMigrator.java:576)
	at org.hibernate.tool.schema.internal.AbstractSchemaMigrator.applySqlStrings(AbstractSchemaMigrator.java:516)
	at org.hibernate.tool.schema.internal.AbstractSchemaMigrator.migrateTable(AbstractSchemaMigrator.java:334)
	at org.hibernate.tool.schema.internal.GroupedSchemaMigratorImpl.performTablesMigration(GroupedSchemaMigratorImpl.java:84)
	at org.hibernate.tool.schema.internal.AbstractSchemaMigrator.performMigration(AbstractSchemaMigrator.java:233)
	at org.hibernate.tool.schema.internal.AbstractSchemaMigrator.doMigration(AbstractSchemaMigrator.java:112)
	at org.hibernate.tool.schema.spi.SchemaManagementToolCoordinator.performDatabaseAction(SchemaManagementToolCoordinator.java:280)
	at org.hibernate.tool.schema.spi.SchemaManagementToolCoordinator.lambda$process$5(SchemaManagementToolCoordinator.java:144)
	at java.base/java.util.HashMap.forEach(HashMap.java:1429)
	at org.hibernate.tool.schema.spi.SchemaManagementToolCoordinator.process(SchemaManagementToolCoordinator.java:141)
	at org.hibernate.boot.internal.SessionFactoryObserverForSchemaExport.sessionFactoryCreated(SessionFactoryObserverForSchemaExport.java:37)
	at org.hibernate.internal.SessionFactoryObserverChain.sessionFactoryCreated(SessionFactoryObserverChain.java:35)
	at org.hibernate.internal.SessionFactoryImpl.<init>(SessionFactoryImpl.java:324)
	at org.hibernate.boot.internal.SessionFactoryBuilderImpl.build(SessionFactoryBuilderImpl.java:463)
	at org.hibernate.jpa.boot.internal.EntityManagerFactoryBuilderImpl.build(EntityManagerFactoryBuilderImpl.java:1506)
	at org.springframework.orm.jpa.vendor.SpringHibernateJpaPersistenceProvider.createContainerEntityManagerFactory(SpringHibernateJpaPersistenceProvider.java:66)
	at org.springframework.orm.jpa.LocalContainerEntityManagerFactoryBean.createNativeEntityManagerFactory(LocalContainerEntityManagerFactoryBean.java:390)
	at org.springframework.orm.jpa.AbstractEntityManagerFactoryBean.buildNativeEntityManagerFactory(AbstractEntityManagerFactoryBean.java:419)
	at org.springframework.orm.jpa.AbstractEntityManagerFactoryBean.afterPropertiesSet(AbstractEntityManagerFactoryBean.java:400)
	at org.springframework.orm.jpa.LocalContainerEntityManagerFactoryBean.afterPropertiesSet(LocalContainerEntityManagerFactoryBean.java:366)
	at org.springframework.beans.factory.support.AbstractAutowireCapableBeanFactory.invokeInitMethods(AbstractAutowireCapableBeanFactory.java:1855)
	at org.springframework.beans.factory.support.AbstractAutowireCapableBeanFactory.initializeBean(AbstractAutowireCapableBeanFactory.java:1804)
	at org.springframework.beans.factory.support.AbstractAutowireCapableBeanFactory.doCreateBean(AbstractAutowireCapableBeanFactory.java:601)
	at org.springframework.beans.factory.support.AbstractAutowireCapableBeanFactory.createBean(AbstractAutowireCapableBeanFactory.java:523)
	at org.springframework.beans.factory.support.AbstractBeanFactory.lambda$doGetBean$0(AbstractBeanFactory.java:336)
	at org.springframework.beans.factory.support.DefaultSingletonBeanRegistry.getSingleton(DefaultSingletonBeanRegistry.java:289)
	at org.springframework.beans.factory.support.AbstractBeanFactory.doGetBean(AbstractBeanFactory.java:334)
	at org.springframework.beans.factory.support.AbstractBeanFactory.getBean(AbstractBeanFactory.java:204)
	at org.springframework.context.support.AbstractApplicationContext.finishBeanFactoryInitialization(AbstractApplicationContext.java:970)
	at org.springframework.context.support.AbstractApplicationContext.refresh(AbstractApplicationContext.java:627)
	at org.springframework.boot.web.servlet.context.ServletWebServerApplicationContext.refresh(ServletWebServerApplicationContext.java:146)
	at org.springframework.boot.SpringApplication.refresh(SpringApplication.java:752)
	at org.springframework.boot.SpringApplication.refreshContext(SpringApplication.java:439)
	at org.springframework.boot.SpringApplication.run(SpringApplication.java:318)
	at org.springframework.boot.SpringApplication.run(SpringApplication.java:1361)
	at org.springframework.boot.SpringApplication.run(SpringApplication.java:1350)
	at com.erp.sri_files.SriFilesApplication.main(SriFilesApplication.java:19)
Caused by: org.postgresql.util.PSQLException: ERROR: la columna «tipoambiente» no puede convertirse automáticamente al tipo smallint
  Hint: Puede ser necesario especificar «USING tipoambiente::smallint».
	at org.postgresql.core.v3.QueryExecutorImpl.receiveErrorResponse(QueryExecutorImpl.java:2733)
	at org.postgresql.core.v3.QueryExecutorImpl.processResults(QueryExecutorImpl.java:2420)
	at org.postgresql.core.v3.QueryExecutorImpl.execute(QueryExecutorImpl.java:372)
	at org.postgresql.jdbc.PgStatement.executeInternal(PgStatement.java:517)
	at org.postgresql.jdbc.PgStatement.execute(PgStatement.java:434)
	at org.postgresql.jdbc.PgStatement.executeWithFlags(PgStatement.java:356)
	at org.postgresql.jdbc.PgStatement.executeCachedSql(PgStatement.java:341)
	at org.postgresql.jdbc.PgStatement.executeWithFlags(PgStatement.java:317)
	at org.postgresql.jdbc.PgStatement.execute(PgStatement.java:312)
	at com.zaxxer.hikari.pool.ProxyStatement.execute(ProxyStatement.java:94)
	at com.zaxxer.hikari.pool.HikariProxyStatement.execute(HikariProxyStatement.java)
	at org.hibernate.tool.schema.internal.exec.GenerationTargetToDatabase.accept(GenerationTargetToDatabase.java:80)
	... 37 common frames omitted
2026-08-24 19:47:33.850 [main] [] WARN  o.h.t.s.i.ExceptionHandlerLoggedImpl - GenerationTarget encountered exception accepting command : Error executing DDL "alter table if exists fec_factura alter column errores set data type varchar(255)" via JDBC [ERROR: el valor es demasiado largo para el tipo character varying(255)]
org.hibernate.tool.schema.spi.CommandAcceptanceException: Error executing DDL "alter table if exists fec_factura alter column errores set data type varchar(255)" via JDBC [ERROR: el valor es demasiado largo para el tipo character varying(255)]
	at org.hibernate.tool.schema.internal.exec.GenerationTargetToDatabase.accept(GenerationTargetToDatabase.java:94)
	at org.hibernate.tool.schema.internal.AbstractSchemaMigrator.applySqlString(AbstractSchemaMigrator.java:576)
	at org.hibernate.tool.schema.internal.AbstractSchemaMigrator.applySqlStrings(AbstractSchemaMigrator.java:516)
	at org.hibernate.tool.schema.internal.AbstractSchemaMigrator.migrateTable(AbstractSchemaMigrator.java:334)
	at org.hibernate.tool.schema.internal.GroupedSchemaMigratorImpl.performTablesMigration(GroupedSchemaMigratorImpl.java:84)
	at org.hibernate.tool.schema.internal.AbstractSchemaMigrator.performMigration(AbstractSchemaMigrator.java:233)
	at org.hibernate.tool.schema.internal.AbstractSchemaMigrator.doMigration(AbstractSchemaMigrator.java:112)
	at org.hibernate.tool.schema.spi.SchemaManagementToolCoordinator.performDatabaseAction(SchemaManagementToolCoordinator.java:280)
	at org.hibernate.tool.schema.spi.SchemaManagementToolCoordinator.lambda$process$5(SchemaManagementToolCoordinator.java:144)
	at java.base/java.util.HashMap.forEach(HashMap.java:1429)
	at org.hibernate.tool.schema.spi.SchemaManagementToolCoordinator.process(SchemaManagementToolCoordinator.java:141)
	at org.hibernate.boot.internal.SessionFactoryObserverForSchemaExport.sessionFactoryCreated(SessionFactoryObserverForSchemaExport.java:37)
	at org.hibernate.internal.SessionFactoryObserverChain.sessionFactoryCreated(SessionFactoryObserverChain.java:35)
	at org.hibernate.internal.SessionFactoryImpl.<init>(SessionFactoryImpl.java:324)
	at org.hibernate.boot.internal.SessionFactoryBuilderImpl.build(SessionFactoryBuilderImpl.java:463)
	at org.hibernate.jpa.boot.internal.EntityManagerFactoryBuilderImpl.build(EntityManagerFactoryBuilderImpl.java:1506)
	at org.springframework.orm.jpa.vendor.SpringHibernateJpaPersistenceProvider.createContainerEntityManagerFactory(SpringHibernateJpaPersistenceProvider.java:66)
	at org.springframework.orm.jpa.LocalContainerEntityManagerFactoryBean.createNativeEntityManagerFactory(LocalContainerEntityManagerFactoryBean.java:390)
	at org.springframework.orm.jpa.AbstractEntityManagerFactoryBean.buildNativeEntityManagerFactory(AbstractEntityManagerFactoryBean.java:419)
	at org.springframework.orm.jpa.AbstractEntityManagerFactoryBean.afterPropertiesSet(AbstractEntityManagerFactoryBean.java:400)
	at org.springframework.orm.jpa.LocalContainerEntityManagerFactoryBean.afterPropertiesSet(LocalContainerEntityManagerFactoryBean.java:366)
	at org.springframework.beans.factory.support.AbstractAutowireCapableBeanFactory.invokeInitMethods(AbstractAutowireCapableBeanFactory.java:1855)
	at org.springframework.beans.factory.support.AbstractAutowireCapableBeanFactory.initializeBean(AbstractAutowireCapableBeanFactory.java:1804)
	at org.springframework.beans.factory.support.AbstractAutowireCapableBeanFactory.doCreateBean(AbstractAutowireCapableBeanFactory.java:601)
	at org.springframework.beans.factory.support.AbstractAutowireCapableBeanFactory.createBean(AbstractAutowireCapableBeanFactory.java:523)
	at org.springframework.beans.factory.support.AbstractBeanFactory.lambda$doGetBean$0(AbstractBeanFactory.java:336)
	at org.springframework.beans.factory.support.DefaultSingletonBeanRegistry.getSingleton(DefaultSingletonBeanRegistry.java:289)
	at org.springframework.beans.factory.support.AbstractBeanFactory.doGetBean(AbstractBeanFactory.java:334)
	at org.springframework.beans.factory.support.AbstractBeanFactory.getBean(AbstractBeanFactory.java:204)
	at org.springframework.context.support.AbstractApplicationContext.finishBeanFactoryInitialization(AbstractApplicationContext.java:970)
	at org.springframework.context.support.AbstractApplicationContext.refresh(AbstractApplicationContext.java:627)
	at org.springframework.boot.web.servlet.context.ServletWebServerApplicationContext.refresh(ServletWebServerApplicationContext.java:146)
	at org.springframework.boot.SpringApplication.refresh(SpringApplication.java:752)
	at org.springframework.boot.SpringApplication.refreshContext(SpringApplication.java:439)
	at org.springframework.boot.SpringApplication.run(SpringApplication.java:318)
	at org.springframework.boot.SpringApplication.run(SpringApplication.java:1361)
	at org.springframework.boot.SpringApplication.run(SpringApplication.java:1350)
	at com.erp.sri_files.SriFilesApplication.main(SriFilesApplication.java:19)
Caused by: org.postgresql.util.PSQLException: ERROR: el valor es demasiado largo para el tipo character varying(255)
	at org.postgresql.core.v3.QueryExecutorImpl.receiveErrorResponse(QueryExecutorImpl.java:2733)
	at org.postgresql.core.v3.QueryExecutorImpl.processResults(QueryExecutorImpl.java:2420)
	at org.postgresql.core.v3.QueryExecutorImpl.execute(QueryExecutorImpl.java:372)
	at org.postgresql.jdbc.PgStatement.executeInternal(PgStatement.java:517)
	at org.postgresql.jdbc.PgStatement.execute(PgStatement.java:434)
	at org.postgresql.jdbc.PgStatement.executeWithFlags(PgStatement.java:356)
	at org.postgresql.jdbc.PgStatement.executeCachedSql(PgStatement.java:341)
	at org.postgresql.jdbc.PgStatement.executeWithFlags(PgStatement.java:317)
	at org.postgresql.jdbc.PgStatement.execute(PgStatement.java:312)
	at com.zaxxer.hikari.pool.ProxyStatement.execute(ProxyStatement.java:94)
	at com.zaxxer.hikari.pool.HikariProxyStatement.execute(HikariProxyStatement.java)
	at org.hibernate.tool.schema.internal.exec.GenerationTargetToDatabase.accept(GenerationTargetToDatabase.java:80)
	... 37 common frames omitted
2026-08-24 19:47:33.853 [main] [] WARN  o.h.t.s.i.ExceptionHandlerLoggedImpl - GenerationTarget encountered exception accepting command : Error executing DDL "alter table if exists fec_factura alter column xmlautorizado set data type varchar(255)" via JDBC [ERROR: el valor es demasiado largo para el tipo character varying(255)]
org.hibernate.tool.schema.spi.CommandAcceptanceException: Error executing DDL "alter table if exists fec_factura alter column xmlautorizado set data type varchar(255)" via JDBC [ERROR: el valor es demasiado largo para el tipo character varying(255)]
	at org.hibernate.tool.schema.internal.exec.GenerationTargetToDatabase.accept(GenerationTargetToDatabase.java:94)
	at org.hibernate.tool.schema.internal.AbstractSchemaMigrator.applySqlString(AbstractSchemaMigrator.java:576)
	at org.hibernate.tool.schema.internal.AbstractSchemaMigrator.applySqlStrings(AbstractSchemaMigrator.java:516)
	at org.hibernate.tool.schema.internal.AbstractSchemaMigrator.migrateTable(AbstractSchemaMigrator.java:334)
	at org.hibernate.tool.schema.internal.GroupedSchemaMigratorImpl.performTablesMigration(GroupedSchemaMigratorImpl.java:84)
	at org.hibernate.tool.schema.internal.AbstractSchemaMigrator.performMigration(AbstractSchemaMigrator.java:233)
	at org.hibernate.tool.schema.internal.AbstractSchemaMigrator.doMigration(AbstractSchemaMigrator.java:112)
	at org.hibernate.tool.schema.spi.SchemaManagementToolCoordinator.performDatabaseAction(SchemaManagementToolCoordinator.java:280)
	at org.hibernate.tool.schema.spi.SchemaManagementToolCoordinator.lambda$process$5(SchemaManagementToolCoordinator.java:144)
	at java.base/java.util.HashMap.forEach(HashMap.java:1429)
	at org.hibernate.tool.schema.spi.SchemaManagementToolCoordinator.process(SchemaManagementToolCoordinator.java:141)
	at org.hibernate.boot.internal.SessionFactoryObserverForSchemaExport.sessionFactoryCreated(SessionFactoryObserverForSchemaExport.java:37)
	at org.hibernate.internal.SessionFactoryObserverChain.sessionFactoryCreated(SessionFactoryObserverChain.java:35)
	at org.hibernate.internal.SessionFactoryImpl.<init>(SessionFactoryImpl.java:324)
	at org.hibernate.boot.internal.SessionFactoryBuilderImpl.build(SessionFactoryBuilderImpl.java:463)
	at org.hibernate.jpa.boot.internal.EntityManagerFactoryBuilderImpl.build(EntityManagerFactoryBuilderImpl.java:1506)
	at org.springframework.orm.jpa.vendor.SpringHibernateJpaPersistenceProvider.createContainerEntityManagerFactory(SpringHibernateJpaPersistenceProvider.java:66)
	at org.springframework.orm.jpa.LocalContainerEntityManagerFactoryBean.createNativeEntityManagerFactory(LocalContainerEntityManagerFactoryBean.java:390)
	at org.springframework.orm.jpa.AbstractEntityManagerFactoryBean.buildNativeEntityManagerFactory(AbstractEntityManagerFactoryBean.java:419)
	at org.springframework.orm.jpa.AbstractEntityManagerFactoryBean.afterPropertiesSet(AbstractEntityManagerFactoryBean.java:400)
	at org.springframework.orm.jpa.LocalContainerEntityManagerFactoryBean.afterPropertiesSet(LocalContainerEntityManagerFactoryBean.java:366)
	at org.springframework.beans.factory.support.AbstractAutowireCapableBeanFactory.invokeInitMethods(AbstractAutowireCapableBeanFactory.java:1855)
	at org.springframework.beans.factory.support.AbstractAutowireCapableBeanFactory.initializeBean(AbstractAutowireCapableBeanFactory.java:1804)
	at org.springframework.beans.factory.support.AbstractAutowireCapableBeanFactory.doCreateBean(AbstractAutowireCapableBeanFactory.java:601)
	at org.springframework.beans.factory.support.AbstractAutowireCapableBeanFactory.createBean(AbstractAutowireCapableBeanFactory.java:523)
	at org.springframework.beans.factory.support.AbstractBeanFactory.lambda$doGetBean$0(AbstractBeanFactory.java:336)
	at org.springframework.beans.factory.support.DefaultSingletonBeanRegistry.getSingleton(DefaultSingletonBeanRegistry.java:289)
	at org.springframework.beans.factory.support.AbstractBeanFactory.doGetBean(AbstractBeanFactory.java:334)
	at org.springframework.beans.factory.support.AbstractBeanFactory.getBean(AbstractBeanFactory.java:204)
	at org.springframework.context.support.AbstractApplicationContext.finishBeanFactoryInitialization(AbstractApplicationContext.java:970)
	at org.springframework.context.support.AbstractApplicationContext.refresh(AbstractApplicationContext.java:627)
	at org.springframework.boot.web.servlet.context.ServletWebServerApplicationContext.refresh(ServletWebServerApplicationContext.java:146)
	at org.springframework.boot.SpringApplication.refresh(SpringApplication.java:752)
	at org.springframework.boot.SpringApplication.refreshContext(SpringApplication.java:439)
	at org.springframework.boot.SpringApplication.run(SpringApplication.java:318)
	at org.springframework.boot.SpringApplication.run(SpringApplication.java:1361)
	at org.springframework.boot.SpringApplication.run(SpringApplication.java:1350)
	at com.erp.sri_files.SriFilesApplication.main(SriFilesApplication.java:19)
Caused by: org.postgresql.util.PSQLException: ERROR: el valor es demasiado largo para el tipo character varying(255)
	at org.postgresql.core.v3.QueryExecutorImpl.receiveErrorResponse(QueryExecutorImpl.java:2733)
	at org.postgresql.core.v3.QueryExecutorImpl.processResults(QueryExecutorImpl.java:2420)
	at org.postgresql.core.v3.QueryExecutorImpl.execute(QueryExecutorImpl.java:372)
	at org.postgresql.jdbc.PgStatement.executeInternal(PgStatement.java:517)
	at org.postgresql.jdbc.PgStatement.execute(PgStatement.java:434)
	at org.postgresql.jdbc.PgStatement.executeWithFlags(PgStatement.java:356)
	at org.postgresql.jdbc.PgStatement.executeCachedSql(PgStatement.java:341)
	at org.postgresql.jdbc.PgStatement.executeWithFlags(PgStatement.java:317)
	at org.postgresql.jdbc.PgStatement.execute(PgStatement.java:312)
	at com.zaxxer.hikari.pool.ProxyStatement.execute(ProxyStatement.java:94)
	at com.zaxxer.hikari.pool.HikariProxyStatement.execute(HikariProxyStatement.java)
	at org.hibernate.tool.schema.internal.exec.GenerationTargetToDatabase.accept(GenerationTargetToDatabase.java:80)
	... 37 common frames omitted
2026-08-24 19:47:33.902 [main] [] INFO  o.s.o.j.LocalContainerEntityManagerFactoryBean - Initialized JPA EntityManagerFactory for persistence unit 'default'
2026-08-24 19:47:34.058 [main] [] INFO  o.s.d.j.r.query.QueryEnhancerFactory - Hibernate is in classpath; If applicable, HQL parser will be used.
2026-08-24 19:47:34.934 [main] [] WARN  o.s.b.a.t.ThymeleafAutoConfiguration$DefaultTemplateResolverConfiguration - Cannot find template location: classpath:/templates/ (please add some templates, check your Thymeleaf configuration, or set spring.thymeleaf.check-template-location=false)
2026-08-24 19:47:35.034 [main] [] WARN  o.s.b.a.o.j.JpaBaseConfiguration$JpaWebConfiguration - spring.jpa.open-in-view is enabled by default. Therefore, database queries may be performed during view rendering. Explicitly configure spring.jpa.open-in-view to disable this warning
2026-08-24 19:47:35.265 [main] [] INFO  o.s.c.n.e.c.DiscoveryClientOptionalArgsConfiguration - Eureka HTTP Client uses RestTemplate.
2026-08-24 19:47:35.286 [main] [] WARN  o.s.c.l.c.LoadBalancerCacheAutoConfiguration$LoadBalancerCaffeineWarnLogger - Spring Cloud LoadBalancer is currently working with the default cache. While this cache implementation is useful for development and tests, it's recommended to use Caffeine cache in production.You can switch to using Caffeine cache, by adding it and org.springframework.cache.caffeine.CaffeineCacheManager to the classpath.
2026-08-24 19:47:35.294 [main] [] INFO  o.a.coyote.http11.Http11NioProtocol - Starting ProtocolHandler ["http-nio-9096"]
2026-08-24 19:47:35.302 [main] [] INFO  o.s.b.w.e.tomcat.TomcatWebServer - Tomcat started on port 9096 (http) with context path '/'
2026-08-24 19:47:35.319 [main] [] INFO  c.erp.sri_files.SriFilesApplication - Started SriFilesApplication in 11.556 seconds (process running for 11.946)
2026-08-24 19:47:59.450 [SpringApplicationShutdownHook] [] INFO  o.s.b.w.e.tomcat.GracefulShutdown - Commencing graceful shutdown. Waiting for active requests to complete
2026-08-24 19:47:59.461 [tomcat-shutdown] [] INFO  o.s.b.w.e.tomcat.GracefulShutdown - Graceful shutdown complete
2026-08-24 19:47:59.465 [SpringApplicationShutdownHook] [] INFO  o.s.o.j.LocalContainerEntityManagerFactoryBean - Closing JPA EntityManagerFactory for persistence unit 'default'
2026-08-24 19:47:59.466 [SpringApplicationShutdownHook] [] INFO  com.zaxxer.hikari.HikariDataSource - HikariPool-1 - Shutdown initiated...
2026-08-24 19:47:59.467 [SpringApplicationShutdownHook] [] INFO  com.zaxxer.hikari.HikariDataSource - HikariPool-1 - Shutdown completed.
2026-08-24 20:03:33.891 [main] [] INFO  o.s.c.c.c.ConfigServicePropertySourceLocator - Fetching config from server at : http://localhost:8888
2026-08-24 20:03:33.920 [main] [] INFO  o.s.c.c.c.ConfigServicePropertySourceLocator - Located environment: name=msvc-sri, profiles=[default], label=null, version=null, state=null
2026-08-24 20:03:33.921 [main] [] INFO  o.s.c.b.c.PropertySourceBootstrapConfiguration - Located property source: [BootstrapPropertySource {name='bootstrapProperties-configClient'}, BootstrapPropertySource {name='bootstrapProperties-classpath:/config-data/msvc-sri.yml'}]
2026-08-24 20:03:33.931 [main] [] INFO  c.erp.sri_files.SriFilesApplication - The following 1 profile is active: "local"
2026-08-24 20:03:33.937 [main] [] INFO  o.s.c.c.c.ConfigServerConfigDataLoader - Fetching config from server at : http://config-server:8888
2026-08-24 20:03:33.937 [main] [] INFO  o.s.c.c.c.ConfigServerConfigDataLoader - Exception on Url - http://config-server:8888:org.springframework.web.client.ResourceAccessException: I/O error on GET request for "http://config-server:8888/msvc-sri/default": config-server. Will be trying the next url if available
2026-08-24 20:03:33.937 [main] [] WARN  o.s.c.c.c.ConfigServerConfigDataLoader - Could not locate PropertySource ([ConfigServerConfigDataResource@17a703f5 uris = array<String>['http://config-server:8888'], optional = true, profiles = 'default']): I/O error on GET request for "http://config-server:8888/msvc-sri/default": config-server
2026-08-24 20:03:33.937 [main] [] INFO  o.s.c.c.c.ConfigServerConfigDataLoader - Fetching config from server at : http://config-server:8888
2026-08-24 20:03:33.937 [main] [] INFO  o.s.c.c.c.ConfigServerConfigDataLoader - Exception on Url - http://config-server:8888:org.springframework.web.client.ResourceAccessException: I/O error on GET request for "http://config-server:8888/msvc-sri/local": config-server. Will be trying the next url if available
2026-08-24 20:03:33.937 [main] [] WARN  o.s.c.c.c.ConfigServerConfigDataLoader - Could not locate PropertySource ([ConfigServerConfigDataResource@3531f3ca uris = array<String>['http://config-server:8888'], optional = true, profiles = 'local']): I/O error on GET request for "http://config-server:8888/msvc-sri/local": config-server
2026-08-24 20:03:33.937 [main] [] INFO  o.s.c.c.c.ConfigServerConfigDataLoader - Fetching config from server at : http://config-server:8888
2026-08-24 20:03:33.937 [main] [] INFO  o.s.c.c.c.ConfigServerConfigDataLoader - Exception on Url - http://config-server:8888:org.springframework.web.client.ResourceAccessException: I/O error on GET request for "http://config-server:8888/msvc-sri/default": config-server. Will be trying the next url if available
2026-08-24 20:03:33.937 [main] [] WARN  o.s.c.c.c.ConfigServerConfigDataLoader - Could not locate PropertySource ([ConfigServerConfigDataResource@7fcf294e uris = array<String>['http://config-server:8888'], optional = true, profiles = 'default']): I/O error on GET request for "http://config-server:8888/msvc-sri/default": config-server
2026-08-24 20:03:34.348 [main] [] INFO  o.s.d.r.c.RepositoryConfigurationDelegate - Bootstrapping Spring Data JPA repositories in DEFAULT mode.
2026-08-24 20:03:34.429 [main] [] INFO  o.s.d.r.c.RepositoryConfigurationDelegate - Finished Spring Data repository scanning in 77 ms. Found 8 JPA repository interfaces.
2026-08-24 20:03:34.559 [main] [] INFO  o.s.cloud.context.scope.GenericScope - BeanFactory id=584869b1-a425-325e-a3cf-9889ca2a5007
2026-08-24 20:03:34.770 [main] [] INFO  o.s.b.w.e.tomcat.TomcatWebServer - Tomcat initialized with port 9096 (http)
2026-08-24 20:03:34.778 [main] [] INFO  o.a.coyote.http11.Http11NioProtocol - Initializing ProtocolHandler ["http-nio-9096"]
2026-08-24 20:03:34.781 [main] [] INFO  o.a.catalina.core.StandardService - Starting service [Tomcat]
2026-08-24 20:03:34.781 [main] [] INFO  o.a.catalina.core.StandardEngine - Starting Servlet engine: [Apache Tomcat/10.1.34]
2026-08-24 20:03:34.828 [main] [] INFO  o.a.c.c.C.[Tomcat].[localhost].[/] - Initializing Spring embedded WebApplicationContext
2026-08-24 20:03:34.829 [main] [] INFO  o.s.b.w.s.c.ServletWebServerApplicationContext - Root WebApplicationContext: initialization completed in 891 ms
2026-08-24 20:03:34.866 [main] [] DEBUG c.e.sri_files.config.RateLimitFilter - Filter 'rateLimitFilter' configured for use
2026-08-24 20:03:34.866 [main] [] DEBUG c.e.sri_files.config.RequestIdFilter - Filter 'requestIdFilter' configured for use
2026-08-24 20:03:34.866 [main] [] DEBUG c.erp.sri_files.config.ApiKeyFilter - Filter 'apiKeyFilter' configured for use
2026-08-24 20:03:34.866 [main] [] DEBUG c.e.s.config.SecurityHeadersFilter - Filter 'securityHeadersFilter' configured for use
2026-08-24 20:03:35.122 [main] [] INFO  o.s.o.j.p.SpringPersistenceUnitInfo - No LoadTimeWeaver setup: ignoring JPA class transformer
2026-08-24 20:03:35.139 [main] [] INFO  com.zaxxer.hikari.HikariDataSource - HikariPool-1 - Starting...
2026-08-24 20:03:35.221 [main] [] INFO  com.zaxxer.hikari.pool.HikariPool - HikariPool-1 - Added connection org.postgresql.jdbc.PgConnection@74026b18
2026-08-24 20:03:35.222 [main] [] INFO  com.zaxxer.hikari.HikariDataSource - HikariPool-1 - Start completed.
2026-08-24 20:03:35.243 [main] [] WARN  org.hibernate.orm.deprecation - HHH90000025: PostgreSQLDialect does not need to be specified explicitly using 'hibernate.dialect' (remove the property setting and it will be selected by default)
2026-08-24 20:03:35.968 [main] [] WARN  o.h.t.s.i.ExceptionHandlerLoggedImpl - GenerationTarget encountered exception accepting command : Error executing DDL "alter table if exists definir alter column tipoambiente set data type smallint" via JDBC [ERROR: la columna «tipoambiente» no puede convertirse automáticamente al tipo smallint
  Hint: Puede ser necesario especificar «USING tipoambiente::smallint».]
org.hibernate.tool.schema.spi.CommandAcceptanceException: Error executing DDL "alter table if exists definir alter column tipoambiente set data type smallint" via JDBC [ERROR: la columna «tipoambiente» no puede convertirse automáticamente al tipo smallint
  Hint: Puede ser necesario especificar «USING tipoambiente::smallint».]
	at org.hibernate.tool.schema.internal.exec.GenerationTargetToDatabase.accept(GenerationTargetToDatabase.java:94)
	at org.hibernate.tool.schema.internal.AbstractSchemaMigrator.applySqlString(AbstractSchemaMigrator.java:576)
	at org.hibernate.tool.schema.internal.AbstractSchemaMigrator.applySqlStrings(AbstractSchemaMigrator.java:516)
	at org.hibernate.tool.schema.internal.AbstractSchemaMigrator.migrateTable(AbstractSchemaMigrator.java:334)
	at org.hibernate.tool.schema.internal.GroupedSchemaMigratorImpl.performTablesMigration(GroupedSchemaMigratorImpl.java:84)
	at org.hibernate.tool.schema.internal.AbstractSchemaMigrator.performMigration(AbstractSchemaMigrator.java:233)
	at org.hibernate.tool.schema.internal.AbstractSchemaMigrator.doMigration(AbstractSchemaMigrator.java:112)
	at org.hibernate.tool.schema.spi.SchemaManagementToolCoordinator.performDatabaseAction(SchemaManagementToolCoordinator.java:280)
	at org.hibernate.tool.schema.spi.SchemaManagementToolCoordinator.lambda$process$5(SchemaManagementToolCoordinator.java:144)
	at java.base/java.util.HashMap.forEach(HashMap.java:1429)
	at org.hibernate.tool.schema.spi.SchemaManagementToolCoordinator.process(SchemaManagementToolCoordinator.java:141)
	at org.hibernate.boot.internal.SessionFactoryObserverForSchemaExport.sessionFactoryCreated(SessionFactoryObserverForSchemaExport.java:37)
	at org.hibernate.internal.SessionFactoryObserverChain.sessionFactoryCreated(SessionFactoryObserverChain.java:35)
	at org.hibernate.internal.SessionFactoryImpl.<init>(SessionFactoryImpl.java:324)
	at org.hibernate.boot.internal.SessionFactoryBuilderImpl.build(SessionFactoryBuilderImpl.java:463)
	at org.hibernate.jpa.boot.internal.EntityManagerFactoryBuilderImpl.build(EntityManagerFactoryBuilderImpl.java:1506)
	at org.springframework.orm.jpa.vendor.SpringHibernateJpaPersistenceProvider.createContainerEntityManagerFactory(SpringHibernateJpaPersistenceProvider.java:66)
	at org.springframework.orm.jpa.LocalContainerEntityManagerFactoryBean.createNativeEntityManagerFactory(LocalContainerEntityManagerFactoryBean.java:390)
	at org.springframework.orm.jpa.AbstractEntityManagerFactoryBean.buildNativeEntityManagerFactory(AbstractEntityManagerFactoryBean.java:419)
	at org.springframework.orm.jpa.AbstractEntityManagerFactoryBean.afterPropertiesSet(AbstractEntityManagerFactoryBean.java:400)
	at org.springframework.orm.jpa.LocalContainerEntityManagerFactoryBean.afterPropertiesSet(LocalContainerEntityManagerFactoryBean.java:366)
	at org.springframework.beans.factory.support.AbstractAutowireCapableBeanFactory.invokeInitMethods(AbstractAutowireCapableBeanFactory.java:1855)
	at org.springframework.beans.factory.support.AbstractAutowireCapableBeanFactory.initializeBean(AbstractAutowireCapableBeanFactory.java:1804)
	at org.springframework.beans.factory.support.AbstractAutowireCapableBeanFactory.doCreateBean(AbstractAutowireCapableBeanFactory.java:601)
	at org.springframework.beans.factory.support.AbstractAutowireCapableBeanFactory.createBean(AbstractAutowireCapableBeanFactory.java:523)
	at org.springframework.beans.factory.support.AbstractBeanFactory.lambda$doGetBean$0(AbstractBeanFactory.java:336)
	at org.springframework.beans.factory.support.DefaultSingletonBeanRegistry.getSingleton(DefaultSingletonBeanRegistry.java:289)
	at org.springframework.beans.factory.support.AbstractBeanFactory.doGetBean(AbstractBeanFactory.java:334)
	at org.springframework.beans.factory.support.AbstractBeanFactory.getBean(AbstractBeanFactory.java:204)
	at org.springframework.context.support.AbstractApplicationContext.finishBeanFactoryInitialization(AbstractApplicationContext.java:970)
	at org.springframework.context.support.AbstractApplicationContext.refresh(AbstractApplicationContext.java:627)
	at org.springframework.boot.web.servlet.context.ServletWebServerApplicationContext.refresh(ServletWebServerApplicationContext.java:146)
	at org.springframework.boot.SpringApplication.refresh(SpringApplication.java:752)
	at org.springframework.boot.SpringApplication.refreshContext(SpringApplication.java:439)
	at org.springframework.boot.SpringApplication.run(SpringApplication.java:318)
	at org.springframework.boot.SpringApplication.run(SpringApplication.java:1361)
	at org.springframework.boot.SpringApplication.run(SpringApplication.java:1350)
	at com.erp.sri_files.SriFilesApplication.main(SriFilesApplication.java:19)
Caused by: org.postgresql.util.PSQLException: ERROR: la columna «tipoambiente» no puede convertirse automáticamente al tipo smallint
  Hint: Puede ser necesario especificar «USING tipoambiente::smallint».
	at org.postgresql.core.v3.QueryExecutorImpl.receiveErrorResponse(QueryExecutorImpl.java:2733)
	at org.postgresql.core.v3.QueryExecutorImpl.processResults(QueryExecutorImpl.java:2420)
	at org.postgresql.core.v3.QueryExecutorImpl.execute(QueryExecutorImpl.java:372)
	at org.postgresql.jdbc.PgStatement.executeInternal(PgStatement.java:517)
	at org.postgresql.jdbc.PgStatement.execute(PgStatement.java:434)
	at org.postgresql.jdbc.PgStatement.executeWithFlags(PgStatement.java:356)
	at org.postgresql.jdbc.PgStatement.executeCachedSql(PgStatement.java:341)
	at org.postgresql.jdbc.PgStatement.executeWithFlags(PgStatement.java:317)
	at org.postgresql.jdbc.PgStatement.execute(PgStatement.java:312)
	at com.zaxxer.hikari.pool.ProxyStatement.execute(ProxyStatement.java:94)
	at com.zaxxer.hikari.pool.HikariProxyStatement.execute(HikariProxyStatement.java)
	at org.hibernate.tool.schema.internal.exec.GenerationTargetToDatabase.accept(GenerationTargetToDatabase.java:80)
	... 37 common frames omitted
2026-08-24 20:03:35.986 [main] [] WARN  o.h.t.s.i.ExceptionHandlerLoggedImpl - GenerationTarget encountered exception accepting command : Error executing DDL "alter table if exists fec_factura alter column errores set data type varchar(255)" via JDBC [ERROR: el valor es demasiado largo para el tipo character varying(255)]
org.hibernate.tool.schema.spi.CommandAcceptanceException: Error executing DDL "alter table if exists fec_factura alter column errores set data type varchar(255)" via JDBC [ERROR: el valor es demasiado largo para el tipo character varying(255)]
	at org.hibernate.tool.schema.internal.exec.GenerationTargetToDatabase.accept(GenerationTargetToDatabase.java:94)
	at org.hibernate.tool.schema.internal.AbstractSchemaMigrator.applySqlString(AbstractSchemaMigrator.java:576)
	at org.hibernate.tool.schema.internal.AbstractSchemaMigrator.applySqlStrings(AbstractSchemaMigrator.java:516)
	at org.hibernate.tool.schema.internal.AbstractSchemaMigrator.migrateTable(AbstractSchemaMigrator.java:334)
	at org.hibernate.tool.schema.internal.GroupedSchemaMigratorImpl.performTablesMigration(GroupedSchemaMigratorImpl.java:84)
	at org.hibernate.tool.schema.internal.AbstractSchemaMigrator.performMigration(AbstractSchemaMigrator.java:233)
	at org.hibernate.tool.schema.internal.AbstractSchemaMigrator.doMigration(AbstractSchemaMigrator.java:112)
	at org.hibernate.tool.schema.spi.SchemaManagementToolCoordinator.performDatabaseAction(SchemaManagementToolCoordinator.java:280)
	at org.hibernate.tool.schema.spi.SchemaManagementToolCoordinator.lambda$process$5(SchemaManagementToolCoordinator.java:144)
	at java.base/java.util.HashMap.forEach(HashMap.java:1429)
	at org.hibernate.tool.schema.spi.SchemaManagementToolCoordinator.process(SchemaManagementToolCoordinator.java:141)
	at org.hibernate.boot.internal.SessionFactoryObserverForSchemaExport.sessionFactoryCreated(SessionFactoryObserverForSchemaExport.java:37)
	at org.hibernate.internal.SessionFactoryObserverChain.sessionFactoryCreated(SessionFactoryObserverChain.java:35)
	at org.hibernate.internal.SessionFactoryImpl.<init>(SessionFactoryImpl.java:324)
	at org.hibernate.boot.internal.SessionFactoryBuilderImpl.build(SessionFactoryBuilderImpl.java:463)
	at org.hibernate.jpa.boot.internal.EntityManagerFactoryBuilderImpl.build(EntityManagerFactoryBuilderImpl.java:1506)
	at org.springframework.orm.jpa.vendor.SpringHibernateJpaPersistenceProvider.createContainerEntityManagerFactory(SpringHibernateJpaPersistenceProvider.java:66)
	at org.springframework.orm.jpa.LocalContainerEntityManagerFactoryBean.createNativeEntityManagerFactory(LocalContainerEntityManagerFactoryBean.java:390)
	at org.springframework.orm.jpa.AbstractEntityManagerFactoryBean.buildNativeEntityManagerFactory(AbstractEntityManagerFactoryBean.java:419)
	at org.springframework.orm.jpa.AbstractEntityManagerFactoryBean.afterPropertiesSet(AbstractEntityManagerFactoryBean.java:400)
	at org.springframework.orm.jpa.LocalContainerEntityManagerFactoryBean.afterPropertiesSet(LocalContainerEntityManagerFactoryBean.java:366)
	at org.springframework.beans.factory.support.AbstractAutowireCapableBeanFactory.invokeInitMethods(AbstractAutowireCapableBeanFactory.java:1855)
	at org.springframework.beans.factory.support.AbstractAutowireCapableBeanFactory.initializeBean(AbstractAutowireCapableBeanFactory.java:1804)
	at org.springframework.beans.factory.support.AbstractAutowireCapableBeanFactory.doCreateBean(AbstractAutowireCapableBeanFactory.java:601)
	at org.springframework.beans.factory.support.AbstractAutowireCapableBeanFactory.createBean(AbstractAutowireCapableBeanFactory.java:523)
	at org.springframework.beans.factory.support.AbstractBeanFactory.lambda$doGetBean$0(AbstractBeanFactory.java:336)
	at org.springframework.beans.factory.support.DefaultSingletonBeanRegistry.getSingleton(DefaultSingletonBeanRegistry.java:289)
	at org.springframework.beans.factory.support.AbstractBeanFactory.doGetBean(AbstractBeanFactory.java:334)
	at org.springframework.beans.factory.support.AbstractBeanFactory.getBean(AbstractBeanFactory.java:204)
	at org.springframework.context.support.AbstractApplicationContext.finishBeanFactoryInitialization(AbstractApplicationContext.java:970)
	at org.springframework.context.support.AbstractApplicationContext.refresh(AbstractApplicationContext.java:627)
	at org.springframework.boot.web.servlet.context.ServletWebServerApplicationContext.refresh(ServletWebServerApplicationContext.java:146)
	at org.springframework.boot.SpringApplication.refresh(SpringApplication.java:752)
	at org.springframework.boot.SpringApplication.refreshContext(SpringApplication.java:439)
	at org.springframework.boot.SpringApplication.run(SpringApplication.java:318)
	at org.springframework.boot.SpringApplication.run(SpringApplication.java:1361)
	at org.springframework.boot.SpringApplication.run(SpringApplication.java:1350)
	at com.erp.sri_files.SriFilesApplication.main(SriFilesApplication.java:19)
Caused by: org.postgresql.util.PSQLException: ERROR: el valor es demasiado largo para el tipo character varying(255)
	at org.postgresql.core.v3.QueryExecutorImpl.receiveErrorResponse(QueryExecutorImpl.java:2733)
	at org.postgresql.core.v3.QueryExecutorImpl.processResults(QueryExecutorImpl.java:2420)
	at org.postgresql.core.v3.QueryExecutorImpl.execute(QueryExecutorImpl.java:372)
	at org.postgresql.jdbc.PgStatement.executeInternal(PgStatement.java:517)
	at org.postgresql.jdbc.PgStatement.execute(PgStatement.java:434)
	at org.postgresql.jdbc.PgStatement.executeWithFlags(PgStatement.java:356)
	at org.postgresql.jdbc.PgStatement.executeCachedSql(PgStatement.java:341)
	at org.postgresql.jdbc.PgStatement.executeWithFlags(PgStatement.java:317)
	at org.postgresql.jdbc.PgStatement.execute(PgStatement.java:312)
	at com.zaxxer.hikari.pool.ProxyStatement.execute(ProxyStatement.java:94)
	at com.zaxxer.hikari.pool.HikariProxyStatement.execute(HikariProxyStatement.java)
	at org.hibernate.tool.schema.internal.exec.GenerationTargetToDatabase.accept(GenerationTargetToDatabase.java:80)
	... 37 common frames omitted
2026-08-24 20:03:35.990 [main] [] WARN  o.h.t.s.i.ExceptionHandlerLoggedImpl - GenerationTarget encountered exception accepting command : Error executing DDL "alter table if exists fec_factura alter column xmlautorizado set data type varchar(255)" via JDBC [ERROR: el valor es demasiado largo para el tipo character varying(255)]
org.hibernate.tool.schema.spi.CommandAcceptanceException: Error executing DDL "alter table if exists fec_factura alter column xmlautorizado set data type varchar(255)" via JDBC [ERROR: el valor es demasiado largo para el tipo character varying(255)]
	at org.hibernate.tool.schema.internal.exec.GenerationTargetToDatabase.accept(GenerationTargetToDatabase.java:94)
	at org.hibernate.tool.schema.internal.AbstractSchemaMigrator.applySqlString(AbstractSchemaMigrator.java:576)
	at org.hibernate.tool.schema.internal.AbstractSchemaMigrator.applySqlStrings(AbstractSchemaMigrator.java:516)
	at org.hibernate.tool.schema.internal.AbstractSchemaMigrator.migrateTable(AbstractSchemaMigrator.java:334)
	at org.hibernate.tool.schema.internal.GroupedSchemaMigratorImpl.performTablesMigration(GroupedSchemaMigratorImpl.java:84)
	at org.hibernate.tool.schema.internal.AbstractSchemaMigrator.performMigration(AbstractSchemaMigrator.java:233)
	at org.hibernate.tool.schema.internal.AbstractSchemaMigrator.doMigration(AbstractSchemaMigrator.java:112)
	at org.hibernate.tool.schema.spi.SchemaManagementToolCoordinator.performDatabaseAction(SchemaManagementToolCoordinator.java:280)
	at org.hibernate.tool.schema.spi.SchemaManagementToolCoordinator.lambda$process$5(SchemaManagementToolCoordinator.java:144)
	at java.base/java.util.HashMap.forEach(HashMap.java:1429)
	at org.hibernate.tool.schema.spi.SchemaManagementToolCoordinator.process(SchemaManagementToolCoordinator.java:141)
	at org.hibernate.boot.internal.SessionFactoryObserverForSchemaExport.sessionFactoryCreated(SessionFactoryObserverForSchemaExport.java:37)
	at org.hibernate.internal.SessionFactoryObserverChain.sessionFactoryCreated(SessionFactoryObserverChain.java:35)
	at org.hibernate.internal.SessionFactoryImpl.<init>(SessionFactoryImpl.java:324)
	at org.hibernate.boot.internal.SessionFactoryBuilderImpl.build(SessionFactoryBuilderImpl.java:463)
	at org.hibernate.jpa.boot.internal.EntityManagerFactoryBuilderImpl.build(EntityManagerFactoryBuilderImpl.java:1506)
	at org.springframework.orm.jpa.vendor.SpringHibernateJpaPersistenceProvider.createContainerEntityManagerFactory(SpringHibernateJpaPersistenceProvider.java:66)
	at org.springframework.orm.jpa.LocalContainerEntityManagerFactoryBean.createNativeEntityManagerFactory(LocalContainerEntityManagerFactoryBean.java:390)
	at org.springframework.orm.jpa.AbstractEntityManagerFactoryBean.buildNativeEntityManagerFactory(AbstractEntityManagerFactoryBean.java:419)
	at org.springframework.orm.jpa.AbstractEntityManagerFactoryBean.afterPropertiesSet(AbstractEntityManagerFactoryBean.java:400)
	at org.springframework.orm.jpa.LocalContainerEntityManagerFactoryBean.afterPropertiesSet(LocalContainerEntityManagerFactoryBean.java:366)
	at org.springframework.beans.factory.support.AbstractAutowireCapableBeanFactory.invokeInitMethods(AbstractAutowireCapableBeanFactory.java:1855)
	at org.springframework.beans.factory.support.AbstractAutowireCapableBeanFactory.initializeBean(AbstractAutowireCapableBeanFactory.java:1804)
	at org.springframework.beans.factory.support.AbstractAutowireCapableBeanFactory.doCreateBean(AbstractAutowireCapableBeanFactory.java:601)
	at org.springframework.beans.factory.support.AbstractAutowireCapableBeanFactory.createBean(AbstractAutowireCapableBeanFactory.java:523)
	at org.springframework.beans.factory.support.AbstractBeanFactory.lambda$doGetBean$0(AbstractBeanFactory.java:336)
	at org.springframework.beans.factory.support.DefaultSingletonBeanRegistry.getSingleton(DefaultSingletonBeanRegistry.java:289)
	at org.springframework.beans.factory.support.AbstractBeanFactory.doGetBean(AbstractBeanFactory.java:334)
	at org.springframework.beans.factory.support.AbstractBeanFactory.getBean(AbstractBeanFactory.java:204)
	at org.springframework.context.support.AbstractApplicationContext.finishBeanFactoryInitialization(AbstractApplicationContext.java:970)
	at org.springframework.context.support.AbstractApplicationContext.refresh(AbstractApplicationContext.java:627)
	at org.springframework.boot.web.servlet.context.ServletWebServerApplicationContext.refresh(ServletWebServerApplicationContext.java:146)
	at org.springframework.boot.SpringApplication.refresh(SpringApplication.java:752)
	at org.springframework.boot.SpringApplication.refreshContext(SpringApplication.java:439)
	at org.springframework.boot.SpringApplication.run(SpringApplication.java:318)
	at org.springframework.boot.SpringApplication.run(SpringApplication.java:1361)
	at org.springframework.boot.SpringApplication.run(SpringApplication.java:1350)
	at com.erp.sri_files.SriFilesApplication.main(SriFilesApplication.java:19)
Caused by: org.postgresql.util.PSQLException: ERROR: el valor es demasiado largo para el tipo character varying(255)
	at org.postgresql.core.v3.QueryExecutorImpl.receiveErrorResponse(QueryExecutorImpl.java:2733)
	at org.postgresql.core.v3.QueryExecutorImpl.processResults(QueryExecutorImpl.java:2420)
	at org.postgresql.core.v3.QueryExecutorImpl.execute(QueryExecutorImpl.java:372)
	at org.postgresql.jdbc.PgStatement.executeInternal(PgStatement.java:517)
	at org.postgresql.jdbc.PgStatement.execute(PgStatement.java:434)
	at org.postgresql.jdbc.PgStatement.executeWithFlags(PgStatement.java:356)
	at org.postgresql.jdbc.PgStatement.executeCachedSql(PgStatement.java:341)
	at org.postgresql.jdbc.PgStatement.executeWithFlags(PgStatement.java:317)
	at org.postgresql.jdbc.PgStatement.execute(PgStatement.java:312)
	at com.zaxxer.hikari.pool.ProxyStatement.execute(ProxyStatement.java:94)
	at com.zaxxer.hikari.pool.HikariProxyStatement.execute(HikariProxyStatement.java)
	at org.hibernate.tool.schema.internal.exec.GenerationTargetToDatabase.accept(GenerationTargetToDatabase.java:80)
	... 37 common frames omitted
2026-08-24 20:03:36.029 [main] [] INFO  o.s.o.j.LocalContainerEntityManagerFactoryBean - Initialized JPA EntityManagerFactory for persistence unit 'default'
2026-08-24 20:03:36.152 [main] [] INFO  o.s.d.j.r.query.QueryEnhancerFactory - Hibernate is in classpath; If applicable, HQL parser will be used.
2026-08-24 20:03:37.156 [main] [] WARN  o.s.b.a.t.ThymeleafAutoConfiguration$DefaultTemplateResolverConfiguration - Cannot find template location: classpath:/templates/ (please add some templates, check your Thymeleaf configuration, or set spring.thymeleaf.check-template-location=false)
2026-08-24 20:03:37.289 [main] [] WARN  o.s.b.a.o.j.JpaBaseConfiguration$JpaWebConfiguration - spring.jpa.open-in-view is enabled by default. Therefore, database queries may be performed during view rendering. Explicitly configure spring.jpa.open-in-view to disable this warning
2026-08-24 20:03:37.547 [main] [] INFO  o.s.c.n.e.c.DiscoveryClientOptionalArgsConfiguration - Eureka HTTP Client uses RestTemplate.
2026-08-24 20:03:37.576 [main] [] WARN  o.s.c.l.c.LoadBalancerCacheAutoConfiguration$LoadBalancerCaffeineWarnLogger - Spring Cloud LoadBalancer is currently working with the default cache. While this cache implementation is useful for development and tests, it's recommended to use Caffeine cache in production.You can switch to using Caffeine cache, by adding it and org.springframework.cache.caffeine.CaffeineCacheManager to the classpath.
2026-08-24 20:03:37.587 [main] [] INFO  o.a.coyote.http11.Http11NioProtocol - Starting ProtocolHandler ["http-nio-9096"]
2026-08-24 20:03:37.599 [main] [] INFO  o.s.b.w.e.tomcat.TomcatWebServer - Tomcat started on port 9096 (http) with context path '/'
2026-08-24 20:03:37.616 [main] [] INFO  c.erp.sri_files.SriFilesApplication - Started SriFilesApplication in 11.752 seconds (process running for 12.149)
2026-08-24 20:04:00.009 [sri-files-scheduler-3] [] INFO  c.e.s.s.NuevoDocumentoScheduler - [SCHEDULER][V1] INICIO envío pendientes @ 2026-08-24T20:04:00.009272
2026-08-24 20:04:00.012 [sri-files-scheduler-2] [] INFO  c.e.s.services.EnvioSriBatchService - [SCHEDULER][sri-files-scheduler-2] INICIO automatizacionEnvioFacturasElectonicas @ 2026-08-24T20:04:00.012776500
2026-08-24 20:04:00.012 [sri-files-scheduler-2] [] INFO  c.e.s.services.EnvioSriBatchService - Ejecutando envio de facturas at=2026-08-24T20:04:00.012776500
2026-08-24 20:04:00.064 [sri-files-scheduler-3] [] INFO  c.e.s.s.NuevoDocumentoScheduler - [SCHEDULER][V1] FIN envío | detectados=0 | exitosos=0 | fallidos=0 | duracionMs=55
2026-08-24 20:04:00.102 [sri-files-scheduler-1] [] INFO  c.e.s.batch.BatchJobScheduler - Batch automático ejecutado: tipo=ENVIAR_CORREO uuid=42ae9da4-0fb5-4ea3-a618-b7d8d0e0bead
2026-08-24 20:04:00.102 [sri-files-scheduler-4] [] INFO  c.e.s.batch.BatchJobScheduler - Batch automático ejecutado: tipo=ENVIAR_SRI uuid=132f7018-3763-42f1-b0bd-7a38007fbade
2026-08-24 20:04:00.108 [task-1] [42ae9da4-0fb5-4ea3-a618-b7d8d0e0bead] INFO  c.e.s.batch.BatchProcessorService - Iniciando batch job 42ae9da4-0fb5-4ea3-a618-b7d8d0e0bead tipo=ENVIAR_CORREO [batchJob=42ae9da4-0fb5-4ea3-a618-b7d8d0e0bead]
2026-08-24 20:04:00.109 [task-2] [132f7018-3763-42f1-b0bd-7a38007fbade] INFO  c.e.s.batch.BatchProcessorService - Iniciando batch job 132f7018-3763-42f1-b0bd-7a38007fbade tipo=ENVIAR_SRI [batchJob=132f7018-3763-42f1-b0bd-7a38007fbade]
2026-08-24 20:04:00.117 [task-2] [132f7018-3763-42f1-b0bd-7a38007fbade] INFO  c.e.s.batch.BatchProcessorService - Documentos encontrados: 0 [batchJob=132f7018-3763-42f1-b0bd-7a38007fbade]
2026-08-24 20:04:00.118 [task-2] [132f7018-3763-42f1-b0bd-7a38007fbade] INFO  c.e.s.batch.BatchProcessorService - Batch job 132f7018-3763-42f1-b0bd-7a38007fbade completado: Procesados: 0, Exitosos: 0, Fallidos: 0 [batchJob=132f7018-3763-42f1-b0bd-7a38007fbade]
2026-08-24 20:04:00.120 [task-1] [42ae9da4-0fb5-4ea3-a618-b7d8d0e0bead] INFO  c.e.s.batch.BatchProcessorService - Documentos encontrados: 0 [batchJob=42ae9da4-0fb5-4ea3-a618-b7d8d0e0bead]
2026-08-24 20:04:00.120 [task-1] [42ae9da4-0fb5-4ea3-a618-b7d8d0e0bead] INFO  c.e.s.batch.BatchProcessorService - Batch job 42ae9da4-0fb5-4ea3-a618-b7d8d0e0bead completado: Procesados: 0, Exitosos: 0, Fallidos: 0 [batchJob=42ae9da4-0fb5-4ea3-a618-b7d8d0e0bead]
2026-08-24 20:04:01.486 [sri-files-scheduler-2] [] INFO  c.e.s.services.EnvioSriBatchService - No hay facturas pendientes estado=I
2026-08-24 20:04:01.486 [sri-files-scheduler-2] [] INFO  c.e.s.services.EnvioSriBatchService - [SCHEDULER][sri-files-scheduler-2] FIN automatizacionEnvioFacturasElectonicas | detectados=0 | exitosas=0 | fallidas=0 | duracionMs=1474
2026-08-24 20:05:00.006 [sri-files-scheduler-3] [] INFO  c.e.s.services.EnvioSriBatchService - [SCHEDULER][sri-files-scheduler-3] INICIO automatizacionEnvioFacturasElectonicas @ 2026-08-24T20:05:00.006904200
2026-08-24 20:05:00.006 [sri-files-scheduler-3] [] INFO  c.e.s.services.EnvioSriBatchService - Ejecutando envio de facturas at=2026-08-24T20:05:00.006904200
2026-08-24 20:05:00.016 [sri-files-scheduler-1] [] INFO  c.e.s.s.NuevoDocumentoScheduler - [SCHEDULER][V1] INICIO envío pendientes @ 2026-08-24T20:05:00.016443800
2026-08-24 20:05:00.021 [sri-files-scheduler-4] [] INFO  c.e.s.batch.BatchJobScheduler - Batch automático ejecutado: tipo=REINTENTAR_FALLIDOS uuid=02117eaf-d504-4f4e-b974-e621f9c8f95b
2026-08-24 20:05:00.025 [task-3] [02117eaf-d504-4f4e-b974-e621f9c8f95b] INFO  c.e.s.batch.BatchProcessorService - Iniciando batch job 02117eaf-d504-4f4e-b974-e621f9c8f95b tipo=REINTENTAR_FALLIDOS [batchJob=02117eaf-d504-4f4e-b974-e621f9c8f95b]
2026-08-24 20:05:00.028 [sri-files-scheduler-1] [] INFO  c.e.s.s.NuevoDocumentoScheduler - [SCHEDULER][V1] FIN envío | detectados=0 | exitosos=0 | fallidos=0 | duracionMs=12
2026-08-24 20:05:00.030 [task-3] [02117eaf-d504-4f4e-b974-e621f9c8f95b] INFO  c.e.s.batch.BatchProcessorService - Documentos encontrados: 0 [batchJob=02117eaf-d504-4f4e-b974-e621f9c8f95b]
2026-08-24 20:05:00.031 [task-3] [02117eaf-d504-4f4e-b974-e621f9c8f95b] INFO  c.e.s.batch.BatchProcessorService - Batch job 02117eaf-d504-4f4e-b974-e621f9c8f95b completado: Procesados: 0, Exitosos: 0, Fallidos: 0 [batchJob=02117eaf-d504-4f4e-b974-e621f9c8f95b]
2026-08-24 20:05:01.399 [sri-files-scheduler-3] [] INFO  c.e.s.services.EnvioSriBatchService - No hay facturas pendientes estado=I
2026-08-24 20:05:01.399 [sri-files-scheduler-3] [] INFO  c.e.s.services.EnvioSriBatchService - [SCHEDULER][sri-files-scheduler-3] FIN automatizacionEnvioFacturasElectonicas | detectados=0 | exitosas=0 | fallidas=0 | duracionMs=1393
2026-08-24 20:06:00.007 [sri-files-scheduler-3] [] INFO  c.e.s.s.NuevoDocumentoScheduler - [SCHEDULER][V1] INICIO envío pendientes @ 2026-08-24T20:06:00.007504900
2026-08-24 20:06:00.007 [sri-files-scheduler-4] [] INFO  c.e.s.services.EnvioSriBatchService - [SCHEDULER][sri-files-scheduler-4] INICIO automatizacionEnvioFacturasElectonicas @ 2026-08-24T20:06:00.007504900
2026-08-24 20:06:00.007 [sri-files-scheduler-4] [] INFO  c.e.s.services.EnvioSriBatchService - Ejecutando envio de facturas at=2026-08-24T20:06:00.007504900
2026-08-24 20:06:00.008 [sri-files-scheduler-3] [] INFO  c.e.s.s.NuevoDocumentoScheduler - [SCHEDULER][V1] FIN envío | detectados=0 | exitosos=0 | fallidos=0 | duracionMs=1
2026-08-24 20:06:00.012 [sri-files-scheduler-1] [] INFO  c.e.s.batch.BatchJobScheduler - Batch automático ejecutado: tipo=ENVIAR_SRI uuid=dc248bec-d516-4bbb-84ca-42b886d8605e
2026-08-24 20:06:00.013 [task-4] [dc248bec-d516-4bbb-84ca-42b886d8605e] INFO  c.e.s.batch.BatchProcessorService - Iniciando batch job dc248bec-d516-4bbb-84ca-42b886d8605e tipo=ENVIAR_SRI [batchJob=dc248bec-d516-4bbb-84ca-42b886d8605e]
2026-08-24 20:06:00.014 [sri-files-scheduler-2] [] INFO  c.e.s.batch.BatchJobScheduler - Batch automático ejecutado: tipo=CONSULTAR_AUTORIZACION uuid=1b88cbac-e483-49c9-946c-50feb2aceb03
2026-08-24 20:06:00.014 [task-4] [dc248bec-d516-4bbb-84ca-42b886d8605e] INFO  c.e.s.batch.BatchProcessorService - Documentos encontrados: 0 [batchJob=dc248bec-d516-4bbb-84ca-42b886d8605e]
2026-08-24 20:06:00.015 [task-4] [dc248bec-d516-4bbb-84ca-42b886d8605e] INFO  c.e.s.batch.BatchProcessorService - Batch job dc248bec-d516-4bbb-84ca-42b886d8605e completado: Procesados: 0, Exitosos: 0, Fallidos: 0 [batchJob=dc248bec-d516-4bbb-84ca-42b886d8605e]
2026-08-24 20:06:00.015 [task-5] [1b88cbac-e483-49c9-946c-50feb2aceb03] INFO  c.e.s.batch.BatchProcessorService - Iniciando batch job 1b88cbac-e483-49c9-946c-50feb2aceb03 tipo=CONSULTAR_AUTORIZACION [batchJob=1b88cbac-e483-49c9-946c-50feb2aceb03]
2026-08-24 20:06:00.017 [task-5] [1b88cbac-e483-49c9-946c-50feb2aceb03] INFO  c.e.s.batch.BatchProcessorService - Documentos encontrados: 0 [batchJob=1b88cbac-e483-49c9-946c-50feb2aceb03]
2026-08-24 20:06:00.017 [task-5] [1b88cbac-e483-49c9-946c-50feb2aceb03] INFO  c.e.s.batch.BatchProcessorService - Batch job 1b88cbac-e483-49c9-946c-50feb2aceb03 completado: Procesados: 0, Exitosos: 0, Fallidos: 0 [batchJob=1b88cbac-e483-49c9-946c-50feb2aceb03]
2026-08-24 20:06:01.419 [sri-files-scheduler-4] [] INFO  c.e.s.services.EnvioSriBatchService - No hay facturas pendientes estado=I
2026-08-24 20:06:01.419 [sri-files-scheduler-4] [] INFO  c.e.s.services.EnvioSriBatchService - [SCHEDULER][sri-files-scheduler-4] FIN automatizacionEnvioFacturasElectonicas | detectados=0 | exitosas=0 | fallidas=0 | duracionMs=1412
2026-08-24 20:06:30.010 [sri-files-scheduler-3] [] INFO  c.e.s.s.NuevoDocumentoScheduler - [SCHEDULER][V1] INICIO recuperación autorizaciones @ 2026-08-24T20:06:30.010506800
2026-08-24 20:06:30.010 [sri-files-scheduler-1] [] INFO  c.e.s.services.EnvioSriBatchService - [SCHEDULER][sri-files-scheduler-1] INICIO automatizacionConsultarXml @ 2026-08-24T20:06:30.010506800
2026-08-24 20:06:30.010 [sri-files-scheduler-1] [] INFO  c.e.s.services.EnvioSriBatchService - Iniciando consulta de XML pendientes
2026-08-24 20:06:30.014 [sri-files-scheduler-3] [] INFO  c.e.s.s.NuevoDocumentoScheduler - [SCHEDULER][V1] FIN recuperación | detectados=0 | autorizados=0 | pendientes=0 | duracionMs=4
2026-08-24 20:07:00.006 [sri-files-scheduler-2] [] INFO  c.e.s.s.NuevoDocumentoScheduler - [SCHEDULER][V1] INICIO envío pendientes @ 2026-08-24T20:07:00.006222
2026-08-24 20:07:00.006 [sri-files-scheduler-4] [] INFO  c.e.s.services.EnvioSriBatchService - [SCHEDULER][sri-files-scheduler-4] INICIO automatizacionEnvioFacturasElectonicas @ 2026-08-24T20:07:00.006944700
2026-08-24 20:07:00.006 [sri-files-scheduler-4] [] INFO  c.e.s.services.EnvioSriBatchService - Ejecutando envio de facturas at=2026-08-24T20:07:00.006944700
2026-08-24 20:07:00.008 [sri-files-scheduler-2] [] INFO  c.e.s.s.NuevoDocumentoScheduler - [SCHEDULER][V1] FIN envío | detectados=0 | exitosos=0 | fallidos=0 | duracionMs=2
2026-08-24 20:07:01.294 [sri-files-scheduler-4] [] INFO  c.e.s.services.EnvioSriBatchService - No hay facturas pendientes estado=I
2026-08-24 20:07:01.294 [sri-files-scheduler-4] [] INFO  c.e.s.services.EnvioSriBatchService - [SCHEDULER][sri-files-scheduler-4] FIN automatizacionEnvioFacturasElectonicas | detectados=0 | exitosas=0 | fallidas=0 | duracionMs=1288
2026-08-24 20:08:00.000 [sri-files-scheduler-3] [] INFO  c.e.s.s.NuevoDocumentoScheduler - [SCHEDULER][V1] INICIO envío pendientes @ 2026-08-24T20:08:00.000232400
2026-08-24 20:08:00.000 [sri-files-scheduler-2] [] INFO  c.e.s.services.EnvioSriBatchService - [SCHEDULER][sri-files-scheduler-2] INICIO automatizacionEnvioFacturasElectonicas @ 2026-08-24T20:08:00.000232400
2026-08-24 20:08:00.000 [sri-files-scheduler-2] [] INFO  c.e.s.services.EnvioSriBatchService - Ejecutando envio de facturas at=2026-08-24T20:08:00.000232400
2026-08-24 20:08:00.001 [sri-files-scheduler-3] [] INFO  c.e.s.s.NuevoDocumentoScheduler - [SCHEDULER][V1] FIN envío | detectados=0 | exitosos=0 | fallidos=0 | duracionMs=1
2026-08-24 20:08:00.004 [sri-files-scheduler-4] [] INFO  c.e.s.batch.BatchJobScheduler - Batch automático ejecutado: tipo=ENVIAR_CORREO uuid=38cb2d3f-47e4-43c6-b55a-37c754c9875d
2026-08-24 20:08:00.005 [task-6] [38cb2d3f-47e4-43c6-b55a-37c754c9875d] INFO  c.e.s.batch.BatchProcessorService - Iniciando batch job 38cb2d3f-47e4-43c6-b55a-37c754c9875d tipo=ENVIAR_CORREO [batchJob=38cb2d3f-47e4-43c6-b55a-37c754c9875d]
2026-08-24 20:08:00.007 [task-6] [38cb2d3f-47e4-43c6-b55a-37c754c9875d] INFO  c.e.s.batch.BatchProcessorService - Documentos encontrados: 0 [batchJob=38cb2d3f-47e4-43c6-b55a-37c754c9875d]
2026-08-24 20:08:00.008 [task-6] [38cb2d3f-47e4-43c6-b55a-37c754c9875d] INFO  c.e.s.batch.BatchProcessorService - Batch job 38cb2d3f-47e4-43c6-b55a-37c754c9875d completado: Procesados: 0, Exitosos: 0, Fallidos: 0 [batchJob=38cb2d3f-47e4-43c6-b55a-37c754c9875d]
2026-08-24 20:08:00.009 [sri-files-scheduler-3] [] INFO  c.e.s.batch.BatchJobScheduler - Batch automático ejecutado: tipo=ENVIAR_SRI uuid=fdb37adb-07ae-4b1e-9039-7e5ca6bbf4f3
2026-08-24 20:08:00.010 [task-7] [fdb37adb-07ae-4b1e-9039-7e5ca6bbf4f3] INFO  c.e.s.batch.BatchProcessorService - Iniciando batch job fdb37adb-07ae-4b1e-9039-7e5ca6bbf4f3 tipo=ENVIAR_SRI [batchJob=fdb37adb-07ae-4b1e-9039-7e5ca6bbf4f3]
2026-08-24 20:08:00.011 [task-7] [fdb37adb-07ae-4b1e-9039-7e5ca6bbf4f3] INFO  c.e.s.batch.BatchProcessorService - Documentos encontrados: 0 [batchJob=fdb37adb-07ae-4b1e-9039-7e5ca6bbf4f3]
2026-08-24 20:08:00.011 [task-7] [fdb37adb-07ae-4b1e-9039-7e5ca6bbf4f3] INFO  c.e.s.batch.BatchProcessorService - Batch job fdb37adb-07ae-4b1e-9039-7e5ca6bbf4f3 completado: Procesados: 0, Exitosos: 0, Fallidos: 0 [batchJob=fdb37adb-07ae-4b1e-9039-7e5ca6bbf4f3]
2026-08-24 20:08:01.296 [sri-files-scheduler-2] [] INFO  c.e.s.services.EnvioSriBatchService - No hay facturas pendientes estado=I
2026-08-24 20:08:01.297 [sri-files-scheduler-2] [] INFO  c.e.s.services.EnvioSriBatchService - [SCHEDULER][sri-files-scheduler-2] FIN automatizacionEnvioFacturasElectonicas | detectados=0 | exitosas=0 | fallidas=0 | duracionMs=1297
2026-08-24 20:09:00.003 [sri-files-scheduler-3] [] INFO  c.e.s.s.NuevoDocumentoScheduler - [SCHEDULER][V1] INICIO envío pendientes @ 2026-08-24T20:09:00.003955200
2026-08-24 20:09:00.004 [sri-files-scheduler-2] [] INFO  c.e.s.services.EnvioSriBatchService - [SCHEDULER][sri-files-scheduler-2] INICIO automatizacionEnvioFacturasElectonicas @ 2026-08-24T20:09:00.004948200
2026-08-24 20:09:00.004 [sri-files-scheduler-2] [] INFO  c.e.s.services.EnvioSriBatchService - Ejecutando envio de facturas at=2026-08-24T20:09:00.004948200
2026-08-24 20:09:00.005 [sri-files-scheduler-3] [] INFO  c.e.s.s.NuevoDocumentoScheduler - [SCHEDULER][V1] FIN envío | detectados=0 | exitosos=0 | fallidos=0 | duracionMs=2
2026-08-24 20:09:00.008 [sri-files-scheduler-4] [] INFO  c.e.s.batch.BatchJobScheduler - Batch automático ejecutado: tipo=CONSULTAR_AUTORIZACION uuid=f88f61af-ccb3-46bb-b22b-8ac9491f4037
2026-08-24 20:09:00.010 [task-8] [f88f61af-ccb3-46bb-b22b-8ac9491f4037] INFO  c.e.s.batch.BatchProcessorService - Iniciando batch job f88f61af-ccb3-46bb-b22b-8ac9491f4037 tipo=CONSULTAR_AUTORIZACION [batchJob=f88f61af-ccb3-46bb-b22b-8ac9491f4037]
2026-08-24 20:09:00.012 [task-8] [f88f61af-ccb3-46bb-b22b-8ac9491f4037] INFO  c.e.s.batch.BatchProcessorService - Documentos encontrados: 0 [batchJob=f88f61af-ccb3-46bb-b22b-8ac9491f4037]
2026-08-24 20:09:00.012 [task-8] [f88f61af-ccb3-46bb-b22b-8ac9491f4037] INFO  c.e.s.batch.BatchProcessorService - Batch job f88f61af-ccb3-46bb-b22b-8ac9491f4037 completado: Procesados: 0, Exitosos: 0, Fallidos: 0 [batchJob=f88f61af-ccb3-46bb-b22b-8ac9491f4037]
2026-08-24 20:09:01.237 [sri-files-scheduler-2] [] INFO  c.e.s.services.EnvioSriBatchService - No hay facturas pendientes estado=I
2026-08-24 20:09:01.237 [sri-files-scheduler-2] [] INFO  c.e.s.services.EnvioSriBatchService - [SCHEDULER][sri-files-scheduler-2] FIN automatizacionEnvioFacturasElectonicas | detectados=0 | exitosas=0 | fallidas=0 | duracionMs=1233
2026-08-24 20:09:30.004 [sri-files-scheduler-3] [] INFO  c.e.s.s.NuevoDocumentoScheduler - [SCHEDULER][V1] INICIO recuperación autorizaciones @ 2026-08-24T20:09:30.004693900
2026-08-24 20:09:30.005 [sri-files-scheduler-3] [] INFO  c.e.s.s.NuevoDocumentoScheduler - [SCHEDULER][V1] FIN recuperación | detectados=0 | autorizados=0 | pendientes=0 | duracionMs=1
2026-08-24 20:10:00.003 [sri-files-scheduler-4] [] INFO  c.e.s.services.EnvioSriBatchService - [SCHEDULER][sri-files-scheduler-4] INICIO automatizacionEnvioFacturasElectonicas @ 2026-08-24T20:10:00.003542400
2026-08-24 20:10:00.003 [sri-files-scheduler-4] [] INFO  c.e.s.services.EnvioSriBatchService - Ejecutando envio de facturas at=2026-08-24T20:10:00.003542400
2026-08-24 20:10:00.007 [sri-files-scheduler-2] [] INFO  c.e.s.s.NuevoDocumentoScheduler - [SCHEDULER][V1] INICIO envío pendientes @ 2026-08-24T20:10:00.007206400
2026-08-24 20:10:00.008 [sri-files-scheduler-2] [] INFO  c.e.s.s.NuevoDocumentoScheduler - [SCHEDULER][V1] FIN envío | detectados=0 | exitosos=0 | fallidos=0 | duracionMs=1
2026-08-24 20:10:00.011 [sri-files-scheduler-3] [] INFO  c.e.s.batch.BatchJobScheduler - Batch automático ejecutado: tipo=REINTENTAR_FALLIDOS uuid=55986b18-8392-4d87-a77a-b31ba3b57763
2026-08-24 20:10:00.012 [sri-files-scheduler-2] [] INFO  c.e.s.batch.BatchJobScheduler - Batch automático ejecutado: tipo=ENVIAR_SRI uuid=4757133f-6738-4f88-9eaa-7e89e92cfb8d
2026-08-24 20:10:00.013 [task-9] [55986b18-8392-4d87-a77a-b31ba3b57763] INFO  c.e.s.batch.BatchProcessorService - Iniciando batch job 55986b18-8392-4d87-a77a-b31ba3b57763 tipo=REINTENTAR_FALLIDOS [batchJob=55986b18-8392-4d87-a77a-b31ba3b57763]
2026-08-24 20:10:00.013 [task-10] [4757133f-6738-4f88-9eaa-7e89e92cfb8d] INFO  c.e.s.batch.BatchProcessorService - Iniciando batch job 4757133f-6738-4f88-9eaa-7e89e92cfb8d tipo=ENVIAR_SRI [batchJob=4757133f-6738-4f88-9eaa-7e89e92cfb8d]
2026-08-24 20:10:00.015 [task-9] [55986b18-8392-4d87-a77a-b31ba3b57763] INFO  c.e.s.batch.BatchProcessorService - Documentos encontrados: 0 [batchJob=55986b18-8392-4d87-a77a-b31ba3b57763]
2026-08-24 20:10:00.015 [task-10] [4757133f-6738-4f88-9eaa-7e89e92cfb8d] INFO  c.e.s.batch.BatchProcessorService - Documentos encontrados: 0 [batchJob=4757133f-6738-4f88-9eaa-7e89e92cfb8d]
2026-08-24 20:10:00.016 [task-10] [4757133f-6738-4f88-9eaa-7e89e92cfb8d] INFO  c.e.s.batch.BatchProcessorService - Batch job 4757133f-6738-4f88-9eaa-7e89e92cfb8d completado: Procesados: 0, Exitosos: 0, Fallidos: 0 [batchJob=4757133f-6738-4f88-9eaa-7e89e92cfb8d]
2026-08-24 20:10:00.016 [task-9] [55986b18-8392-4d87-a77a-b31ba3b57763] INFO  c.e.s.batch.BatchProcessorService - Batch job 55986b18-8392-4d87-a77a-b31ba3b57763 completado: Procesados: 0, Exitosos: 0, Fallidos: 0 [batchJob=55986b18-8392-4d87-a77a-b31ba3b57763]
2026-08-24 20:10:01.355 [sri-files-scheduler-4] [] INFO  c.e.s.services.EnvioSriBatchService - No hay facturas pendientes estado=I
2026-08-24 20:10:01.355 [sri-files-scheduler-4] [] INFO  c.e.s.services.EnvioSriBatchService - [SCHEDULER][sri-files-scheduler-4] FIN automatizacionEnvioFacturasElectonicas | detectados=0 | exitosas=0 | fallidas=0 | duracionMs=1352
2026-08-24 20:11:00.014 [sri-files-scheduler-3] [] INFO  c.e.s.s.NuevoDocumentoScheduler - [SCHEDULER][V1] INICIO envío pendientes @ 2026-08-24T20:11:00.014108
2026-08-24 20:11:00.015 [sri-files-scheduler-2] [] INFO  c.e.s.services.EnvioSriBatchService - [SCHEDULER][sri-files-scheduler-2] INICIO automatizacionEnvioFacturasElectonicas @ 2026-08-24T20:11:00.015112200
2026-08-24 20:11:00.015 [sri-files-scheduler-2] [] INFO  c.e.s.services.EnvioSriBatchService - Ejecutando envio de facturas at=2026-08-24T20:11:00.015112200
2026-08-24 20:11:00.016 [sri-files-scheduler-3] [] INFO  c.e.s.s.NuevoDocumentoScheduler - [SCHEDULER][V1] FIN envío | detectados=0 | exitosos=0 | fallidos=0 | duracionMs=2
2026-08-24 20:11:01.390 [sri-files-scheduler-2] [] INFO  c.e.s.services.EnvioSriBatchService - No hay facturas pendientes estado=I
2026-08-24 20:11:01.390 [sri-files-scheduler-2] [] INFO  c.e.s.services.EnvioSriBatchService - [SCHEDULER][sri-files-scheduler-2] FIN automatizacionEnvioFacturasElectonicas | detectados=0 | exitosas=0 | fallidas=0 | duracionMs=1375
2026-08-24 20:12:00.008 [sri-files-scheduler-3] [] INFO  c.e.s.s.NuevoDocumentoScheduler - [SCHEDULER][V1] INICIO envío pendientes @ 2026-08-24T20:12:00.008093500
2026-08-24 20:12:00.008 [sri-files-scheduler-2] [] INFO  c.e.s.services.EnvioSriBatchService - [SCHEDULER][sri-files-scheduler-2] INICIO automatizacionEnvioFacturasElectonicas @ 2026-08-24T20:12:00.008652
2026-08-24 20:12:00.008 [sri-files-scheduler-2] [] INFO  c.e.s.services.EnvioSriBatchService - Ejecutando envio de facturas at=2026-08-24T20:12:00.008652
2026-08-24 20:12:00.009 [sri-files-scheduler-3] [] INFO  c.e.s.s.NuevoDocumentoScheduler - [SCHEDULER][V1] FIN envío | detectados=0 | exitosos=0 | fallidos=0 | duracionMs=1
2026-08-24 20:12:00.016 [sri-files-scheduler-3] [] INFO  c.e.s.batch.BatchJobScheduler - Batch automático ejecutado: tipo=ENVIAR_SRI uuid=a20fbf9d-85ae-48af-bf8d-e87a248c427b
2026-08-24 20:12:00.016 [sri-files-scheduler-4] [] INFO  c.e.s.batch.BatchJobScheduler - Batch automático ejecutado: tipo=CONSULTAR_AUTORIZACION uuid=0385f288-319a-40b8-92fa-36a080b24751
2026-08-24 20:12:00.017 [task-11] [a20fbf9d-85ae-48af-bf8d-e87a248c427b] INFO  c.e.s.batch.BatchProcessorService - Iniciando batch job a20fbf9d-85ae-48af-bf8d-e87a248c427b tipo=ENVIAR_SRI [batchJob=a20fbf9d-85ae-48af-bf8d-e87a248c427b]
2026-08-24 20:12:00.017 [task-12] [0385f288-319a-40b8-92fa-36a080b24751] INFO  c.e.s.batch.BatchProcessorService - Iniciando batch job 0385f288-319a-40b8-92fa-36a080b24751 tipo=CONSULTAR_AUTORIZACION [batchJob=0385f288-319a-40b8-92fa-36a080b24751]
2026-08-24 20:12:00.019 [task-11] [a20fbf9d-85ae-48af-bf8d-e87a248c427b] INFO  c.e.s.batch.BatchProcessorService - Documentos encontrados: 0 [batchJob=a20fbf9d-85ae-48af-bf8d-e87a248c427b]
2026-08-24 20:12:00.020 [task-12] [0385f288-319a-40b8-92fa-36a080b24751] INFO  c.e.s.batch.BatchProcessorService - Documentos encontrados: 0 [batchJob=0385f288-319a-40b8-92fa-36a080b24751]
2026-08-24 20:12:00.020 [task-11] [a20fbf9d-85ae-48af-bf8d-e87a248c427b] INFO  c.e.s.batch.BatchProcessorService - Batch job a20fbf9d-85ae-48af-bf8d-e87a248c427b completado: Procesados: 0, Exitosos: 0, Fallidos: 0 [batchJob=a20fbf9d-85ae-48af-bf8d-e87a248c427b]
2026-08-24 20:12:00.020 [task-12] [0385f288-319a-40b8-92fa-36a080b24751] INFO  c.e.s.batch.BatchProcessorService - Batch job 0385f288-319a-40b8-92fa-36a080b24751 completado: Procesados: 0, Exitosos: 0, Fallidos: 0 [batchJob=0385f288-319a-40b8-92fa-36a080b24751]
2026-08-24 20:12:00.038 [sri-files-scheduler-3] [] INFO  c.e.s.batch.BatchJobScheduler - Batch automático ejecutado: tipo=ENVIAR_CORREO uuid=3c26a3d4-9da8-4a59-bf5a-cf6d4e60daf6
2026-08-24 20:12:00.040 [task-13] [3c26a3d4-9da8-4a59-bf5a-cf6d4e60daf6] INFO  c.e.s.batch.BatchProcessorService - Iniciando batch job 3c26a3d4-9da8-4a59-bf5a-cf6d4e60daf6 tipo=ENVIAR_CORREO [batchJob=3c26a3d4-9da8-4a59-bf5a-cf6d4e60daf6]
2026-08-24 20:12:00.042 [task-13] [3c26a3d4-9da8-4a59-bf5a-cf6d4e60daf6] INFO  c.e.s.batch.BatchProcessorService - Documentos encontrados: 0 [batchJob=3c26a3d4-9da8-4a59-bf5a-cf6d4e60daf6]
2026-08-24 20:12:00.042 [task-13] [3c26a3d4-9da8-4a59-bf5a-cf6d4e60daf6] INFO  c.e.s.batch.BatchProcessorService - Batch job 3c26a3d4-9da8-4a59-bf5a-cf6d4e60daf6 completado: Procesados: 0, Exitosos: 0, Fallidos: 0 [batchJob=3c26a3d4-9da8-4a59-bf5a-cf6d4e60daf6]
2026-08-24 20:12:01.360 [sri-files-scheduler-2] [] INFO  c.e.s.services.EnvioSriBatchService - No hay facturas pendientes estado=I
2026-08-24 20:12:01.360 [sri-files-scheduler-2] [] INFO  c.e.s.services.EnvioSriBatchService - [SCHEDULER][sri-files-scheduler-2] FIN automatizacionEnvioFacturasElectonicas | detectados=0 | exitosas=0 | fallidas=0 | duracionMs=1352
2026-08-24 20:12:30.013 [sri-files-scheduler-4] [] INFO  c.e.s.s.NuevoDocumentoScheduler - [SCHEDULER][V1] INICIO recuperación autorizaciones @ 2026-08-24T20:12:30.013814300
2026-08-24 20:12:30.016 [sri-files-scheduler-4] [] INFO  c.e.s.s.NuevoDocumentoScheduler - [SCHEDULER][V1] FIN recuperación | detectados=0 | autorizados=0 | pendientes=0 | duracionMs=3
2026-08-24 20:13:00.012 [sri-files-scheduler-2] [] INFO  c.e.s.s.NuevoDocumentoScheduler - [SCHEDULER][V1] INICIO envío pendientes @ 2026-08-24T20:13:00.012825300
2026-08-24 20:13:00.013 [sri-files-scheduler-3] [] INFO  c.e.s.services.EnvioSriBatchService - [SCHEDULER][sri-files-scheduler-3] INICIO automatizacionEnvioFacturasElectonicas @ 2026-08-24T20:13:00.013819400
2026-08-24 20:13:00.013 [sri-files-scheduler-3] [] INFO  c.e.s.services.EnvioSriBatchService - Ejecutando envio de facturas at=2026-08-24T20:13:00.013819400
2026-08-24 20:13:00.015 [sri-files-scheduler-2] [] INFO  c.e.s.s.NuevoDocumentoScheduler - [SCHEDULER][V1] FIN envío | detectados=0 | exitosos=0 | fallidos=0 | duracionMs=3
2026-08-24 20:13:01.443 [sri-files-scheduler-3] [] INFO  c.e.s.services.EnvioSriBatchService - No hay facturas pendientes estado=I
2026-08-24 20:13:01.443 [sri-files-scheduler-3] [] INFO  c.e.s.services.EnvioSriBatchService - [SCHEDULER][sri-files-scheduler-3] FIN automatizacionEnvioFacturasElectonicas | detectados=0 | exitosas=0 | fallidas=0 | duracionMs=1430
2026-08-24 20:14:00.005 [sri-files-scheduler-2] [] INFO  c.e.s.s.NuevoDocumentoScheduler - [SCHEDULER][V1] INICIO envío pendientes @ 2026-08-24T20:14:00.005733700
2026-08-24 20:14:00.005 [sri-files-scheduler-3] [] INFO  c.e.s.services.EnvioSriBatchService - [SCHEDULER][sri-files-scheduler-3] INICIO automatizacionEnvioFacturasElectonicas @ 2026-08-24T20:14:00.005733700
2026-08-24 20:14:00.005 [sri-files-scheduler-3] [] INFO  c.e.s.services.EnvioSriBatchService - Ejecutando envio de facturas at=2026-08-24T20:14:00.005733700
2026-08-24 20:14:00.006 [sri-files-scheduler-2] [] INFO  c.e.s.s.NuevoDocumentoScheduler - [SCHEDULER][V1] FIN envío | detectados=0 | exitosos=0 | fallidos=0 | duracionMs=1
2026-08-24 20:14:00.010 [sri-files-scheduler-4] [] INFO  c.e.s.batch.BatchJobScheduler - Batch automático ejecutado: tipo=ENVIAR_SRI uuid=423cea4e-5bd7-4792-9914-126cafa5aaa3
2026-08-24 20:14:00.015 [task-14] [423cea4e-5bd7-4792-9914-126cafa5aaa3] INFO  c.e.s.batch.BatchProcessorService - Iniciando batch job 423cea4e-5bd7-4792-9914-126cafa5aaa3 tipo=ENVIAR_SRI [batchJob=423cea4e-5bd7-4792-9914-126cafa5aaa3]
2026-08-24 20:14:00.017 [task-14] [423cea4e-5bd7-4792-9914-126cafa5aaa3] INFO  c.e.s.batch.BatchProcessorService - Documentos encontrados: 0 [batchJob=423cea4e-5bd7-4792-9914-126cafa5aaa3]
2026-08-24 20:14:00.017 [task-14] [423cea4e-5bd7-4792-9914-126cafa5aaa3] INFO  c.e.s.batch.BatchProcessorService - Batch job 423cea4e-5bd7-4792-9914-126cafa5aaa3 completado: Procesados: 0, Exitosos: 0, Fallidos: 0 [batchJob=423cea4e-5bd7-4792-9914-126cafa5aaa3]
2026-08-24 20:14:01.354 [sri-files-scheduler-3] [] INFO  c.e.s.services.EnvioSriBatchService - No hay facturas pendientes estado=I
2026-08-24 20:14:01.354 [sri-files-scheduler-3] [] INFO  c.e.s.services.EnvioSriBatchService - [SCHEDULER][sri-files-scheduler-3] FIN automatizacionEnvioFacturasElectonicas | detectados=0 | exitosas=0 | fallidas=0 | duracionMs=1349
2026-08-24 20:15:00.009 [sri-files-scheduler-2] [] INFO  c.e.s.batch.BatchJobScheduler - Batch automático ejecutado: tipo=REINTENTAR_FALLIDOS uuid=e8c9f2c2-b7e9-4e3d-855c-cc3cee906180
2026-08-24 20:15:00.009 [sri-files-scheduler-2] [] INFO  c.e.s.services.EnvioSriBatchService - [SCHEDULER][sri-files-scheduler-2] INICIO automatizacionEnvioFacturasElectonicas @ 2026-08-24T20:15:00.009571800
2026-08-24 20:15:00.009 [sri-files-scheduler-2] [] INFO  c.e.s.services.EnvioSriBatchService - Ejecutando envio de facturas at=2026-08-24T20:15:00.009571800
2026-08-24 20:15:00.009 [sri-files-scheduler-3] [] INFO  c.e.s.s.NuevoDocumentoScheduler - [SCHEDULER][V1] INICIO envío pendientes @ 2026-08-24T20:15:00.009571800
2026-08-24 20:15:00.009 [sri-files-scheduler-4] [] INFO  c.e.s.batch.BatchJobScheduler - Batch automático ejecutado: tipo=CONSULTAR_AUTORIZACION uuid=daff2963-612e-4281-8c8b-ebd904474ee3
2026-08-24 20:15:00.011 [sri-files-scheduler-3] [] INFO  c.e.s.s.NuevoDocumentoScheduler - [SCHEDULER][V1] FIN envío | detectados=0 | exitosos=0 | fallidos=0 | duracionMs=2
2026-08-24 20:15:00.011 [task-15] [e8c9f2c2-b7e9-4e3d-855c-cc3cee906180] INFO  c.e.s.batch.BatchProcessorService - Iniciando batch job e8c9f2c2-b7e9-4e3d-855c-cc3cee906180 tipo=REINTENTAR_FALLIDOS [batchJob=e8c9f2c2-b7e9-4e3d-855c-cc3cee906180]
2026-08-24 20:15:00.012 [task-16] [daff2963-612e-4281-8c8b-ebd904474ee3] INFO  c.e.s.batch.BatchProcessorService - Iniciando batch job daff2963-612e-4281-8c8b-ebd904474ee3 tipo=CONSULTAR_AUTORIZACION [batchJob=daff2963-612e-4281-8c8b-ebd904474ee3]
2026-08-24 20:15:00.013 [task-15] [e8c9f2c2-b7e9-4e3d-855c-cc3cee906180] INFO  c.e.s.batch.BatchProcessorService - Documentos encontrados: 0 [batchJob=e8c9f2c2-b7e9-4e3d-855c-cc3cee906180]
2026-08-24 20:15:00.013 [task-15] [e8c9f2c2-b7e9-4e3d-855c-cc3cee906180] INFO  c.e.s.batch.BatchProcessorService - Batch job e8c9f2c2-b7e9-4e3d-855c-cc3cee906180 completado: Procesados: 0, Exitosos: 0, Fallidos: 0 [batchJob=e8c9f2c2-b7e9-4e3d-855c-cc3cee906180]
2026-08-24 20:15:00.013 [task-16] [daff2963-612e-4281-8c8b-ebd904474ee3] INFO  c.e.s.batch.BatchProcessorService - Documentos encontrados: 0 [batchJob=daff2963-612e-4281-8c8b-ebd904474ee3]
2026-08-24 20:15:00.013 [task-16] [daff2963-612e-4281-8c8b-ebd904474ee3] INFO  c.e.s.batch.BatchProcessorService - Batch job daff2963-612e-4281-8c8b-ebd904474ee3 completado: Procesados: 0, Exitosos: 0, Fallidos: 0 [batchJob=daff2963-612e-4281-8c8b-ebd904474ee3]
2026-08-24 20:15:01.249 [sri-files-scheduler-2] [] INFO  c.e.s.services.EnvioSriBatchService - No hay facturas pendientes estado=I
2026-08-24 20:15:01.249 [sri-files-scheduler-2] [] INFO  c.e.s.services.EnvioSriBatchService - [SCHEDULER][sri-files-scheduler-2] FIN automatizacionEnvioFacturasElectonicas | detectados=0 | exitosas=0 | fallidas=0 | duracionMs=1240
2026-08-24 20:15:26.354 [http-nio-9096-exec-1] [] INFO  o.a.c.c.C.[Tomcat].[localhost].[/] - Initializing Spring DispatcherServlet 'dispatcherServlet'
2026-08-24 20:15:26.354 [http-nio-9096-exec-1] [] INFO  o.s.web.servlet.DispatcherServlet - Initializing Servlet 'dispatcherServlet'
2026-08-24 20:15:26.356 [http-nio-9096-exec-1] [] INFO  o.s.web.servlet.DispatcherServlet - Completed initialization in 1 ms
2026-08-24 20:15:27.172 [http-nio-9096-exec-6] [56f14832-7d03-4447-a77d-aa95613b3619] INFO  o.s.api.AbstractOpenApiResource - Init duration for springdoc-openapi is: 589 ms
2026-08-24 20:15:30.008 [sri-files-scheduler-4] [] INFO  c.e.s.s.NuevoDocumentoScheduler - [SCHEDULER][V1] INICIO recuperación autorizaciones @ 2026-08-24T20:15:30.008714200
2026-08-24 20:15:30.010 [sri-files-scheduler-4] [] INFO  c.e.s.s.NuevoDocumentoScheduler - [SCHEDULER][V1] FIN recuperación | detectados=0 | autorizados=0 | pendientes=0 | duracionMs=2
2026-08-24 20:16:00.001 [sri-files-scheduler-4] [] INFO  c.e.s.s.NuevoDocumentoScheduler - [SCHEDULER][V1] INICIO envío pendientes @ 2026-08-24T20:16:00.001206400
2026-08-24 20:16:00.002 [sri-files-scheduler-4] [] INFO  c.e.s.s.NuevoDocumentoScheduler - [SCHEDULER][V1] FIN envío | detectados=0 | exitosos=0 | fallidos=0 | duracionMs=1
2026-08-24 20:16:00.002 [sri-files-scheduler-4] [] INFO  c.e.s.services.EnvioSriBatchService - [SCHEDULER][sri-files-scheduler-4] INICIO automatizacionEnvioFacturasElectonicas @ 2026-08-24T20:16:00.002448
2026-08-24 20:16:00.002 [sri-files-scheduler-4] [] INFO  c.e.s.services.EnvioSriBatchService - Ejecutando envio de facturas at=2026-08-24T20:16:00.002448
2026-08-24 20:16:00.012 [sri-files-scheduler-2] [] INFO  c.e.s.batch.BatchJobScheduler - Batch automático ejecutado: tipo=ENVIAR_SRI uuid=faefd95e-ac10-4331-a2a5-f3a5d1228e3d
2026-08-24 20:16:00.012 [sri-files-scheduler-3] [] INFO  c.e.s.batch.BatchJobScheduler - Batch automático ejecutado: tipo=ENVIAR_CORREO uuid=f85c9ede-2da1-4bd7-aa2b-907727c8cd47
2026-08-24 20:16:00.014 [task-17] [faefd95e-ac10-4331-a2a5-f3a5d1228e3d] INFO  c.e.s.batch.BatchProcessorService - Iniciando batch job faefd95e-ac10-4331-a2a5-f3a5d1228e3d tipo=ENVIAR_SRI [batchJob=faefd95e-ac10-4331-a2a5-f3a5d1228e3d]
2026-08-24 20:16:00.014 [task-18] [f85c9ede-2da1-4bd7-aa2b-907727c8cd47] INFO  c.e.s.batch.BatchProcessorService - Iniciando batch job f85c9ede-2da1-4bd7-aa2b-907727c8cd47 tipo=ENVIAR_CORREO [batchJob=f85c9ede-2da1-4bd7-aa2b-907727c8cd47]
2026-08-24 20:16:00.017 [task-17] [faefd95e-ac10-4331-a2a5-f3a5d1228e3d] INFO  c.e.s.batch.BatchProcessorService - Documentos encontrados: 0 [batchJob=faefd95e-ac10-4331-a2a5-f3a5d1228e3d]
2026-08-24 20:16:00.017 [task-17] [faefd95e-ac10-4331-a2a5-f3a5d1228e3d] INFO  c.e.s.batch.BatchProcessorService - Batch job faefd95e-ac10-4331-a2a5-f3a5d1228e3d completado: Procesados: 0, Exitosos: 0, Fallidos: 0 [batchJob=faefd95e-ac10-4331-a2a5-f3a5d1228e3d]
2026-08-24 20:16:00.017 [task-18] [f85c9ede-2da1-4bd7-aa2b-907727c8cd47] INFO  c.e.s.batch.BatchProcessorService - Documentos encontrados: 0 [batchJob=f85c9ede-2da1-4bd7-aa2b-907727c8cd47]
2026-08-24 20:16:00.018 [task-18] [f85c9ede-2da1-4bd7-aa2b-907727c8cd47] INFO  c.e.s.batch.BatchProcessorService - Batch job f85c9ede-2da1-4bd7-aa2b-907727c8cd47 completado: Procesados: 0, Exitosos: 0, Fallidos: 0 [batchJob=f85c9ede-2da1-4bd7-aa2b-907727c8cd47]
2026-08-24 20:16:01.286 [sri-files-scheduler-4] [] INFO  c.e.s.services.EnvioSriBatchService - No hay facturas pendientes estado=I
2026-08-24 20:16:01.286 [sri-files-scheduler-4] [] INFO  c.e.s.services.EnvioSriBatchService - [SCHEDULER][sri-files-scheduler-4] FIN automatizacionEnvioFacturasElectonicas | detectados=0 | exitosas=0 | fallidas=0 | duracionMs=1284
2026-08-24 20:17:00.003 [sri-files-scheduler-3] [] INFO  c.e.s.s.NuevoDocumentoScheduler - [SCHEDULER][V1] INICIO envío pendientes @ 2026-08-24T20:17:00.003553600
2026-08-24 20:17:00.004 [sri-files-scheduler-4] [] INFO  c.e.s.services.EnvioSriBatchService - [SCHEDULER][sri-files-scheduler-4] INICIO automatizacionEnvioFacturasElectonicas @ 2026-08-24T20:17:00.004561
2026-08-24 20:17:00.004 [sri-files-scheduler-4] [] INFO  c.e.s.services.EnvioSriBatchService - Ejecutando envio de facturas at=2026-08-24T20:17:00.004561
2026-08-24 20:17:00.006 [sri-files-scheduler-3] [] INFO  c.e.s.s.NuevoDocumentoScheduler - [SCHEDULER][V1] FIN envío | detectados=0 | exitosos=0 | fallidos=0 | duracionMs=3
2026-08-24 20:17:01.261 [sri-files-scheduler-4] [] INFO  c.e.s.services.EnvioSriBatchService - No hay facturas pendientes estado=I
2026-08-24 20:17:01.263 [sri-files-scheduler-4] [] INFO  c.e.s.services.EnvioSriBatchService - [SCHEDULER][sri-files-scheduler-4] FIN automatizacionEnvioFacturasElectonicas | detectados=0 | exitosas=0 | fallidas=0 | duracionMs=1259
2026-08-24 20:18:00.002 [sri-files-scheduler-3] [] INFO  c.e.s.s.NuevoDocumentoScheduler - [SCHEDULER][V1] INICIO envío pendientes @ 2026-08-24T20:18:00.002989100
2026-08-24 20:18:00.003 [sri-files-scheduler-4] [] INFO  c.e.s.services.EnvioSriBatchService - [SCHEDULER][sri-files-scheduler-4] INICIO automatizacionEnvioFacturasElectonicas @ 2026-08-24T20:18:00.003980800
2026-08-24 20:18:00.003 [sri-files-scheduler-4] [] INFO  c.e.s.services.EnvioSriBatchService - Ejecutando envio de facturas at=2026-08-24T20:18:00.003980800
2026-08-24 20:18:00.004 [sri-files-scheduler-3] [] INFO  c.e.s.s.NuevoDocumentoScheduler - [SCHEDULER][V1] FIN envío | detectados=0 | exitosos=0 | fallidos=0 | duracionMs=2
2026-08-24 20:18:00.026 [sri-files-scheduler-3] [] INFO  c.e.s.batch.BatchJobScheduler - Batch automático ejecutado: tipo=ENVIAR_SRI uuid=9784dbdf-cf4f-48f5-a7d9-c25569746bc9
2026-08-24 20:18:00.027 [sri-files-scheduler-2] [] INFO  c.e.s.batch.BatchJobScheduler - Batch automático ejecutado: tipo=CONSULTAR_AUTORIZACION uuid=60b9e24f-676a-4fef-aa8e-12831c53e6cc
2026-08-24 20:18:00.028 [task-20] [60b9e24f-676a-4fef-aa8e-12831c53e6cc] INFO  c.e.s.batch.BatchProcessorService - Iniciando batch job 60b9e24f-676a-4fef-aa8e-12831c53e6cc tipo=CONSULTAR_AUTORIZACION [batchJob=60b9e24f-676a-4fef-aa8e-12831c53e6cc]
2026-08-24 20:18:00.031 [task-19] [9784dbdf-cf4f-48f5-a7d9-c25569746bc9] INFO  c.e.s.batch.BatchProcessorService - Iniciando batch job 9784dbdf-cf4f-48f5-a7d9-c25569746bc9 tipo=ENVIAR_SRI [batchJob=9784dbdf-cf4f-48f5-a7d9-c25569746bc9]
2026-08-24 20:18:00.031 [task-20] [60b9e24f-676a-4fef-aa8e-12831c53e6cc] INFO  c.e.s.batch.BatchProcessorService - Documentos encontrados: 0 [batchJob=60b9e24f-676a-4fef-aa8e-12831c53e6cc]
2026-08-24 20:18:00.031 [task-20] [60b9e24f-676a-4fef-aa8e-12831c53e6cc] INFO  c.e.s.batch.BatchProcessorService - Batch job 60b9e24f-676a-4fef-aa8e-12831c53e6cc completado: Procesados: 0, Exitosos: 0, Fallidos: 0 [batchJob=60b9e24f-676a-4fef-aa8e-12831c53e6cc]
2026-08-24 20:18:00.033 [task-19] [9784dbdf-cf4f-48f5-a7d9-c25569746bc9] INFO  c.e.s.batch.BatchProcessorService - Documentos encontrados: 0 [batchJob=9784dbdf-cf4f-48f5-a7d9-c25569746bc9]
2026-08-24 20:18:00.034 [task-19] [9784dbdf-cf4f-48f5-a7d9-c25569746bc9] INFO  c.e.s.batch.BatchProcessorService - Batch job 9784dbdf-cf4f-48f5-a7d9-c25569746bc9 completado: Procesados: 0, Exitosos: 0, Fallidos: 0 [batchJob=9784dbdf-cf4f-48f5-a7d9-c25569746bc9]
2026-08-24 20:18:01.329 [sri-files-scheduler-4] [] INFO  c.e.s.services.EnvioSriBatchService - No hay facturas pendientes estado=I
2026-08-24 20:18:01.329 [sri-files-scheduler-4] [] INFO  c.e.s.services.EnvioSriBatchService - [SCHEDULER][sri-files-scheduler-4] FIN automatizacionEnvioFacturasElectonicas | detectados=0 | exitosas=0 | fallidas=0 | duracionMs=1326
2026-08-24 20:18:30.014 [sri-files-scheduler-2] [] INFO  c.e.s.s.NuevoDocumentoScheduler - [SCHEDULER][V1] INICIO recuperación autorizaciones @ 2026-08-24T20:18:30.014424900
2026-08-24 20:18:30.016 [sri-files-scheduler-2] [] INFO  c.e.s.s.NuevoDocumentoScheduler - [SCHEDULER][V1] FIN recuperación | detectados=0 | autorizados=0 | pendientes=0 | duracionMs=2
2026-08-24 20:19:00.013 [sri-files-scheduler-3] [] INFO  c.e.s.s.NuevoDocumentoScheduler - [SCHEDULER][V1] INICIO envío pendientes @ 2026-08-24T20:19:00.013578800
2026-08-24 20:19:00.013 [sri-files-scheduler-4] [] INFO  c.e.s.services.EnvioSriBatchService - [SCHEDULER][sri-files-scheduler-4] INICIO automatizacionEnvioFacturasElectonicas @ 2026-08-24T20:19:00.013578800
2026-08-24 20:19:00.013 [sri-files-scheduler-4] [] INFO  c.e.s.services.EnvioSriBatchService - Ejecutando envio de facturas at=2026-08-24T20:19:00.013578800
2026-08-24 20:19:00.015 [sri-files-scheduler-3] [] INFO  c.e.s.s.NuevoDocumentoScheduler - [SCHEDULER][V1] FIN envío | detectados=0 | exitosos=0 | fallidos=0 | duracionMs=2
2026-08-24 20:19:01.326 [sri-files-scheduler-4] [] INFO  c.e.s.services.EnvioSriBatchService - No hay facturas pendientes estado=I
2026-08-24 20:19:01.326 [sri-files-scheduler-4] [] INFO  c.e.s.services.EnvioSriBatchService - [SCHEDULER][sri-files-scheduler-4] FIN automatizacionEnvioFacturasElectonicas | detectados=0 | exitosas=0 | fallidas=0 | duracionMs=1313
2026-08-24 20:20:00.003 [sri-files-scheduler-3] [] INFO  c.e.s.s.NuevoDocumentoScheduler - [SCHEDULER][V1] INICIO envío pendientes @ 2026-08-24T20:20:00.003705600
2026-08-24 20:20:00.005 [sri-files-scheduler-4] [] INFO  c.e.s.services.EnvioSriBatchService - [SCHEDULER][sri-files-scheduler-4] INICIO automatizacionEnvioFacturasElectonicas @ 2026-08-24T20:20:00.005107100
2026-08-24 20:20:00.005 [sri-files-scheduler-4] [] INFO  c.e.s.services.EnvioSriBatchService - Ejecutando envio de facturas at=2026-08-24T20:20:00.005107100
2026-08-24 20:20:00.006 [sri-files-scheduler-3] [] INFO  c.e.s.s.NuevoDocumentoScheduler - [SCHEDULER][V1] FIN envío | detectados=0 | exitosos=0 | fallidos=0 | duracionMs=3
2026-08-24 20:20:00.008 [sri-files-scheduler-2] [] INFO  c.e.s.batch.BatchJobScheduler - Batch automático ejecutado: tipo=ENVIAR_SRI uuid=b635cf9d-3a9b-44b5-8ec6-789384f31347
2026-08-24 20:20:00.008 [sri-files-scheduler-3] [] INFO  c.e.s.batch.BatchJobScheduler - Batch automático ejecutado: tipo=REINTENTAR_FALLIDOS uuid=8015abff-e8cf-4fe4-b52c-69f0c0eb418b
2026-08-24 20:20:00.008 [task-21] [b635cf9d-3a9b-44b5-8ec6-789384f31347] INFO  c.e.s.batch.BatchProcessorService - Iniciando batch job b635cf9d-3a9b-44b5-8ec6-789384f31347 tipo=ENVIAR_SRI [batchJob=b635cf9d-3a9b-44b5-8ec6-789384f31347]
2026-08-24 20:20:00.010 [task-22] [8015abff-e8cf-4fe4-b52c-69f0c0eb418b] INFO  c.e.s.batch.BatchProcessorService - Iniciando batch job 8015abff-e8cf-4fe4-b52c-69f0c0eb418b tipo=REINTENTAR_FALLIDOS [batchJob=8015abff-e8cf-4fe4-b52c-69f0c0eb418b]
2026-08-24 20:20:00.012 [task-21] [b635cf9d-3a9b-44b5-8ec6-789384f31347] INFO  c.e.s.batch.BatchProcessorService - Documentos encontrados: 0 [batchJob=b635cf9d-3a9b-44b5-8ec6-789384f31347]
2026-08-24 20:20:00.012 [task-22] [8015abff-e8cf-4fe4-b52c-69f0c0eb418b] INFO  c.e.s.batch.BatchProcessorService - Documentos encontrados: 0 [batchJob=8015abff-e8cf-4fe4-b52c-69f0c0eb418b]
2026-08-24 20:20:00.012 [task-21] [b635cf9d-3a9b-44b5-8ec6-789384f31347] INFO  c.e.s.batch.BatchProcessorService - Batch job b635cf9d-3a9b-44b5-8ec6-789384f31347 completado: Procesados: 0, Exitosos: 0, Fallidos: 0 [batchJob=b635cf9d-3a9b-44b5-8ec6-789384f31347]
2026-08-24 20:20:00.012 [task-22] [8015abff-e8cf-4fe4-b52c-69f0c0eb418b] INFO  c.e.s.batch.BatchProcessorService - Batch job 8015abff-e8cf-4fe4-b52c-69f0c0eb418b completado: Procesados: 0, Exitosos: 0, Fallidos: 0 [batchJob=8015abff-e8cf-4fe4-b52c-69f0c0eb418b]
2026-08-24 20:20:00.032 [sri-files-scheduler-3] [] INFO  c.e.s.batch.BatchJobScheduler - Batch automático ejecutado: tipo=ENVIAR_CORREO uuid=e9e163f3-95d4-40a2-80ad-00cad05b05e5
2026-08-24 20:20:00.033 [task-23] [e9e163f3-95d4-40a2-80ad-00cad05b05e5] INFO  c.e.s.batch.BatchProcessorService - Iniciando batch job e9e163f3-95d4-40a2-80ad-00cad05b05e5 tipo=ENVIAR_CORREO [batchJob=e9e163f3-95d4-40a2-80ad-00cad05b05e5]
2026-08-24 20:20:00.036 [task-23] [e9e163f3-95d4-40a2-80ad-00cad05b05e5] INFO  c.e.s.batch.BatchProcessorService - Documentos encontrados: 0 [batchJob=e9e163f3-95d4-40a2-80ad-00cad05b05e5]
2026-08-24 20:20:00.036 [task-23] [e9e163f3-95d4-40a2-80ad-00cad05b05e5] INFO  c.e.s.batch.BatchProcessorService - Batch job e9e163f3-95d4-40a2-80ad-00cad05b05e5 completado: Procesados: 0, Exitosos: 0, Fallidos: 0 [batchJob=e9e163f3-95d4-40a2-80ad-00cad05b05e5]
2026-08-24 20:20:01.371 [sri-files-scheduler-4] [] INFO  c.e.s.services.EnvioSriBatchService - No hay facturas pendientes estado=I
2026-08-24 20:20:01.371 [sri-files-scheduler-4] [] INFO  c.e.s.services.EnvioSriBatchService - [SCHEDULER][sri-files-scheduler-4] FIN automatizacionEnvioFacturasElectonicas | detectados=0 | exitosas=0 | fallidas=0 | duracionMs=1366
2026-08-24 20:21:00.001 [sri-files-scheduler-2] [] INFO  c.e.s.s.NuevoDocumentoScheduler - [SCHEDULER][V1] INICIO envío pendientes @ 2026-08-24T20:21:00.001952800
2026-08-24 20:21:00.001 [sri-files-scheduler-4] [] INFO  c.e.s.services.EnvioSriBatchService - [SCHEDULER][sri-files-scheduler-4] INICIO automatizacionEnvioFacturasElectonicas @ 2026-08-24T20:21:00.001952800
2026-08-24 20:21:00.001 [sri-files-scheduler-4] [] INFO  c.e.s.services.EnvioSriBatchService - Ejecutando envio de facturas at=2026-08-24T20:21:00.001952800
2026-08-24 20:21:00.001 [sri-files-scheduler-2] [] INFO  c.e.s.s.NuevoDocumentoScheduler - [SCHEDULER][V1] FIN envío | detectados=0 | exitosos=0 | fallidos=0 | duracionMs=0
2026-08-24 20:21:00.007 [sri-files-scheduler-3] [] INFO  c.e.s.batch.BatchJobScheduler - Batch automático ejecutado: tipo=CONSULTAR_AUTORIZACION uuid=9ff67d90-d408-4b7e-9c10-666f4a4779f6
2026-08-24 20:21:00.009 [task-24] [9ff67d90-d408-4b7e-9c10-666f4a4779f6] INFO  c.e.s.batch.BatchProcessorService - Iniciando batch job 9ff67d90-d408-4b7e-9c10-666f4a4779f6 tipo=CONSULTAR_AUTORIZACION [batchJob=9ff67d90-d408-4b7e-9c10-666f4a4779f6]
2026-08-24 20:21:00.012 [task-24] [9ff67d90-d408-4b7e-9c10-666f4a4779f6] INFO  c.e.s.batch.BatchProcessorService - Documentos encontrados: 0 [batchJob=9ff67d90-d408-4b7e-9c10-666f4a4779f6]
2026-08-24 20:21:00.012 [task-24] [9ff67d90-d408-4b7e-9c10-666f4a4779f6] INFO  c.e.s.batch.BatchProcessorService - Batch job 9ff67d90-d408-4b7e-9c10-666f4a4779f6 completado: Procesados: 0, Exitosos: 0, Fallidos: 0 [batchJob=9ff67d90-d408-4b7e-9c10-666f4a4779f6]
2026-08-24 20:21:01.291 [sri-files-scheduler-4] [] INFO  c.e.s.services.EnvioSriBatchService - No hay facturas pendientes estado=I
2026-08-24 20:21:01.291 [sri-files-scheduler-4] [] INFO  c.e.s.services.EnvioSriBatchService - [SCHEDULER][sri-files-scheduler-4] FIN automatizacionEnvioFacturasElectonicas | detectados=0 | exitosas=0 | fallidas=0 | duracionMs=1290
2026-08-24 20:21:30.003 [sri-files-scheduler-2] [] INFO  c.e.s.s.NuevoDocumentoScheduler - [SCHEDULER][V1] INICIO recuperación autorizaciones @ 2026-08-24T20:21:30.003664
2026-08-24 20:21:30.005 [sri-files-scheduler-2] [] INFO  c.e.s.s.NuevoDocumentoScheduler - [SCHEDULER][V1] FIN recuperación | detectados=0 | autorizados=0 | pendientes=0 | duracionMs=2
2026-08-24 20:22:00.005 [sri-files-scheduler-3] [] INFO  c.e.s.s.NuevoDocumentoScheduler - [SCHEDULER][V1] INICIO envío pendientes @ 2026-08-24T20:22:00.005495500
2026-08-24 20:22:00.006 [sri-files-scheduler-2] [] INFO  c.e.s.services.EnvioSriBatchService - [SCHEDULER][sri-files-scheduler-2] INICIO automatizacionEnvioFacturasElectonicas @ 2026-08-24T20:22:00.006204900
2026-08-24 20:22:00.006 [sri-files-scheduler-2] [] INFO  c.e.s.services.EnvioSriBatchService - Ejecutando envio de facturas at=2026-08-24T20:22:00.006204900
2026-08-24 20:22:00.010 [sri-files-scheduler-3] [] INFO  c.e.s.s.NuevoDocumentoScheduler - [SCHEDULER][V1] FIN envío | detectados=0 | exitosos=0 | fallidos=0 | duracionMs=5
2026-08-24 20:22:00.014 [sri-files-scheduler-4] [] INFO  c.e.s.batch.BatchJobScheduler - Batch automático ejecutado: tipo=ENVIAR_SRI uuid=dcff0789-9633-4eb5-8b10-00619a7136ed
2026-08-24 20:22:00.016 [task-25] [dcff0789-9633-4eb5-8b10-00619a7136ed] INFO  c.e.s.batch.BatchProcessorService - Iniciando batch job dcff0789-9633-4eb5-8b10-00619a7136ed tipo=ENVIAR_SRI [batchJob=dcff0789-9633-4eb5-8b10-00619a7136ed]
2026-08-24 20:22:00.018 [task-25] [dcff0789-9633-4eb5-8b10-00619a7136ed] INFO  c.e.s.batch.BatchProcessorService - Documentos encontrados: 0 [batchJob=dcff0789-9633-4eb5-8b10-00619a7136ed]
2026-08-24 20:22:00.019 [task-25] [dcff0789-9633-4eb5-8b10-00619a7136ed] INFO  c.e.s.batch.BatchProcessorService - Batch job dcff0789-9633-4eb5-8b10-00619a7136ed completado: Procesados: 0, Exitosos: 0, Fallidos: 0 [batchJob=dcff0789-9633-4eb5-8b10-00619a7136ed]
2026-08-24 20:22:01.272 [sri-files-scheduler-2] [] INFO  c.e.s.services.EnvioSriBatchService - No hay facturas pendientes estado=I
2026-08-24 20:22:01.272 [sri-files-scheduler-2] [] INFO  c.e.s.services.EnvioSriBatchService - [SCHEDULER][sri-files-scheduler-2] FIN automatizacionEnvioFacturasElectonicas | detectados=0 | exitosas=0 | fallidas=0 | duracionMs=1266
2026-08-24 20:23:00.007 [sri-files-scheduler-3] [] INFO  c.e.s.s.NuevoDocumentoScheduler - [SCHEDULER][V1] INICIO envío pendientes @ 2026-08-24T20:23:00.007053
2026-08-24 20:23:00.007 [sri-files-scheduler-4] [] INFO  c.e.s.services.EnvioSriBatchService - [SCHEDULER][sri-files-scheduler-4] INICIO automatizacionEnvioFacturasElectonicas @ 2026-08-24T20:23:00.007053
2026-08-24 20:23:00.007 [sri-files-scheduler-4] [] INFO  c.e.s.services.EnvioSriBatchService - Ejecutando envio de facturas at=2026-08-24T20:23:00.007053
2026-08-24 20:23:00.008 [sri-files-scheduler-3] [] INFO  c.e.s.s.NuevoDocumentoScheduler - [SCHEDULER][V1] FIN envío | detectados=0 | exitosos=0 | fallidos=0 | duracionMs=1
2026-08-24 20:23:01.246 [sri-files-scheduler-4] [] INFO  c.e.s.services.EnvioSriBatchService - No hay facturas pendientes estado=I
2026-08-24 20:23:01.247 [sri-files-scheduler-4] [] INFO  c.e.s.services.EnvioSriBatchService - [SCHEDULER][sri-files-scheduler-4] FIN automatizacionEnvioFacturasElectonicas | detectados=0 | exitosas=0 | fallidas=0 | duracionMs=1240
2026-08-24 20:24:00.015 [sri-files-scheduler-3] [] INFO  c.e.s.batch.BatchJobScheduler - Batch automático ejecutado: tipo=CONSULTAR_AUTORIZACION uuid=0a7fce05-33b6-4ee6-9c30-10f7907f92ac
2026-08-24 20:24:00.015 [sri-files-scheduler-4] [] INFO  c.e.s.batch.BatchJobScheduler - Batch automático ejecutado: tipo=ENVIAR_CORREO uuid=1fdb5b8e-229d-489c-a1d0-c1a852c8409d
2026-08-24 20:24:00.015 [sri-files-scheduler-3] [] INFO  c.e.s.services.EnvioSriBatchService - [SCHEDULER][sri-files-scheduler-3] INICIO automatizacionEnvioFacturasElectonicas @ 2026-08-24T20:24:00.015258
2026-08-24 20:24:00.015 [sri-files-scheduler-4] [] INFO  c.e.s.s.NuevoDocumentoScheduler - [SCHEDULER][V1] INICIO envío pendientes @ 2026-08-24T20:24:00.015258
2026-08-24 20:24:00.015 [sri-files-scheduler-3] [] INFO  c.e.s.services.EnvioSriBatchService - Ejecutando envio de facturas at=2026-08-24T20:24:00.015258
2026-08-24 20:24:00.015 [sri-files-scheduler-2] [] INFO  c.e.s.batch.BatchJobScheduler - Batch automático ejecutado: tipo=ENVIAR_SRI uuid=4ea36216-8876-4d29-b49e-ce58e99dba05
2026-08-24 20:24:00.016 [task-27] [4ea36216-8876-4d29-b49e-ce58e99dba05] INFO  c.e.s.batch.BatchProcessorService - Iniciando batch job 4ea36216-8876-4d29-b49e-ce58e99dba05 tipo=ENVIAR_SRI [batchJob=4ea36216-8876-4d29-b49e-ce58e99dba05]
2026-08-24 20:24:00.016 [task-26] [0a7fce05-33b6-4ee6-9c30-10f7907f92ac] INFO  c.e.s.batch.BatchProcessorService - Iniciando batch job 0a7fce05-33b6-4ee6-9c30-10f7907f92ac tipo=CONSULTAR_AUTORIZACION [batchJob=0a7fce05-33b6-4ee6-9c30-10f7907f92ac]
2026-08-24 20:24:00.016 [task-28] [1fdb5b8e-229d-489c-a1d0-c1a852c8409d] INFO  c.e.s.batch.BatchProcessorService - Iniciando batch job 1fdb5b8e-229d-489c-a1d0-c1a852c8409d tipo=ENVIAR_CORREO [batchJob=1fdb5b8e-229d-489c-a1d0-c1a852c8409d]
2026-08-24 20:24:00.017 [sri-files-scheduler-4] [] INFO  c.e.s.s.NuevoDocumentoScheduler - [SCHEDULER][V1] FIN envío | detectados=0 | exitosos=0 | fallidos=0 | duracionMs=2
2026-08-24 20:24:00.018 [task-27] [4ea36216-8876-4d29-b49e-ce58e99dba05] INFO  c.e.s.batch.BatchProcessorService - Documentos encontrados: 0 [batchJob=4ea36216-8876-4d29-b49e-ce58e99dba05]
2026-08-24 20:24:00.018 [task-26] [0a7fce05-33b6-4ee6-9c30-10f7907f92ac] INFO  c.e.s.batch.BatchProcessorService - Documentos encontrados: 0 [batchJob=0a7fce05-33b6-4ee6-9c30-10f7907f92ac]
2026-08-24 20:24:00.018 [task-28] [1fdb5b8e-229d-489c-a1d0-c1a852c8409d] INFO  c.e.s.batch.BatchProcessorService - Documentos encontrados: 0 [batchJob=1fdb5b8e-229d-489c-a1d0-c1a852c8409d]
2026-08-24 20:24:00.018 [task-27] [4ea36216-8876-4d29-b49e-ce58e99dba05] INFO  c.e.s.batch.BatchProcessorService - Batch job 4ea36216-8876-4d29-b49e-ce58e99dba05 completado: Procesados: 0, Exitosos: 0, Fallidos: 0 [batchJob=4ea36216-8876-4d29-b49e-ce58e99dba05]
2026-08-24 20:24:00.018 [task-28] [1fdb5b8e-229d-489c-a1d0-c1a852c8409d] INFO  c.e.s.batch.BatchProcessorService - Batch job 1fdb5b8e-229d-489c-a1d0-c1a852c8409d completado: Procesados: 0, Exitosos: 0, Fallidos: 0 [batchJob=1fdb5b8e-229d-489c-a1d0-c1a852c8409d]
2026-08-24 20:24:00.018 [task-26] [0a7fce05-33b6-4ee6-9c30-10f7907f92ac] INFO  c.e.s.batch.BatchProcessorService - Batch job 0a7fce05-33b6-4ee6-9c30-10f7907f92ac completado: Procesados: 0, Exitosos: 0, Fallidos: 0 [batchJob=0a7fce05-33b6-4ee6-9c30-10f7907f92ac]
2026-08-24 20:24:01.412 [sri-files-scheduler-3] [] INFO  c.e.s.services.EnvioSriBatchService - No hay facturas pendientes estado=I
2026-08-24 20:24:01.412 [sri-files-scheduler-3] [] INFO  c.e.s.services.EnvioSriBatchService - [SCHEDULER][sri-files-scheduler-3] FIN automatizacionEnvioFacturasElectonicas | detectados=0 | exitosas=0 | fallidas=0 | duracionMs=1397
2026-08-24 20:24:30.008 [sri-files-scheduler-2] [] INFO  c.e.s.s.NuevoDocumentoScheduler - [SCHEDULER][V1] INICIO recuperación autorizaciones @ 2026-08-24T20:24:30.008933300
2026-08-24 20:24:30.009 [sri-files-scheduler-2] [] INFO  c.e.s.s.NuevoDocumentoScheduler - [SCHEDULER][V1] FIN recuperación | detectados=0 | autorizados=0 | pendientes=0 | duracionMs=1
2026-08-24 20:25:00.011 [sri-files-scheduler-4] [] INFO  c.e.s.s.NuevoDocumentoScheduler - [SCHEDULER][V1] INICIO envío pendientes @ 2026-08-24T20:25:00.011868400
2026-08-24 20:25:00.012 [sri-files-scheduler-3] [] INFO  c.e.s.services.EnvioSriBatchService - [SCHEDULER][sri-files-scheduler-3] INICIO automatizacionEnvioFacturasElectonicas @ 2026-08-24T20:25:00.012511200
2026-08-24 20:25:00.012 [sri-files-scheduler-3] [] INFO  c.e.s.services.EnvioSriBatchService - Ejecutando envio de facturas at=2026-08-24T20:25:00.012511200
2026-08-24 20:25:00.013 [sri-files-scheduler-4] [] INFO  c.e.s.s.NuevoDocumentoScheduler - [SCHEDULER][V1] FIN envío | detectados=0 | exitosos=0 | fallidos=0 | duracionMs=2
2026-08-24 20:25:00.017 [sri-files-scheduler-4] [] INFO  c.e.s.batch.BatchJobScheduler - Batch automático ejecutado: tipo=REINTENTAR_FALLIDOS uuid=14757b95-78e3-46cf-a1fe-471b68b51478
2026-08-24 20:25:00.019 [task-29] [14757b95-78e3-46cf-a1fe-471b68b51478] INFO  c.e.s.batch.BatchProcessorService - Iniciando batch job 14757b95-78e3-46cf-a1fe-471b68b51478 tipo=REINTENTAR_FALLIDOS [batchJob=14757b95-78e3-46cf-a1fe-471b68b51478]
2026-08-24 20:25:00.020 [task-29] [14757b95-78e3-46cf-a1fe-471b68b51478] INFO  c.e.s.batch.BatchProcessorService - Documentos encontrados: 0 [batchJob=14757b95-78e3-46cf-a1fe-471b68b51478]
2026-08-24 20:25:00.020 [task-29] [14757b95-78e3-46cf-a1fe-471b68b51478] INFO  c.e.s.batch.BatchProcessorService - Batch job 14757b95-78e3-46cf-a1fe-471b68b51478 completado: Procesados: 0, Exitosos: 0, Fallidos: 0 [batchJob=14757b95-78e3-46cf-a1fe-471b68b51478]
2026-08-24 20:25:01.359 [sri-files-scheduler-3] [] INFO  c.e.s.services.EnvioSriBatchService - No hay facturas pendientes estado=I
2026-08-24 20:25:01.360 [sri-files-scheduler-3] [] INFO  c.e.s.services.EnvioSriBatchService - [SCHEDULER][sri-files-scheduler-3] FIN automatizacionEnvioFacturasElectonicas | detectados=0 | exitosas=0 | fallidas=0 | duracionMs=1348
2026-08-24 20:26:00.014 [sri-files-scheduler-2] [] INFO  c.e.s.s.NuevoDocumentoScheduler - [SCHEDULER][V1] INICIO envío pendientes @ 2026-08-24T20:26:00.014697800
2026-08-24 20:26:00.015 [sri-files-scheduler-4] [] INFO  c.e.s.services.EnvioSriBatchService - [SCHEDULER][sri-files-scheduler-4] INICIO automatizacionEnvioFacturasElectonicas @ 2026-08-24T20:26:00.015690500
2026-08-24 20:26:00.015 [sri-files-scheduler-4] [] INFO  c.e.s.services.EnvioSriBatchService - Ejecutando envio de facturas at=2026-08-24T20:26:00.015690500
2026-08-24 20:26:00.016 [sri-files-scheduler-2] [] INFO  c.e.s.s.NuevoDocumentoScheduler - [SCHEDULER][V1] FIN envío | detectados=0 | exitosos=0 | fallidos=0 | duracionMs=2
2026-08-24 20:26:00.022 [sri-files-scheduler-3] [] INFO  c.e.s.batch.BatchJobScheduler - Batch automático ejecutado: tipo=ENVIAR_SRI uuid=efaab32d-9812-43c9-bd96-db5366c2b699
2026-08-24 20:26:00.024 [task-30] [efaab32d-9812-43c9-bd96-db5366c2b699] INFO  c.e.s.batch.BatchProcessorService - Iniciando batch job efaab32d-9812-43c9-bd96-db5366c2b699 tipo=ENVIAR_SRI [batchJob=efaab32d-9812-43c9-bd96-db5366c2b699]
2026-08-24 20:26:00.026 [task-30] [efaab32d-9812-43c9-bd96-db5366c2b699] INFO  c.e.s.batch.BatchProcessorService - Documentos encontrados: 0 [batchJob=efaab32d-9812-43c9-bd96-db5366c2b699]
2026-08-24 20:26:00.026 [task-30] [efaab32d-9812-43c9-bd96-db5366c2b699] INFO  c.e.s.batch.BatchProcessorService - Batch job efaab32d-9812-43c9-bd96-db5366c2b699 completado: Procesados: 0, Exitosos: 0, Fallidos: 0 [batchJob=efaab32d-9812-43c9-bd96-db5366c2b699]
2026-08-24 20:26:01.345 [sri-files-scheduler-4] [] INFO  c.e.s.services.EnvioSriBatchService - No hay facturas pendientes estado=I
2026-08-24 20:26:01.345 [sri-files-scheduler-4] [] INFO  c.e.s.services.EnvioSriBatchService - [SCHEDULER][sri-files-scheduler-4] FIN automatizacionEnvioFacturasElectonicas | detectados=0 | exitosas=0 | fallidas=0 | duracionMs=1331
2026-08-24 20:27:00.003 [sri-files-scheduler-3] [] INFO  c.e.s.s.NuevoDocumentoScheduler - [SCHEDULER][V1] INICIO envío pendientes @ 2026-08-24T20:27:00.003078700
2026-08-24 20:27:00.003 [sri-files-scheduler-4] [] INFO  c.e.s.services.EnvioSriBatchService - [SCHEDULER][sri-files-scheduler-4] INICIO automatizacionEnvioFacturasElectonicas @ 2026-08-24T20:27:00.003078700
2026-08-24 20:27:00.003 [sri-files-scheduler-4] [] INFO  c.e.s.services.EnvioSriBatchService - Ejecutando envio de facturas at=2026-08-24T20:27:00.003078700
2026-08-24 20:27:00.004 [sri-files-scheduler-3] [] INFO  c.e.s.s.NuevoDocumentoScheduler - [SCHEDULER][V1] FIN envío | detectados=0 | exitosos=0 | fallidos=0 | duracionMs=1
2026-08-24 20:27:00.007 [sri-files-scheduler-2] [] INFO  c.e.s.batch.BatchJobScheduler - Batch automático ejecutado: tipo=CONSULTAR_AUTORIZACION uuid=122a9e1c-60b3-4fb6-8c7b-b40843cad1b4
2026-08-24 20:27:00.009 [task-31] [122a9e1c-60b3-4fb6-8c7b-b40843cad1b4] INFO  c.e.s.batch.BatchProcessorService - Iniciando batch job 122a9e1c-60b3-4fb6-8c7b-b40843cad1b4 tipo=CONSULTAR_AUTORIZACION [batchJob=122a9e1c-60b3-4fb6-8c7b-b40843cad1b4]
2026-08-24 20:27:00.011 [task-31] [122a9e1c-60b3-4fb6-8c7b-b40843cad1b4] INFO  c.e.s.batch.BatchProcessorService - Documentos encontrados: 0 [batchJob=122a9e1c-60b3-4fb6-8c7b-b40843cad1b4]
2026-08-24 20:27:00.011 [task-31] [122a9e1c-60b3-4fb6-8c7b-b40843cad1b4] INFO  c.e.s.batch.BatchProcessorService - Batch job 122a9e1c-60b3-4fb6-8c7b-b40843cad1b4 completado: Procesados: 0, Exitosos: 0, Fallidos: 0 [batchJob=122a9e1c-60b3-4fb6-8c7b-b40843cad1b4]
2026-08-24 20:27:01.355 [sri-files-scheduler-4] [] INFO  c.e.s.services.EnvioSriBatchService - No hay facturas pendientes estado=I
2026-08-24 20:27:01.355 [sri-files-scheduler-4] [] INFO  c.e.s.services.EnvioSriBatchService - [SCHEDULER][sri-files-scheduler-4] FIN automatizacionEnvioFacturasElectonicas | detectados=0 | exitosas=0 | fallidas=0 | duracionMs=1352
2026-08-24 20:27:30.013 [sri-files-scheduler-3] [] INFO  c.e.s.s.NuevoDocumentoScheduler - [SCHEDULER][V1] INICIO recuperación autorizaciones @ 2026-08-24T20:27:30.013857600
2026-08-24 20:27:30.014 [sri-files-scheduler-3] [] INFO  c.e.s.s.NuevoDocumentoScheduler - [SCHEDULER][V1] FIN recuperación | detectados=0 | autorizados=0 | pendientes=0 | duracionMs=1
2026-08-24 20:28:00.007 [sri-files-scheduler-3] [] INFO  c.e.s.s.NuevoDocumentoScheduler - [SCHEDULER][V1] INICIO envío pendientes @ 2026-08-24T20:28:00.007375700
2026-08-24 20:28:00.007 [sri-files-scheduler-2] [] INFO  c.e.s.services.EnvioSriBatchService - [SCHEDULER][sri-files-scheduler-2] INICIO automatizacionEnvioFacturasElectonicas @ 2026-08-24T20:28:00.007375700
2026-08-24 20:28:00.007 [sri-files-scheduler-2] [] INFO  c.e.s.services.EnvioSriBatchService - Ejecutando envio de facturas at=2026-08-24T20:28:00.007375700
2026-08-24 20:28:00.009 [sri-files-scheduler-3] [] INFO  c.e.s.s.NuevoDocumentoScheduler - [SCHEDULER][V1] FIN envío | detectados=0 | exitosos=0 | fallidos=0 | duracionMs=2
2026-08-24 20:28:00.011 [sri-files-scheduler-4] [] INFO  c.e.s.batch.BatchJobScheduler - Batch automático ejecutado: tipo=ENVIAR_SRI uuid=7663bd77-7e5b-4ae8-acae-6f0bcd26e05d
2026-08-24 20:28:00.012 [sri-files-scheduler-3] [] INFO  c.e.s.batch.BatchJobScheduler - Batch automático ejecutado: tipo=ENVIAR_CORREO uuid=c68c718c-59c2-4459-9e03-f481c83ab784
2026-08-24 20:28:00.013 [task-32] [7663bd77-7e5b-4ae8-acae-6f0bcd26e05d] INFO  c.e.s.batch.BatchProcessorService - Iniciando batch job 7663bd77-7e5b-4ae8-acae-6f0bcd26e05d tipo=ENVIAR_SRI [batchJob=7663bd77-7e5b-4ae8-acae-6f0bcd26e05d]
2026-08-24 20:28:00.014 [task-33] [c68c718c-59c2-4459-9e03-f481c83ab784] INFO  c.e.s.batch.BatchProcessorService - Iniciando batch job c68c718c-59c2-4459-9e03-f481c83ab784 tipo=ENVIAR_CORREO [batchJob=c68c718c-59c2-4459-9e03-f481c83ab784]
2026-08-24 20:28:00.016 [task-33] [c68c718c-59c2-4459-9e03-f481c83ab784] INFO  c.e.s.batch.BatchProcessorService - Documentos encontrados: 0 [batchJob=c68c718c-59c2-4459-9e03-f481c83ab784]
2026-08-24 20:28:00.016 [task-32] [7663bd77-7e5b-4ae8-acae-6f0bcd26e05d] INFO  c.e.s.batch.BatchProcessorService - Documentos encontrados: 0 [batchJob=7663bd77-7e5b-4ae8-acae-6f0bcd26e05d]
2026-08-24 20:28:00.016 [task-33] [c68c718c-59c2-4459-9e03-f481c83ab784] INFO  c.e.s.batch.BatchProcessorService - Batch job c68c718c-59c2-4459-9e03-f481c83ab784 completado: Procesados: 0, Exitosos: 0, Fallidos: 0 [batchJob=c68c718c-59c2-4459-9e03-f481c83ab784]
2026-08-24 20:28:00.016 [task-32] [7663bd77-7e5b-4ae8-acae-6f0bcd26e05d] INFO  c.e.s.batch.BatchProcessorService - Batch job 7663bd77-7e5b-4ae8-acae-6f0bcd26e05d completado: Procesados: 0, Exitosos: 0, Fallidos: 0 [batchJob=7663bd77-7e5b-4ae8-acae-6f0bcd26e05d]
2026-08-24 20:28:01.352 [sri-files-scheduler-2] [] INFO  c.e.s.services.EnvioSriBatchService - No hay facturas pendientes estado=I
2026-08-24 20:28:01.352 [sri-files-scheduler-2] [] INFO  c.e.s.services.EnvioSriBatchService - [SCHEDULER][sri-files-scheduler-2] FIN automatizacionEnvioFacturasElectonicas | detectados=0 | exitosas=0 | fallidas=0 | duracionMs=1345
2026-08-24 20:29:00.009 [sri-files-scheduler-3] [] INFO  c.e.s.s.NuevoDocumentoScheduler - [SCHEDULER][V1] INICIO envío pendientes @ 2026-08-24T20:29:00.009615400
2026-08-24 20:29:00.010 [sri-files-scheduler-2] [] INFO  c.e.s.services.EnvioSriBatchService - [SCHEDULER][sri-files-scheduler-2] INICIO automatizacionEnvioFacturasElectonicas @ 2026-08-24T20:29:00.010626200
2026-08-24 20:29:00.010 [sri-files-scheduler-2] [] INFO  c.e.s.services.EnvioSriBatchService - Ejecutando envio de facturas at=2026-08-24T20:29:00.010626200
2026-08-24 20:29:00.011 [sri-files-scheduler-3] [] INFO  c.e.s.s.NuevoDocumentoScheduler - [SCHEDULER][V1] FIN envío | detectados=0 | exitosos=0 | fallidos=0 | duracionMs=2
2026-08-24 20:29:01.324 [sri-files-scheduler-2] [] INFO  c.e.s.services.EnvioSriBatchService - No hay facturas pendientes estado=I
2026-08-24 20:29:01.324 [sri-files-scheduler-2] [] INFO  c.e.s.services.EnvioSriBatchService - [SCHEDULER][sri-files-scheduler-2] FIN automatizacionEnvioFacturasElectonicas | detectados=0 | exitosas=0 | fallidas=0 | duracionMs=1314
2026-08-24 20:30:00.000 [sri-files-scheduler-2] [] INFO  c.e.s.services.EnvioSriBatchService - [SCHEDULER][sri-files-scheduler-2] INICIO automatizacionEnvioFacturasElectonicas @ 2026-08-24T20:30:00.000839500
2026-08-24 20:30:00.000 [sri-files-scheduler-2] [] INFO  c.e.s.services.EnvioSriBatchService - Ejecutando envio de facturas at=2026-08-24T20:30:00.000839500
2026-08-24 20:30:00.004 [sri-files-scheduler-4] [] INFO  c.e.s.batch.BatchJobScheduler - Batch automático ejecutado: tipo=CONSULTAR_AUTORIZACION uuid=3c08ad84-d842-4d8d-938a-35892f4b153a
2026-08-24 20:30:00.004 [sri-files-scheduler-3] [] INFO  c.e.s.batch.BatchJobScheduler - Batch automático ejecutado: tipo=REINTENTAR_FALLIDOS uuid=3ee140aa-68a3-44b1-81a1-272ed7894e6a
2026-08-24 20:30:00.004 [sri-files-scheduler-4] [] INFO  c.e.s.s.NuevoDocumentoScheduler - [SCHEDULER][V1] INICIO envío pendientes @ 2026-08-24T20:30:00.004288100
2026-08-24 20:30:00.005 [sri-files-scheduler-4] [] INFO  c.e.s.s.NuevoDocumentoScheduler - [SCHEDULER][V1] FIN envío | detectados=0 | exitosos=0 | fallidos=0 | duracionMs=1
2026-08-24 20:30:00.005 [task-34] [3c08ad84-d842-4d8d-938a-35892f4b153a] INFO  c.e.s.batch.BatchProcessorService - Iniciando batch job 3c08ad84-d842-4d8d-938a-35892f4b153a tipo=CONSULTAR_AUTORIZACION [batchJob=3c08ad84-d842-4d8d-938a-35892f4b153a]
2026-08-24 20:30:00.005 [task-35] [3ee140aa-68a3-44b1-81a1-272ed7894e6a] INFO  c.e.s.batch.BatchProcessorService - Iniciando batch job 3ee140aa-68a3-44b1-81a1-272ed7894e6a tipo=REINTENTAR_FALLIDOS [batchJob=3ee140aa-68a3-44b1-81a1-272ed7894e6a]
2026-08-24 20:30:00.006 [sri-files-scheduler-3] [] INFO  c.e.s.batch.BatchJobScheduler - Batch automático ejecutado: tipo=ENVIAR_SRI uuid=25c0d056-462a-4778-a2fa-bbf63fa6194b
2026-08-24 20:30:00.006 [task-35] [3ee140aa-68a3-44b1-81a1-272ed7894e6a] INFO  c.e.s.batch.BatchProcessorService - Documentos encontrados: 0 [batchJob=3ee140aa-68a3-44b1-81a1-272ed7894e6a]
2026-08-24 20:30:00.006 [task-35] [3ee140aa-68a3-44b1-81a1-272ed7894e6a] INFO  c.e.s.batch.BatchProcessorService - Batch job 3ee140aa-68a3-44b1-81a1-272ed7894e6a completado: Procesados: 0, Exitosos: 0, Fallidos: 0 [batchJob=3ee140aa-68a3-44b1-81a1-272ed7894e6a]
2026-08-24 20:30:00.006 [task-34] [3c08ad84-d842-4d8d-938a-35892f4b153a] INFO  c.e.s.batch.BatchProcessorService - Documentos encontrados: 0 [batchJob=3c08ad84-d842-4d8d-938a-35892f4b153a]
2026-08-24 20:30:00.006 [task-34] [3c08ad84-d842-4d8d-938a-35892f4b153a] INFO  c.e.s.batch.BatchProcessorService - Batch job 3c08ad84-d842-4d8d-938a-35892f4b153a completado: Procesados: 0, Exitosos: 0, Fallidos: 0 [batchJob=3c08ad84-d842-4d8d-938a-35892f4b153a]
2026-08-24 20:30:00.006 [task-36] [25c0d056-462a-4778-a2fa-bbf63fa6194b] INFO  c.e.s.batch.BatchProcessorService - Iniciando batch job 25c0d056-462a-4778-a2fa-bbf63fa6194b tipo=ENVIAR_SRI [batchJob=25c0d056-462a-4778-a2fa-bbf63fa6194b]
2026-08-24 20:30:00.008 [task-36] [25c0d056-462a-4778-a2fa-bbf63fa6194b] INFO  c.e.s.batch.BatchProcessorService - Documentos encontrados: 0 [batchJob=25c0d056-462a-4778-a2fa-bbf63fa6194b]
2026-08-24 20:30:00.008 [task-36] [25c0d056-462a-4778-a2fa-bbf63fa6194b] INFO  c.e.s.batch.BatchProcessorService - Batch job 25c0d056-462a-4778-a2fa-bbf63fa6194b completado: Procesados: 0, Exitosos: 0, Fallidos: 0 [batchJob=25c0d056-462a-4778-a2fa-bbf63fa6194b]
2026-08-24 20:30:01.256 [sri-files-scheduler-2] [] INFO  c.e.s.services.EnvioSriBatchService - No hay facturas pendientes estado=I
2026-08-24 20:30:01.256 [sri-files-scheduler-2] [] INFO  c.e.s.services.EnvioSriBatchService - [SCHEDULER][sri-files-scheduler-2] FIN automatizacionEnvioFacturasElectonicas | detectados=0 | exitosas=0 | fallidas=0 | duracionMs=1256
2026-08-24 20:30:30.010 [sri-files-scheduler-4] [] INFO  c.e.s.s.NuevoDocumentoScheduler - [SCHEDULER][V1] INICIO recuperación autorizaciones @ 2026-08-24T20:30:30.010815
2026-08-24 20:30:30.012 [sri-files-scheduler-4] [] INFO  c.e.s.s.NuevoDocumentoScheduler - [SCHEDULER][V1] FIN recuperación | detectados=0 | autorizados=0 | pendientes=0 | duracionMs=2
2026-08-24 20:31:00.004 [sri-files-scheduler-3] [] INFO  c.e.s.s.NuevoDocumentoScheduler - [SCHEDULER][V1] INICIO envío pendientes @ 2026-08-24T20:31:00.004280600
2026-08-24 20:31:00.005 [sri-files-scheduler-2] [] INFO  c.e.s.services.EnvioSriBatchService - [SCHEDULER][sri-files-scheduler-2] INICIO automatizacionEnvioFacturasElectonicas @ 2026-08-24T20:31:00.005273
2026-08-24 20:31:00.005 [sri-files-scheduler-2] [] INFO  c.e.s.services.EnvioSriBatchService - Ejecutando envio de facturas at=2026-08-24T20:31:00.005273
2026-08-24 20:31:00.005 [sri-files-scheduler-3] [] INFO  c.e.s.s.NuevoDocumentoScheduler - [SCHEDULER][V1] FIN envío | detectados=0 | exitosos=0 | fallidos=0 | duracionMs=1
2026-08-24 20:31:01.402 [sri-files-scheduler-2] [] INFO  c.e.s.services.EnvioSriBatchService - No hay facturas pendientes estado=I
2026-08-24 20:31:01.402 [sri-files-scheduler-2] [] INFO  c.e.s.services.EnvioSriBatchService - [SCHEDULER][sri-files-scheduler-2] FIN automatizacionEnvioFacturasElectonicas | detectados=0 | exitosas=0 | fallidas=0 | duracionMs=1397
2026-08-24 20:32:00.014 [sri-files-scheduler-2] [] INFO  c.e.s.s.NuevoDocumentoScheduler - [SCHEDULER][V1] INICIO envío pendientes @ 2026-08-24T20:32:00.014947400
2026-08-24 20:32:00.015 [sri-files-scheduler-3] [] INFO  c.e.s.services.EnvioSriBatchService - [SCHEDULER][sri-files-scheduler-3] INICIO automatizacionEnvioFacturasElectonicas @ 2026-08-24T20:32:00.015935900
2026-08-24 20:32:00.015 [sri-files-scheduler-3] [] INFO  c.e.s.services.EnvioSriBatchService - Ejecutando envio de facturas at=2026-08-24T20:32:00.015935900
2026-08-24 20:32:00.015 [sri-files-scheduler-2] [] INFO  c.e.s.s.NuevoDocumentoScheduler - [SCHEDULER][V1] FIN envío | detectados=0 | exitosos=0 | fallidos=0 | duracionMs=1
2026-08-24 20:32:00.019 [sri-files-scheduler-4] [] INFO  c.e.s.batch.BatchJobScheduler - Batch automático ejecutado: tipo=ENVIAR_SRI uuid=d9082468-4f7d-4f81-b767-cbd2695ce881
2026-08-24 20:32:00.019 [sri-files-scheduler-2] [] INFO  c.e.s.batch.BatchJobScheduler - Batch automático ejecutado: tipo=ENVIAR_CORREO uuid=771621ce-04d3-4639-b3a8-c044878520e8
2026-08-24 20:32:00.022 [task-37] [d9082468-4f7d-4f81-b767-cbd2695ce881] INFO  c.e.s.batch.BatchProcessorService - Iniciando batch job d9082468-4f7d-4f81-b767-cbd2695ce881 tipo=ENVIAR_SRI [batchJob=d9082468-4f7d-4f81-b767-cbd2695ce881]
2026-08-24 20:32:00.022 [task-38] [771621ce-04d3-4639-b3a8-c044878520e8] INFO  c.e.s.batch.BatchProcessorService - Iniciando batch job 771621ce-04d3-4639-b3a8-c044878520e8 tipo=ENVIAR_CORREO [batchJob=771621ce-04d3-4639-b3a8-c044878520e8]
2026-08-24 20:32:00.023 [task-37] [d9082468-4f7d-4f81-b767-cbd2695ce881] INFO  c.e.s.batch.BatchProcessorService - Documentos encontrados: 0 [batchJob=d9082468-4f7d-4f81-b767-cbd2695ce881]
2026-08-24 20:32:00.023 [task-37] [d9082468-4f7d-4f81-b767-cbd2695ce881] INFO  c.e.s.batch.BatchProcessorService - Batch job d9082468-4f7d-4f81-b767-cbd2695ce881 completado: Procesados: 0, Exitosos: 0, Fallidos: 0 [batchJob=d9082468-4f7d-4f81-b767-cbd2695ce881]
2026-08-24 20:32:00.023 [task-38] [771621ce-04d3-4639-b3a8-c044878520e8] INFO  c.e.s.batch.BatchProcessorService - Documentos encontrados: 0 [batchJob=771621ce-04d3-4639-b3a8-c044878520e8]
2026-08-24 20:32:00.024 [task-38] [771621ce-04d3-4639-b3a8-c044878520e8] INFO  c.e.s.batch.BatchProcessorService - Batch job 771621ce-04d3-4639-b3a8-c044878520e8 completado: Procesados: 0, Exitosos: 0, Fallidos: 0 [batchJob=771621ce-04d3-4639-b3a8-c044878520e8]
2026-08-24 20:32:01.359 [sri-files-scheduler-3] [] INFO  c.e.s.services.EnvioSriBatchService - No hay facturas pendientes estado=I
2026-08-24 20:32:01.359 [sri-files-scheduler-3] [] INFO  c.e.s.services.EnvioSriBatchService - [SCHEDULER][sri-files-scheduler-3] FIN automatizacionEnvioFacturasElectonicas | detectados=0 | exitosas=0 | fallidas=0 | duracionMs=1344
2026-08-24 20:32:59.999 [sri-files-scheduler-4] [] INFO  c.e.s.s.NuevoDocumentoScheduler - [SCHEDULER][V1] INICIO envío pendientes @ 2026-08-24T20:32:59.999712400
2026-08-24 20:33:00.002 [sri-files-scheduler-4] [] INFO  c.e.s.s.NuevoDocumentoScheduler - [SCHEDULER][V1] FIN envío | detectados=0 | exitosos=0 | fallidos=0 | duracionMs=3
2026-08-24 20:33:00.006 [sri-files-scheduler-4] [] INFO  c.e.s.batch.BatchJobScheduler - Batch automático ejecutado: tipo=CONSULTAR_AUTORIZACION uuid=4576495a-4e7c-4d82-bc7c-69a4d158b10b
2026-08-24 20:33:00.007 [sri-files-scheduler-4] [] INFO  c.e.s.services.EnvioSriBatchService - [SCHEDULER][sri-files-scheduler-4] INICIO automatizacionEnvioFacturasElectonicas @ 2026-08-24T20:33:00.007783500
2026-08-24 20:33:00.007 [sri-files-scheduler-4] [] INFO  c.e.s.services.EnvioSriBatchService - Ejecutando envio de facturas at=2026-08-24T20:33:00.007783500
2026-08-24 20:33:00.009 [task-39] [4576495a-4e7c-4d82-bc7c-69a4d158b10b] INFO  c.e.s.batch.BatchProcessorService - Iniciando batch job 4576495a-4e7c-4d82-bc7c-69a4d158b10b tipo=CONSULTAR_AUTORIZACION [batchJob=4576495a-4e7c-4d82-bc7c-69a4d158b10b]
2026-08-24 20:33:00.012 [task-39] [4576495a-4e7c-4d82-bc7c-69a4d158b10b] INFO  c.e.s.batch.BatchProcessorService - Documentos encontrados: 0 [batchJob=4576495a-4e7c-4d82-bc7c-69a4d158b10b]
2026-08-24 20:33:00.012 [task-39] [4576495a-4e7c-4d82-bc7c-69a4d158b10b] INFO  c.e.s.batch.BatchProcessorService - Batch job 4576495a-4e7c-4d82-bc7c-69a4d158b10b completado: Procesados: 0, Exitosos: 0, Fallidos: 0 [batchJob=4576495a-4e7c-4d82-bc7c-69a4d158b10b]
2026-08-24 20:33:01.397 [sri-files-scheduler-4] [] INFO  c.e.s.services.EnvioSriBatchService - No hay facturas pendientes estado=I
2026-08-24 20:33:01.397 [sri-files-scheduler-4] [] INFO  c.e.s.services.EnvioSriBatchService - [SCHEDULER][sri-files-scheduler-4] FIN automatizacionEnvioFacturasElectonicas | detectados=0 | exitosas=0 | fallidas=0 | duracionMs=1390
2026-08-24 20:33:30.002 [sri-files-scheduler-2] [] INFO  c.e.s.s.NuevoDocumentoScheduler - [SCHEDULER][V1] INICIO recuperación autorizaciones @ 2026-08-24T20:33:30.002270900
2026-08-24 20:33:30.012 [sri-files-scheduler-2] [] INFO  c.e.s.s.NuevoDocumentoScheduler - [SCHEDULER][V1] FIN recuperación | detectados=0 | autorizados=0 | pendientes=0 | duracionMs=10
2026-08-24 20:34:00.010 [sri-files-scheduler-3] [] INFO  c.e.s.s.NuevoDocumentoScheduler - [SCHEDULER][V1] INICIO envío pendientes @ 2026-08-24T20:34:00.010217800
2026-08-24 20:34:00.010 [sri-files-scheduler-4] [] INFO  c.e.s.services.EnvioSriBatchService - [SCHEDULER][sri-files-scheduler-4] INICIO automatizacionEnvioFacturasElectonicas @ 2026-08-24T20:34:00.010730700
2026-08-24 20:34:00.010 [sri-files-scheduler-4] [] INFO  c.e.s.services.EnvioSriBatchService - Ejecutando envio de facturas at=2026-08-24T20:34:00.010730700
2026-08-24 20:34:00.015 [sri-files-scheduler-3] [] INFO  c.e.s.s.NuevoDocumentoScheduler - [SCHEDULER][V1] FIN envío | detectados=0 | exitosos=0 | fallidos=0 | duracionMs=5
2026-08-24 20:34:00.020 [sri-files-scheduler-2] [] INFO  c.e.s.batch.BatchJobScheduler - Batch automático ejecutado: tipo=ENVIAR_SRI uuid=49f922b0-b750-4111-8fed-17ef1f87da4f
2026-08-24 20:34:00.021 [task-40] [49f922b0-b750-4111-8fed-17ef1f87da4f] INFO  c.e.s.batch.BatchProcessorService - Iniciando batch job 49f922b0-b750-4111-8fed-17ef1f87da4f tipo=ENVIAR_SRI [batchJob=49f922b0-b750-4111-8fed-17ef1f87da4f]
2026-08-24 20:34:00.027 [task-40] [49f922b0-b750-4111-8fed-17ef1f87da4f] INFO  c.e.s.batch.BatchProcessorService - Documentos encontrados: 0 [batchJob=49f922b0-b750-4111-8fed-17ef1f87da4f]
2026-08-24 20:34:00.027 [task-40] [49f922b0-b750-4111-8fed-17ef1f87da4f] INFO  c.e.s.batch.BatchProcessorService - Batch job 49f922b0-b750-4111-8fed-17ef1f87da4f completado: Procesados: 0, Exitosos: 0, Fallidos: 0 [batchJob=49f922b0-b750-4111-8fed-17ef1f87da4f]
2026-08-24 20:34:01.452 [sri-files-scheduler-4] [] INFO  c.e.s.services.EnvioSriBatchService - No hay facturas pendientes estado=I
2026-08-24 20:34:01.453 [sri-files-scheduler-4] [] INFO  c.e.s.services.EnvioSriBatchService - [SCHEDULER][sri-files-scheduler-4] FIN automatizacionEnvioFacturasElectonicas | detectados=0 | exitosas=0 | fallidas=0 | duracionMs=1443
2026-08-24 20:35:00.013 [sri-files-scheduler-3] [] INFO  c.e.s.services.EnvioSriBatchService - [SCHEDULER][sri-files-scheduler-3] INICIO automatizacionEnvioFacturasElectonicas @ 2026-08-24T20:35:00.013870300
2026-08-24 20:35:00.014 [sri-files-scheduler-3] [] INFO  c.e.s.services.EnvioSriBatchService - Ejecutando envio de facturas at=2026-08-24T20:35:00.014790200
2026-08-24 20:35:00.018 [sri-files-scheduler-2] [] INFO  c.e.s.s.NuevoDocumentoScheduler - [SCHEDULER][V1] INICIO envío pendientes @ 2026-08-24T20:35:00.018306200
2026-08-24 20:35:00.021 [sri-files-scheduler-2] [] INFO  c.e.s.s.NuevoDocumentoScheduler - [SCHEDULER][V1] FIN envío | detectados=0 | exitosos=0 | fallidos=0 | duracionMs=3
2026-08-24 20:35:00.030 [sri-files-scheduler-4] [] INFO  c.e.s.batch.BatchJobScheduler - Batch automático ejecutado: tipo=REINTENTAR_FALLIDOS uuid=2c159931-0df5-4b3f-8e0e-c9a4973610d3
2026-08-24 20:35:00.032 [task-41] [2c159931-0df5-4b3f-8e0e-c9a4973610d3] INFO  c.e.s.batch.BatchProcessorService - Iniciando batch job 2c159931-0df5-4b3f-8e0e-c9a4973610d3 tipo=REINTENTAR_FALLIDOS [batchJob=2c159931-0df5-4b3f-8e0e-c9a4973610d3]
2026-08-24 20:35:00.037 [task-41] [2c159931-0df5-4b3f-8e0e-c9a4973610d3] INFO  c.e.s.batch.BatchProcessorService - Documentos encontrados: 0 [batchJob=2c159931-0df5-4b3f-8e0e-c9a4973610d3]
2026-08-24 20:35:00.037 [task-41] [2c159931-0df5-4b3f-8e0e-c9a4973610d3] INFO  c.e.s.batch.BatchProcessorService - Batch job 2c159931-0df5-4b3f-8e0e-c9a4973610d3 completado: Procesados: 0, Exitosos: 0, Fallidos: 0 [batchJob=2c159931-0df5-4b3f-8e0e-c9a4973610d3]
2026-08-24 20:35:01.461 [sri-files-scheduler-3] [] INFO  c.e.s.services.EnvioSriBatchService - No hay facturas pendientes estado=I
2026-08-24 20:35:01.462 [sri-files-scheduler-3] [] INFO  c.e.s.services.EnvioSriBatchService - [SCHEDULER][sri-files-scheduler-3] FIN automatizacionEnvioFacturasElectonicas | detectados=0 | exitosas=0 | fallidas=0 | duracionMs=1449
2026-08-24 20:36:00.004 [sri-files-scheduler-3] [] INFO  c.e.s.services.EnvioSriBatchService - [SCHEDULER][sri-files-scheduler-3] INICIO automatizacionEnvioFacturasElectonicas @ 2026-08-24T20:36:00.004247100
2026-08-24 20:36:00.004 [sri-files-scheduler-3] [] INFO  c.e.s.services.EnvioSriBatchService - Ejecutando envio de facturas at=2026-08-24T20:36:00.004247100
2026-08-24 20:36:00.007 [sri-files-scheduler-2] [] INFO  c.e.s.batch.BatchJobScheduler - Batch automático ejecutado: tipo=ENVIAR_SRI uuid=eb89c793-d6ce-470c-9710-00bf0243d8bb
2026-08-24 20:36:00.007 [sri-files-scheduler-4] [] INFO  c.e.s.batch.BatchJobScheduler - Batch automático ejecutado: tipo=CONSULTAR_AUTORIZACION uuid=4e7143fc-b730-4292-bc20-d42e3cff6b47
2026-08-24 20:36:00.007 [sri-files-scheduler-2] [] INFO  c.e.s.s.NuevoDocumentoScheduler - [SCHEDULER][V1] INICIO envío pendientes @ 2026-08-24T20:36:00.007868900
2026-08-24 20:36:00.008 [task-42] [eb89c793-d6ce-470c-9710-00bf0243d8bb] INFO  c.e.s.batch.BatchProcessorService - Iniciando batch job eb89c793-d6ce-470c-9710-00bf0243d8bb tipo=ENVIAR_SRI [batchJob=eb89c793-d6ce-470c-9710-00bf0243d8bb]
2026-08-24 20:36:00.008 [task-43] [4e7143fc-b730-4292-bc20-d42e3cff6b47] INFO  c.e.s.batch.BatchProcessorService - Iniciando batch job 4e7143fc-b730-4292-bc20-d42e3cff6b47 tipo=CONSULTAR_AUTORIZACION [batchJob=4e7143fc-b730-4292-bc20-d42e3cff6b47]
2026-08-24 20:36:00.009 [task-43] [4e7143fc-b730-4292-bc20-d42e3cff6b47] INFO  c.e.s.batch.BatchProcessorService - Documentos encontrados: 0 [batchJob=4e7143fc-b730-4292-bc20-d42e3cff6b47]
2026-08-24 20:36:00.009 [task-43] [4e7143fc-b730-4292-bc20-d42e3cff6b47] INFO  c.e.s.batch.BatchProcessorService - Batch job 4e7143fc-b730-4292-bc20-d42e3cff6b47 completado: Procesados: 0, Exitosos: 0, Fallidos: 0 [batchJob=4e7143fc-b730-4292-bc20-d42e3cff6b47]
2026-08-24 20:36:00.009 [task-42] [eb89c793-d6ce-470c-9710-00bf0243d8bb] INFO  c.e.s.batch.BatchProcessorService - Documentos encontrados: 0 [batchJob=eb89c793-d6ce-470c-9710-00bf0243d8bb]
2026-08-24 20:36:00.011 [task-42] [eb89c793-d6ce-470c-9710-00bf0243d8bb] INFO  c.e.s.batch.BatchProcessorService - Batch job eb89c793-d6ce-470c-9710-00bf0243d8bb completado: Procesados: 0, Exitosos: 0, Fallidos: 0 [batchJob=eb89c793-d6ce-470c-9710-00bf0243d8bb]
2026-08-24 20:36:00.025 [sri-files-scheduler-2] [] INFO  c.e.s.s.NuevoDocumentoScheduler - [SCHEDULER][V1] FIN envío | detectados=0 | exitosos=0 | fallidos=0 | duracionMs=18
2026-08-24 20:36:00.035 [sri-files-scheduler-4] [] INFO  c.e.s.batch.BatchJobScheduler - Batch automático ejecutado: tipo=ENVIAR_CORREO uuid=e27aa4da-5d65-45a1-9d2f-39e8f21b9eef
2026-08-24 20:36:00.036 [task-44] [e27aa4da-5d65-45a1-9d2f-39e8f21b9eef] INFO  c.e.s.batch.BatchProcessorService - Iniciando batch job e27aa4da-5d65-45a1-9d2f-39e8f21b9eef tipo=ENVIAR_CORREO [batchJob=e27aa4da-5d65-45a1-9d2f-39e8f21b9eef]
2026-08-24 20:36:00.041 [task-44] [e27aa4da-5d65-45a1-9d2f-39e8f21b9eef] INFO  c.e.s.batch.BatchProcessorService - Documentos encontrados: 0 [batchJob=e27aa4da-5d65-45a1-9d2f-39e8f21b9eef]
2026-08-24 20:36:00.041 [task-44] [e27aa4da-5d65-45a1-9d2f-39e8f21b9eef] INFO  c.e.s.batch.BatchProcessorService - Batch job e27aa4da-5d65-45a1-9d2f-39e8f21b9eef completado: Procesados: 0, Exitosos: 0, Fallidos: 0 [batchJob=e27aa4da-5d65-45a1-9d2f-39e8f21b9eef]
2026-08-24 20:36:01.354 [sri-files-scheduler-3] [] INFO  c.e.s.services.EnvioSriBatchService - No hay facturas pendientes estado=I
2026-08-24 20:36:01.354 [sri-files-scheduler-3] [] INFO  c.e.s.services.EnvioSriBatchService - [SCHEDULER][sri-files-scheduler-3] FIN automatizacionEnvioFacturasElectonicas | detectados=0 | exitosas=0 | fallidas=0 | duracionMs=1350
2026-08-24 20:36:30.012 [sri-files-scheduler-2] [] INFO  c.e.s.s.NuevoDocumentoScheduler - [SCHEDULER][V1] INICIO recuperación autorizaciones @ 2026-08-24T20:36:30.012487800
2026-08-24 20:36:30.016 [sri-files-scheduler-2] [] INFO  c.e.s.s.NuevoDocumentoScheduler - [SCHEDULER][V1] FIN recuperación | detectados=0 | autorizados=0 | pendientes=0 | duracionMs=4
2026-08-24 20:37:00.007 [sri-files-scheduler-4] [] INFO  c.e.s.s.NuevoDocumentoScheduler - [SCHEDULER][V1] INICIO envío pendientes @ 2026-08-24T20:37:00.007490400
2026-08-24 20:37:00.008 [sri-files-scheduler-3] [] INFO  c.e.s.services.EnvioSriBatchService - [SCHEDULER][sri-files-scheduler-3] INICIO automatizacionEnvioFacturasElectonicas @ 2026-08-24T20:37:00.008162300
2026-08-24 20:37:00.008 [sri-files-scheduler-3] [] INFO  c.e.s.services.EnvioSriBatchService - Ejecutando envio de facturas at=2026-08-24T20:37:00.008162300
2026-08-24 20:37:00.015 [sri-files-scheduler-4] [] INFO  c.e.s.s.NuevoDocumentoScheduler - [SCHEDULER][V1] FIN envío | detectados=0 | exitosos=0 | fallidos=0 | duracionMs=8
2026-08-24 20:37:01.338 [sri-files-scheduler-3] [] INFO  c.e.s.services.EnvioSriBatchService - No hay facturas pendientes estado=I
2026-08-24 20:37:01.338 [sri-files-scheduler-3] [] INFO  c.e.s.services.EnvioSriBatchService - [SCHEDULER][sri-files-scheduler-3] FIN automatizacionEnvioFacturasElectonicas | detectados=0 | exitosas=0 | fallidas=0 | duracionMs=1330
2026-08-24 20:38:00.006 [sri-files-scheduler-4] [] INFO  c.e.s.s.NuevoDocumentoScheduler - [SCHEDULER][V1] INICIO envío pendientes @ 2026-08-24T20:38:00.006467700
2026-08-24 20:38:00.007 [sri-files-scheduler-3] [] INFO  c.e.s.services.EnvioSriBatchService - [SCHEDULER][sri-files-scheduler-3] INICIO automatizacionEnvioFacturasElectonicas @ 2026-08-24T20:38:00.007329900
2026-08-24 20:38:00.007 [sri-files-scheduler-3] [] INFO  c.e.s.services.EnvioSriBatchService - Ejecutando envio de facturas at=2026-08-24T20:38:00.007329900
2026-08-24 20:38:00.008 [sri-files-scheduler-4] [] INFO  c.e.s.s.NuevoDocumentoScheduler - [SCHEDULER][V1] FIN envío | detectados=0 | exitosos=0 | fallidos=0 | duracionMs=2
2026-08-24 20:38:00.026 [sri-files-scheduler-2] [] INFO  c.e.s.batch.BatchJobScheduler - Batch automático ejecutado: tipo=ENVIAR_SRI uuid=5386a46c-af8c-4862-9191-e61fc96033ee
2026-08-24 20:38:00.028 [task-45] [5386a46c-af8c-4862-9191-e61fc96033ee] INFO  c.e.s.batch.BatchProcessorService - Iniciando batch job 5386a46c-af8c-4862-9191-e61fc96033ee tipo=ENVIAR_SRI [batchJob=5386a46c-af8c-4862-9191-e61fc96033ee]
2026-08-24 20:38:00.030 [task-45] [5386a46c-af8c-4862-9191-e61fc96033ee] INFO  c.e.s.batch.BatchProcessorService - Documentos encontrados: 0 [batchJob=5386a46c-af8c-4862-9191-e61fc96033ee]
2026-08-24 20:38:00.031 [task-45] [5386a46c-af8c-4862-9191-e61fc96033ee] INFO  c.e.s.batch.BatchProcessorService - Batch job 5386a46c-af8c-4862-9191-e61fc96033ee completado: Procesados: 0, Exitosos: 0, Fallidos: 0 [batchJob=5386a46c-af8c-4862-9191-e61fc96033ee]
2026-08-24 20:38:01.352 [sri-files-scheduler-3] [] INFO  c.e.s.services.EnvioSriBatchService - No hay facturas pendientes estado=I
2026-08-24 20:38:01.353 [sri-files-scheduler-3] [] INFO  c.e.s.services.EnvioSriBatchService - [SCHEDULER][sri-files-scheduler-3] FIN automatizacionEnvioFacturasElectonicas | detectados=0 | exitosas=0 | fallidas=0 | duracionMs=1346
2026-08-24 20:39:00.010 [sri-files-scheduler-3] [] INFO  c.e.s.s.NuevoDocumentoScheduler - [SCHEDULER][V1] INICIO envío pendientes @ 2026-08-24T20:39:00.010996100
2026-08-24 20:39:00.011 [sri-files-scheduler-2] [] INFO  c.e.s.services.EnvioSriBatchService - [SCHEDULER][sri-files-scheduler-2] INICIO automatizacionEnvioFacturasElectonicas @ 2026-08-24T20:39:00.011434300
2026-08-24 20:39:00.011 [sri-files-scheduler-2] [] INFO  c.e.s.services.EnvioSriBatchService - Ejecutando envio de facturas at=2026-08-24T20:39:00.011434300
2026-08-24 20:39:00.012 [sri-files-scheduler-3] [] INFO  c.e.s.s.NuevoDocumentoScheduler - [SCHEDULER][V1] FIN envío | detectados=0 | exitosos=0 | fallidos=0 | duracionMs=2
2026-08-24 20:39:00.016 [sri-files-scheduler-4] [] INFO  c.e.s.batch.BatchJobScheduler - Batch automático ejecutado: tipo=CONSULTAR_AUTORIZACION uuid=2bd2d60a-5748-41b2-8582-305a5b75c4bc
2026-08-24 20:39:00.017 [task-46] [2bd2d60a-5748-41b2-8582-305a5b75c4bc] INFO  c.e.s.batch.BatchProcessorService - Iniciando batch job 2bd2d60a-5748-41b2-8582-305a5b75c4bc tipo=CONSULTAR_AUTORIZACION [batchJob=2bd2d60a-5748-41b2-8582-305a5b75c4bc]
2026-08-24 20:39:00.019 [task-46] [2bd2d60a-5748-41b2-8582-305a5b75c4bc] INFO  c.e.s.batch.BatchProcessorService - Documentos encontrados: 0 [batchJob=2bd2d60a-5748-41b2-8582-305a5b75c4bc]
2026-08-24 20:39:00.019 [task-46] [2bd2d60a-5748-41b2-8582-305a5b75c4bc] INFO  c.e.s.batch.BatchProcessorService - Batch job 2bd2d60a-5748-41b2-8582-305a5b75c4bc completado: Procesados: 0, Exitosos: 0, Fallidos: 0 [batchJob=2bd2d60a-5748-41b2-8582-305a5b75c4bc]
2026-08-24 20:39:01.375 [sri-files-scheduler-2] [] INFO  c.e.s.services.EnvioSriBatchService - No hay facturas pendientes estado=I
2026-08-24 20:39:01.376 [sri-files-scheduler-2] [] INFO  c.e.s.services.EnvioSriBatchService - [SCHEDULER][sri-files-scheduler-2] FIN automatizacionEnvioFacturasElectonicas | detectados=0 | exitosas=0 | fallidas=0 | duracionMs=1365
2026-08-24 20:39:30.003 [sri-files-scheduler-3] [] INFO  c.e.s.s.NuevoDocumentoScheduler - [SCHEDULER][V1] INICIO recuperación autorizaciones @ 2026-08-24T20:39:30.003574900
2026-08-24 20:39:30.006 [sri-files-scheduler-3] [] INFO  c.e.s.s.NuevoDocumentoScheduler - [SCHEDULER][V1] FIN recuperación | detectados=0 | autorizados=0 | pendientes=0 | duracionMs=3
2026-08-24 20:40:00.004 [sri-files-scheduler-4] [] INFO  c.e.s.services.EnvioSriBatchService - [SCHEDULER][sri-files-scheduler-4] INICIO automatizacionEnvioFacturasElectonicas @ 2026-08-24T20:40:00.004685300
2026-08-24 20:40:00.004 [sri-files-scheduler-4] [] INFO  c.e.s.services.EnvioSriBatchService - Ejecutando envio de facturas at=2026-08-24T20:40:00.004685300
2026-08-24 20:40:00.007 [sri-files-scheduler-2] [] INFO  c.e.s.batch.BatchJobScheduler - Batch automático ejecutado: tipo=ENVIAR_SRI uuid=d00092ce-1bba-4f44-aba2-32ba59ce5b7c
2026-08-24 20:40:00.009 [task-47] [d00092ce-1bba-4f44-aba2-32ba59ce5b7c] INFO  c.e.s.batch.BatchProcessorService - Iniciando batch job d00092ce-1bba-4f44-aba2-32ba59ce5b7c tipo=ENVIAR_SRI [batchJob=d00092ce-1bba-4f44-aba2-32ba59ce5b7c]
2026-08-24 20:40:00.010 [sri-files-scheduler-2] [] INFO  c.e.s.batch.BatchJobScheduler - Batch automático ejecutado: tipo=REINTENTAR_FALLIDOS uuid=8e22ec8c-8500-4913-94a6-69bd18f22247
2026-08-24 20:40:00.012 [sri-files-scheduler-2] [] INFO  c.e.s.s.NuevoDocumentoScheduler - [SCHEDULER][V1] INICIO envío pendientes @ 2026-08-24T20:40:00.012384
2026-08-24 20:40:00.012 [task-47] [d00092ce-1bba-4f44-aba2-32ba59ce5b7c] INFO  c.e.s.batch.BatchProcessorService - Documentos encontrados: 0 [batchJob=d00092ce-1bba-4f44-aba2-32ba59ce5b7c]
2026-08-24 20:40:00.013 [task-47] [d00092ce-1bba-4f44-aba2-32ba59ce5b7c] INFO  c.e.s.batch.BatchProcessorService - Batch job d00092ce-1bba-4f44-aba2-32ba59ce5b7c completado: Procesados: 0, Exitosos: 0, Fallidos: 0 [batchJob=d00092ce-1bba-4f44-aba2-32ba59ce5b7c]
2026-08-24 20:40:00.013 [task-48] [8e22ec8c-8500-4913-94a6-69bd18f22247] INFO  c.e.s.batch.BatchProcessorService - Iniciando batch job 8e22ec8c-8500-4913-94a6-69bd18f22247 tipo=REINTENTAR_FALLIDOS [batchJob=8e22ec8c-8500-4913-94a6-69bd18f22247]
2026-08-24 20:40:00.014 [sri-files-scheduler-2] [] INFO  c.e.s.s.NuevoDocumentoScheduler - [SCHEDULER][V1] FIN envío | detectados=0 | exitosos=0 | fallidos=0 | duracionMs=2
2026-08-24 20:40:00.014 [sri-files-scheduler-3] [] INFO  c.e.s.batch.BatchJobScheduler - Batch automático ejecutado: tipo=ENVIAR_CORREO uuid=f30bc6b0-6699-4fcd-83ee-f13e8ffe7ab6
2026-08-24 20:40:00.014 [task-48] [8e22ec8c-8500-4913-94a6-69bd18f22247] INFO  c.e.s.batch.BatchProcessorService - Documentos encontrados: 0 [batchJob=8e22ec8c-8500-4913-94a6-69bd18f22247]
2026-08-24 20:40:00.014 [task-48] [8e22ec8c-8500-4913-94a6-69bd18f22247] INFO  c.e.s.batch.BatchProcessorService - Batch job 8e22ec8c-8500-4913-94a6-69bd18f22247 completado: Procesados: 0, Exitosos: 0, Fallidos: 0 [batchJob=8e22ec8c-8500-4913-94a6-69bd18f22247]
2026-08-24 20:40:00.015 [task-49] [f30bc6b0-6699-4fcd-83ee-f13e8ffe7ab6] INFO  c.e.s.batch.BatchProcessorService - Iniciando batch job f30bc6b0-6699-4fcd-83ee-f13e8ffe7ab6 tipo=ENVIAR_CORREO [batchJob=f30bc6b0-6699-4fcd-83ee-f13e8ffe7ab6]
2026-08-24 20:40:00.017 [task-49] [f30bc6b0-6699-4fcd-83ee-f13e8ffe7ab6] INFO  c.e.s.batch.BatchProcessorService - Documentos encontrados: 0 [batchJob=f30bc6b0-6699-4fcd-83ee-f13e8ffe7ab6]
2026-08-24 20:40:00.018 [task-49] [f30bc6b0-6699-4fcd-83ee-f13e8ffe7ab6] INFO  c.e.s.batch.BatchProcessorService - Batch job f30bc6b0-6699-4fcd-83ee-f13e8ffe7ab6 completado: Procesados: 0, Exitosos: 0, Fallidos: 0 [batchJob=f30bc6b0-6699-4fcd-83ee-f13e8ffe7ab6]
2026-08-24 20:40:01.425 [sri-files-scheduler-4] [] INFO  c.e.s.services.EnvioSriBatchService - No hay facturas pendientes estado=I
2026-08-24 20:40:01.425 [sri-files-scheduler-4] [] INFO  c.e.s.services.EnvioSriBatchService - [SCHEDULER][sri-files-scheduler-4] FIN automatizacionEnvioFacturasElectonicas | detectados=0 | exitosas=0 | fallidas=0 | duracionMs=1421
2026-08-24 20:41:00.013 [sri-files-scheduler-2] [] INFO  c.e.s.s.NuevoDocumentoScheduler - [SCHEDULER][V1] INICIO envío pendientes @ 2026-08-24T20:41:00.013155100
2026-08-24 20:41:00.013 [sri-files-scheduler-3] [] INFO  c.e.s.services.EnvioSriBatchService - [SCHEDULER][sri-files-scheduler-3] INICIO automatizacionEnvioFacturasElectonicas @ 2026-08-24T20:41:00.013155100
2026-08-24 20:41:00.013 [sri-files-scheduler-3] [] INFO  c.e.s.services.EnvioSriBatchService - Ejecutando envio de facturas at=2026-08-24T20:41:00.013155100
2026-08-24 20:41:00.014 [sri-files-scheduler-2] [] INFO  c.e.s.s.NuevoDocumentoScheduler - [SCHEDULER][V1] FIN envío | detectados=0 | exitosos=0 | fallidos=0 | duracionMs=1
2026-08-24 20:41:01.399 [sri-files-scheduler-3] [] INFO  c.e.s.services.EnvioSriBatchService - No hay facturas pendientes estado=I
2026-08-24 20:41:01.399 [sri-files-scheduler-3] [] INFO  c.e.s.services.EnvioSriBatchService - [SCHEDULER][sri-files-scheduler-3] FIN automatizacionEnvioFacturasElectonicas | detectados=0 | exitosas=0 | fallidas=0 | duracionMs=1386
2026-08-24 20:42:00.005 [sri-files-scheduler-2] [] INFO  c.e.s.s.NuevoDocumentoScheduler - [SCHEDULER][V1] INICIO envío pendientes @ 2026-08-24T20:42:00.005181400
2026-08-24 20:42:00.005 [sri-files-scheduler-3] [] INFO  c.e.s.services.EnvioSriBatchService - [SCHEDULER][sri-files-scheduler-3] INICIO automatizacionEnvioFacturasElectonicas @ 2026-08-24T20:42:00.005181400
2026-08-24 20:42:00.005 [sri-files-scheduler-3] [] INFO  c.e.s.services.EnvioSriBatchService - Ejecutando envio de facturas at=2026-08-24T20:42:00.005181400
2026-08-24 20:42:00.006 [sri-files-scheduler-2] [] INFO  c.e.s.s.NuevoDocumentoScheduler - [SCHEDULER][V1] FIN envío | detectados=0 | exitosos=0 | fallidos=0 | duracionMs=1
2026-08-24 20:42:00.009 [sri-files-scheduler-4] [] INFO  c.e.s.batch.BatchJobScheduler - Batch automático ejecutado: tipo=CONSULTAR_AUTORIZACION uuid=24e32877-bb5a-4464-8f40-02bf6e572fde
2026-08-24 20:42:00.009 [sri-files-scheduler-2] [] INFO  c.e.s.batch.BatchJobScheduler - Batch automático ejecutado: tipo=ENVIAR_SRI uuid=38a527a9-fe64-41c8-aa39-f40d325ca136
2026-08-24 20:42:00.010 [task-50] [24e32877-bb5a-4464-8f40-02bf6e572fde] INFO  c.e.s.batch.BatchProcessorService - Iniciando batch job 24e32877-bb5a-4464-8f40-02bf6e572fde tipo=CONSULTAR_AUTORIZACION [batchJob=24e32877-bb5a-4464-8f40-02bf6e572fde]
2026-08-24 20:42:00.010 [task-51] [38a527a9-fe64-41c8-aa39-f40d325ca136] INFO  c.e.s.batch.BatchProcessorService - Iniciando batch job 38a527a9-fe64-41c8-aa39-f40d325ca136 tipo=ENVIAR_SRI [batchJob=38a527a9-fe64-41c8-aa39-f40d325ca136]
2026-08-24 20:42:00.011 [task-51] [38a527a9-fe64-41c8-aa39-f40d325ca136] INFO  c.e.s.batch.BatchProcessorService - Documentos encontrados: 0 [batchJob=38a527a9-fe64-41c8-aa39-f40d325ca136]
2026-08-24 20:42:00.011 [task-50] [24e32877-bb5a-4464-8f40-02bf6e572fde] INFO  c.e.s.batch.BatchProcessorService - Documentos encontrados: 0 [batchJob=24e32877-bb5a-4464-8f40-02bf6e572fde]
2026-08-24 20:42:00.011 [task-51] [38a527a9-fe64-41c8-aa39-f40d325ca136] INFO  c.e.s.batch.BatchProcessorService - Batch job 38a527a9-fe64-41c8-aa39-f40d325ca136 completado: Procesados: 0, Exitosos: 0, Fallidos: 0 [batchJob=38a527a9-fe64-41c8-aa39-f40d325ca136]
2026-08-24 20:42:00.011 [task-50] [24e32877-bb5a-4464-8f40-02bf6e572fde] INFO  c.e.s.batch.BatchProcessorService - Batch job 24e32877-bb5a-4464-8f40-02bf6e572fde completado: Procesados: 0, Exitosos: 0, Fallidos: 0 [batchJob=24e32877-bb5a-4464-8f40-02bf6e572fde]
2026-08-24 20:42:01.355 [sri-files-scheduler-3] [] INFO  c.e.s.services.EnvioSriBatchService - No hay facturas pendientes estado=I
2026-08-24 20:42:01.356 [sri-files-scheduler-3] [] INFO  c.e.s.services.EnvioSriBatchService - [SCHEDULER][sri-files-scheduler-3] FIN automatizacionEnvioFacturasElectonicas | detectados=0 | exitosas=0 | fallidas=0 | duracionMs=1351
2026-08-24 20:42:30.010 [sri-files-scheduler-4] [] INFO  c.e.s.s.NuevoDocumentoScheduler - [SCHEDULER][V1] INICIO recuperación autorizaciones @ 2026-08-24T20:42:30.010673100
2026-08-24 20:42:30.012 [sri-files-scheduler-4] [] INFO  c.e.s.s.NuevoDocumentoScheduler - [SCHEDULER][V1] FIN recuperación | detectados=0 | autorizados=0 | pendientes=0 | duracionMs=2
2026-08-24 20:43:00.005 [sri-files-scheduler-2] [] INFO  c.e.s.s.NuevoDocumentoScheduler - [SCHEDULER][V1] INICIO envío pendientes @ 2026-08-24T20:43:00.005228900
2026-08-24 20:43:00.006 [sri-files-scheduler-3] [] INFO  c.e.s.services.EnvioSriBatchService - [SCHEDULER][sri-files-scheduler-3] INICIO automatizacionEnvioFacturasElectonicas @ 2026-08-24T20:43:00.006577700
2026-08-24 20:43:00.006 [sri-files-scheduler-3] [] INFO  c.e.s.services.EnvioSriBatchService - Ejecutando envio de facturas at=2026-08-24T20:43:00.006577700
2026-08-24 20:43:00.008 [sri-files-scheduler-2] [] INFO  c.e.s.s.NuevoDocumentoScheduler - [SCHEDULER][V1] FIN envío | detectados=0 | exitosos=0 | fallidos=0 | duracionMs=3
2026-08-24 20:43:01.357 [sri-files-scheduler-3] [] INFO  c.e.s.services.EnvioSriBatchService - No hay facturas pendientes estado=I
2026-08-24 20:43:01.357 [sri-files-scheduler-3] [] INFO  c.e.s.services.EnvioSriBatchService - [SCHEDULER][sri-files-scheduler-3] FIN automatizacionEnvioFacturasElectonicas | detectados=0 | exitosas=0 | fallidas=0 | duracionMs=1351
2026-08-24 20:44:00.005 [sri-files-scheduler-3] [] INFO  c.e.s.s.NuevoDocumentoScheduler - [SCHEDULER][V1] INICIO envío pendientes @ 2026-08-24T20:44:00.005146600
2026-08-24 20:44:00.006 [sri-files-scheduler-2] [] INFO  c.e.s.services.EnvioSriBatchService - [SCHEDULER][sri-files-scheduler-2] INICIO automatizacionEnvioFacturasElectonicas @ 2026-08-24T20:44:00.006014700
2026-08-24 20:44:00.006 [sri-files-scheduler-2] [] INFO  c.e.s.services.EnvioSriBatchService - Ejecutando envio de facturas at=2026-08-24T20:44:00.006014700
2026-08-24 20:44:00.007 [sri-files-scheduler-3] [] INFO  c.e.s.s.NuevoDocumentoScheduler - [SCHEDULER][V1] FIN envío | detectados=0 | exitosos=0 | fallidos=0 | duracionMs=2
2026-08-24 20:44:00.009 [sri-files-scheduler-4] [] INFO  c.e.s.batch.BatchJobScheduler - Batch automático ejecutado: tipo=ENVIAR_SRI uuid=76fa124a-ae2a-4273-82e9-55e159cda872
2026-08-24 20:44:00.010 [sri-files-scheduler-3] [] INFO  c.e.s.batch.BatchJobScheduler - Batch automático ejecutado: tipo=ENVIAR_CORREO uuid=5db80edc-c7a1-4e11-978d-aef924d452e4
2026-08-24 20:44:00.010 [task-52] [76fa124a-ae2a-4273-82e9-55e159cda872] INFO  c.e.s.batch.BatchProcessorService - Iniciando batch job 76fa124a-ae2a-4273-82e9-55e159cda872 tipo=ENVIAR_SRI [batchJob=76fa124a-ae2a-4273-82e9-55e159cda872]
2026-08-24 20:44:00.011 [task-53] [5db80edc-c7a1-4e11-978d-aef924d452e4] INFO  c.e.s.batch.BatchProcessorService - Iniciando batch job 5db80edc-c7a1-4e11-978d-aef924d452e4 tipo=ENVIAR_CORREO [batchJob=5db80edc-c7a1-4e11-978d-aef924d452e4]
2026-08-24 20:44:00.012 [task-52] [76fa124a-ae2a-4273-82e9-55e159cda872] INFO  c.e.s.batch.BatchProcessorService - Documentos encontrados: 0 [batchJob=76fa124a-ae2a-4273-82e9-55e159cda872]
2026-08-24 20:44:00.012 [task-53] [5db80edc-c7a1-4e11-978d-aef924d452e4] INFO  c.e.s.batch.BatchProcessorService - Documentos encontrados: 0 [batchJob=5db80edc-c7a1-4e11-978d-aef924d452e4]
2026-08-24 20:44:00.012 [task-52] [76fa124a-ae2a-4273-82e9-55e159cda872] INFO  c.e.s.batch.BatchProcessorService - Batch job 76fa124a-ae2a-4273-82e9-55e159cda872 completado: Procesados: 0, Exitosos: 0, Fallidos: 0 [batchJob=76fa124a-ae2a-4273-82e9-55e159cda872]
2026-08-24 20:44:00.012 [task-53] [5db80edc-c7a1-4e11-978d-aef924d452e4] INFO  c.e.s.batch.BatchProcessorService - Batch job 5db80edc-c7a1-4e11-978d-aef924d452e4 completado: Procesados: 0, Exitosos: 0, Fallidos: 0 [batchJob=5db80edc-c7a1-4e11-978d-aef924d452e4]
2026-08-24 20:44:01.367 [sri-files-scheduler-2] [] INFO  c.e.s.services.EnvioSriBatchService - No hay facturas pendientes estado=I
2026-08-24 20:44:01.368 [sri-files-scheduler-2] [] INFO  c.e.s.services.EnvioSriBatchService - [SCHEDULER][sri-files-scheduler-2] FIN automatizacionEnvioFacturasElectonicas | detectados=0 | exitosas=0 | fallidas=0 | duracionMs=1362
2026-08-24 20:45:00.004 [sri-files-scheduler-3] [] INFO  c.e.s.s.NuevoDocumentoScheduler - [SCHEDULER][V1] INICIO envío pendientes @ 2026-08-24T20:45:00.004542
2026-08-24 20:45:00.005 [sri-files-scheduler-2] [] INFO  c.e.s.services.EnvioSriBatchService - [SCHEDULER][sri-files-scheduler-2] INICIO automatizacionEnvioFacturasElectonicas @ 2026-08-24T20:45:00.005768500
2026-08-24 20:45:00.005 [sri-files-scheduler-2] [] INFO  c.e.s.services.EnvioSriBatchService - Ejecutando envio de facturas at=2026-08-24T20:45:00.005768500
2026-08-24 20:45:00.007 [sri-files-scheduler-3] [] INFO  c.e.s.s.NuevoDocumentoScheduler - [SCHEDULER][V1] FIN envío | detectados=0 | exitosos=0 | fallidos=0 | duracionMs=3
2026-08-24 20:45:00.010 [sri-files-scheduler-4] [] INFO  c.e.s.batch.BatchJobScheduler - Batch automático ejecutado: tipo=REINTENTAR_FALLIDOS uuid=fc74bc2c-544a-4d22-86f6-b29129686089
2026-08-24 20:45:00.010 [sri-files-scheduler-3] [] INFO  c.e.s.batch.BatchJobScheduler - Batch automático ejecutado: tipo=CONSULTAR_AUTORIZACION uuid=77dd0369-79e0-4275-85b8-ff1546466975
2026-08-24 20:45:00.011 [task-55] [77dd0369-79e0-4275-85b8-ff1546466975] INFO  c.e.s.batch.BatchProcessorService - Iniciando batch job 77dd0369-79e0-4275-85b8-ff1546466975 tipo=CONSULTAR_AUTORIZACION [batchJob=77dd0369-79e0-4275-85b8-ff1546466975]
2026-08-24 20:45:00.011 [task-54] [fc74bc2c-544a-4d22-86f6-b29129686089] INFO  c.e.s.batch.BatchProcessorService - Iniciando batch job fc74bc2c-544a-4d22-86f6-b29129686089 tipo=REINTENTAR_FALLIDOS [batchJob=fc74bc2c-544a-4d22-86f6-b29129686089]
2026-08-24 20:45:00.013 [task-54] [fc74bc2c-544a-4d22-86f6-b29129686089] INFO  c.e.s.batch.BatchProcessorService - Documentos encontrados: 0 [batchJob=fc74bc2c-544a-4d22-86f6-b29129686089]
2026-08-24 20:45:00.013 [task-55] [77dd0369-79e0-4275-85b8-ff1546466975] INFO  c.e.s.batch.BatchProcessorService - Documentos encontrados: 0 [batchJob=77dd0369-79e0-4275-85b8-ff1546466975]
2026-08-24 20:45:00.013 [task-54] [fc74bc2c-544a-4d22-86f6-b29129686089] INFO  c.e.s.batch.BatchProcessorService - Batch job fc74bc2c-544a-4d22-86f6-b29129686089 completado: Procesados: 0, Exitosos: 0, Fallidos: 0 [batchJob=fc74bc2c-544a-4d22-86f6-b29129686089]
2026-08-24 20:45:00.013 [task-55] [77dd0369-79e0-4275-85b8-ff1546466975] INFO  c.e.s.batch.BatchProcessorService - Batch job 77dd0369-79e0-4275-85b8-ff1546466975 completado: Procesados: 0, Exitosos: 0, Fallidos: 0 [batchJob=77dd0369-79e0-4275-85b8-ff1546466975]
2026-08-24 20:45:01.309 [sri-files-scheduler-2] [] INFO  c.e.s.services.EnvioSriBatchService - No hay facturas pendientes estado=I
2026-08-24 20:45:01.309 [sri-files-scheduler-2] [] INFO  c.e.s.services.EnvioSriBatchService - [SCHEDULER][sri-files-scheduler-2] FIN automatizacionEnvioFacturasElectonicas | detectados=0 | exitosas=0 | fallidas=0 | duracionMs=1304
2026-08-24 20:45:30.003 [sri-files-scheduler-4] [] INFO  c.e.s.s.NuevoDocumentoScheduler - [SCHEDULER][V1] INICIO recuperación autorizaciones @ 2026-08-24T20:45:30.003790900
2026-08-24 20:45:30.005 [sri-files-scheduler-4] [] INFO  c.e.s.s.NuevoDocumentoScheduler - [SCHEDULER][V1] FIN recuperación | detectados=0 | autorizados=0 | pendientes=0 | duracionMs=2
2026-08-24 20:46:00.011 [sri-files-scheduler-2] [] INFO  c.e.s.s.NuevoDocumentoScheduler - [SCHEDULER][V1] INICIO envío pendientes @ 2026-08-24T20:46:00.011973300
2026-08-24 20:46:00.011 [sri-files-scheduler-3] [] INFO  c.e.s.services.EnvioSriBatchService - [SCHEDULER][sri-files-scheduler-3] INICIO automatizacionEnvioFacturasElectonicas @ 2026-08-24T20:46:00.011973300
2026-08-24 20:46:00.011 [sri-files-scheduler-3] [] INFO  c.e.s.services.EnvioSriBatchService - Ejecutando envio de facturas at=2026-08-24T20:46:00.011973300
2026-08-24 20:46:00.012 [sri-files-scheduler-2] [] INFO  c.e.s.s.NuevoDocumentoScheduler - [SCHEDULER][V1] FIN envío | detectados=0 | exitosos=0 | fallidos=0 | duracionMs=1
2026-08-24 20:46:00.013 [sri-files-scheduler-4] [] INFO  c.e.s.batch.BatchJobScheduler - Batch automático ejecutado: tipo=ENVIAR_SRI uuid=b3123d08-7a55-4738-ac22-8929f92ea525
2026-08-24 20:46:00.015 [task-56] [b3123d08-7a55-4738-ac22-8929f92ea525] INFO  c.e.s.batch.BatchProcessorService - Iniciando batch job b3123d08-7a55-4738-ac22-8929f92ea525 tipo=ENVIAR_SRI [batchJob=b3123d08-7a55-4738-ac22-8929f92ea525]
2026-08-24 20:46:00.016 [task-56] [b3123d08-7a55-4738-ac22-8929f92ea525] INFO  c.e.s.batch.BatchProcessorService - Documentos encontrados: 0 [batchJob=b3123d08-7a55-4738-ac22-8929f92ea525]
2026-08-24 20:46:00.016 [task-56] [b3123d08-7a55-4738-ac22-8929f92ea525] INFO  c.e.s.batch.BatchProcessorService - Batch job b3123d08-7a55-4738-ac22-8929f92ea525 completado: Procesados: 0, Exitosos: 0, Fallidos: 0 [batchJob=b3123d08-7a55-4738-ac22-8929f92ea525]
2026-08-24 20:46:01.291 [sri-files-scheduler-3] [] INFO  c.e.s.services.EnvioSriBatchService - No hay facturas pendientes estado=I
2026-08-24 20:46:01.291 [sri-files-scheduler-3] [] INFO  c.e.s.services.EnvioSriBatchService - [SCHEDULER][sri-files-scheduler-3] FIN automatizacionEnvioFacturasElectonicas | detectados=0 | exitosas=0 | fallidas=0 | duracionMs=1280
2026-08-24 20:47:00.001 [sri-files-scheduler-3] [] INFO  c.e.s.services.EnvioSriBatchService - [SCHEDULER][sri-files-scheduler-3] INICIO automatizacionEnvioFacturasElectonicas @ 2026-08-24T20:47:00.001100600
2026-08-24 20:47:00.001 [sri-files-scheduler-3] [] INFO  c.e.s.services.EnvioSriBatchService - Ejecutando envio de facturas at=2026-08-24T20:47:00.001100600
2026-08-24 20:47:00.015 [sri-files-scheduler-4] [] INFO  c.e.s.s.NuevoDocumentoScheduler - [SCHEDULER][V1] INICIO envío pendientes @ 2026-08-24T20:47:00.015831
2026-08-24 20:47:00.016 [sri-files-scheduler-4] [] INFO  c.e.s.s.NuevoDocumentoScheduler - [SCHEDULER][V1] FIN envío | detectados=0 | exitosos=0 | fallidos=0 | duracionMs=1
2026-08-24 20:47:01.371 [sri-files-scheduler-3] [] INFO  c.e.s.services.EnvioSriBatchService - No hay facturas pendientes estado=I
2026-08-24 20:47:01.372 [sri-files-scheduler-3] [] INFO  c.e.s.services.EnvioSriBatchService - [SCHEDULER][sri-files-scheduler-3] FIN automatizacionEnvioFacturasElectonicas | detectados=0 | exitosas=0 | fallidas=0 | duracionMs=1371
2026-08-24 20:48:00.006 [sri-files-scheduler-4] [] INFO  c.e.s.services.EnvioSriBatchService - [SCHEDULER][sri-files-scheduler-4] INICIO automatizacionEnvioFacturasElectonicas @ 2026-08-24T20:48:00.006995
2026-08-24 20:48:00.006 [sri-files-scheduler-4] [] INFO  c.e.s.services.EnvioSriBatchService - Ejecutando envio de facturas at=2026-08-24T20:48:00.006995
2026-08-24 20:48:00.011 [sri-files-scheduler-2] [] INFO  c.e.s.batch.BatchJobScheduler - Batch automático ejecutado: tipo=ENVIAR_CORREO uuid=0e423251-8f2b-4c65-bb9f-2fda3a4205c4
2026-08-24 20:48:00.011 [sri-files-scheduler-3] [] INFO  c.e.s.batch.BatchJobScheduler - Batch automático ejecutado: tipo=CONSULTAR_AUTORIZACION uuid=a11b5892-c5a0-4131-9553-8a44d62005e7
2026-08-24 20:48:00.011 [sri-files-scheduler-3] [] INFO  c.e.s.s.NuevoDocumentoScheduler - [SCHEDULER][V1] INICIO envío pendientes @ 2026-08-24T20:48:00.011000100
2026-08-24 20:48:00.012 [sri-files-scheduler-3] [] INFO  c.e.s.s.NuevoDocumentoScheduler - [SCHEDULER][V1] FIN envío | detectados=0 | exitosos=0 | fallidos=0 | duracionMs=1
2026-08-24 20:48:00.013 [task-58] [a11b5892-c5a0-4131-9553-8a44d62005e7] INFO  c.e.s.batch.BatchProcessorService - Iniciando batch job a11b5892-c5a0-4131-9553-8a44d62005e7 tipo=CONSULTAR_AUTORIZACION [batchJob=a11b5892-c5a0-4131-9553-8a44d62005e7]
2026-08-24 20:48:00.013 [task-57] [0e423251-8f2b-4c65-bb9f-2fda3a4205c4] INFO  c.e.s.batch.BatchProcessorService - Iniciando batch job 0e423251-8f2b-4c65-bb9f-2fda3a4205c4 tipo=ENVIAR_CORREO [batchJob=0e423251-8f2b-4c65-bb9f-2fda3a4205c4]
2026-08-24 20:48:00.014 [sri-files-scheduler-2] [] INFO  c.e.s.batch.BatchJobScheduler - Batch automático ejecutado: tipo=ENVIAR_SRI uuid=5a97dd32-a186-4c23-b37d-97650f6e55c9
2026-08-24 20:48:00.014 [task-57] [0e423251-8f2b-4c65-bb9f-2fda3a4205c4] INFO  c.e.s.batch.BatchProcessorService - Documentos encontrados: 0 [batchJob=0e423251-8f2b-4c65-bb9f-2fda3a4205c4]
2026-08-24 20:48:00.014 [task-58] [a11b5892-c5a0-4131-9553-8a44d62005e7] INFO  c.e.s.batch.BatchProcessorService - Documentos encontrados: 0 [batchJob=a11b5892-c5a0-4131-9553-8a44d62005e7]
2026-08-24 20:48:00.014 [task-57] [0e423251-8f2b-4c65-bb9f-2fda3a4205c4] INFO  c.e.s.batch.BatchProcessorService - Batch job 0e423251-8f2b-4c65-bb9f-2fda3a4205c4 completado: Procesados: 0, Exitosos: 0, Fallidos: 0 [batchJob=0e423251-8f2b-4c65-bb9f-2fda3a4205c4]
2026-08-24 20:48:00.014 [task-58] [a11b5892-c5a0-4131-9553-8a44d62005e7] INFO  c.e.s.batch.BatchProcessorService - Batch job a11b5892-c5a0-4131-9553-8a44d62005e7 completado: Procesados: 0, Exitosos: 0, Fallidos: 0 [batchJob=a11b5892-c5a0-4131-9553-8a44d62005e7]
2026-08-24 20:48:00.014 [task-59] [5a97dd32-a186-4c23-b37d-97650f6e55c9] INFO  c.e.s.batch.BatchProcessorService - Iniciando batch job 5a97dd32-a186-4c23-b37d-97650f6e55c9 tipo=ENVIAR_SRI [batchJob=5a97dd32-a186-4c23-b37d-97650f6e55c9]
2026-08-24 20:48:00.015 [task-59] [5a97dd32-a186-4c23-b37d-97650f6e55c9] INFO  c.e.s.batch.BatchProcessorService - Documentos encontrados: 0 [batchJob=5a97dd32-a186-4c23-b37d-97650f6e55c9]
2026-08-24 20:48:00.016 [task-59] [5a97dd32-a186-4c23-b37d-97650f6e55c9] INFO  c.e.s.batch.BatchProcessorService - Batch job 5a97dd32-a186-4c23-b37d-97650f6e55c9 completado: Procesados: 0, Exitosos: 0, Fallidos: 0 [batchJob=5a97dd32-a186-4c23-b37d-97650f6e55c9]
2026-08-24 20:48:01.329 [sri-files-scheduler-4] [] INFO  c.e.s.services.EnvioSriBatchService - No hay facturas pendientes estado=I
2026-08-24 20:48:01.329 [sri-files-scheduler-4] [] INFO  c.e.s.services.EnvioSriBatchService - [SCHEDULER][sri-files-scheduler-4] FIN automatizacionEnvioFacturasElectonicas | detectados=0 | exitosas=0 | fallidas=0 | duracionMs=1323
2026-08-24 20:48:30.008 [sri-files-scheduler-3] [] INFO  c.e.s.s.NuevoDocumentoScheduler - [SCHEDULER][V1] INICIO recuperación autorizaciones @ 2026-08-24T20:48:30.008669200
2026-08-24 20:48:30.009 [sri-files-scheduler-3] [] INFO  c.e.s.s.NuevoDocumentoScheduler - [SCHEDULER][V1] FIN recuperación | detectados=0 | autorizados=0 | pendientes=0 | duracionMs=1
2026-08-24 20:49:00.001 [sri-files-scheduler-4] [] INFO  c.e.s.s.NuevoDocumentoScheduler - [SCHEDULER][V1] INICIO envío pendientes @ 2026-08-24T20:49:00.001200100
2026-08-24 20:49:00.002 [sri-files-scheduler-2] [] INFO  c.e.s.services.EnvioSriBatchService - [SCHEDULER][sri-files-scheduler-2] INICIO automatizacionEnvioFacturasElectonicas @ 2026-08-24T20:49:00.002149300
2026-08-24 20:49:00.002 [sri-files-scheduler-2] [] INFO  c.e.s.services.EnvioSriBatchService - Ejecutando envio de facturas at=2026-08-24T20:49:00.002149300
2026-08-24 20:49:00.003 [sri-files-scheduler-4] [] INFO  c.e.s.s.NuevoDocumentoScheduler - [SCHEDULER][V1] FIN envío | detectados=0 | exitosos=0 | fallidos=0 | duracionMs=2
2026-08-24 20:49:01.347 [sri-files-scheduler-2] [] INFO  c.e.s.services.EnvioSriBatchService - No hay facturas pendientes estado=I
2026-08-24 20:49:01.347 [sri-files-scheduler-2] [] INFO  c.e.s.services.EnvioSriBatchService - [SCHEDULER][sri-files-scheduler-2] FIN automatizacionEnvioFacturasElectonicas | detectados=0 | exitosas=0 | fallidas=0 | duracionMs=1345
2026-08-24 20:50:00.013 [sri-files-scheduler-2] [] INFO  c.e.s.services.EnvioSriBatchService - [SCHEDULER][sri-files-scheduler-2] INICIO automatizacionEnvioFacturasElectonicas @ 2026-08-24T20:50:00.013727600
2026-08-24 20:50:00.013 [sri-files-scheduler-2] [] INFO  c.e.s.services.EnvioSriBatchService - Ejecutando envio de facturas at=2026-08-24T20:50:00.013727600
2026-08-24 20:50:00.015 [sri-files-scheduler-4] [] INFO  c.e.s.batch.BatchJobScheduler - Batch automático ejecutado: tipo=REINTENTAR_FALLIDOS uuid=119292ea-6f7a-4cea-96ff-558958e133ef
2026-08-24 20:50:00.015 [sri-files-scheduler-4] [] INFO  c.e.s.s.NuevoDocumentoScheduler - [SCHEDULER][V1] INICIO envío pendientes @ 2026-08-24T20:50:00.015296300
2026-08-24 20:50:00.015 [sri-files-scheduler-3] [] INFO  c.e.s.batch.BatchJobScheduler - Batch automático ejecutado: tipo=ENVIAR_SRI uuid=4c8dd2da-9612-4bea-8881-94ae647ad021
2026-08-24 20:50:00.015 [sri-files-scheduler-4] [] INFO  c.e.s.s.NuevoDocumentoScheduler - [SCHEDULER][V1] FIN envío | detectados=0 | exitosos=0 | fallidos=0 | duracionMs=0
2026-08-24 20:50:00.015 [task-60] [119292ea-6f7a-4cea-96ff-558958e133ef] INFO  c.e.s.batch.BatchProcessorService - Iniciando batch job 119292ea-6f7a-4cea-96ff-558958e133ef tipo=REINTENTAR_FALLIDOS [batchJob=119292ea-6f7a-4cea-96ff-558958e133ef]
2026-08-24 20:50:00.016 [task-61] [4c8dd2da-9612-4bea-8881-94ae647ad021] INFO  c.e.s.batch.BatchProcessorService - Iniciando batch job 4c8dd2da-9612-4bea-8881-94ae647ad021 tipo=ENVIAR_SRI [batchJob=4c8dd2da-9612-4bea-8881-94ae647ad021]
2026-08-24 20:50:00.017 [task-61] [4c8dd2da-9612-4bea-8881-94ae647ad021] INFO  c.e.s.batch.BatchProcessorService - Documentos encontrados: 0 [batchJob=4c8dd2da-9612-4bea-8881-94ae647ad021]
2026-08-24 20:50:00.017 [task-60] [119292ea-6f7a-4cea-96ff-558958e133ef] INFO  c.e.s.batch.BatchProcessorService - Documentos encontrados: 0 [batchJob=119292ea-6f7a-4cea-96ff-558958e133ef]
2026-08-24 20:50:00.017 [task-61] [4c8dd2da-9612-4bea-8881-94ae647ad021] INFO  c.e.s.batch.BatchProcessorService - Batch job 4c8dd2da-9612-4bea-8881-94ae647ad021 completado: Procesados: 0, Exitosos: 0, Fallidos: 0 [batchJob=4c8dd2da-9612-4bea-8881-94ae647ad021]
2026-08-24 20:50:00.018 [task-60] [119292ea-6f7a-4cea-96ff-558958e133ef] INFO  c.e.s.batch.BatchProcessorService - Batch job 119292ea-6f7a-4cea-96ff-558958e133ef completado: Procesados: 0, Exitosos: 0, Fallidos: 0 [batchJob=119292ea-6f7a-4cea-96ff-558958e133ef]
2026-08-24 20:50:01.312 [sri-files-scheduler-2] [] INFO  c.e.s.services.EnvioSriBatchService - No hay facturas pendientes estado=I
2026-08-24 20:50:01.312 [sri-files-scheduler-2] [] INFO  c.e.s.services.EnvioSriBatchService - [SCHEDULER][sri-files-scheduler-2] FIN automatizacionEnvioFacturasElectonicas | detectados=0 | exitosas=0 | fallidas=0 | duracionMs=1299
2026-08-24 20:51:00.008 [sri-files-scheduler-3] [] INFO  c.e.s.s.NuevoDocumentoScheduler - [SCHEDULER][V1] INICIO envío pendientes @ 2026-08-24T20:51:00.008040800
2026-08-24 20:51:00.008 [sri-files-scheduler-2] [] INFO  c.e.s.services.EnvioSriBatchService - [SCHEDULER][sri-files-scheduler-2] INICIO automatizacionEnvioFacturasElectonicas @ 2026-08-24T20:51:00.008040800
2026-08-24 20:51:00.008 [sri-files-scheduler-2] [] INFO  c.e.s.services.EnvioSriBatchService - Ejecutando envio de facturas at=2026-08-24T20:51:00.008040800
2026-08-24 20:51:00.008 [sri-files-scheduler-3] [] INFO  c.e.s.s.NuevoDocumentoScheduler - [SCHEDULER][V1] FIN envío | detectados=0 | exitosos=0 | fallidos=0 | duracionMs=0
2026-08-24 20:51:00.012 [sri-files-scheduler-4] [] INFO  c.e.s.batch.BatchJobScheduler - Batch automático ejecutado: tipo=CONSULTAR_AUTORIZACION uuid=4f28bca8-b0f2-497b-bf99-201a93bdc20f
2026-08-24 20:51:00.016 [task-62] [4f28bca8-b0f2-497b-bf99-201a93bdc20f] INFO  c.e.s.batch.BatchProcessorService - Iniciando batch job 4f28bca8-b0f2-497b-bf99-201a93bdc20f tipo=CONSULTAR_AUTORIZACION [batchJob=4f28bca8-b0f2-497b-bf99-201a93bdc20f]
2026-08-24 20:51:00.019 [task-62] [4f28bca8-b0f2-497b-bf99-201a93bdc20f] INFO  c.e.s.batch.BatchProcessorService - Documentos encontrados: 0 [batchJob=4f28bca8-b0f2-497b-bf99-201a93bdc20f]
2026-08-24 20:51:00.019 [task-62] [4f28bca8-b0f2-497b-bf99-201a93bdc20f] INFO  c.e.s.batch.BatchProcessorService - Batch job 4f28bca8-b0f2-497b-bf99-201a93bdc20f completado: Procesados: 0, Exitosos: 0, Fallidos: 0 [batchJob=4f28bca8-b0f2-497b-bf99-201a93bdc20f]
2026-08-24 20:51:01.329 [sri-files-scheduler-2] [] INFO  c.e.s.services.EnvioSriBatchService - No hay facturas pendientes estado=I
2026-08-24 20:51:01.329 [sri-files-scheduler-2] [] INFO  c.e.s.services.EnvioSriBatchService - [SCHEDULER][sri-files-scheduler-2] FIN automatizacionEnvioFacturasElectonicas | detectados=0 | exitosas=0 | fallidas=0 | duracionMs=1321
2026-08-24 20:51:30.011 [sri-files-scheduler-3] [] INFO  c.e.s.s.NuevoDocumentoScheduler - [SCHEDULER][V1] INICIO recuperación autorizaciones @ 2026-08-24T20:51:30.011045400
2026-08-24 20:51:30.013 [sri-files-scheduler-3] [] INFO  c.e.s.s.NuevoDocumentoScheduler - [SCHEDULER][V1] FIN recuperación | detectados=0 | autorizados=0 | pendientes=0 | duracionMs=2
2026-08-24 20:52:00.003 [sri-files-scheduler-2] [] INFO  c.e.s.services.EnvioSriBatchService - [SCHEDULER][sri-files-scheduler-2] INICIO automatizacionEnvioFacturasElectonicas @ 2026-08-24T20:52:00.003557600
2026-08-24 20:52:00.003 [sri-files-scheduler-2] [] INFO  c.e.s.services.EnvioSriBatchService - Ejecutando envio de facturas at=2026-08-24T20:52:00.003557600
2026-08-24 20:52:00.006 [sri-files-scheduler-3] [] INFO  c.e.s.batch.BatchJobScheduler - Batch automático ejecutado: tipo=ENVIAR_CORREO uuid=d5fe0d4a-7b6d-4ba5-b2dd-44e76c89b9f6
2026-08-24 20:52:00.006 [sri-files-scheduler-4] [] INFO  c.e.s.batch.BatchJobScheduler - Batch automático ejecutado: tipo=ENVIAR_SRI uuid=ac50bba0-f2cb-4dd5-a84f-a942a412372d
2026-08-24 20:52:00.006 [sri-files-scheduler-3] [] INFO  c.e.s.s.NuevoDocumentoScheduler - [SCHEDULER][V1] INICIO envío pendientes @ 2026-08-24T20:52:00.006583200
2026-08-24 20:52:00.007 [task-64] [ac50bba0-f2cb-4dd5-a84f-a942a412372d] INFO  c.e.s.batch.BatchProcessorService - Iniciando batch job ac50bba0-f2cb-4dd5-a84f-a942a412372d tipo=ENVIAR_SRI [batchJob=ac50bba0-f2cb-4dd5-a84f-a942a412372d]
2026-08-24 20:52:00.007 [sri-files-scheduler-3] [] INFO  c.e.s.s.NuevoDocumentoScheduler - [SCHEDULER][V1] FIN envío | detectados=0 | exitosos=0 | fallidos=0 | duracionMs=1
2026-08-24 20:52:00.007 [task-63] [d5fe0d4a-7b6d-4ba5-b2dd-44e76c89b9f6] INFO  c.e.s.batch.BatchProcessorService - Iniciando batch job d5fe0d4a-7b6d-4ba5-b2dd-44e76c89b9f6 tipo=ENVIAR_CORREO [batchJob=d5fe0d4a-7b6d-4ba5-b2dd-44e76c89b9f6]
2026-08-24 20:52:00.008 [task-64] [ac50bba0-f2cb-4dd5-a84f-a942a412372d] INFO  c.e.s.batch.BatchProcessorService - Documentos encontrados: 0 [batchJob=ac50bba0-f2cb-4dd5-a84f-a942a412372d]
2026-08-24 20:52:00.008 [task-64] [ac50bba0-f2cb-4dd5-a84f-a942a412372d] INFO  c.e.s.batch.BatchProcessorService - Batch job ac50bba0-f2cb-4dd5-a84f-a942a412372d completado: Procesados: 0, Exitosos: 0, Fallidos: 0 [batchJob=ac50bba0-f2cb-4dd5-a84f-a942a412372d]
2026-08-24 20:52:00.010 [task-63] [d5fe0d4a-7b6d-4ba5-b2dd-44e76c89b9f6] INFO  c.e.s.batch.BatchProcessorService - Documentos encontrados: 0 [batchJob=d5fe0d4a-7b6d-4ba5-b2dd-44e76c89b9f6]
2026-08-24 20:52:00.010 [task-63] [d5fe0d4a-7b6d-4ba5-b2dd-44e76c89b9f6] INFO  c.e.s.batch.BatchProcessorService - Batch job d5fe0d4a-7b6d-4ba5-b2dd-44e76c89b9f6 completado: Procesados: 0, Exitosos: 0, Fallidos: 0 [batchJob=d5fe0d4a-7b6d-4ba5-b2dd-44e76c89b9f6]
2026-08-24 20:52:01.358 [sri-files-scheduler-2] [] INFO  c.e.s.services.EnvioSriBatchService - No hay facturas pendientes estado=I
2026-08-24 20:52:01.360 [sri-files-scheduler-2] [] INFO  c.e.s.services.EnvioSriBatchService - [SCHEDULER][sri-files-scheduler-2] FIN automatizacionEnvioFacturasElectonicas | detectados=0 | exitosas=0 | fallidas=0 | duracionMs=1357
2026-08-24 20:53:00.000 [sri-files-scheduler-4] [] INFO  c.e.s.s.NuevoDocumentoScheduler - [SCHEDULER][V1] INICIO envío pendientes @ 2026-08-24T20:53:00.000945700
2026-08-24 20:53:00.001 [sri-files-scheduler-2] [] INFO  c.e.s.services.EnvioSriBatchService - [SCHEDULER][sri-files-scheduler-2] INICIO automatizacionEnvioFacturasElectonicas @ 2026-08-24T20:53:00.001617300
2026-08-24 20:53:00.001 [sri-files-scheduler-2] [] INFO  c.e.s.services.EnvioSriBatchService - Ejecutando envio de facturas at=2026-08-24T20:53:00.001617300
2026-08-24 20:53:00.002 [sri-files-scheduler-4] [] INFO  c.e.s.s.NuevoDocumentoScheduler - [SCHEDULER][V1] FIN envío | detectados=0 | exitosos=0 | fallidos=0 | duracionMs=2
2026-08-24 20:53:01.396 [sri-files-scheduler-2] [] INFO  c.e.s.services.EnvioSriBatchService - No hay facturas pendientes estado=I
2026-08-24 20:53:01.396 [sri-files-scheduler-2] [] INFO  c.e.s.services.EnvioSriBatchService - [SCHEDULER][sri-files-scheduler-2] FIN automatizacionEnvioFacturasElectonicas | detectados=0 | exitosas=0 | fallidas=0 | duracionMs=1395
2026-08-24 20:54:00.002 [sri-files-scheduler-2] [] INFO  c.e.s.s.NuevoDocumentoScheduler - [SCHEDULER][V1] INICIO envío pendientes @ 2026-08-24T20:54:00.002804
2026-08-24 20:54:00.003 [sri-files-scheduler-4] [] INFO  c.e.s.services.EnvioSriBatchService - [SCHEDULER][sri-files-scheduler-4] INICIO automatizacionEnvioFacturasElectonicas @ 2026-08-24T20:54:00.003311900
2026-08-24 20:54:00.003 [sri-files-scheduler-4] [] INFO  c.e.s.services.EnvioSriBatchService - Ejecutando envio de facturas at=2026-08-24T20:54:00.003311900
2026-08-24 20:54:00.003 [sri-files-scheduler-2] [] INFO  c.e.s.s.NuevoDocumentoScheduler - [SCHEDULER][V1] FIN envío | detectados=0 | exitosos=0 | fallidos=0 | duracionMs=1
2026-08-24 20:54:00.007 [sri-files-scheduler-3] [] INFO  c.e.s.batch.BatchJobScheduler - Batch automático ejecutado: tipo=ENVIAR_SRI uuid=37a59d88-dd8e-4631-a28e-2490269a7d40
2026-08-24 20:54:00.008 [sri-files-scheduler-2] [] INFO  c.e.s.batch.BatchJobScheduler - Batch automático ejecutado: tipo=CONSULTAR_AUTORIZACION uuid=57b0398d-2705-4887-95de-bff479005b8b
2026-08-24 20:54:00.008 [task-65] [37a59d88-dd8e-4631-a28e-2490269a7d40] INFO  c.e.s.batch.BatchProcessorService - Iniciando batch job 37a59d88-dd8e-4631-a28e-2490269a7d40 tipo=ENVIAR_SRI [batchJob=37a59d88-dd8e-4631-a28e-2490269a7d40]
2026-08-24 20:54:00.009 [task-66] [57b0398d-2705-4887-95de-bff479005b8b] INFO  c.e.s.batch.BatchProcessorService - Iniciando batch job 57b0398d-2705-4887-95de-bff479005b8b tipo=CONSULTAR_AUTORIZACION [batchJob=57b0398d-2705-4887-95de-bff479005b8b]
2026-08-24 20:54:00.010 [task-65] [37a59d88-dd8e-4631-a28e-2490269a7d40] INFO  c.e.s.batch.BatchProcessorService - Documentos encontrados: 0 [batchJob=37a59d88-dd8e-4631-a28e-2490269a7d40]
2026-08-24 20:54:00.010 [task-65] [37a59d88-dd8e-4631-a28e-2490269a7d40] INFO  c.e.s.batch.BatchProcessorService - Batch job 37a59d88-dd8e-4631-a28e-2490269a7d40 completado: Procesados: 0, Exitosos: 0, Fallidos: 0 [batchJob=37a59d88-dd8e-4631-a28e-2490269a7d40]
2026-08-24 20:54:00.010 [task-66] [57b0398d-2705-4887-95de-bff479005b8b] INFO  c.e.s.batch.BatchProcessorService - Documentos encontrados: 0 [batchJob=57b0398d-2705-4887-95de-bff479005b8b]
2026-08-24 20:54:00.010 [task-66] [57b0398d-2705-4887-95de-bff479005b8b] INFO  c.e.s.batch.BatchProcessorService - Batch job 57b0398d-2705-4887-95de-bff479005b8b completado: Procesados: 0, Exitosos: 0, Fallidos: 0 [batchJob=57b0398d-2705-4887-95de-bff479005b8b]
2026-08-24 20:54:01.353 [sri-files-scheduler-4] [] INFO  c.e.s.services.EnvioSriBatchService - No hay facturas pendientes estado=I
2026-08-24 20:54:01.353 [sri-files-scheduler-4] [] INFO  c.e.s.services.EnvioSriBatchService - [SCHEDULER][sri-files-scheduler-4] FIN automatizacionEnvioFacturasElectonicas | detectados=0 | exitosas=0 | fallidas=0 | duracionMs=1350
2026-08-24 20:54:30.010 [sri-files-scheduler-3] [] INFO  c.e.s.s.NuevoDocumentoScheduler - [SCHEDULER][V1] INICIO recuperación autorizaciones @ 2026-08-24T20:54:30.010912300
2026-08-24 20:54:30.011 [sri-files-scheduler-3] [] INFO  c.e.s.s.NuevoDocumentoScheduler - [SCHEDULER][V1] FIN recuperación | detectados=0 | autorizados=0 | pendientes=0 | duracionMs=1
2026-08-24 20:55:00.014 [sri-files-scheduler-3] [] INFO  c.e.s.services.EnvioSriBatchService - [SCHEDULER][sri-files-scheduler-3] INICIO automatizacionEnvioFacturasElectonicas @ 2026-08-24T20:55:00.014239100
2026-08-24 20:55:00.014 [sri-files-scheduler-3] [] INFO  c.e.s.services.EnvioSriBatchService - Ejecutando envio de facturas at=2026-08-24T20:55:00.014239100
2026-08-24 20:55:00.015 [sri-files-scheduler-2] [] INFO  c.e.s.s.NuevoDocumentoScheduler - [SCHEDULER][V1] INICIO envío pendientes @ 2026-08-24T20:55:00.015294400
2026-08-24 20:55:00.016 [sri-files-scheduler-2] [] INFO  c.e.s.s.NuevoDocumentoScheduler - [SCHEDULER][V1] FIN envío | detectados=0 | exitosos=0 | fallidos=0 | duracionMs=1
2026-08-24 20:55:00.018 [sri-files-scheduler-4] [] INFO  c.e.s.batch.BatchJobScheduler - Batch automático ejecutado: tipo=REINTENTAR_FALLIDOS uuid=96da3a6a-13f0-4e04-89e8-c58e6ad6f5c5
2026-08-24 20:55:00.019 [task-67] [96da3a6a-13f0-4e04-89e8-c58e6ad6f5c5] INFO  c.e.s.batch.BatchProcessorService - Iniciando batch job 96da3a6a-13f0-4e04-89e8-c58e6ad6f5c5 tipo=REINTENTAR_FALLIDOS [batchJob=96da3a6a-13f0-4e04-89e8-c58e6ad6f5c5]
2026-08-24 20:55:00.020 [task-67] [96da3a6a-13f0-4e04-89e8-c58e6ad6f5c5] INFO  c.e.s.batch.BatchProcessorService - Documentos encontrados: 0 [batchJob=96da3a6a-13f0-4e04-89e8-c58e6ad6f5c5]
2026-08-24 20:55:00.021 [task-67] [96da3a6a-13f0-4e04-89e8-c58e6ad6f5c5] INFO  c.e.s.batch.BatchProcessorService - Batch job 96da3a6a-13f0-4e04-89e8-c58e6ad6f5c5 completado: Procesados: 0, Exitosos: 0, Fallidos: 0 [batchJob=96da3a6a-13f0-4e04-89e8-c58e6ad6f5c5]
2026-08-24 20:55:01.365 [sri-files-scheduler-3] [] INFO  c.e.s.services.EnvioSriBatchService - No hay facturas pendientes estado=I
2026-08-24 20:55:01.365 [sri-files-scheduler-3] [] INFO  c.e.s.services.EnvioSriBatchService - [SCHEDULER][sri-files-scheduler-3] FIN automatizacionEnvioFacturasElectonicas | detectados=0 | exitosas=0 | fallidas=0 | duracionMs=1351
2026-08-24 20:56:00.001 [sri-files-scheduler-3] [] INFO  c.e.s.services.EnvioSriBatchService - [SCHEDULER][sri-files-scheduler-3] INICIO automatizacionEnvioFacturasElectonicas @ 2026-08-24T20:56:00.001805900
2026-08-24 20:56:00.001 [sri-files-scheduler-3] [] INFO  c.e.s.services.EnvioSriBatchService - Ejecutando envio de facturas at=2026-08-24T20:56:00.001805900
2026-08-24 20:56:00.003 [sri-files-scheduler-2] [] INFO  c.e.s.batch.BatchJobScheduler - Batch automático ejecutado: tipo=ENVIAR_CORREO uuid=b8e21805-b7ed-4e70-ad74-e5e739f1dd08
2026-08-24 20:56:00.003 [sri-files-scheduler-4] [] INFO  c.e.s.batch.BatchJobScheduler - Batch automático ejecutado: tipo=ENVIAR_SRI uuid=7e4e41e9-4a51-4fc1-9668-2c337fd52198
2026-08-24 20:56:00.003 [sri-files-scheduler-2] [] INFO  c.e.s.s.NuevoDocumentoScheduler - [SCHEDULER][V1] INICIO envío pendientes @ 2026-08-24T20:56:00.003808200
2026-08-24 20:56:00.004 [sri-files-scheduler-2] [] INFO  c.e.s.s.NuevoDocumentoScheduler - [SCHEDULER][V1] FIN envío | detectados=0 | exitosos=0 | fallidos=0 | duracionMs=1
2026-08-24 20:56:00.004 [task-68] [b8e21805-b7ed-4e70-ad74-e5e739f1dd08] INFO  c.e.s.batch.BatchProcessorService - Iniciando batch job b8e21805-b7ed-4e70-ad74-e5e739f1dd08 tipo=ENVIAR_CORREO [batchJob=b8e21805-b7ed-4e70-ad74-e5e739f1dd08]
2026-08-24 20:56:00.004 [task-69] [7e4e41e9-4a51-4fc1-9668-2c337fd52198] INFO  c.e.s.batch.BatchProcessorService - Iniciando batch job 7e4e41e9-4a51-4fc1-9668-2c337fd52198 tipo=ENVIAR_SRI [batchJob=7e4e41e9-4a51-4fc1-9668-2c337fd52198]
2026-08-24 20:56:00.005 [task-69] [7e4e41e9-4a51-4fc1-9668-2c337fd52198] INFO  c.e.s.batch.BatchProcessorService - Documentos encontrados: 0 [batchJob=7e4e41e9-4a51-4fc1-9668-2c337fd52198]
2026-08-24 20:56:00.005 [task-69] [7e4e41e9-4a51-4fc1-9668-2c337fd52198] INFO  c.e.s.batch.BatchProcessorService - Batch job 7e4e41e9-4a51-4fc1-9668-2c337fd52198 completado: Procesados: 0, Exitosos: 0, Fallidos: 0 [batchJob=7e4e41e9-4a51-4fc1-9668-2c337fd52198]
2026-08-24 20:56:00.005 [task-68] [b8e21805-b7ed-4e70-ad74-e5e739f1dd08] INFO  c.e.s.batch.BatchProcessorService - Documentos encontrados: 0 [batchJob=b8e21805-b7ed-4e70-ad74-e5e739f1dd08]
2026-08-24 20:56:00.006 [task-68] [b8e21805-b7ed-4e70-ad74-e5e739f1dd08] INFO  c.e.s.batch.BatchProcessorService - Batch job b8e21805-b7ed-4e70-ad74-e5e739f1dd08 completado: Procesados: 0, Exitosos: 0, Fallidos: 0 [batchJob=b8e21805-b7ed-4e70-ad74-e5e739f1dd08]
2026-08-24 20:56:01.340 [sri-files-scheduler-3] [] INFO  c.e.s.services.EnvioSriBatchService - No hay facturas pendientes estado=I
2026-08-24 20:56:01.340 [sri-files-scheduler-3] [] INFO  c.e.s.services.EnvioSriBatchService - [SCHEDULER][sri-files-scheduler-3] FIN automatizacionEnvioFacturasElectonicas | detectados=0 | exitosas=0 | fallidas=0 | duracionMs=1339
2026-08-24 20:57:00.004 [sri-files-scheduler-4] [] INFO  c.e.s.s.NuevoDocumentoScheduler - [SCHEDULER][V1] INICIO envío pendientes @ 2026-08-24T20:57:00.004902400
2026-08-24 20:57:00.005 [sri-files-scheduler-3] [] INFO  c.e.s.services.EnvioSriBatchService - [SCHEDULER][sri-files-scheduler-3] INICIO automatizacionEnvioFacturasElectonicas @ 2026-08-24T20:57:00.005897100
2026-08-24 20:57:00.005 [sri-files-scheduler-3] [] INFO  c.e.s.services.EnvioSriBatchService - Ejecutando envio de facturas at=2026-08-24T20:57:00.005897100
2026-08-24 20:57:00.006 [sri-files-scheduler-4] [] INFO  c.e.s.s.NuevoDocumentoScheduler - [SCHEDULER][V1] FIN envío | detectados=0 | exitosos=0 | fallidos=0 | duracionMs=2
2026-08-24 20:57:00.016 [sri-files-scheduler-2] [] INFO  c.e.s.batch.BatchJobScheduler - Batch automático ejecutado: tipo=CONSULTAR_AUTORIZACION uuid=bb2d831d-6718-4090-b08b-0e3c4d167625
2026-08-24 20:57:00.020 [task-70] [bb2d831d-6718-4090-b08b-0e3c4d167625] INFO  c.e.s.batch.BatchProcessorService - Iniciando batch job bb2d831d-6718-4090-b08b-0e3c4d167625 tipo=CONSULTAR_AUTORIZACION [batchJob=bb2d831d-6718-4090-b08b-0e3c4d167625]
2026-08-24 20:57:00.021 [task-70] [bb2d831d-6718-4090-b08b-0e3c4d167625] INFO  c.e.s.batch.BatchProcessorService - Documentos encontrados: 0 [batchJob=bb2d831d-6718-4090-b08b-0e3c4d167625]
2026-08-24 20:57:00.021 [task-70] [bb2d831d-6718-4090-b08b-0e3c4d167625] INFO  c.e.s.batch.BatchProcessorService - Batch job bb2d831d-6718-4090-b08b-0e3c4d167625 completado: Procesados: 0, Exitosos: 0, Fallidos: 0 [batchJob=bb2d831d-6718-4090-b08b-0e3c4d167625]
2026-08-24 20:57:01.337 [sri-files-scheduler-3] [] INFO  c.e.s.services.EnvioSriBatchService - No hay facturas pendientes estado=I
2026-08-24 20:57:01.339 [sri-files-scheduler-3] [] INFO  c.e.s.services.EnvioSriBatchService - [SCHEDULER][sri-files-scheduler-3] FIN automatizacionEnvioFacturasElectonicas | detectados=0 | exitosas=0 | fallidas=0 | duracionMs=1334
2026-08-24 20:57:30.016 [sri-files-scheduler-4] [] INFO  c.e.s.s.NuevoDocumentoScheduler - [SCHEDULER][V1] INICIO recuperación autorizaciones @ 2026-08-24T20:57:30.016522
2026-08-24 20:57:30.017 [sri-files-scheduler-4] [] INFO  c.e.s.s.NuevoDocumentoScheduler - [SCHEDULER][V1] FIN recuperación | detectados=0 | autorizados=0 | pendientes=0 | duracionMs=1
2026-08-24 20:58:00.012 [sri-files-scheduler-2] [] INFO  c.e.s.s.NuevoDocumentoScheduler - [SCHEDULER][V1] INICIO envío pendientes @ 2026-08-24T20:58:00.012876500
2026-08-24 20:58:00.013 [sri-files-scheduler-4] [] INFO  c.e.s.services.EnvioSriBatchService - [SCHEDULER][sri-files-scheduler-4] INICIO automatizacionEnvioFacturasElectonicas @ 2026-08-24T20:58:00.013379700
2026-08-24 20:58:00.013 [sri-files-scheduler-4] [] INFO  c.e.s.services.EnvioSriBatchService - Ejecutando envio de facturas at=2026-08-24T20:58:00.013379700
2026-08-24 20:58:00.014 [sri-files-scheduler-2] [] INFO  c.e.s.s.NuevoDocumentoScheduler - [SCHEDULER][V1] FIN envío | detectados=0 | exitosos=0 | fallidos=0 | duracionMs=2
2026-08-24 20:58:00.022 [sri-files-scheduler-3] [] INFO  c.e.s.batch.BatchJobScheduler - Batch automático ejecutado: tipo=ENVIAR_SRI uuid=0c345130-f99f-4883-b019-7b9a1d1f67d8
2026-08-24 20:58:00.023 [task-71] [0c345130-f99f-4883-b019-7b9a1d1f67d8] INFO  c.e.s.batch.BatchProcessorService - Iniciando batch job 0c345130-f99f-4883-b019-7b9a1d1f67d8 tipo=ENVIAR_SRI [batchJob=0c345130-f99f-4883-b019-7b9a1d1f67d8]
2026-08-24 20:58:00.025 [task-71] [0c345130-f99f-4883-b019-7b9a1d1f67d8] INFO  c.e.s.batch.BatchProcessorService - Documentos encontrados: 0 [batchJob=0c345130-f99f-4883-b019-7b9a1d1f67d8]
2026-08-24 20:58:00.025 [task-71] [0c345130-f99f-4883-b019-7b9a1d1f67d8] INFO  c.e.s.batch.BatchProcessorService - Batch job 0c345130-f99f-4883-b019-7b9a1d1f67d8 completado: Procesados: 0, Exitosos: 0, Fallidos: 0 [batchJob=0c345130-f99f-4883-b019-7b9a1d1f67d8]
2026-08-24 20:58:01.386 [sri-files-scheduler-4] [] INFO  c.e.s.services.EnvioSriBatchService - No hay facturas pendientes estado=I
2026-08-24 20:58:01.387 [sri-files-scheduler-4] [] INFO  c.e.s.services.EnvioSriBatchService - [SCHEDULER][sri-files-scheduler-4] FIN automatizacionEnvioFacturasElectonicas | detectados=0 | exitosas=0 | fallidas=0 | duracionMs=1374
2026-08-24 20:59:00.013 [sri-files-scheduler-2] [] INFO  c.e.s.s.NuevoDocumentoScheduler - [SCHEDULER][V1] INICIO envío pendientes @ 2026-08-24T20:59:00.013936600
2026-08-24 20:59:00.013 [sri-files-scheduler-3] [] INFO  c.e.s.services.EnvioSriBatchService - [SCHEDULER][sri-files-scheduler-3] INICIO automatizacionEnvioFacturasElectonicas @ 2026-08-24T20:59:00.013936600
2026-08-24 20:59:00.013 [sri-files-scheduler-3] [] INFO  c.e.s.services.EnvioSriBatchService - Ejecutando envio de facturas at=2026-08-24T20:59:00.013936600
2026-08-24 20:59:00.014 [sri-files-scheduler-2] [] INFO  c.e.s.s.NuevoDocumentoScheduler - [SCHEDULER][V1] FIN envío | detectados=0 | exitosos=0 | fallidos=0 | duracionMs=1
2026-08-24 20:59:01.266 [sri-files-scheduler-3] [] INFO  c.e.s.services.EnvioSriBatchService - No hay facturas pendientes estado=I
2026-08-24 20:59:01.266 [sri-files-scheduler-3] [] INFO  c.e.s.services.EnvioSriBatchService - [SCHEDULER][sri-files-scheduler-3] FIN automatizacionEnvioFacturasElectonicas | detectados=0 | exitosas=0 | fallidas=0 | duracionMs=1253
2026-08-24 21:00:00.004 [sri-files-scheduler-3] [] INFO  c.e.s.services.EnvioSriBatchService - [SCHEDULER][sri-files-scheduler-3] INICIO automatizacionEnvioFacturasElectonicas @ 2026-08-24T21:00:00.004375200
2026-08-24 21:00:00.004 [sri-files-scheduler-3] [] INFO  c.e.s.services.EnvioSriBatchService - Ejecutando envio de facturas at=2026-08-24T21:00:00.004375200
2026-08-24 21:00:00.006 [sri-files-scheduler-2] [] INFO  c.e.s.batch.BatchJobScheduler - Batch automático ejecutado: tipo=ENVIAR_SRI uuid=7bdda8ae-b5ba-4cde-96ea-3d7754bf46d8
2026-08-24 21:00:00.006 [sri-files-scheduler-2] [] INFO  c.e.s.s.NuevoDocumentoScheduler - [SCHEDULER][V1] INICIO envío pendientes @ 2026-08-24T21:00:00.006485600
2026-08-24 21:00:00.007 [sri-files-scheduler-2] [] INFO  c.e.s.s.NuevoDocumentoScheduler - [SCHEDULER][V1] FIN envío | detectados=0 | exitosos=0 | fallidos=0 | duracionMs=1
2026-08-24 21:00:00.007 [task-72] [7bdda8ae-b5ba-4cde-96ea-3d7754bf46d8] INFO  c.e.s.batch.BatchProcessorService - Iniciando batch job 7bdda8ae-b5ba-4cde-96ea-3d7754bf46d8 tipo=ENVIAR_SRI [batchJob=7bdda8ae-b5ba-4cde-96ea-3d7754bf46d8]
2026-08-24 21:00:00.008 [sri-files-scheduler-4] [] INFO  c.e.s.batch.BatchJobScheduler - Batch automático ejecutado: tipo=CONSULTAR_AUTORIZACION uuid=20ed7ef0-07b7-488e-94c0-28cd239d1c00
2026-08-24 21:00:00.008 [task-72] [7bdda8ae-b5ba-4cde-96ea-3d7754bf46d8] INFO  c.e.s.batch.BatchProcessorService - Documentos encontrados: 0 [batchJob=7bdda8ae-b5ba-4cde-96ea-3d7754bf46d8]
2026-08-24 21:00:00.008 [sri-files-scheduler-2] [] INFO  c.e.s.batch.BatchJobScheduler - Batch automático ejecutado: tipo=ENVIAR_CORREO uuid=bfc0aba5-aaa7-4aa9-b705-857cb41929ec
2026-08-24 21:00:00.008 [task-72] [7bdda8ae-b5ba-4cde-96ea-3d7754bf46d8] INFO  c.e.s.batch.BatchProcessorService - Batch job 7bdda8ae-b5ba-4cde-96ea-3d7754bf46d8 completado: Procesados: 0, Exitosos: 0, Fallidos: 0 [batchJob=7bdda8ae-b5ba-4cde-96ea-3d7754bf46d8]
2026-08-24 21:00:00.010 [task-74] [bfc0aba5-aaa7-4aa9-b705-857cb41929ec] INFO  c.e.s.batch.BatchProcessorService - Iniciando batch job bfc0aba5-aaa7-4aa9-b705-857cb41929ec tipo=ENVIAR_CORREO [batchJob=bfc0aba5-aaa7-4aa9-b705-857cb41929ec]
2026-08-24 21:00:00.012 [task-74] [bfc0aba5-aaa7-4aa9-b705-857cb41929ec] INFO  c.e.s.batch.BatchProcessorService - Documentos encontrados: 0 [batchJob=bfc0aba5-aaa7-4aa9-b705-857cb41929ec]
2026-08-24 21:00:00.012 [task-74] [bfc0aba5-aaa7-4aa9-b705-857cb41929ec] INFO  c.e.s.batch.BatchProcessorService - Batch job bfc0aba5-aaa7-4aa9-b705-857cb41929ec completado: Procesados: 0, Exitosos: 0, Fallidos: 0 [batchJob=bfc0aba5-aaa7-4aa9-b705-857cb41929ec]
2026-08-24 21:00:00.012 [task-73] [20ed7ef0-07b7-488e-94c0-28cd239d1c00] INFO  c.e.s.batch.BatchProcessorService - Iniciando batch job 20ed7ef0-07b7-488e-94c0-28cd239d1c00 tipo=CONSULTAR_AUTORIZACION [batchJob=20ed7ef0-07b7-488e-94c0-28cd239d1c00]
2026-08-24 21:00:00.013 [task-73] [20ed7ef0-07b7-488e-94c0-28cd239d1c00] INFO  c.e.s.batch.BatchProcessorService - Documentos encontrados: 0 [batchJob=20ed7ef0-07b7-488e-94c0-28cd239d1c00]
2026-08-24 21:00:00.014 [task-73] [20ed7ef0-07b7-488e-94c0-28cd239d1c00] INFO  c.e.s.batch.BatchProcessorService - Batch job 20ed7ef0-07b7-488e-94c0-28cd239d1c00 completado: Procesados: 0, Exitosos: 0, Fallidos: 0 [batchJob=20ed7ef0-07b7-488e-94c0-28cd239d1c00]
2026-08-24 21:00:00.028 [sri-files-scheduler-2] [] INFO  c.e.s.batch.BatchJobScheduler - Batch automático ejecutado: tipo=REINTENTAR_FALLIDOS uuid=07d6dd69-6e4a-41f1-a630-cef6236cf0c3
2026-08-24 21:00:00.029 [task-75] [07d6dd69-6e4a-41f1-a630-cef6236cf0c3] INFO  c.e.s.batch.BatchProcessorService - Iniciando batch job 07d6dd69-6e4a-41f1-a630-cef6236cf0c3 tipo=REINTENTAR_FALLIDOS [batchJob=07d6dd69-6e4a-41f1-a630-cef6236cf0c3]
2026-08-24 21:00:00.030 [task-75] [07d6dd69-6e4a-41f1-a630-cef6236cf0c3] INFO  c.e.s.batch.BatchProcessorService - Documentos encontrados: 0 [batchJob=07d6dd69-6e4a-41f1-a630-cef6236cf0c3]
2026-08-24 21:00:00.030 [task-75] [07d6dd69-6e4a-41f1-a630-cef6236cf0c3] INFO  c.e.s.batch.BatchProcessorService - Batch job 07d6dd69-6e4a-41f1-a630-cef6236cf0c3 completado: Procesados: 0, Exitosos: 0, Fallidos: 0 [batchJob=07d6dd69-6e4a-41f1-a630-cef6236cf0c3]
2026-08-24 21:00:01.360 [sri-files-scheduler-3] [] INFO  c.e.s.services.EnvioSriBatchService - No hay facturas pendientes estado=I
2026-08-24 21:00:01.360 [sri-files-scheduler-3] [] INFO  c.e.s.services.EnvioSriBatchService - [SCHEDULER][sri-files-scheduler-3] FIN automatizacionEnvioFacturasElectonicas | detectados=0 | exitosas=0 | fallidas=0 | duracionMs=1356
2026-08-24 21:00:30.004 [sri-files-scheduler-4] [] INFO  c.e.s.s.NuevoDocumentoScheduler - [SCHEDULER][V1] INICIO recuperación autorizaciones @ 2026-08-24T21:00:30.004225600
2026-08-24 21:00:30.004 [sri-files-scheduler-4] [] INFO  c.e.s.s.NuevoDocumentoScheduler - [SCHEDULER][V1] FIN recuperación | detectados=0 | autorizados=0 | pendientes=0 | duracionMs=0
2026-08-24 21:01:00.001 [sri-files-scheduler-2] [] INFO  c.e.s.s.NuevoDocumentoScheduler - [SCHEDULER][V1] INICIO envío pendientes @ 2026-08-24T21:01:00.001849300
2026-08-24 21:01:00.001 [sri-files-scheduler-3] [] INFO  c.e.s.services.EnvioSriBatchService - [SCHEDULER][sri-files-scheduler-3] INICIO automatizacionEnvioFacturasElectonicas @ 2026-08-24T21:01:00.001849300
2026-08-24 21:01:00.001 [sri-files-scheduler-3] [] INFO  c.e.s.services.EnvioSriBatchService - Ejecutando envio de facturas at=2026-08-24T21:01:00.001849300
2026-08-24 21:01:00.008 [sri-files-scheduler-2] [] INFO  c.e.s.s.NuevoDocumentoScheduler - [SCHEDULER][V1] FIN envío | detectados=0 | exitosos=0 | fallidos=0 | duracionMs=7
2026-08-24 21:01:01.367 [sri-files-scheduler-3] [] INFO  c.e.s.services.EnvioSriBatchService - No hay facturas pendientes estado=I
2026-08-24 21:01:01.367 [sri-files-scheduler-3] [] INFO  c.e.s.services.EnvioSriBatchService - [SCHEDULER][sri-files-scheduler-3] FIN automatizacionEnvioFacturasElectonicas | detectados=0 | exitosas=0 | fallidas=0 | duracionMs=1366
2026-08-24 21:02:00.000 [sri-files-scheduler-4] [] INFO  c.e.s.s.NuevoDocumentoScheduler - [SCHEDULER][V1] INICIO envío pendientes @ 2026-08-24T21:02:00.000712200
2026-08-24 21:02:00.000 [sri-files-scheduler-3] [] INFO  c.e.s.services.EnvioSriBatchService - [SCHEDULER][sri-files-scheduler-3] INICIO automatizacionEnvioFacturasElectonicas @ 2026-08-24T21:02:00.000712200
2026-08-24 21:02:00.000 [sri-files-scheduler-3] [] INFO  c.e.s.services.EnvioSriBatchService - Ejecutando envio de facturas at=2026-08-24T21:02:00.000712200
2026-08-24 21:02:00.001 [sri-files-scheduler-4] [] INFO  c.e.s.s.NuevoDocumentoScheduler - [SCHEDULER][V1] FIN envío | detectados=0 | exitosos=0 | fallidos=0 | duracionMs=1
2026-08-24 21:02:00.005 [sri-files-scheduler-2] [] INFO  c.e.s.batch.BatchJobScheduler - Batch automático ejecutado: tipo=ENVIAR_SRI uuid=de6997a9-106d-49d6-b256-af7f055ec77b
2026-08-24 21:02:00.005 [task-76] [de6997a9-106d-49d6-b256-af7f055ec77b] INFO  c.e.s.batch.BatchProcessorService - Iniciando batch job de6997a9-106d-49d6-b256-af7f055ec77b tipo=ENVIAR_SRI [batchJob=de6997a9-106d-49d6-b256-af7f055ec77b]
2026-08-24 21:02:00.006 [task-76] [de6997a9-106d-49d6-b256-af7f055ec77b] INFO  c.e.s.batch.BatchProcessorService - Documentos encontrados: 0 [batchJob=de6997a9-106d-49d6-b256-af7f055ec77b]
2026-08-24 21:02:00.007 [task-76] [de6997a9-106d-49d6-b256-af7f055ec77b] INFO  c.e.s.batch.BatchProcessorService - Batch job de6997a9-106d-49d6-b256-af7f055ec77b completado: Procesados: 0, Exitosos: 0, Fallidos: 0 [batchJob=de6997a9-106d-49d6-b256-af7f055ec77b]
2026-08-24 21:02:01.330 [sri-files-scheduler-3] [] INFO  c.e.s.services.EnvioSriBatchService - No hay facturas pendientes estado=I
2026-08-24 21:02:01.330 [sri-files-scheduler-3] [] INFO  c.e.s.services.EnvioSriBatchService - [SCHEDULER][sri-files-scheduler-3] FIN automatizacionEnvioFacturasElectonicas | detectados=0 | exitosas=0 | fallidas=0 | duracionMs=1330
2026-08-24 21:02:52.289 [SpringApplicationShutdownHook] [] INFO  o.s.b.w.e.tomcat.GracefulShutdown - Commencing graceful shutdown. Waiting for active requests to complete
2026-08-24 21:02:52.300 [tomcat-shutdown] [] INFO  o.s.b.w.e.tomcat.GracefulShutdown - Graceful shutdown complete
